init — 双策略合并版
QMT路径: C:\QMT\userdata_mini
建立交易连接，返回0表示连接成功 0
初始化申万二级行业映射...
***** xtdata连接成功 *****
服务信息: {'tag': 'sp3', 'version': '1.0'}
服务地址: 127.0.0.1:58610
数据路径: C:\QMT\bin.x64/../userdata_mini/datadir
设置xtdata.enable_hello = False可隐藏此消息

行业映射完成，共 958 只股票
双策略初始化完成: 动量0.1% + 小市值99.9%
  初始资产 69771.55, 可用资金 1407.55
******************当日(2026-08-31 15:17:24.493428) (周1) 持仓市值: 68364.00元*******************
✅中天服务(002188.SZ) 占比 8.14% 涨幅:  22.39% (1039.00) x 1000 = 5680.0元 房地产服务
✅亚联发展(002316.SZ) 占比 7.79% 涨幅:  11.46% (559.00) x 1200 = 5436.0元 综合
✅华斯股份(002494.SZ) 占比 7.71% 涨幅:  13.34% (633.00) x 1100 = 5379.0元 服装家纺
✅海源复材(002529.SZ) 占比 8.29% 涨幅:  13.03% (667.00) x 800 = 5784.0元 专用设备
✅恒大高新(002591.SZ) 占比 8.53% 涨幅:  64.71% (2337.18) x 900 = 5949.0元 化学制品
✅中晟高科(002778.SZ) 占比 9.25% 涨幅:   2.85% (179.00) x 400 = 6452.0元 环境治理
✅庄园牧场(002910.SZ) 占比 8.77% 涨幅:  23.96% (1183.00) x 600 = 6120.0元 饮料乳品
✅登云股份(002715.SZ) 占比 8.24% 涨幅:   0.96% (54.50) x 400 = 5752.0元 汽车零部件
✅天元股份(003003.SZ) 占比 8.13% 涨幅:   0.26% (14.50) x 500 = 5670.0元 包装印刷
✅豆粕ETF华夏(159985.SZ) 占比 23.14% 涨幅:   0.62% (100.00) x 7000 = 16142.0元 None
✅持仓: 德国ETF华安(513030.SH) 0股
✅持仓: 凤形股份(002760.SZ) 0股
✅持仓: 桂发祥(002820.SZ) 0股
✅*******************总资产 69771.55 剩余可用金额 1407.55元*******************
  [动量策略] 预留现金: 1.41 | 持仓市值: 16,142.00 | 总资产: 16,143.41
    持仓: 德国ETF华安, 豆粕ETF华夏
  [小市值策略] 预留现金: 1,406.14 | 持仓市值: 52,222.00 | 总资产: 53,628.14
    持仓: 中天服务, 亚联发展, 华斯股份, 海源复材, 恒大高新, 凤形股份, 中晟高科, 桂发祥, 庄园牧场, 登云股份, 天元股份

  各策略的资金总和与账面资金吻合

==============================
今日股票收益: 0.00 元
收益率:       0.00 %
==============================


start
调度器已启动 — 动量(每天11:00) + 小市值(周二) 
sleep a day
今天是交易日吗 True
judge_date count  1
中小综指成分股数量：958
['002001.SZ', '002003.SZ', '002004.SZ', '002005.SZ', '002006.SZ', '002007.SZ', '002008.SZ', '002009.SZ', '002010.SZ', '002011.SZ']
涨停 002084.SZ 海鸥住工
涨停 002425.SZ 凯撒文化
涨停 002679.SZ 福建金森
跌停 002742.SZ 冀衡医药
涨停 002855.SZ 捷荣技术
涨停 003005.SZ 竞业达
过滤ST/*ST股票后，剩余 899 只
prepare_stock_list count  2
✅========== [小市值策略] 周度调仓(卖出) 2026-09-01 09:55:00.023806 ==========
******************当日(2026-09-01 09:55:00.023806) (周2) 持仓市值: 69464.00元*******************
✅中天服务(002188.SZ) 占比 8.13% 涨幅:  24.11% (1119.00) x 1000 = 5760.0元 房地产服务
✅亚联发展(002316.SZ) 占比 7.82% 涨幅:  13.68% (667.00) x 1200 = 5544.0元 综合
✅华斯股份(002494.SZ) 占比 7.73% 涨幅:  15.42% (732.00) x 1100 = 5478.0元 服装家纺
✅海源复材(002529.SZ) 占比 8.16% 涨幅:  13.03% (667.00) x 800 = 5784.0元 专用设备
✅恒大高新(002591.SZ) 占比 8.51% 涨幅:  66.95% (2418.18) x 900 = 6030.0元 化学制品
✅登云股份(002715.SZ) 占比 8.31% 涨幅:   3.35% (191.00) x 400 = 5888.0元 汽车零部件
✅中晟高科(002778.SZ) 占比 9.46% 涨幅:   6.87% (431.00) x 400 = 6704.0元 环境治理
✅庄园牧场(002910.SZ) 占比 8.92% 涨幅:  27.97% (1381.00) x 600 = 6318.0元 饮料乳品
✅天元股份(003003.SZ) 占比 8.08% 涨幅:   1.24% (70.00) x 500 = 5725.0元 包装印刷
✅豆粕ETF华夏(159985.SZ) 占比 22.91% 涨幅:   1.19% (191.00) x 7000 = 16233.0元 None
✅*******************总资产 70861.54 剩余可用金额 1409.54元*******************
  [动量策略] 预留现金: 1.41 | 持仓市值: 16,233.00 | 总资产: 16,234.41
    持仓: 豆粕ETF华夏
  [小市值策略] 预留现金: 1,406.14 | 持仓市值: 53,231.00 | 总资产: 54,637.14
    持仓: 中天服务, 亚联发展, 华斯股份, 海源复材, 恒大高新, 登云股份, 中晟高科, 庄园牧场, 天元股份

get_small_cap_stocks   2026-09-01 09:55:00.023806    head 9
    第 1名: 亚联发展(002316.SZ), 流通市值: 18.16 亿元 综合   <== 选中
    第 2名: 华斯股份(002494.SZ), 流通市值: 18.79 亿元 服装家纺   <== 选中
    第 3名: 海源复材(002529.SZ), 流通市值: 18.8 亿元 专用设备   <== 选中
    第 4名: 中天服务(002188.SZ), 流通市值: 18.84 亿元 房地产服务   <== 选中
    第 5名: 恒大高新(002591.SZ), 流通市值: 20.11 亿元 化学制品   <== 选中
    第 6名: 天元股份(003003.SZ), 流通市值: 20.23 亿元 包装印刷   <== 选中
    第 7名: 宏达高科(002144.SZ), 流通市值: 20.31 亿元 纺织制造   <== 选中
    第 8名: 登云股份(002715.SZ), 流通市值: 20.31 亿元 汽车零部件   <== 选中
    第 9名: 国统股份(002205.SZ), 流通市值: 20.5 亿元 水泥   <== 选中
    第10名: 庄园牧场(002910.SZ), 流通市值: 20.59 亿元 饮料乳品 
    第11名: 黄山胶囊(002817.SZ), 流通市值: 20.64 亿元 化学制药 
    第12名: 凤形股份(002760.SZ), 流通市值: 20.69 亿元 通用设备 
    第13名: 中晟高科(002778.SZ), 流通市值: 20.91 亿元 环境治理 
    第14名: 开普检测(003008.SZ), 流通市值: 21.04 亿元 专业服务 
    第15名: 桂发祥(002820.SZ), 流通市值: 21.05 亿元 休闲食品 
    第16名: 林州重机(002535.SZ), 流通市值: 21.08 亿元 专用设备 
    第17名: 新天药业(002873.SZ), 流通市值: 21.11 亿元 中药 
    第18名: 仁智股份(002629.SZ), 流通市值: 21.13 亿元 油服工程 
    第19名: 蓝丰生化(002513.SZ), 流通市值: 21.22 亿元 农化制品 
    第20名: 光正眼科(002524.SZ), 流通市值: 21.23 亿元 医疗服务 
✅当前持股 9只
中天服务
亚联发展
华斯股份
海源复材
恒大高新
登云股份
中晟高科
庄园牧场
天元股份
✅需要买入股票 2只
✅需要卖出股票 2只
✅待买入  宏达高科
✅待买入  国统股份
✅待卖出: 中晟高科
✅待卖出: 庄园牧场
✅今日(2026-09-01 09:55:00.023806)为卖出时间，执行卖出操作
✅------------------------------------------
✅>>>>>>>>>>>>
✅卖出: 中晟高科
async_seq  16
卖出 002778.SZ 手续费 5，印花税 3.3520000000000008
成功清仓 002778.SZ 后，策略1 增加资金6695.65, 现有资金为 8101.79
✅>>>>>>>>>>>>
✅卖出: 庄园牧场
async_seq  18
卖出 002910.SZ 手续费 5，印花税 3.159
成功清仓 002910.SZ 后，策略1 增加资金6309.84, 现有资金为 14411.63
rebalance_sell count  3异步委托回调 投资备注: 清仓002778.SZ 

异步委托回调 投资备注: 清仓002910.SZ 
大盘涨幅 1.72%
stop_loss count  4
✅========== [小市值策略] 周度调仓(买入) 2026-09-01 10:30:00.019818 ==========
✅今日(2026-09-01 10:30:00.019818)为买入时间，执行买入操作
✅+++++++++++++++++++++++++++++++++++++++++
✅需买入 2只
宏达高科
国统股份
selected_stocks
['002316.SZ', '002494.SZ', '002529.SZ', '002188.SZ', '002591.SZ', '003003.SZ', '002144.SZ', '002715.SZ', '002205.SZ']
  期望持仓: 亚联发展(002316.SZ), 11.11%
  期望持仓: 华斯股份(002494.SZ), 11.11%
  期望持仓: 海源复材(002529.SZ), 11.11%
  期望持仓: 中天服务(002188.SZ), 11.11%
  期望持仓: 恒大高新(002591.SZ), 11.11%
  期望持仓: 天元股份(003003.SZ), 11.11%
  期望持仓: 宏达高科(002144.SZ), 11.11%
  期望持仓: 登云股份(002715.SZ), 11.11%
  期望持仓: 国统股份(002205.SZ), 11.11%
预计买入宏达高科(002144.SZ)  500 股 * 11.37,总计 5685.00
预计买入国统股份(002205.SZ)  500 股 * 10.92,总计 5460.00
预计持仓 50916.0 剩余金额 3266.63
 预估持仓: 宏达高科(002144.SZ), 占比 10.49% 单价 11.37
 预估持仓: 中天服务(002188.SZ), 占比 10.56% 单价 5.72
 预估持仓: 国统股份(002205.SZ), 占比 10.08% 单价 10.92
 预估持仓: 亚联发展(002316.SZ), 占比 10.12% 单价 4.57
 预估持仓: 华斯股份(002494.SZ), 占比 10.03% 单价 4.94
 预估持仓: 海源复材(002529.SZ), 占比 10.62% 单价 7.19
 预估持仓: 恒大高新(002591.SZ), 占比 10.96% 单价 6.60
 预估持仓: 登云股份(002715.SZ), 占比 10.66% 单价 14.44
 预估持仓: 中晟高科(002778.SZ), 占比 0.00% 单价 16.57
 预估持仓: 庄园牧场(002910.SZ), 占比 0.00% 单价 10.54
 预估持仓: 天元股份(003003.SZ), 占比 10.46% 单价 11.33
调整宏达高科买入数量，期望买入6020.29,当前5685.00,相差335.29
单价11.37，新市值5685.00，差值335.29
单价11.37，新市值6822.00，差值-801.71
调整国统股份买入数量，期望买入6020.29,当前5460.00,相差560.29
单价10.92，新市值5460.00，差值560.29
单价10.92，新市值6552.00，差值-531.71
单价10.92，新市值7644.00，差值-1623.71
✅调整买入数量，追加1手,仓位占比调整为12.09%
====调整每股额度====
当前可用资金  14411.63145 
持仓市值  39771.0 
总资产:  54182.63145 
每股额度  7205.815725

✅===可用资金 14411.63145===
委托买入: 宏达高科, 002144.SZ 
目标价值:6020.29
预计最终持股500股，每股11.37元，合计:5685.00
buy 002144.SZ passorder target value 6020.29 current 0.00 amount 500 @11.47
成功买入 002144.SZ 后，策略1 减少资金5690.00, 再扣除佣金5.0, 现有资金为 8716.63
async_seq  28
异步委托回调 投资备注: Buy 002144.SZ Tgt 6020.

✅===可用资金 8716.63145===
委托买入: 国统股份, 002205.SZ 
目标价值:6552.00
预计最终持股500股，每股10.93元，合计:5465.00
buy 002205.SZ passorder target value 6552.00 current 0.00 amount 500 @11.03
成功买入 002205.SZ 后，策略1 减少资金5470.00, 再扣除佣金5.0, 现有资金为 3241.63
async_seq  31
异步委托回调 投资备注: Buy 002205.SZ Tgt 6552.
sleep 30s
******************当日(2026-09-01 10:30:50.064524) (周2) 持仓市值: 67272.00元*******************
✅中天服务(002188.SZ) 占比 8.13% 涨幅:  23.46% (1089.00) x 1000 = 5730.0元 房地产服务
✅亚联发展(002316.SZ) 占比 7.78% 涨幅:  12.45% (607.00) x 1200 = 5484.0元 综合
✅华斯股份(002494.SZ) 占比 7.72% 涨幅:  14.73% (699.00) x 1100 = 5445.0元 服装家纺
✅海源复材(002529.SZ) 占比 8.16% 涨幅:  12.41% (635.00) x 800 = 5752.0元 专用设备
✅恒大高新(002591.SZ) 占比 8.43% 涨幅:  64.46% (2328.18) x 900 = 5940.0元 化学制品
✅登云股份(002715.SZ) 占比 8.19% 涨幅:   1.32% (75.00) x 400 = 5772.0元 汽车零部件
✅天元股份(003003.SZ) 占比 8.05% 涨幅:   0.35% (20.00) x 500 = 5675.0元 包装印刷
✅豆粕ETF华夏(159985.SZ) 占比 23.16% 涨幅:   1.76% (282.00) x 7000 = 16324.0元 None
✅宏达高科(002144.SZ) 占比 8.07% 涨幅:   0.00% (0.00) x 500 = 5685.0元 纺织制造
✅国统股份(002205.SZ) 占比 7.75% 涨幅:   0.00% (0.00) x 500 = 5465.0元 水泥
✅持仓: 中晟高科(002778.SZ) 0股
✅持仓: 庄园牧场(002910.SZ) 0股
✅*******************总资产 70487.04 剩余可用金额 3233.04元*******************
  [动量策略] 预留现金: 1.41 | 持仓市值: 16,324.00 | 总资产: 16,325.41
    持仓: 豆粕ETF华夏
  [小市值策略] 预留现金: 3,241.63 | 持仓市值: 50,948.00 | 总资产: 54,189.63
    持仓: 中天服务, 亚联发展, 华斯股份, 海源复材, 恒大高新, 登云股份, 天元股份, 宏达高科, 国统股份

rebalance_buy count  5

✅========== [动量策略] 每日调仓 2026-09-01 ==========

========== [短期动量] 开始 (窗口=25天) ==========
[2.068 2.074 2.041 2.112 2.127 2.192 2.267 2.244 2.266 2.261 2.215 2.226
 2.226 2.264 2.274 2.239 2.2   2.212 2.195 2.166 2.195 2.203 2.229 2.235
 2.223 2.224]
  纳指ETF国泰(513100.SH): 年化=34.9427% R²=0.1890 近3日最大跌幅 0.54% 得分=0.0660
[2.098 2.096 2.075 2.167 2.206 2.224 2.31  2.28  2.284 2.334 2.313 2.332
 2.343 2.372 2.397 2.338 2.258 2.283 2.268 2.249 2.273 2.28  2.285 2.28
 2.274 2.272]
  日经ETF华夏(513520.SH): 年化=37.4985% R²=0.1659 近3日最大跌幅 0.26% 得分=0.0622
[1.784 1.789 1.788 1.82  1.837 1.859 1.899 1.875 1.895 1.923 1.885 1.92
 1.951 1.94  1.991 1.965 1.9   1.916 1.886 1.886 1.911 1.911 1.918 1.92
 1.915 1.897]
  德国ETF华安(513030.SH): 年化=48.0517% R²=0.3241 近3日最大跌幅 0.94% 得分=0.1557
[8.4   8.392 8.36  8.433 8.417 8.408 8.64  8.795 8.892 9.005 9.009 9.103
 9.042 8.946 9.068 9.078 8.974 9.234 9.388 9.564 9.533 9.517 9.446 9.475
 9.135 9.141]
  黄金ETF华安(518880.SH): 年化=217.7093% R²=0.7630 近3日最大跌幅 3.59% 得分=1.6612
[2.094 2.106 2.101 2.121 2.123 2.138 2.147 2.139 2.164 2.156 2.153 2.164
 2.141 2.143 2.171 2.15  2.124 2.13  2.148 2.154 2.151 2.159 2.15  2.163
 2.166 2.18 ]
  有色ETF大成(159980.SZ): 年化=22.7570% R²=0.4667 近3日最大跌幅 -0.14% 得分=0.1062
[2.121 2.13  2.088 2.087 2.094 2.105 2.097 2.119 2.125 2.133 2.124 2.116
 2.126 2.139 2.149 2.205 2.214 2.212 2.163 2.184 2.189 2.233 2.278 2.261
 2.306 2.333]
  豆粕ETF华夏(159985.SZ): 年化=187.8221% R²=0.8053 近3日最大跌幅 0.75% 得分=1.5125
[1.841 1.902 2.041 1.991 1.9   1.958 1.926 1.979 1.944 1.764 1.804 1.786
 1.782 1.785 1.784 1.836 1.881 1.85  1.858 1.834 1.824 1.757 1.764 1.775
 1.838 1.85 ]
  南方原油LOF(501018.SH): 年化=-50.0976% R²=0.3316 近3日最大跌幅 -0.62% 得分=-0.1661 -> [淘汰]
[117.697 117.547 117.825 118.226 118.311 118.475 118.428 118.31  118.735
 119.18  119.011 118.928 119.217 119.299 119.111 119.503 119.223 118.814
 118.825 119.184 119.234 119.015 118.338 118.331 118.444 118.74 ]
  30年国债ETF鹏扬(511090.SH): 年化=3.4330% R²=0.1322 近3日最大跌幅 0.01% 得分=0.0045
[0.587 0.605 0.598 0.6   0.606 0.607 0.615 0.601 0.604 0.607 0.602 0.594
 0.597 0.587 0.597 0.591 0.582 0.587 0.59  0.572 0.571 0.577 0.575 0.572
 0.574 0.57 ]
  恒生科技ETF华泰柏瑞(513130.SH): 年化=-50.4997% R²=0.7348 近3日最大跌幅 0.70% 得分=-0.3711 -> [淘汰]
[1.023 1.02  0.948 1.008 0.985 1.05  1.07  1.066 1.077 1.05  1.049 1.063
 1.066 1.08  1.115 1.098 1.014 1.01  1.024 0.98  0.986 0.988 1.027 1.017
 1.044 1.036]
  人工智能ETF华富(515980.SH): 年化=-20.5601% R²=0.0046 近3日最大跌幅 0.97% 得分=-0.0009 -> [淘汰]
  >>> 短期动量最终选出: 黄金ETF华安(518880.SH)

========== [长期动量] 开始 (窗口=250天) ==========
[1.684 1.69  1.676 1.698 1.69  1.704 1.693 1.692 1.673 1.676 1.676 1.682
 1.701 1.696 1.701 1.711 1.708 1.714 1.727 1.736 1.729 1.744 1.751 1.771
 1.8   1.785 1.779 1.78  1.8   1.813 1.851 1.86  1.829 1.81  1.825 1.838
 1.807 1.859 1.873 1.883 1.883 1.902 1.956 1.961 2.    1.985 1.982 1.976
 1.94  1.912 1.949 1.924 1.951 1.959 1.974 1.975 1.923 1.909 1.844 1.836
 1.907 1.848 1.856 1.897 1.927 1.925 1.943 1.936 1.94  1.965 1.965 1.963
 1.952 1.928 1.944 1.918 1.921 1.902 1.873 1.899 1.878 1.916 1.945 1.935
 1.933 1.93  1.929 1.916 1.914 1.904 1.93  1.925 1.919 1.899 1.903 1.893
 1.915 1.909 1.901 1.904 1.887 1.876 1.875 1.901 1.891 1.882 1.894 1.905
 1.891 1.881 1.833 1.872 1.853 1.84  1.813 1.847 1.844 1.841 1.836 1.83
 1.823 1.825 1.832 1.819 1.802 1.786 1.762 1.8   1.801 1.756 1.788 1.792
 1.784 1.767 1.774 1.768 1.789 1.764 1.749 1.68  1.717 1.734 1.716 1.708
 1.683 1.674 1.752 1.721 1.731 1.732 1.833 1.805 1.809 1.798 1.825 1.864
 1.907 1.892 1.89  1.892 1.896 1.905 1.907 1.945 1.963 1.962 1.959 2.01
 2.054 2.065 2.108 2.081 2.093 2.105 2.1   2.066 2.047 2.058 2.103 2.146
 2.231 2.185 2.223 2.214 2.273 2.365 2.343 2.299 2.24  2.205 2.114 2.2
 2.143 2.13  2.162 2.258 2.28  2.279 2.266 2.25  2.174 2.187 2.208 2.158
 2.178 2.204 2.209 2.158 2.167 2.171 2.169 2.141 2.166 2.174 2.168 2.17
 2.188 2.167 2.107 2.096 2.13  2.13  2.131 2.104 2.118 2.068 2.074 2.041
 2.112 2.127 2.192 2.267 2.244 2.266 2.261 2.215 2.226 2.226 2.264 2.274
 2.239 2.2   2.212 2.195 2.166 2.195 2.203 2.229 2.235 2.223 2.224]
  纳指ETF国泰(513100.SH): 年化=29.8086% R²=0.5892 近3日最大跌幅 0.54% 得分=0.1756
[1.615 1.602 1.595 1.608 1.591 1.601 1.611 1.601 1.587 1.588 1.57  1.608
 1.61  1.629 1.625 1.636 1.652 1.668 1.666 1.673 1.675 1.7   1.666 1.69
 1.703 1.695 1.69  1.666 1.675 1.68  1.769 1.734 1.723 1.717 1.77  1.821
 1.781 1.898 1.899 1.931 1.886 1.89  1.934 1.935 1.982 1.951 1.971 1.993
 1.93  1.912 1.941 1.93  1.967 1.956 1.96  1.948 1.901 1.878 1.804 1.804
 1.84  1.792 1.812 1.805 1.855 1.856 1.858 1.828 1.815 1.841 1.893 1.881
 1.869 1.848 1.839 1.813 1.829 1.812 1.781 1.802 1.789 1.821 1.838 1.827
 1.823 1.821 1.823 1.804 1.8   1.794 1.832 1.854 1.84  1.82  1.84  1.867
 1.871 1.891 1.883 1.895 1.881 1.856 1.857 1.887 1.876 1.87  1.887 1.913
 1.9   1.885 1.845 1.918 1.914 1.881 1.889 1.95  2.022 2.12  2.082 2.111
 2.105 2.141 2.123 2.128 2.117 1.998 1.915 1.973 1.983 1.932 1.961 1.975
 1.95  1.919 1.929 1.894 1.941 1.896 1.875 1.799 1.836 1.859 1.832 1.837
 1.827 1.812 1.888 1.83  1.827 1.832 1.963 1.927 1.946 1.947 1.99  1.986
 2.045 2.024 2.018 2.03  2.036 2.013 2.019 2.048 2.04  2.027 2.011 2.107
 2.179 2.159 2.147 2.134 2.15  2.124 2.085 2.056 2.049 2.034 2.072 2.132
 2.209 2.199 2.197 2.173 2.256 2.334 2.322 2.382 2.353 2.29  2.232 2.352
 2.25  2.254 2.292 2.449 2.456 2.459 2.528 2.606 2.447 2.468 2.593 2.522
 2.487 2.517 2.479 2.387 2.443 2.47  2.41  2.343 2.345 2.343 2.275 2.3
 2.35  2.28  2.163 2.157 2.232 2.207 2.22  2.16  2.19  2.098 2.096 2.075
 2.167 2.206 2.224 2.31  2.28  2.284 2.334 2.313 2.332 2.343 2.372 2.397
 2.338 2.258 2.283 2.268 2.249 2.273 2.28  2.285 2.28  2.274 2.272]
  日经ETF华夏(513520.SH): 年化=43.8200% R²=0.7664 近3日最大跌幅 0.26% 得分=0.3358
[1.879 1.876 1.87  1.884 1.866 1.869 1.866 1.854 1.863 1.866 1.833 1.843
 1.855 1.85  1.853 1.852 1.842 1.846 1.846 1.851 1.836 1.831 1.848 1.832
 1.839 1.835 1.832 1.821 1.838 1.836 1.886 1.877 1.865 1.851 1.868 1.863
 1.846 1.863 1.885 1.902 1.884 1.893 1.905 1.896 1.892 1.879 1.867 1.866
 1.858 1.849 1.866 1.84  1.858 1.863 1.883 1.898 1.868 1.857 1.821 1.819
 1.84  1.803 1.823 1.826 1.857 1.845 1.846 1.842 1.831 1.841 1.848 1.851
 1.849 1.842 1.85  1.844 1.872 1.865 1.853 1.852 1.835 1.854 1.873 1.873
 1.88  1.875 1.876 1.87  1.863 1.872 1.89  1.905 1.905 1.915 1.924 1.947
 1.986 1.968 1.952 1.942 1.898 1.883 1.887 1.904 1.908 1.899 1.924 1.934
 1.92  1.885 1.855 1.896 1.894 1.875 1.862 1.899 1.919 1.918 1.943 1.959
 1.98  1.97  1.995 2.036 1.958 1.903 1.826 1.865 1.859 1.787 1.824 1.824
 1.806 1.797 1.794 1.764 1.795 1.742 1.724 1.627 1.689 1.724 1.701 1.697
 1.669 1.667 1.729 1.692 1.703 1.709 1.792 1.772 1.783 1.762 1.781 1.79
 1.812 1.801 1.817 1.828 1.836 1.797 1.794 1.795 1.796 1.795 1.789 1.842
 1.87  1.837 1.821 1.803 1.806 1.795 1.776 1.728 1.767 1.768 1.782 1.798
 1.828 1.842 1.83  1.815 1.828 1.833 1.823 1.811 1.79  1.795 1.747 1.765
 1.751 1.733 1.755 1.808 1.787 1.788 1.784 1.782 1.756 1.756 1.748 1.753
 1.747 1.749 1.762 1.759 1.828 1.832 1.854 1.802 1.787 1.796 1.78  1.766
 1.773 1.774 1.749 1.75  1.763 1.762 1.771 1.743 1.79  1.784 1.789 1.788
 1.82  1.837 1.859 1.899 1.875 1.895 1.923 1.885 1.92  1.951 1.94  1.991
 1.965 1.9   1.916 1.886 1.886 1.911 1.911 1.918 1.92  1.915 1.897]
  德国ETF华安(513030.SH): 年化=-2.3080% R²=0.0479 近3日最大跌幅 0.94% 得分=-0.0011 -> [淘汰]
[ 7.374  7.394  7.378  7.427  7.449  7.45   7.468  7.486  7.647  7.67
  7.768  7.75   7.775  7.847  7.966  7.947  7.923  7.954  7.931  8.032
  7.964  7.862  7.898  8.048  8.143  8.19   8.146  8.16   8.259  8.339
  8.729  8.602  8.859  8.976  9.187  9.244  9.568  9.268  9.49   9.101
  8.994  8.95   8.914  8.597  8.692  8.704  8.794  8.797  8.737  8.706
  8.755  8.793  8.936  9.062  9.029  9.175  9.096  8.882  8.777  8.954
  8.903  8.828  8.857  9.01   9.011  9.01   9.067  9.161  9.112  9.096
  9.064  9.136  9.11   9.046  9.095  9.11   9.227  9.351  9.24   9.31
  9.318  9.313  9.511  9.639  9.642  9.566  9.65   9.563  9.363  9.301
  9.495  9.577  9.518  9.511  9.592  9.777  9.793  9.922  9.867  9.857
 10.006 10.082 10.377 10.341 10.617 10.924 10.934 11.28  11.904 11.009
  9.908 10.422 10.867 10.523 10.357 10.719 10.669 10.758 10.72  10.575
 10.95  10.959 10.913 10.933 11.417 11.259 10.98  10.964 10.873 10.868
 10.956 10.974 10.938 10.802 10.664 10.637 10.606 10.126  9.896  8.941
  9.299  9.641  9.45   9.494  9.656  9.699 10.024  9.738  9.828  9.837
 10.113  9.908  9.972  9.924 10.011 10.064 10.097 10.029 10.036 10.01
 10.004  9.9    9.826  9.897  9.732  9.637  9.678  9.791  9.909  9.88
  9.774  9.806  9.804  9.795  9.554  9.513  9.515  9.367  9.45   9.461
  9.512  9.454  9.345  9.132  9.397  9.344  9.41   9.281  9.29   9.252
  8.953  9.005  8.736  8.506  8.659  8.928  8.949  8.957  8.908  8.716
  8.537  8.515  8.287  8.39   8.449  8.378  8.271  8.475  8.672  8.631
  8.597  8.589  8.544  8.541  8.419  8.373  8.369  8.363  8.311  8.318
  8.468  8.56   8.56   8.385  8.502  8.4    8.392  8.36   8.433  8.417
  8.408  8.64   8.795  8.892  9.005  9.009  9.103  9.042  8.946  9.068
  9.078  8.974  9.234  9.388  9.564  9.533  9.517  9.446  9.475  9.135
  9.141]
  黄金ETF华安(518880.SH): 年化=-1.8566% R²=-0.0132 近3日最大跌幅 3.59% 得分=-0.0002 -> [淘汰]
[1.693 1.691 1.694 1.712 1.704 1.706 1.703 1.715 1.715 1.715 1.716 1.71
 1.716 1.711 1.71  1.714 1.719 1.74  1.737 1.735 1.731 1.713 1.715 1.72
 1.713 1.714 1.746 1.744 1.74  1.747 1.808 1.795 1.784 1.768 1.785 1.778
 1.767 1.779 1.781 1.783 1.796 1.818 1.831 1.804 1.833 1.818 1.807 1.819
 1.799 1.793 1.803 1.798 1.811 1.812 1.821 1.835 1.815 1.807 1.788 1.801
 1.797 1.786 1.796 1.804 1.805 1.812 1.822 1.849 1.851 1.858 1.88  1.912
 1.919 1.877 1.892 1.892 1.932 1.906 1.878 1.896 1.899 1.918 1.934 1.932
 1.975 1.964 1.994 1.996 1.993 1.996 2.055 2.13  2.126 2.073 2.086 2.143
 2.119 2.176 2.179 2.112 2.103 2.11  2.133 2.11  2.144 2.142 2.167 2.183
 2.268 2.145 1.989 2.116 2.134 2.055 2.039 2.088 2.083 2.107 2.108 2.052
 2.099 2.141 2.125 2.165 2.163 2.096 2.108 2.094 2.093 2.081 2.1   2.1
 2.1   2.075 2.062 2.058 2.038 1.958 1.956 1.915 1.955 1.984 1.976 1.999
 2.013 2.007 2.03  2.003 2.01  2.013 2.051 2.03  2.042 2.056 2.086 2.103
 2.119 2.116 2.11  2.101 2.116 2.111 2.108 2.124 2.104 2.101 2.085 2.147
 2.139 2.152 2.149 2.171 2.211 2.179 2.131 2.132 2.135 2.145 2.131 2.151
 2.163 2.162 2.15  2.134 2.149 2.149 2.195 2.181 2.145 2.141 2.107 2.12
 2.103 2.091 2.115 2.153 2.128 2.13  2.117 2.128 2.087 2.077 2.028 2.036
 2.063 2.056 2.03  2.032 2.059 2.062 2.063 2.069 2.072 2.08  2.066 2.093
 2.082 2.091 2.065 2.075 2.101 2.107 2.117 2.101 2.108 2.094 2.106 2.101
 2.121 2.123 2.138 2.147 2.139 2.164 2.156 2.153 2.164 2.141 2.143 2.171
 2.15  2.124 2.13  2.148 2.154 2.151 2.159 2.15  2.163 2.166 2.18 ]
  有色ETF大成(159980.SZ): 年化=22.2185% R²=0.6782 近3日最大跌幅 -0.14% 得分=0.1507
[2.026 1.997 1.98  2.001 1.986 1.986 1.987 1.992 2.005 1.992 2.015 1.983
 1.994 2.005 2.015 2.003 2.005 2.009 1.988 1.988 1.983 1.98  1.991 1.985
 1.942 1.952 1.961 1.948 1.938 1.938 1.943 1.939 1.951 1.938 1.938 1.942
 1.92  1.928 1.935 1.935 1.96  1.955 1.97  1.969 1.962 1.951 1.958 1.964
 1.952 1.984 1.976 1.974 1.976 1.972 1.975 1.98  1.998 1.968 2.016 1.984
 1.982 1.977 2.006 2.011 2.002 2.026 2.024 1.973 1.969 1.969 1.964 1.956
 1.951 1.942 1.949 1.942 1.955 1.951 1.96  1.946 1.942 1.948 1.946 1.95
 1.956 1.957 1.974 1.976 1.964 1.949 1.956 1.961 1.984 1.972 1.984 1.974
 1.976 1.969 1.968 1.959 1.961 1.958 1.956 1.972 1.966 1.975 1.97  1.985
 2.009 1.982 1.974 1.971 1.975 1.98  1.982 1.985 1.975 1.987 1.989 2.
 2.001 2.02  2.017 2.017 2.034 2.051 2.102 2.061 2.126 2.232 2.179 2.244
 2.232 2.321 2.262 2.25  2.251 2.244 2.205 2.23  2.242 2.159 2.161 2.122
 2.135 2.07  2.041 2.079 2.058 2.055 2.041 2.075 2.082 2.128 2.111 2.097
 2.111 2.094 2.091 2.127 2.169 2.156 2.125 2.152 2.159 2.165 2.162 2.159
 2.132 2.143 2.164 2.155 2.161 2.144 2.089 2.092 2.122 2.103 2.086 2.084
 2.056 2.06  2.068 2.084 2.077 2.073 2.046 2.054 2.029 2.009 1.991 1.98
 2.005 2.02  2.017 2.017 2.015 2.028 2.004 1.989 1.994 2.    1.997 2.007
 2.008 1.985 1.997 2.066 2.065 2.125 2.151 2.18  2.157 2.144 2.206 2.203
 2.231 2.148 2.123 2.18  2.197 2.213 2.243 2.29  2.254 2.121 2.13  2.088
 2.087 2.094 2.105 2.097 2.119 2.125 2.133 2.124 2.116 2.126 2.139 2.149
 2.205 2.214 2.212 2.163 2.184 2.189 2.233 2.278 2.261 2.306 2.333]
  豆粕ETF华夏(159985.SZ): 年化=12.4716% R²=0.4792 近3日最大跌幅 0.75% 得分=0.0598
[1.208 1.2   1.193 1.202 1.204 1.204 1.208 1.194 1.197 1.202 1.203 1.216
 1.221 1.19  1.191 1.192 1.19  1.196 1.198 1.187 1.196 1.199 1.213 1.201
 1.198 1.193 1.186 1.202 1.217 1.224 1.228 1.204 1.221 1.21  1.204 1.194
 1.191 1.19  1.168 1.143 1.138 1.143 1.157 1.165 1.162 1.152 1.144 1.14
 1.143 1.16  1.152 1.151 1.142 1.147 1.15  1.139 1.156 1.132 1.136 1.135
 1.134 1.148 1.134 1.122 1.123 1.125 1.121 1.122 1.128 1.136 1.133 1.123
 1.132 1.134 1.143 1.121 1.123 1.118 1.118 1.116 1.101 1.097 1.097 1.095
 1.099 1.103 1.113 1.113 1.113 1.105 1.111 1.106 1.104 1.111 1.103 1.104
 1.119 1.126 1.148 1.19  1.181 1.156 1.153 1.159 1.165 1.178 1.179 1.277
 1.283 1.411 1.552 1.397 1.257 1.242 1.218 1.268 1.314 1.395 1.348 1.359
 1.317 1.449 1.444 1.43  1.439 1.583 1.741 1.7   1.633 1.579 1.737 1.652
 1.666 1.731 1.791 1.93  2.07  2.012 2.213 2.325 2.558 2.302 2.421 2.371
 2.435 2.319 2.087 2.273 2.393 2.584 2.326 2.392 2.24  2.366 2.266 2.216
 2.227 2.187 2.135 2.005 1.885 2.008 2.076 2.041 2.114 2.166 2.185 2.072
 1.958 1.996 2.02  2.018 1.988 1.993 2.047 2.145 2.078 2.065 2.05  2.03
 1.944 1.951 1.929 1.956 1.909 1.965 1.982 2.023 1.976 1.949 2.144 1.982
 2.004 2.072 2.028 1.885 1.862 1.791 1.783 1.786 1.685 1.61  1.484 1.512
 1.532 1.527 1.517 1.471 1.505 1.523 1.59  1.733 1.742 1.753 1.877 2.03
 1.911 1.834 1.86  2.046 2.018 2.114 2.158 2.112 1.901 1.841 1.902 2.041
 1.991 1.9   1.958 1.926 1.979 1.944 1.764 1.804 1.786 1.782 1.785 1.784
 1.836 1.881 1.85  1.858 1.834 1.824 1.757 1.764 1.775 1.838 1.85 ]
  南方原油LOF(501018.SH): 年化=94.8391% R²=0.5751 近3日最大跌幅 -0.62% 得分=0.5455
[118.231 118.796 118.505 119.046 119.662 119.891 118.876 118.856 119.117
 118.895 119.426 119.936 118.706 118.388 118.252 117.254 116.961 117.345
 117.725 117.559 117.996 117.697 117.013 117.182 116.69  116.129 116.287
 116.263 115.719 115.885 116.266 115.599 116.236 116.577 116.302 116.776
 117.706 117.323 117.377 117.6   117.185 117.036 117.295 118.018 117.675
 117.941 118.37  118.457 118.607 118.649 118.145 118.17  118.171 118.295
 118.397 118.124 118.284 118.444 118.4   117.996 117.831 117.472 117.695
 117.242 116.449 116.543 116.642 116.641 115.981 115.682 114.156 114.296
 113.855 114.638 114.726 115.552 115.149 113.941 113.862 114.449 114.985
 114.984 114.703 115.514 115.402 115.224 115.341 114.355 114.429 113.898
 113.811 113.418 112.807 113.247 113.062 113.242 113.628 113.587 113.469
 113.51  113.419 113.76  114.707 114.689 114.864 115.158 114.793 114.924
 114.972 114.654 114.976 114.902 114.781 115.234 115.722 115.699 115.659
 115.715 115.733 115.749 115.844 115.444 114.992 114.972 115.511 115.571
 115.646 115.552 115.648 114.323 114.362 114.041 114.046 113.949 113.212
 113.462 113.744 113.81  113.362 113.444 114.141 114.103 114.362 114.078
 114.359 114.375 114.149 114.055 113.976 114.355 114.711 114.794 114.902
 115.504 115.756 115.731 115.359 115.996 116.052 116.325 116.937 116.599
 115.998 115.359 115.868 116.024 115.811 115.088 115.153 115.162 115.423
 115.757 115.792 115.555 115.472 115.623 116.082 115.999 115.905 116.066
 116.343 116.407 116.588 116.614 116.809 117.087 117.234 116.978 117.039
 116.867 116.588 116.315 116.043 115.685 116.109 116.375 116.68  116.825
 116.827 116.893 116.551 116.532 116.828 116.876 117.2   116.817 116.275
 116.54  116.258 116.456 116.397 116.706 116.746 116.721 116.539 116.344
 116.48  116.292 116.487 116.445 116.499 117.046 117.301 117.38  117.906
 117.697 117.547 117.825 118.226 118.311 118.475 118.428 118.31  118.735
 119.18  119.011 118.928 119.217 119.299 119.111 119.503 119.223 118.814
 118.825 119.184 119.234 119.015 118.338 118.331 118.444 118.74 ]
  30年国债ETF鹏扬(511090.SH): 年化=1.6077% R²=0.0067 近3日最大跌幅 0.01% 得分=0.0001
[0.743 0.733 0.749 0.779 0.773 0.762 0.755 0.76  0.77  0.763 0.754 0.742
 0.758 0.767 0.771 0.784 0.788 0.795 0.801 0.811 0.843 0.829 0.832 0.833
 0.818 0.838 0.848 0.835 0.841 0.858 0.86  0.833 0.812 0.79  0.807 0.796
 0.77  0.788 0.805 0.789 0.795 0.803 0.819 0.809 0.817 0.797 0.787 0.789
 0.777 0.769 0.785 0.775 0.784 0.783 0.788 0.795 0.772 0.761 0.746 0.742
 0.733 0.719 0.732 0.737 0.743 0.737 0.739 0.743 0.739 0.728 0.737 0.746
 0.747 0.733 0.733 0.727 0.74  0.724 0.708 0.715 0.706 0.719 0.722 0.718
 0.718 0.719 0.724 0.719 0.727 0.718 0.745 0.759 0.745 0.738 0.74  0.756
 0.757 0.764 0.754 0.751 0.744 0.735 0.74  0.742 0.747 0.738 0.743 0.757
 0.749 0.737 0.707 0.706 0.696 0.692 0.686 0.698 0.698 0.703 0.692 0.688
 0.672 0.67  0.652 0.654 0.635 0.622 0.612 0.612 0.63  0.626 0.639 0.64
 0.637 0.633 0.652 0.648 0.649 0.636 0.618 0.596 0.609 0.62  0.608 0.61
 0.598 0.591 0.605 0.59  0.588 0.591 0.62  0.61  0.612 0.607 0.61  0.618
 0.638 0.632 0.638 0.634 0.625 0.614 0.617 0.621 0.61  0.616 0.615 0.624
 0.642 0.642 0.641 0.635 0.636 0.637 0.619 0.608 0.61  0.611 0.598 0.608
 0.606 0.62  0.61  0.608 0.611 0.618 0.64  0.629 0.619 0.61  0.592 0.599
 0.59  0.58  0.586 0.592 0.581 0.581 0.572 0.572 0.55  0.561 0.55  0.534
 0.552 0.558 0.558 0.557 0.563 0.566 0.565 0.591 0.592 0.597 0.584 0.587
 0.594 0.604 0.577 0.593 0.601 0.583 0.585 0.575 0.587 0.587 0.605 0.598
 0.6   0.606 0.607 0.615 0.601 0.604 0.607 0.602 0.594 0.597 0.587 0.597
 0.591 0.582 0.587 0.59  0.572 0.571 0.577 0.575 0.572 0.574 0.57 ]
  恒生科技ETF华泰柏瑞(513130.SH): 年化=-31.9696% R²=0.8531 近3日最大跌幅 0.70% 得分=-0.2727 -> [淘汰]
[0.6935 0.6915 0.7425 0.7815 0.7735 0.795  0.8575 0.8485 0.873  0.8365
 0.835  0.759  0.804  0.784  0.772  0.794  0.855  0.85   0.8465 0.8625
 0.8605 0.866  0.857  0.8875 0.8885 0.902  0.9265 0.8925 0.904  0.91
 0.919  0.874  0.865  0.82   0.837  0.837  0.811  0.825  0.86   0.862
 0.853  0.9    0.919  0.915  0.92   0.897  0.861  0.86   0.848  0.841
 0.874  0.857  0.843  0.825  0.826  0.832  0.807  0.812  0.817  0.816
 0.816  0.781  0.781  0.796  0.823  0.823  0.826  0.846  0.838  0.83
 0.84   0.839  0.863  0.872  0.866  0.848  0.854  0.842  0.824  0.849
 0.835  0.836  0.852  0.852  0.857  0.858  0.856  0.862  0.873  0.867
 0.9    0.906  0.909  0.911  0.941  1.005  0.97   1.     0.992  0.988
 0.966  0.944  0.955  0.98   0.977  0.976  0.99   0.984  0.977  0.982
 0.954  0.964  0.924  0.902  0.889  0.924  0.934  0.921  0.939  0.935
 0.923  0.921  0.943  0.95   0.935  0.897  0.882  0.901  0.908  0.913
 0.929  0.914  0.899  0.88   0.89   0.865  0.897  0.886  0.878  0.842
 0.856  0.877  0.854  0.852  0.847  0.83   0.862  0.83   0.838  0.846
 0.914  0.904  0.926  0.931  0.95   0.944  0.975  0.994  1.003  0.991
 1.021  1.012  0.994  1.     0.976  0.986  1.018  1.059  1.088  1.076
 1.105  1.117  1.159  1.133  1.112  1.123  1.14   1.143  1.103  1.13
 1.174  1.174  1.147  1.172  1.131  1.11   1.143  1.178  1.167  1.127
 1.09   1.129  1.106  1.072  1.071  1.134  1.132  1.163  1.23   1.247
 1.203  1.235  1.279  1.22   1.233  1.306  1.285  1.182  1.191  1.179
 1.168  1.185  1.255  1.222  1.18   1.206  1.17   1.136  1.034  1.063
 1.153  1.142  1.114  1.089  1.11   1.023  1.02   0.948  1.008  0.985
 1.05   1.07   1.066  1.077  1.05   1.049  1.063  1.066  1.08   1.115
 1.098  1.014  1.01   1.024  0.98   0.986  0.988  1.027  1.017  1.044
 1.036 ]
  人工智能ETF华富(515980.SH): 年化=44.3202% R²=0.6293 近3日最大跌幅 0.97% 得分=0.2789
  >>> 长期动量最终选出: 南方原油LOF(501018.SH)

========== 选股汇总 ==========
  短期动量选出: 黄金ETF华安(518880.SH)
  长期动量选出: 南方原油LOF(501018.SH)
-----------
  只买短期
-----------
  总资产: 70,704.04, 动量总资产: 16,332.41
  [调出] 豆粕ETF华夏(159985.SZ) → 清仓
async_seq  40
卖出 159985.SZ 手续费 5，印花税 0
成功清仓 159985.SZ 后，策略0 增加资金16326.00, 现有资金为 16327.41
sleep 30s
异步委托回调 投资备注: 清仓159985.SZ 
  动量总资产更新: 16,327.41
  [调出] 德国ETF华安(513030.SH) → 清仓
async_seq  None
sell_target_value failed 513030.SH 德国ETF华安
sleep 30s
  动量总资产更新: 16,327.41
  [与目标差异太小，不减仓] 黄金ETF华安(518880.SH): 0.00 → 16,327.41
  [加仓] 黄金ETF华安(518880.SH): 0.00 → 16,327.41
buy 518880.SH passorder target value 16327.41 current 0.00 amount 1700 @9.15
成功买入 518880.SH 后，策略0 减少资金15543.10, 再扣除佣金5.0, 现有资金为 779.31
async_seq  45
✅========== [动量策略] 调仓结束 ==========

异步委托回调 投资备注: Buy 518880.SH Tgt 16327
check_limit_up count  6
sleep 20s
******************当日(2026-09-01 14:12:20.015630) (周2) 持仓市值: 66824.80元*******************
✅中天服务(002188.SZ) 占比 8.16% 涨幅:  24.54% (1139.00) x 1000 = 5780.0元 房地产服务
✅亚联发展(002316.SZ) 占比 7.79% 涨幅:  13.18% (643.00) x 1200 = 5520.0元 综合
✅华斯股份(002494.SZ) 占比 7.72% 涨幅:  15.19% (721.00) x 1100 = 5467.0元 服装家纺
✅海源复材(002529.SZ) 占比 8.18% 涨幅:  13.19% (675.00) x 800 = 5792.0元 专用设备
✅恒大高新(002591.SZ) 占比 8.46% 涨幅:  65.96% (2382.18) x 900 = 5994.0元 化学制品
✅登云股份(002715.SZ) 占比 8.18% 涨幅:   1.74% (99.00) x 400 = 5796.0元 汽车零部件
✅天元股份(003003.SZ) 占比 8.08% 涨幅:   1.15% (65.00) x 500 = 5720.0元 包装印刷
✅宏达高科(002144.SZ) 占比 8.08% 涨幅:   0.61% (34.50) x 500 = 5725.0元 纺织制造
✅国统股份(002205.SZ) 占比 7.79% 涨幅:   0.90% (49.50) x 500 = 5520.0元 水泥
✅黄金ETF华安(518880.SH) 占比 21.90% 涨幅:  -0.24% (-37.30) x 1700 = 15510.8元 None
✅持仓: 中晟高科(002778.SZ) 0股
✅持仓: 庄园牧场(002910.SZ) 0股
✅持仓: 豆粕ETF华夏(159985.SZ) 0股
✅*******************总资产 70828.74 剩余可用金额 4003.94元*******************
  [动量策略] 预留现金: 779.31 | 持仓市值: 15,510.80 | 总资产: 16,290.11
    持仓: 黄金ETF华安
  [小市值策略] 预留现金: 3,241.63 | 持仓市值: 51,314.00 | 总资产: 54,555.63
    持仓: 中天服务, 亚联发展, 华斯股份, 海源复材, 恒大高新, 登云股份, 天元股份, 宏达高科, 国统股份

check_remain_amount count  7
******************当日(2026-09-01 15:02:00.034563) (周2) 持仓市值: 66838.60元*******************
✅中天服务(002188.SZ) 占比 8.17% 涨幅:  24.76% (1149.00) x 1000 = 5790.0元 房地产服务
✅亚联发展(002316.SZ) 占比 7.79% 涨幅:  13.18% (643.00) x 1200 = 5520.0元 综合
✅华斯股份(002494.SZ) 占比 7.72% 涨幅:  15.19% (721.00) x 1100 = 5467.0元 服装家纺
✅海源复材(002529.SZ) 占比 8.18% 涨幅:  13.19% (675.00) x 800 = 5792.0元 专用设备
✅恒大高新(002591.SZ) 占比 8.50% 涨幅:  66.70% (2409.18) x 900 = 6021.0元 化学制品
✅登云股份(002715.SZ) 占比 8.20% 涨幅:   1.95% (111.00) x 400 = 5808.0元 汽车零部件
✅天元股份(003003.SZ) 占比 8.07% 涨幅:   1.06% (60.00) x 500 = 5715.0元 包装印刷
✅宏达高科(002144.SZ) 占比 8.07% 涨幅:   0.43% (24.50) x 500 = 5715.0元 纺织制造
✅国统股份(002205.SZ) 占比 7.78% 涨幅:   0.72% (39.50) x 500 = 5510.0元 水泥
✅黄金ETF华安(518880.SH) 占比 21.88% 涨幅:  -0.31% (-47.50) x 1700 = 15500.6元 None
✅持仓: 中晟高科(002778.SZ) 0股
✅持仓: 庄园牧场(002910.SZ) 0股
✅持仓: 豆粕ETF华夏(159985.SZ) 0股
✅*******************总资产 70842.54 剩余可用金额 4003.94元*******************
  [动量策略] 预留现金: 779.31 | 持仓市值: 15,500.60 | 总资产: 16,279.91
    持仓: 黄金ETF华安
  [小市值策略] 预留现金: 3,241.63 | 持仓市值: 51,338.00 | 总资产: 54,579.63
    持仓: 中天服务, 亚联发展, 华斯股份, 海源复材, 恒大高新, 登云股份, 天元股份, 宏达高科, 国统股份

  策略资金总和为4020.94，账面资金为4003.94

资金差额为-17.00
  [动量策略] 上一交易日现金记录1.41
  [小市值策略] 上一交易日现金记录1,406.14
资金差额较小，可能是手续费或者分红导致。现决定2个策略各分走一半差额资金
  [动量策略] 预留现金: 770.81, 现金记录更新770.81
  [小市值策略] 预留现金: 3,233.13, 现金记录更新3,233.13
==============================
今日股票收益: 1070.99 元
收益率:       1.53 %
==============================


sleep a day
今天是交易日吗 True
judge_date count  1
中小综指成分股数量：958
['002001.SZ', '002003.SZ', '002004.SZ', '002005.SZ', '002006.SZ', '002007.SZ', '002008.SZ', '002009.SZ', '002010.SZ', '002011.SZ']
002274.SZ  可能停牌  -1
涨停 002632.SZ 道明光学
涨停 002909.SZ 集泰股份
涨停 003005.SZ 竞业达
过滤ST/*ST股票后，剩余 901 只
prepare_stock_list count  2
✅========== [小市值策略] 周度调仓(卖出) 2026-09-02 09:55:00.014912 ==========
******************当日(2026-09-02 09:55:00.014912) (周3) 持仓市值: 65657.40元*******************
✅黄金ETF华安(518880.SH) 占比 21.60% 涨幅:  -3.21% (-499.70) x 1700 = 15048.4元 None
✅宏达高科(002144.SZ) 占比 8.14% 涨幅:  -0.35% (-20.00) x 500 = 5670.0元 纺织制造
✅中天服务(002188.SZ) 占比 8.12% 涨幅:  21.96% (1019.00) x 1000 = 5660.0元 房地产服务
✅国统股份(002205.SZ) 占比 7.82% 涨幅:  -0.46% (-25.00) x 500 = 5445.0元 水泥
✅亚联发展(002316.SZ) 占比 7.77% 涨幅:  10.97% (535.00) x 1200 = 5412.0元 综合
✅华斯股份(002494.SZ) 占比 7.72% 涨幅:  13.34% (633.00) x 1100 = 5379.0元 服装家纺
✅海源复材(002529.SZ) 占比 8.25% 涨幅:  12.25% (627.00) x 800 = 5744.0元 专用设备
✅恒大高新(002591.SZ) 占比 8.53% 涨幅:  64.46% (2328.18) x 900 = 5940.0元 化学制品
✅登云股份(002715.SZ) 占比 8.16% 涨幅:  -0.23% (-13.00) x 400 = 5684.0元 汽车零部件
✅天元股份(003003.SZ) 占比 8.15% 涨幅:   0.35% (20.00) x 500 = 5675.0元 包装印刷
✅*******************总资产 69663.32 剩余可用金额 4005.92元*******************
  [动量策略] 预留现金: 770.81 | 持仓市值: 15,048.40 | 总资产: 15,819.21
    持仓: 黄金ETF华安
  [小市值策略] 预留现金: 3,233.13 | 持仓市值: 50,609.00 | 总资产: 53,842.13
    持仓: 宏达高科, 中天服务, 国统股份, 亚联发展, 华斯股份, 海源复材, 恒大高新, 登云股份, 天元股份

get_small_cap_stocks   2026-09-02 09:55:00.014912    head 9
    第 1名: 亚联发展(002316.SZ), 流通市值: 17.73 亿元 综合   <== 选中
    第 2名: 华斯股份(002494.SZ), 流通市值: 18.45 亿元 服装家纺   <== 选中
    第 3名: 中天服务(002188.SZ), 流通市值: 18.51 亿元 房地产服务   <== 选中
    第 4名: 海源复材(002529.SZ), 流通市值: 18.67 亿元 专用设备   <== 选中
    第 5名: 登云股份(002715.SZ), 流通市值: 19.61 亿元 汽车零部件   <== 选中
    第 6名: 恒大高新(002591.SZ), 流通市值: 19.81 亿元 化学制品   <== 选中
    第 7名: 宏达高科(002144.SZ), 流通市值: 20.04 亿元 纺织制造   <== 选中
    第 8名: 天元股份(003003.SZ), 流通市值: 20.06 亿元 包装印刷   <== 选中
    第 9名: 凤形股份(002760.SZ), 流通市值: 20.08 亿元 通用设备   <== 选中
    第10名: 庄园牧场(002910.SZ), 流通市值: 20.1 亿元 饮料乳品 
    第11名: 国统股份(002205.SZ), 流通市值: 20.24 亿元 水泥 
    第12名: 桂发祥(002820.SZ), 流通市值: 20.25 亿元 休闲食品 
    第13名: 黄山胶囊(002817.SZ), 流通市值: 20.4 亿元 化学制药 
    第14名: 中晟高科(002778.SZ), 流通市值: 20.53 亿元 环境治理 
    第15名: 林州重机(002535.SZ), 流通市值: 20.6 亿元 专用设备 
    第16名: 蓝丰生化(002513.SZ), 流通市值: 20.7 亿元 农化制品 
    第17名: 仁智股份(002629.SZ), 流通市值: 20.88 亿元 油服工程 
    第18名: 开普检测(003008.SZ), 流通市值: 20.9 亿元 专业服务 
    第19名: 新天药业(002873.SZ), 流通市值: 20.94 亿元 中药 
    第20名: 光正眼科(002524.SZ), 流通市值: 20.97 亿元 医疗服务 
✅当前持股 9只
宏达高科
中天服务
国统股份
亚联发展
华斯股份
海源复材
恒大高新
登云股份
天元股份
✅需要买入股票 1只
✅需要卖出股票 1只
✅待买入  凤形股份
✅待卖出: 国统股份
✅今日(2026-09-02 09:55:00.014912)为卖出时间，执行卖出操作
✅------------------------------------------
✅>>>>>>>>>>>>
✅卖出: 国统股份
async_seq  58
卖出 002205.SZ 手续费 5，印花税 2.7225
成功清仓 002205.SZ 后，策略1 增加资金5437.28, 现有资金为 8670.41
rebalance_sell count  3
异步委托回调 投资备注: 清仓002205.SZ 
大盘涨幅 -0.64%
stop_loss count  4
✅========== [小市值策略] 周度调仓(买入) 2026-09-02 10:30:00.019279 ==========
✅今日(2026-09-02 10:30:00.019279)为买入时间，执行买入操作
✅+++++++++++++++++++++++++++++++++++++++++
✅需买入 1只
凤形股份
selected_stocks
['002316.SZ', '002494.SZ', '002188.SZ', '002529.SZ', '002715.SZ', '002591.SZ', '002144.SZ', '003003.SZ', '002760.SZ']
  期望持仓: 亚联发展(002316.SZ), 11.11%
  期望持仓: 华斯股份(002494.SZ), 11.11%
  期望持仓: 中天服务(002188.SZ), 11.11%
  期望持仓: 海源复材(002529.SZ), 11.11%
  期望持仓: 登云股份(002715.SZ), 11.11%
  期望持仓: 恒大高新(002591.SZ), 11.11%
  期望持仓: 宏达高科(002144.SZ), 11.11%
  期望持仓: 天元股份(003003.SZ), 11.11%
  期望持仓: 凤形股份(002760.SZ), 11.11%
预计买入凤形股份(002760.SZ)  300 股 * 18.45,总计 5535.00
预计持仓 50649.0 剩余金额 3135.41
 预估持仓: 宏达高科(002144.SZ), 占比 10.53% 单价 11.33
 预估持仓: 中天服务(002188.SZ), 占比 10.50% 单价 5.65
 预估持仓: 国统股份(002205.SZ), 占比 0.00% 单价 10.90
 预估持仓: 亚联发展(002316.SZ), 占比 10.02% 单价 4.49
 预估持仓: 华斯股份(002494.SZ), 占比 10.02% 单价 4.90
 预估持仓: 海源复材(002529.SZ), 占比 10.65% 单价 7.16
 预估持仓: 恒大高新(002591.SZ), 占比 10.99% 单价 6.57
 预估持仓: 登云股份(002715.SZ), 占比 10.56% 单价 14.20
 预估持仓: 凤形股份(002760.SZ), 占比 10.29% 单价 18.45
 预估持仓: 天元股份(003003.SZ), 占比 10.60% 单价 11.40
调整凤形股份买入数量，期望买入5976.05,当前5535.00,相差441.05
单价18.45，新市值5535.00，差值441.05
单价18.45，新市值7380.00，差值-1403.95
====调整每股额度====
当前可用资金  8670.40945 
持仓市值  45114.0 
总资产:  53784.40945 
每股额度  8670.40945

✅===可用资金 8670.40945===
委托买入: 凤形股份, 002760.SZ 
目标价值:5976.05
预计最终持股300股，每股18.45元，合计:5535.00
buy 002760.SZ passorder target value 5976.05 current 0.00 amount 300 @18.55
成功买入 002760.SZ 后，策略1 减少资金5538.00, 再扣除佣金5.0, 现有资金为 3127.41
async_seq  67
异步委托回调 投资备注: Buy 002760.SZ Tgt 5976.
sleep 30s
******************当日(2026-09-02 10:30:40.053904) (周3) 持仓市值: 65675.00元*******************
✅黄金ETF华安(518880.SH) 占比 21.62% 涨幅:  -3.13% (-486.10) x 1700 = 15062.0元 None
✅宏达高科(002144.SZ) 占比 8.13% 涨幅:  -0.44% (-25.00) x 500 = 5665.0元 纺织制造
✅中天服务(002188.SZ) 占比 8.11% 涨幅:  21.74% (1009.00) x 1000 = 5650.0元 房地产服务
✅亚联发展(002316.SZ) 占比 7.74% 涨幅:  10.48% (511.00) x 1200 = 5388.0元 综合
✅华斯股份(002494.SZ) 占比 7.74% 涨幅:  13.57% (644.00) x 1100 = 5390.0元 服装家纺
✅海源复材(002529.SZ) 占比 8.21% 涨幅:  11.78% (603.00) x 800 = 5720.0元 专用设备
✅恒大高新(002591.SZ) 占比 8.48% 涨幅:  63.46% (2292.18) x 900 = 5904.0元 化学制品
✅登云股份(002715.SZ) 占比 8.15% 涨幅:  -0.37% (-21.00) x 400 = 5676.0元 汽车零部件
✅天元股份(003003.SZ) 占比 8.16% 涨幅:   0.53% (30.00) x 500 = 5685.0元 包装印刷
✅凤形股份(002760.SZ) 占比 7.95% 涨幅:  -0.05% (-3.00) x 300 = 5535.0元 通用设备
✅持仓: 国统股份(002205.SZ) 0股
✅*******************总资产 69656.90 剩余可用金额 9442.70元*******************
  [动量策略] 预留现金: 770.81 | 持仓市值: 15,062.00 | 总资产: 15,832.81
    持仓: 黄金ETF华安
  [小市值策略] 预留现金: 3,127.41 | 持仓市值: 50,613.00 | 总资产: 53,740.41
    持仓: 宏达高科, 中天服务, 亚联发展, 华斯股份, 海源复材, 恒大高新, 登云股份, 天元股份, 凤形股份

rebalance_buy count  5

✅========== [动量策略] 每日调仓 2026-09-02 ==========

========== [短期动量] 开始 (窗口=25天) ==========
[2.074 2.041 2.112 2.127 2.192 2.267 2.244 2.266 2.261 2.215 2.226 2.226
 2.264 2.274 2.239 2.2   2.212 2.195 2.166 2.195 2.203 2.229 2.235 2.223
 2.233 2.207]
  纳指ETF国泰(513100.SH): 年化=22.2989% R²=0.1152 近3日最大跌幅 1.16% 得分=0.0257
[2.096 2.075 2.167 2.206 2.224 2.31  2.28  2.284 2.334 2.313 2.332 2.343
 2.372 2.397 2.338 2.258 2.283 2.268 2.249 2.273 2.28  2.285 2.28  2.274
 2.27  2.213]
  日经ETF华夏(513520.SH): 年化=9.8931% R²=0.0359 近3日最大跌幅 2.51% 得分=0.0036
[1.789 1.788 1.82  1.837 1.859 1.899 1.875 1.895 1.923 1.885 1.92  1.951
 1.94  1.991 1.965 1.9   1.916 1.886 1.886 1.911 1.911 1.918 1.92  1.915
 1.894 1.858]
  德国ETF华安(513030.SH): 年化=22.5023% R²=0.1383 近3日最大跌幅 1.90% 得分=0.0311
[8.392 8.36  8.433 8.417 8.408 8.64  8.795 8.892 9.005 9.009 9.103 9.042
 8.946 9.068 9.078 8.974 9.234 9.388 9.564 9.533 9.517 9.446 9.475 9.135
 9.118 8.863]
  黄金ETF华安(518880.SH): 年化=144.2909% R²=0.5640 近3日最大跌幅 3.59% 得分=0.8137
[2.106 2.101 2.121 2.123 2.138 2.147 2.139 2.164 2.156 2.153 2.164 2.141
 2.143 2.171 2.15  2.124 2.13  2.148 2.154 2.151 2.159 2.15  2.163 2.166
 2.176 2.148]
  有色ETF大成(159980.SZ): 年化=16.5448% R²=0.3545 近3日最大跌幅 1.29% 得分=0.0587
[2.13  2.088 2.087 2.094 2.105 2.097 2.119 2.125 2.133 2.124 2.116 2.126
 2.139 2.149 2.205 2.214 2.212 2.163 2.184 2.189 2.233 2.278 2.261 2.306
 2.367 2.335]
  豆粕ETF华夏(159985.SZ): 年化=233.3158% R²=0.8269 近3日最大跌幅 1.35% 得分=1.9293
[1.902 2.041 1.991 1.9   1.958 1.926 1.979 1.944 1.764 1.804 1.786 1.782
 1.785 1.784 1.836 1.881 1.85  1.858 1.834 1.824 1.757 1.764 1.775 1.838
 1.836 1.909]
  南方原油LOF(501018.SH): 年化=-42.1865% R²=0.2480 近3日最大跌幅 0.11% 得分=-0.1046 -> [淘汰]
[117.547 117.825 118.226 118.311 118.475 118.428 118.31  118.735 119.18
 119.011 118.928 119.217 119.299 119.111 119.503 119.223 118.814 118.825
 119.184 119.234 119.015 118.338 118.331 118.444 118.844 118.729]
  30年国债ETF鹏扬(511090.SH): 年化=2.0514% R²=0.0711 近3日最大跌幅 0.10% 得分=0.0015
[0.605 0.598 0.6   0.606 0.607 0.615 0.601 0.604 0.607 0.602 0.594 0.597
 0.587 0.597 0.591 0.582 0.587 0.59  0.572 0.571 0.577 0.575 0.572 0.574
 0.568 0.556]
  恒生科技ETF华泰柏瑞(513130.SH): 年化=-56.9857% R²=0.8377 近3日最大跌幅 2.11% 得分=-0.4774 -> [淘汰]
[1.02  0.948 1.008 0.985 1.05  1.07  1.066 1.077 1.05  1.049 1.063 1.066
 1.08  1.115 1.098 1.014 1.01  1.024 0.98  0.986 0.988 1.027 1.017 1.044
 1.038 1.015]
  人工智能ETF华富(515980.SH): 年化=-24.7449% R²=0.0178 近3日最大跌幅 2.22% 得分=-0.0044 -> [淘汰]
  >>> 短期动量最终选出: 豆粕ETF华夏(159985.SZ)

========== [长期动量] 开始 (窗口=250天) ==========
[1.69  1.676 1.698 1.69  1.704 1.693 1.692 1.673 1.676 1.676 1.682 1.701
 1.696 1.701 1.711 1.708 1.714 1.727 1.736 1.729 1.744 1.751 1.771 1.8
 1.785 1.779 1.78  1.8   1.813 1.851 1.86  1.829 1.81  1.825 1.838 1.807
 1.859 1.873 1.883 1.883 1.902 1.956 1.961 2.    1.985 1.982 1.976 1.94
 1.912 1.949 1.924 1.951 1.959 1.974 1.975 1.923 1.909 1.844 1.836 1.907
 1.848 1.856 1.897 1.927 1.925 1.943 1.936 1.94  1.965 1.965 1.963 1.952
 1.928 1.944 1.918 1.921 1.902 1.873 1.899 1.878 1.916 1.945 1.935 1.933
 1.93  1.929 1.916 1.914 1.904 1.93  1.925 1.919 1.899 1.903 1.893 1.915
 1.909 1.901 1.904 1.887 1.876 1.875 1.901 1.891 1.882 1.894 1.905 1.891
 1.881 1.833 1.872 1.853 1.84  1.813 1.847 1.844 1.841 1.836 1.83  1.823
 1.825 1.832 1.819 1.802 1.786 1.762 1.8   1.801 1.756 1.788 1.792 1.784
 1.767 1.774 1.768 1.789 1.764 1.749 1.68  1.717 1.734 1.716 1.708 1.683
 1.674 1.752 1.721 1.731 1.732 1.833 1.805 1.809 1.798 1.825 1.864 1.907
 1.892 1.89  1.892 1.896 1.905 1.907 1.945 1.963 1.962 1.959 2.01  2.054
 2.065 2.108 2.081 2.093 2.105 2.1   2.066 2.047 2.058 2.103 2.146 2.231
 2.185 2.223 2.214 2.273 2.365 2.343 2.299 2.24  2.205 2.114 2.2   2.143
 2.13  2.162 2.258 2.28  2.279 2.266 2.25  2.174 2.187 2.208 2.158 2.178
 2.204 2.209 2.158 2.167 2.171 2.169 2.141 2.166 2.174 2.168 2.17  2.188
 2.167 2.107 2.096 2.13  2.13  2.131 2.104 2.118 2.068 2.074 2.041 2.112
 2.127 2.192 2.267 2.244 2.266 2.261 2.215 2.226 2.226 2.264 2.274 2.239
 2.2   2.212 2.195 2.166 2.195 2.203 2.229 2.235 2.223 2.233 2.207]
  纳指ETF国泰(513100.SH): 年化=29.7951% R²=0.5895 近3日最大跌幅 1.16% 得分=0.1756
[1.602 1.595 1.608 1.591 1.601 1.611 1.601 1.587 1.588 1.57  1.608 1.61
 1.629 1.625 1.636 1.652 1.668 1.666 1.673 1.675 1.7   1.666 1.69  1.703
 1.695 1.69  1.666 1.675 1.68  1.769 1.734 1.723 1.717 1.77  1.821 1.781
 1.898 1.899 1.931 1.886 1.89  1.934 1.935 1.982 1.951 1.971 1.993 1.93
 1.912 1.941 1.93  1.967 1.956 1.96  1.948 1.901 1.878 1.804 1.804 1.84
 1.792 1.812 1.805 1.855 1.856 1.858 1.828 1.815 1.841 1.893 1.881 1.869
 1.848 1.839 1.813 1.829 1.812 1.781 1.802 1.789 1.821 1.838 1.827 1.823
 1.821 1.823 1.804 1.8   1.794 1.832 1.854 1.84  1.82  1.84  1.867 1.871
 1.891 1.883 1.895 1.881 1.856 1.857 1.887 1.876 1.87  1.887 1.913 1.9
 1.885 1.845 1.918 1.914 1.881 1.889 1.95  2.022 2.12  2.082 2.111 2.105
 2.141 2.123 2.128 2.117 1.998 1.915 1.973 1.983 1.932 1.961 1.975 1.95
 1.919 1.929 1.894 1.941 1.896 1.875 1.799 1.836 1.859 1.832 1.837 1.827
 1.812 1.888 1.83  1.827 1.832 1.963 1.927 1.946 1.947 1.99  1.986 2.045
 2.024 2.018 2.03  2.036 2.013 2.019 2.048 2.04  2.027 2.011 2.107 2.179
 2.159 2.147 2.134 2.15  2.124 2.085 2.056 2.049 2.034 2.072 2.132 2.209
 2.199 2.197 2.173 2.256 2.334 2.322 2.382 2.353 2.29  2.232 2.352 2.25
 2.254 2.292 2.449 2.456 2.459 2.528 2.606 2.447 2.468 2.593 2.522 2.487
 2.517 2.479 2.387 2.443 2.47  2.41  2.343 2.345 2.343 2.275 2.3   2.35
 2.28  2.163 2.157 2.232 2.207 2.22  2.16  2.19  2.098 2.096 2.075 2.167
 2.206 2.224 2.31  2.28  2.284 2.334 2.313 2.332 2.343 2.372 2.397 2.338
 2.258 2.283 2.268 2.249 2.273 2.28  2.285 2.28  2.274 2.27  2.213]
  日经ETF华夏(513520.SH): 年化=43.3914% R²=0.7628 近3日最大跌幅 2.51% 得分=0.3310
[1.876 1.87  1.884 1.866 1.869 1.866 1.854 1.863 1.866 1.833 1.843 1.855
 1.85  1.853 1.852 1.842 1.846 1.846 1.851 1.836 1.831 1.848 1.832 1.839
 1.835 1.832 1.821 1.838 1.836 1.886 1.877 1.865 1.851 1.868 1.863 1.846
 1.863 1.885 1.902 1.884 1.893 1.905 1.896 1.892 1.879 1.867 1.866 1.858
 1.849 1.866 1.84  1.858 1.863 1.883 1.898 1.868 1.857 1.821 1.819 1.84
 1.803 1.823 1.826 1.857 1.845 1.846 1.842 1.831 1.841 1.848 1.851 1.849
 1.842 1.85  1.844 1.872 1.865 1.853 1.852 1.835 1.854 1.873 1.873 1.88
 1.875 1.876 1.87  1.863 1.872 1.89  1.905 1.905 1.915 1.924 1.947 1.986
 1.968 1.952 1.942 1.898 1.883 1.887 1.904 1.908 1.899 1.924 1.934 1.92
 1.885 1.855 1.896 1.894 1.875 1.862 1.899 1.919 1.918 1.943 1.959 1.98
 1.97  1.995 2.036 1.958 1.903 1.826 1.865 1.859 1.787 1.824 1.824 1.806
 1.797 1.794 1.764 1.795 1.742 1.724 1.627 1.689 1.724 1.701 1.697 1.669
 1.667 1.729 1.692 1.703 1.709 1.792 1.772 1.783 1.762 1.781 1.79  1.812
 1.801 1.817 1.828 1.836 1.797 1.794 1.795 1.796 1.795 1.789 1.842 1.87
 1.837 1.821 1.803 1.806 1.795 1.776 1.728 1.767 1.768 1.782 1.798 1.828
 1.842 1.83  1.815 1.828 1.833 1.823 1.811 1.79  1.795 1.747 1.765 1.751
 1.733 1.755 1.808 1.787 1.788 1.784 1.782 1.756 1.756 1.748 1.753 1.747
 1.749 1.762 1.759 1.828 1.832 1.854 1.802 1.787 1.796 1.78  1.766 1.773
 1.774 1.749 1.75  1.763 1.762 1.771 1.743 1.79  1.784 1.789 1.788 1.82
 1.837 1.859 1.899 1.875 1.895 1.923 1.885 1.92  1.951 1.94  1.991 1.965
 1.9   1.916 1.886 1.886 1.911 1.911 1.918 1.92  1.915 1.894 1.858]
  德国ETF华安(513030.SH): 年化=-2.2146% R²=0.0451 近3日最大跌幅 1.90% 得分=-0.0010 -> [淘汰]
[ 7.394  7.378  7.427  7.449  7.45   7.468  7.486  7.647  7.67   7.768
  7.75   7.775  7.847  7.966  7.947  7.923  7.954  7.931  8.032  7.964
  7.862  7.898  8.048  8.143  8.19   8.146  8.16   8.259  8.339  8.729
  8.602  8.859  8.976  9.187  9.244  9.568  9.268  9.49   9.101  8.994
  8.95   8.914  8.597  8.692  8.704  8.794  8.797  8.737  8.706  8.755
  8.793  8.936  9.062  9.029  9.175  9.096  8.882  8.777  8.954  8.903
  8.828  8.857  9.01   9.011  9.01   9.067  9.161  9.112  9.096  9.064
  9.136  9.11   9.046  9.095  9.11   9.227  9.351  9.24   9.31   9.318
  9.313  9.511  9.639  9.642  9.566  9.65   9.563  9.363  9.301  9.495
  9.577  9.518  9.511  9.592  9.777  9.793  9.922  9.867  9.857 10.006
 10.082 10.377 10.341 10.617 10.924 10.934 11.28  11.904 11.009  9.908
 10.422 10.867 10.523 10.357 10.719 10.669 10.758 10.72  10.575 10.95
 10.959 10.913 10.933 11.417 11.259 10.98  10.964 10.873 10.868 10.956
 10.974 10.938 10.802 10.664 10.637 10.606 10.126  9.896  8.941  9.299
  9.641  9.45   9.494  9.656  9.699 10.024  9.738  9.828  9.837 10.113
  9.908  9.972  9.924 10.011 10.064 10.097 10.029 10.036 10.01  10.004
  9.9    9.826  9.897  9.732  9.637  9.678  9.791  9.909  9.88   9.774
  9.806  9.804  9.795  9.554  9.513  9.515  9.367  9.45   9.461  9.512
  9.454  9.345  9.132  9.397  9.344  9.41   9.281  9.29   9.252  8.953
  9.005  8.736  8.506  8.659  8.928  8.949  8.957  8.908  8.716  8.537
  8.515  8.287  8.39   8.449  8.378  8.271  8.475  8.672  8.631  8.597
  8.589  8.544  8.541  8.419  8.373  8.369  8.363  8.311  8.318  8.468
  8.56   8.56   8.385  8.502  8.4    8.392  8.36   8.433  8.417  8.408
  8.64   8.795  8.892  9.005  9.009  9.103  9.042  8.946  9.068  9.078
  8.974  9.234  9.388  9.564  9.533  9.517  9.446  9.475  9.135  9.118
  8.863]
  黄金ETF华安(518880.SH): 年化=-2.3411% R²=-0.0153 近3日最大跌幅 3.59% 得分=-0.0004 -> [淘汰]
[1.691 1.694 1.712 1.704 1.706 1.703 1.715 1.715 1.715 1.716 1.71  1.716
 1.711 1.71  1.714 1.719 1.74  1.737 1.735 1.731 1.713 1.715 1.72  1.713
 1.714 1.746 1.744 1.74  1.747 1.808 1.795 1.784 1.768 1.785 1.778 1.767
 1.779 1.781 1.783 1.796 1.818 1.831 1.804 1.833 1.818 1.807 1.819 1.799
 1.793 1.803 1.798 1.811 1.812 1.821 1.835 1.815 1.807 1.788 1.801 1.797
 1.786 1.796 1.804 1.805 1.812 1.822 1.849 1.851 1.858 1.88  1.912 1.919
 1.877 1.892 1.892 1.932 1.906 1.878 1.896 1.899 1.918 1.934 1.932 1.975
 1.964 1.994 1.996 1.993 1.996 2.055 2.13  2.126 2.073 2.086 2.143 2.119
 2.176 2.179 2.112 2.103 2.11  2.133 2.11  2.144 2.142 2.167 2.183 2.268
 2.145 1.989 2.116 2.134 2.055 2.039 2.088 2.083 2.107 2.108 2.052 2.099
 2.141 2.125 2.165 2.163 2.096 2.108 2.094 2.093 2.081 2.1   2.1   2.1
 2.075 2.062 2.058 2.038 1.958 1.956 1.915 1.955 1.984 1.976 1.999 2.013
 2.007 2.03  2.003 2.01  2.013 2.051 2.03  2.042 2.056 2.086 2.103 2.119
 2.116 2.11  2.101 2.116 2.111 2.108 2.124 2.104 2.101 2.085 2.147 2.139
 2.152 2.149 2.171 2.211 2.179 2.131 2.132 2.135 2.145 2.131 2.151 2.163
 2.162 2.15  2.134 2.149 2.149 2.195 2.181 2.145 2.141 2.107 2.12  2.103
 2.091 2.115 2.153 2.128 2.13  2.117 2.128 2.087 2.077 2.028 2.036 2.063
 2.056 2.03  2.032 2.059 2.062 2.063 2.069 2.072 2.08  2.066 2.093 2.082
 2.091 2.065 2.075 2.101 2.107 2.117 2.101 2.108 2.094 2.106 2.101 2.121
 2.123 2.138 2.147 2.139 2.164 2.156 2.153 2.164 2.141 2.143 2.171 2.15
 2.124 2.13  2.148 2.154 2.151 2.159 2.15  2.163 2.166 2.176 2.148]
  有色ETF大成(159980.SZ): 年化=21.9659% R²=0.6746 近3日最大跌幅 1.29% 得分=0.1482
[1.997 1.98  2.001 1.986 1.986 1.987 1.992 2.005 1.992 2.015 1.983 1.994
 2.005 2.015 2.003 2.005 2.009 1.988 1.988 1.983 1.98  1.991 1.985 1.942
 1.952 1.961 1.948 1.938 1.938 1.943 1.939 1.951 1.938 1.938 1.942 1.92
 1.928 1.935 1.935 1.96  1.955 1.97  1.969 1.962 1.951 1.958 1.964 1.952
 1.984 1.976 1.974 1.976 1.972 1.975 1.98  1.998 1.968 2.016 1.984 1.982
 1.977 2.006 2.011 2.002 2.026 2.024 1.973 1.969 1.969 1.964 1.956 1.951
 1.942 1.949 1.942 1.955 1.951 1.96  1.946 1.942 1.948 1.946 1.95  1.956
 1.957 1.974 1.976 1.964 1.949 1.956 1.961 1.984 1.972 1.984 1.974 1.976
 1.969 1.968 1.959 1.961 1.958 1.956 1.972 1.966 1.975 1.97  1.985 2.009
 1.982 1.974 1.971 1.975 1.98  1.982 1.985 1.975 1.987 1.989 2.    2.001
 2.02  2.017 2.017 2.034 2.051 2.102 2.061 2.126 2.232 2.179 2.244 2.232
 2.321 2.262 2.25  2.251 2.244 2.205 2.23  2.242 2.159 2.161 2.122 2.135
 2.07  2.041 2.079 2.058 2.055 2.041 2.075 2.082 2.128 2.111 2.097 2.111
 2.094 2.091 2.127 2.169 2.156 2.125 2.152 2.159 2.165 2.162 2.159 2.132
 2.143 2.164 2.155 2.161 2.144 2.089 2.092 2.122 2.103 2.086 2.084 2.056
 2.06  2.068 2.084 2.077 2.073 2.046 2.054 2.029 2.009 1.991 1.98  2.005
 2.02  2.017 2.017 2.015 2.028 2.004 1.989 1.994 2.    1.997 2.007 2.008
 1.985 1.997 2.066 2.065 2.125 2.151 2.18  2.157 2.144 2.206 2.203 2.231
 2.148 2.123 2.18  2.197 2.213 2.243 2.29  2.254 2.121 2.13  2.088 2.087
 2.094 2.105 2.097 2.119 2.125 2.133 2.124 2.116 2.126 2.139 2.149 2.205
 2.214 2.212 2.163 2.184 2.189 2.233 2.278 2.261 2.306 2.367 2.335]
  豆粕ETF华夏(159985.SZ): 年化=12.8975% R²=0.4873 近3日最大跌幅 1.35% 得分=0.0628
[1.2   1.193 1.202 1.204 1.204 1.208 1.194 1.197 1.202 1.203 1.216 1.221
 1.19  1.191 1.192 1.19  1.196 1.198 1.187 1.196 1.199 1.213 1.201 1.198
 1.193 1.186 1.202 1.217 1.224 1.228 1.204 1.221 1.21  1.204 1.194 1.191
 1.19  1.168 1.143 1.138 1.143 1.157 1.165 1.162 1.152 1.144 1.14  1.143
 1.16  1.152 1.151 1.142 1.147 1.15  1.139 1.156 1.132 1.136 1.135 1.134
 1.148 1.134 1.122 1.123 1.125 1.121 1.122 1.128 1.136 1.133 1.123 1.132
 1.134 1.143 1.121 1.123 1.118 1.118 1.116 1.101 1.097 1.097 1.095 1.099
 1.103 1.113 1.113 1.113 1.105 1.111 1.106 1.104 1.111 1.103 1.104 1.119
 1.126 1.148 1.19  1.181 1.156 1.153 1.159 1.165 1.178 1.179 1.277 1.283
 1.411 1.552 1.397 1.257 1.242 1.218 1.268 1.314 1.395 1.348 1.359 1.317
 1.449 1.444 1.43  1.439 1.583 1.741 1.7   1.633 1.579 1.737 1.652 1.666
 1.731 1.791 1.93  2.07  2.012 2.213 2.325 2.558 2.302 2.421 2.371 2.435
 2.319 2.087 2.273 2.393 2.584 2.326 2.392 2.24  2.366 2.266 2.216 2.227
 2.187 2.135 2.005 1.885 2.008 2.076 2.041 2.114 2.166 2.185 2.072 1.958
 1.996 2.02  2.018 1.988 1.993 2.047 2.145 2.078 2.065 2.05  2.03  1.944
 1.951 1.929 1.956 1.909 1.965 1.982 2.023 1.976 1.949 2.144 1.982 2.004
 2.072 2.028 1.885 1.862 1.791 1.783 1.786 1.685 1.61  1.484 1.512 1.532
 1.527 1.517 1.471 1.505 1.523 1.59  1.733 1.742 1.753 1.877 2.03  1.911
 1.834 1.86  2.046 2.018 2.114 2.158 2.112 1.901 1.841 1.902 2.041 1.991
 1.9   1.958 1.926 1.979 1.944 1.764 1.804 1.786 1.782 1.785 1.784 1.836
 1.881 1.85  1.858 1.834 1.824 1.757 1.764 1.775 1.838 1.836 1.909]
  南方原油LOF(501018.SH): 年化=94.2760% R²=0.5741 近3日最大跌幅 0.11% 得分=0.5413
[118.796 118.505 119.046 119.662 119.891 118.876 118.856 119.117 118.895
 119.426 119.936 118.706 118.388 118.252 117.254 116.961 117.345 117.725
 117.559 117.996 117.697 117.013 117.182 116.69  116.129 116.287 116.263
 115.719 115.885 116.266 115.599 116.236 116.577 116.302 116.776 117.706
 117.323 117.377 117.6   117.185 117.036 117.295 118.018 117.675 117.941
 118.37  118.457 118.607 118.649 118.145 118.17  118.171 118.295 118.397
 118.124 118.284 118.444 118.4   117.996 117.831 117.472 117.695 117.242
 116.449 116.543 116.642 116.641 115.981 115.682 114.156 114.296 113.855
 114.638 114.726 115.552 115.149 113.941 113.862 114.449 114.985 114.984
 114.703 115.514 115.402 115.224 115.341 114.355 114.429 113.898 113.811
 113.418 112.807 113.247 113.062 113.242 113.628 113.587 113.469 113.51
 113.419 113.76  114.707 114.689 114.864 115.158 114.793 114.924 114.972
 114.654 114.976 114.902 114.781 115.234 115.722 115.699 115.659 115.715
 115.733 115.749 115.844 115.444 114.992 114.972 115.511 115.571 115.646
 115.552 115.648 114.323 114.362 114.041 114.046 113.949 113.212 113.462
 113.744 113.81  113.362 113.444 114.141 114.103 114.362 114.078 114.359
 114.375 114.149 114.055 113.976 114.355 114.711 114.794 114.902 115.504
 115.756 115.731 115.359 115.996 116.052 116.325 116.937 116.599 115.998
 115.359 115.868 116.024 115.811 115.088 115.153 115.162 115.423 115.757
 115.792 115.555 115.472 115.623 116.082 115.999 115.905 116.066 116.343
 116.407 116.588 116.614 116.809 117.087 117.234 116.978 117.039 116.867
 116.588 116.315 116.043 115.685 116.109 116.375 116.68  116.825 116.827
 116.893 116.551 116.532 116.828 116.876 117.2   116.817 116.275 116.54
 116.258 116.456 116.397 116.706 116.746 116.721 116.539 116.344 116.48
 116.292 116.487 116.445 116.499 117.046 117.301 117.38  117.906 117.697
 117.547 117.825 118.226 118.311 118.475 118.428 118.31  118.735 119.18
 119.011 118.928 119.217 119.299 119.111 119.503 119.223 118.814 118.825
 119.184 119.234 119.015 118.338 118.331 118.444 118.844 118.729]
  30年国债ETF鹏扬(511090.SH): 年化=1.7002% R²=0.0132 近3日最大跌幅 0.10% 得分=0.0002
[0.733 0.749 0.779 0.773 0.762 0.755 0.76  0.77  0.763 0.754 0.742 0.758
 0.767 0.771 0.784 0.788 0.795 0.801 0.811 0.843 0.829 0.832 0.833 0.818
 0.838 0.848 0.835 0.841 0.858 0.86  0.833 0.812 0.79  0.807 0.796 0.77
 0.788 0.805 0.789 0.795 0.803 0.819 0.809 0.817 0.797 0.787 0.789 0.777
 0.769 0.785 0.775 0.784 0.783 0.788 0.795 0.772 0.761 0.746 0.742 0.733
 0.719 0.732 0.737 0.743 0.737 0.739 0.743 0.739 0.728 0.737 0.746 0.747
 0.733 0.733 0.727 0.74  0.724 0.708 0.715 0.706 0.719 0.722 0.718 0.718
 0.719 0.724 0.719 0.727 0.718 0.745 0.759 0.745 0.738 0.74  0.756 0.757
 0.764 0.754 0.751 0.744 0.735 0.74  0.742 0.747 0.738 0.743 0.757 0.749
 0.737 0.707 0.706 0.696 0.692 0.686 0.698 0.698 0.703 0.692 0.688 0.672
 0.67  0.652 0.654 0.635 0.622 0.612 0.612 0.63  0.626 0.639 0.64  0.637
 0.633 0.652 0.648 0.649 0.636 0.618 0.596 0.609 0.62  0.608 0.61  0.598
 0.591 0.605 0.59  0.588 0.591 0.62  0.61  0.612 0.607 0.61  0.618 0.638
 0.632 0.638 0.634 0.625 0.614 0.617 0.621 0.61  0.616 0.615 0.624 0.642
 0.642 0.641 0.635 0.636 0.637 0.619 0.608 0.61  0.611 0.598 0.608 0.606
 0.62  0.61  0.608 0.611 0.618 0.64  0.629 0.619 0.61  0.592 0.599 0.59
 0.58  0.586 0.592 0.581 0.581 0.572 0.572 0.55  0.561 0.55  0.534 0.552
 0.558 0.558 0.557 0.563 0.566 0.565 0.591 0.592 0.597 0.584 0.587 0.594
 0.604 0.577 0.593 0.601 0.583 0.585 0.575 0.587 0.587 0.605 0.598 0.6
 0.606 0.607 0.615 0.601 0.604 0.607 0.602 0.594 0.597 0.587 0.597 0.591
 0.582 0.587 0.59  0.572 0.571 0.577 0.575 0.572 0.574 0.568 0.556]
  恒生科技ETF华泰柏瑞(513130.SH): 年化=-32.0546% R²=0.8560 近3日最大跌幅 2.11% 得分=-0.2744 -> [淘汰]
[0.6915 0.7425 0.7815 0.7735 0.795  0.8575 0.8485 0.873  0.8365 0.835
 0.759  0.804  0.784  0.772  0.794  0.855  0.85   0.8465 0.8625 0.8605
 0.866  0.857  0.8875 0.8885 0.902  0.9265 0.8925 0.904  0.91   0.919
 0.874  0.865  0.82   0.837  0.837  0.811  0.825  0.86   0.862  0.853
 0.9    0.919  0.915  0.92   0.897  0.861  0.86   0.848  0.841  0.874
 0.857  0.843  0.825  0.826  0.832  0.807  0.812  0.817  0.816  0.816
 0.781  0.781  0.796  0.823  0.823  0.826  0.846  0.838  0.83   0.84
 0.839  0.863  0.872  0.866  0.848  0.854  0.842  0.824  0.849  0.835
 0.836  0.852  0.852  0.857  0.858  0.856  0.862  0.873  0.867  0.9
 0.906  0.909  0.911  0.941  1.005  0.97   1.     0.992  0.988  0.966
 0.944  0.955  0.98   0.977  0.976  0.99   0.984  0.977  0.982  0.954
 0.964  0.924  0.902  0.889  0.924  0.934  0.921  0.939  0.935  0.923
 0.921  0.943  0.95   0.935  0.897  0.882  0.901  0.908  0.913  0.929
 0.914  0.899  0.88   0.89   0.865  0.897  0.886  0.878  0.842  0.856
 0.877  0.854  0.852  0.847  0.83   0.862  0.83   0.838  0.846  0.914
 0.904  0.926  0.931  0.95   0.944  0.975  0.994  1.003  0.991  1.021
 1.012  0.994  1.     0.976  0.986  1.018  1.059  1.088  1.076  1.105
 1.117  1.159  1.133  1.112  1.123  1.14   1.143  1.103  1.13   1.174
 1.174  1.147  1.172  1.131  1.11   1.143  1.178  1.167  1.127  1.09
 1.129  1.106  1.072  1.071  1.134  1.132  1.163  1.23   1.247  1.203
 1.235  1.279  1.22   1.233  1.306  1.285  1.182  1.191  1.179  1.168
 1.185  1.255  1.222  1.18   1.206  1.17   1.136  1.034  1.063  1.153
 1.142  1.114  1.089  1.11   1.023  1.02   0.948  1.008  0.985  1.05
 1.07   1.066  1.077  1.05   1.049  1.063  1.066  1.08   1.115  1.098
 1.014  1.01   1.024  0.98   0.986  0.988  1.027  1.017  1.044  1.038
 1.016 ]
  人工智能ETF华富(515980.SH): 年化=43.4380% R²=0.6213 近3日最大跌幅 2.12% 得分=0.2699
  >>> 长期动量最终选出: 南方原油LOF(501018.SH)

========== 选股汇总 ==========
  短期动量选出: 豆粕ETF华夏(159985.SZ)
  长期动量选出: 南方原油LOF(501018.SH)
-----------
  只买短期
-----------
  总资产: 69,591.30, 动量总资产: 15,837.91
  [调出] 黄金ETF华安(518880.SH) → 清仓
async_seq  74
卖出 518880.SH 手续费 5，印花税 0
成功清仓 518880.SH 后，策略0 增加资金15062.10, 现有资金为 15832.91
sleep 30s
异步委托回调 投资备注: 清仓518880.SH 
  动量总资产更新: 15,832.91
  [调出] 德国ETF华安(513030.SH) → 清仓
async_seq  None
sell_target_value failed 513030.SH 德国ETF华安
sleep 30s
  动量总资产更新: 15,832.91
  [与目标差异太小，不减仓] 豆粕ETF华夏(159985.SZ): 0.00 → 15,832.91
  [加仓] 豆粕ETF华夏(159985.SZ): 0.00 → 15,832.91
buy 159985.SZ passorder target value 15832.91 current 0.00 amount 6700 @2.35
成功买入 159985.SZ 后，策略0 减少资金15664.60, 再扣除佣金5.0, 现有资金为 163.31
async_seq  79
✅========== [动量策略] 调仓结束 ==========

异步委托回调 投资备注: Buy 159985.SZ Tgt 15832
check_limit_up count  6
sleep 20s
******************当日(2026-09-02 14:12:20.015649) (周3) 持仓市值: 66827.60元*******************
✅宏达高科(002144.SZ) 占比 8.16% 涨幅:   0.53% (30.00) x 500 = 5720.0元 纺织制造
✅中天服务(002188.SZ) 占比 8.21% 涨幅:  24.11% (1119.00) x 1000 = 5760.0元 房地产服务
✅亚联发展(002316.SZ) 占比 7.77% 涨幅:  11.71% (571.00) x 1200 = 5448.0元 综合
✅华斯股份(002494.SZ) 占比 7.75% 涨幅:  14.50% (688.00) x 1100 = 5434.0元 服装家纺
✅海源复材(002529.SZ) 占比 8.27% 涨幅:  13.35% (683.00) x 800 = 5800.0元 专用设备
✅恒大高新(002591.SZ) 占比 8.57% 涨幅:  66.45% (2400.18) x 900 = 6012.0元 化学制品
✅登云股份(002715.SZ) 占比 8.20% 涨幅:   0.90% (51.00) x 400 = 5748.0元 汽车零部件
✅天元股份(003003.SZ) 占比 8.19% 涨幅:   1.50% (85.00) x 500 = 5740.0元 包装印刷
✅凤形股份(002760.SZ) 占比 7.94% 涨幅:   0.44% (24.50) x 300 = 5568.0元 通用设备
✅豆粕ETF华夏(159985.SZ) 占比 22.24% 涨幅:  -0.46% (-72.00) x 6700 = 15597.6元 None
✅持仓: 黄金ETF华安(518880.SH) 0股
✅持仓: 国统股份(002205.SZ) 0股
✅*******************总资产 70119.30 剩余可用金额 3291.70元*******************
  [动量策略] 预留现金: 163.31 | 持仓市值: 15,597.60 | 总资产: 15,760.91
    持仓: 豆粕ETF华夏
  [小市值策略] 预留现金: 3,127.41 | 持仓市值: 51,230.00 | 总资产: 54,357.41
    持仓: 宏达高科, 中天服务, 亚联发展, 华斯股份, 海源复材, 恒大高新, 登云股份, 天元股份, 凤形股份

check_remain_amount count  7
******************当日(2026-09-02 15:02:00.028688) (周3) 持仓市值: 66860.80元*******************
✅宏达高科(002144.SZ) 占比 8.15% 涨幅:   0.44% (25.00) x 500 = 5715.0元 纺织制造
✅中天服务(002188.SZ) 占比 8.20% 涨幅:  23.90% (1109.00) x 1000 = 5750.0元 房地产服务
✅亚联发展(002316.SZ) 占比 7.75% 涨幅:  11.46% (559.00) x 1200 = 5436.0元 综合
✅华斯股份(002494.SZ) 占比 7.75% 涨幅:  14.50% (688.00) x 1100 = 5434.0元 服装家纺
✅海源复材(002529.SZ) 占比 8.27% 涨幅:  13.35% (683.00) x 800 = 5800.0元 专用设备
✅恒大高新(002591.SZ) 占比 8.53% 涨幅:  65.71% (2373.18) x 900 = 5985.0元 化学制品
✅登云股份(002715.SZ) 占比 8.18% 涨幅:   0.75% (43.00) x 400 = 5740.0元 汽车零部件
✅天元股份(003003.SZ) 占比 8.16% 涨幅:   1.24% (70.00) x 500 = 5725.0元 包装印刷
✅凤形股份(002760.SZ) 占比 7.94% 涨幅:   0.50% (27.50) x 300 = 5571.0元 通用设备
✅豆粕ETF华夏(159985.SZ) 占比 22.39% 涨幅:   0.22% (35.20) x 6700 = 15704.8元 None
✅持仓: 黄金ETF华安(518880.SH) 0股
✅持仓: 国统股份(002205.SZ) 0股
✅*******************总资产 70152.50 剩余可用金额 3291.70元*******************
  [动量策略] 预留现金: 163.31 | 持仓市值: 15,704.80 | 总资产: 15,868.11
    持仓: 豆粕ETF华夏
  [小市值策略] 预留现金: 3,127.41 | 持仓市值: 51,156.00 | 总资产: 54,283.41
    持仓: 宏达高科, 中天服务, 亚联发展, 华斯股份, 海源复材, 恒大高新, 登云股份, 天元股份, 凤形股份

  策略资金总和为3290.72，账面资金为3291.70

资金差额为0.98
  [动量策略] 上一交易日现金记录770.81
  [小市值策略] 上一交易日现金记录3,233.13
资金差额较小，可能是手续费或者分红导致。现决定2个策略各分走一半差额资金
  [动量策略] 预留现金: 163.80, 现金记录更新163.80
  [小市值策略] 预留现金: 3,127.90, 现金记录更新3,127.90
==============================
今日股票收益: -690.04 元
收益率:       -0.97 %
==============================


sleep a day
今天是交易日吗 True
judge_date count  1
中小综指成分股数量：958
['002001.SZ', '002003.SZ', '002004.SZ', '002005.SZ', '002006.SZ', '002007.SZ', '002008.SZ', '002009.SZ', '002010.SZ', '002011.SZ']
涨停 002059.SZ 云南旅游
涨停 002909.SZ 集泰股份
过滤ST/*ST股票后，剩余 903 只
prepare_stock_list count  2
✅========== [小市值策略] 周度调仓(卖出) 2026-09-03 09:55:00.011721 ==========
******************当日(2026-09-03 09:55:00.012734) (周4) 持仓市值: 66597.10元*******************
✅宏达高科(002144.SZ) 占比 8.14% 涨幅:  -0.09% (-5.00) x 500 = 5685.0元 纺织制造
✅中天服务(002188.SZ) 占比 8.19% 涨幅:  23.25% (1079.00) x 1000 = 5720.0元 房地产服务
✅亚联发展(002316.SZ) 占比 7.78% 涨幅:  11.46% (559.00) x 1200 = 5436.0元 综合
✅华斯股份(002494.SZ) 占比 7.67% 涨幅:  12.87% (611.00) x 1100 = 5357.0元 服装家纺
✅海源复材(002529.SZ) 占比 8.23% 涨幅:  12.41% (635.00) x 800 = 5752.0元 专用设备
✅恒大高新(002591.SZ) 占比 8.50% 涨幅:  64.46% (2328.18) x 900 = 5940.0元 化学制品
✅登云股份(002715.SZ) 占比 8.15% 涨幅:  -0.09% (-5.00) x 400 = 5692.0元 汽车零部件
✅凤形股份(002760.SZ) 占比 7.86% 涨幅:  -0.90% (-50.00) x 300 = 5493.0元 通用设备
✅天元股份(003003.SZ) 占比 8.14% 涨幅:   0.62% (35.00) x 500 = 5690.0元 包装印刷
✅豆粕ETF华夏(159985.SZ) 占比 22.66% 涨幅:   1.04% (162.50) x 6700 = 15832.1元 None
✅*******************总资产 69866.80 剩余可用金额 3292.70元*******************
  [动量策略] 预留现金: 163.80 | 持仓市值: 15,832.10 | 总资产: 15,995.90
    持仓: 豆粕ETF华夏
  [小市值策略] 预留现金: 3,127.90 | 持仓市值: 50,765.00 | 总资产: 53,892.90
    持仓: 宏达高科, 中天服务, 亚联发展, 华斯股份, 海源复材, 恒大高新, 登云股份, 凤形股份, 天元股份

get_small_cap_stocks   2026-09-03 09:55:00.011721    head 9
    第 1名: 亚联发展(002316.SZ), 流通市值: 17.81 亿元 综合   <== 选中
    第 2名: 华斯股份(002494.SZ), 流通市值: 18.38 亿元 服装家纺   <== 选中
    第 3名: 海源复材(002529.SZ), 流通市值: 18.69 亿元 专用设备   <== 选中
    第 4名: 中天服务(002188.SZ), 流通市值: 18.71 亿元 房地产服务   <== 选中
    第 5名: 登云股份(002715.SZ), 流通市值: 19.64 亿元 汽车零部件   <== 选中
    第 6名: 凤形股份(002760.SZ), 流通市值: 19.77 亿元 通用设备   <== 选中
    第 7名: 恒大高新(002591.SZ), 流通市值: 19.81 亿元 化学制品   <== 选中
    第 8名: 桂发祥(002820.SZ), 流通市值: 20.01 亿元 休闲食品   <== 选中
    第 9名: 宏达高科(002144.SZ), 流通市值: 20.1 亿元 纺织制造   <== 选中
    第10名: 天元股份(003003.SZ), 流通市值: 20.11 亿元 包装印刷 
    第11名: 庄园牧场(002910.SZ), 流通市值: 20.16 亿元 饮料乳品 
    第12名: 黄山胶囊(002817.SZ), 流通市值: 20.37 亿元 化学制药 
    第13名: 国统股份(002205.SZ), 流通市值: 20.39 亿元 水泥 
    第14名: 蓝丰生化(002513.SZ), 流通市值: 20.58 亿元 农化制品 
    第15名: 林州重机(002535.SZ), 流通市值: 20.6 亿元 专用设备 
    第16名: 仁智股份(002629.SZ), 流通市值: 20.67 亿元 油服工程 
    第17名: 开普检测(003008.SZ), 流通市值: 20.74 亿元 专业服务 
    第18名: 新天药业(002873.SZ), 流通市值: 20.87 亿元 中药 
    第19名: 光正眼科(002524.SZ), 流通市值: 21.03 亿元 医疗服务 
    第20名: 海象新材(003011.SZ), 流通市值: 21.04 亿元 家居用品 
✅当前持股 9只
宏达高科
中天服务
亚联发展
华斯股份
海源复材
恒大高新
登云股份
凤形股份
天元股份
✅需要买入股票 1只
✅需要卖出股票 1只
✅待买入  桂发祥
✅待卖出: 天元股份
✅今日(2026-09-03 09:55:00.011721)为卖出时间，执行卖出操作
✅------------------------------------------
✅>>>>>>>>>>>>
✅卖出: 天元股份
async_seq  92
卖出 003003.SZ 手续费 5，印花税 2.845
成功清仓 003003.SZ 后，策略1 增加资金5682.15, 现有资金为 8810.06
rebalance_sell count  3
异步委托回调 投资备注: 清仓003003.SZ 
大盘涨幅 -0.39%
stop_loss count  4
✅========== [小市值策略] 周度调仓(买入) 2026-09-03 10:30:00.023395 ==========
✅今日(2026-09-03 10:30:00.023395)为买入时间，执行买入操作
✅+++++++++++++++++++++++++++++++++++++++++
✅需买入 1只
桂发祥
selected_stocks
['002316.SZ', '002494.SZ', '002529.SZ', '002188.SZ', '002715.SZ', '002760.SZ', '002591.SZ', '002820.SZ', '002144.SZ']
  期望持仓: 亚联发展(002316.SZ), 11.11%
  期望持仓: 华斯股份(002494.SZ), 11.11%
  期望持仓: 海源复材(002529.SZ), 11.11%
  期望持仓: 中天服务(002188.SZ), 11.11%
  期望持仓: 登云股份(002715.SZ), 11.11%
  期望持仓: 凤形股份(002760.SZ), 11.11%
  期望持仓: 恒大高新(002591.SZ), 11.11%
  期望持仓: 桂发祥(002820.SZ), 11.11%
  期望持仓: 宏达高科(002144.SZ), 11.11%
预计买入桂发祥(002820.SZ)  600 股 * 9.92,总计 5952.00
预计持仓 50712.0 剩余金额 2858.06
 预估持仓: 宏达高科(002144.SZ), 占比 10.55% 单价 11.30
 预估持仓: 中天服务(002188.SZ), 占比 10.66% 单价 5.71
 预估持仓: 亚联发展(002316.SZ), 占比 10.01% 单价 4.47
 预估持仓: 华斯股份(002494.SZ), 占比 9.90% 单价 4.82
 预估持仓: 海源复材(002529.SZ), 占比 10.68% 单价 7.15
 预估持仓: 恒大高新(002591.SZ), 占比 10.97% 单价 6.53
 预估持仓: 登云股份(002715.SZ), 占比 10.56% 单价 14.14
 预估持仓: 凤形股份(002760.SZ), 占比 10.23% 单价 18.27
 预估持仓: 桂发祥(002820.SZ), 占比 11.11% 单价 9.92
 预估持仓: 天元股份(003003.SZ), 占比 0.00% 单价 11.37
调整桂发祥买入数量，期望买入5952.23,当前5952.00,相差0.23
单价9.92，新市值5952.00，差值0.23
单价9.92，新市值6944.00，差值-991.77
====调整每股额度====
当前可用资金  8810.055699999999 
持仓市值  44760.0 
总资产:  53570.0557 
每股额度  8810.055699999999

✅===可用资金 8810.055699999999===
委托买入: 桂发祥, 002820.SZ 
目标价值:5952.23
预计最终持股600股，每股9.92元，合计:5952.00
buy 002820.SZ passorder target value 5952.23 current 0.00 amount 600 @10.02
成功买入 002820.SZ 后，策略1 减少资金5958.00, 再扣除佣金5.0, 现有资金为 2847.06
async_seq  101
异步委托回调 投资备注: Buy 002820.SZ Tgt 5952.
sleep 30s
******************当日(2026-09-03 10:30:40.055358) (周4) 持仓市值: 66584.60元*******************
✅宏达高科(002144.SZ) 占比 8.14% 涨幅:  -0.44% (-25.00) x 500 = 5665.0元 纺织制造
✅中天服务(002188.SZ) 占比 8.19% 涨幅:  22.82% (1059.00) x 1000 = 5700.0元 房地产服务
✅亚联发展(002316.SZ) 占比 7.70% 涨幅:   9.99% (487.00) x 1200 = 5364.0元 综合
✅华斯股份(002494.SZ) 占比 7.61% 涨幅:  11.72% (556.00) x 1100 = 5302.0元 服装家纺
✅海源复材(002529.SZ) 占比 8.23% 涨幅:  11.94% (611.00) x 800 = 5728.0元 专用设备
✅恒大高新(002591.SZ) 占比 8.44% 涨幅:  62.72% (2265.18) x 900 = 5877.0元 化学制品
✅登云股份(002715.SZ) 占比 8.12% 涨幅:  -0.72% (-41.00) x 400 = 5656.0元 汽车零部件
✅凤形股份(002760.SZ) 占比 7.87% 涨幅:  -1.12% (-62.00) x 300 = 5481.0元 通用设备
✅豆粕ETF华夏(159985.SZ) 占比 22.78% 涨幅:   1.25% (196.00) x 6700 = 15865.6元 None
✅桂发祥(002820.SZ) 占比 8.54% 涨幅:  -0.10% (-6.00) x 600 = 5946.0元 休闲食品
✅持仓: 天元股份(003003.SZ) 0股
✅*******************总资产 69636.25 剩余可用金额 8974.35元*******************
  [动量策略] 预留现金: 163.80 | 持仓市值: 15,865.60 | 总资产: 16,029.40
    持仓: 豆粕ETF华夏
  [小市值策略] 预留现金: 2,847.06 | 持仓市值: 50,719.00 | 总资产: 53,566.06
    持仓: 宏达高科, 中天服务, 亚联发展, 华斯股份, 海源复材, 恒大高新, 登云股份, 凤形股份, 桂发祥

rebalance_buy count  5

✅========== [动量策略] 每日调仓 2026-09-03 ==========

========== [短期动量] 开始 (窗口=25天) ==========
[2.041 2.112 2.127 2.192 2.267 2.244 2.266 2.261 2.215 2.226 2.226 2.264
 2.274 2.239 2.2   2.212 2.195 2.166 2.195 2.203 2.229 2.235 2.223 2.233
 2.195 2.202]
  纳指ETF国泰(513100.SH): 年化=7.6967% R²=0.0309 近3日最大跌幅 1.70% 得分=0.0024
[2.075 2.167 2.206 2.224 2.31  2.28  2.284 2.334 2.313 2.332 2.343 2.372
 2.397 2.338 2.258 2.283 2.268 2.249 2.273 2.28  2.285 2.28  2.274 2.27
 2.209 2.226]
  日经ETF华夏(513520.SH): 年化=-9.4391% R²=-0.0202 近3日最大跌幅 2.69% 得分=-0.0019 -> [淘汰]
[1.788 1.82  1.837 1.859 1.899 1.875 1.895 1.923 1.885 1.92  1.951 1.94
 1.991 1.965 1.9   1.916 1.886 1.886 1.911 1.911 1.918 1.92  1.915 1.894
 1.861 1.86 ]
  德国ETF华安(513030.SH): 年化=4.3183% R²=0.0200 近3日最大跌幅 1.74% 得分=0.0009
[8.36  8.433 8.417 8.408 8.64  8.795 8.892 9.005 9.009 9.103 9.042 8.946
 9.068 9.078 8.974 9.234 9.388 9.564 9.533 9.517 9.446 9.475 9.135 9.118
 8.902 9.096]
  黄金ETF华安(518880.SH): 年化=110.6788% R²=0.4796 近3日最大跌幅 2.37% 得分=0.5308
[2.101 2.121 2.123 2.138 2.147 2.139 2.164 2.156 2.153 2.164 2.141 2.143
 2.171 2.15  2.124 2.13  2.148 2.154 2.151 2.159 2.15  2.163 2.166 2.176
 2.15  2.166]
  有色ETF大成(159980.SZ): 年化=15.5051% R²=0.3404 近3日最大跌幅 1.19% 得分=0.0528
[2.088 2.087 2.094 2.105 2.097 2.119 2.125 2.133 2.124 2.116 2.126 2.139
 2.149 2.205 2.214 2.212 2.163 2.184 2.189 2.233 2.278 2.261 2.306 2.367
 2.344 2.383]
  豆粕ETF华夏(159985.SZ): 年化=288.5048% R²=0.8628 近3日最大跌幅 0.97% 得分=2.4893
[2.041 1.991 1.9   1.958 1.926 1.979 1.944 1.764 1.804 1.786 1.782 1.785
 1.784 1.836 1.881 1.85  1.858 1.834 1.824 1.757 1.764 1.775 1.838 1.836
 1.914 1.901]
  南方原油LOF(501018.SH): 年化=-30.1450% R²=0.1395 近3日最大跌幅 0.68% 得分=-0.0421 -> [淘汰]
[117.825 118.226 118.311 118.475 118.428 118.31  118.735 119.18  119.011
 118.928 119.217 119.299 119.111 119.503 119.223 118.814 118.825 119.184
 119.234 119.015 118.338 118.331 118.444 118.844 118.693 118.849]
  30年国债ETF鹏扬(511090.SH): 年化=0.5366% R²=0.0143 近3日最大跌幅 0.13% 得分=0.0001
[0.598 0.6   0.606 0.607 0.615 0.601 0.604 0.607 0.602 0.594 0.597 0.587
 0.597 0.591 0.582 0.587 0.59  0.572 0.571 0.577 0.575 0.572 0.574 0.568
 0.56  0.56 ]
  恒生科技ETF华泰柏瑞(513130.SH): 年化=-58.0380% R²=0.8687 近3日最大跌幅 1.41% 得分=-0.5042 -> [淘汰]
[0.948 1.008 0.985 1.05  1.07  1.066 1.077 1.05  1.049 1.063 1.066 1.08
 1.115 1.098 1.014 1.01  1.024 0.98  0.986 0.988 1.027 1.017 1.044 1.038
 1.02  1.016]
  人工智能ETF华富(515980.SH): 年化=-27.6200% R²=0.0344 近3日最大跌幅 1.73% 得分=-0.0095 -> [淘汰]
  >>> 短期动量最终选出: 豆粕ETF华夏(159985.SZ)

========== [长期动量] 开始 (窗口=250天) ==========
[1.676 1.698 1.69  1.704 1.693 1.692 1.673 1.676 1.676 1.682 1.701 1.696
 1.701 1.711 1.708 1.714 1.727 1.736 1.729 1.744 1.751 1.771 1.8   1.785
 1.779 1.78  1.8   1.813 1.851 1.86  1.829 1.81  1.825 1.838 1.807 1.859
 1.873 1.883 1.883 1.902 1.956 1.961 2.    1.985 1.982 1.976 1.94  1.912
 1.949 1.924 1.951 1.959 1.974 1.975 1.923 1.909 1.844 1.836 1.907 1.848
 1.856 1.897 1.927 1.925 1.943 1.936 1.94  1.965 1.965 1.963 1.952 1.928
 1.944 1.918 1.921 1.902 1.873 1.899 1.878 1.916 1.945 1.935 1.933 1.93
 1.929 1.916 1.914 1.904 1.93  1.925 1.919 1.899 1.903 1.893 1.915 1.909
 1.901 1.904 1.887 1.876 1.875 1.901 1.891 1.882 1.894 1.905 1.891 1.881
 1.833 1.872 1.853 1.84  1.813 1.847 1.844 1.841 1.836 1.83  1.823 1.825
 1.832 1.819 1.802 1.786 1.762 1.8   1.801 1.756 1.788 1.792 1.784 1.767
 1.774 1.768 1.789 1.764 1.749 1.68  1.717 1.734 1.716 1.708 1.683 1.674
 1.752 1.721 1.731 1.732 1.833 1.805 1.809 1.798 1.825 1.864 1.907 1.892
 1.89  1.892 1.896 1.905 1.907 1.945 1.963 1.962 1.959 2.01  2.054 2.065
 2.108 2.081 2.093 2.105 2.1   2.066 2.047 2.058 2.103 2.146 2.231 2.185
 2.223 2.214 2.273 2.365 2.343 2.299 2.24  2.205 2.114 2.2   2.143 2.13
 2.162 2.258 2.28  2.279 2.266 2.25  2.174 2.187 2.208 2.158 2.178 2.204
 2.209 2.158 2.167 2.171 2.169 2.141 2.166 2.174 2.168 2.17  2.188 2.167
 2.107 2.096 2.13  2.13  2.131 2.104 2.118 2.068 2.074 2.041 2.112 2.127
 2.192 2.267 2.244 2.266 2.261 2.215 2.226 2.226 2.264 2.274 2.239 2.2
 2.212 2.195 2.166 2.195 2.203 2.229 2.235 2.223 2.233 2.195 2.202]
  纳指ETF国泰(513100.SH): 年化=29.7272% R²=0.5892 近3日最大跌幅 1.70% 得分=0.1751
[1.595 1.608 1.591 1.601 1.611 1.601 1.587 1.588 1.57  1.608 1.61  1.629
 1.625 1.636 1.652 1.668 1.666 1.673 1.675 1.7   1.666 1.69  1.703 1.695
 1.69  1.666 1.675 1.68  1.769 1.734 1.723 1.717 1.77  1.821 1.781 1.898
 1.899 1.931 1.886 1.89  1.934 1.935 1.982 1.951 1.971 1.993 1.93  1.912
 1.941 1.93  1.967 1.956 1.96  1.948 1.901 1.878 1.804 1.804 1.84  1.792
 1.812 1.805 1.855 1.856 1.858 1.828 1.815 1.841 1.893 1.881 1.869 1.848
 1.839 1.813 1.829 1.812 1.781 1.802 1.789 1.821 1.838 1.827 1.823 1.821
 1.823 1.804 1.8   1.794 1.832 1.854 1.84  1.82  1.84  1.867 1.871 1.891
 1.883 1.895 1.881 1.856 1.857 1.887 1.876 1.87  1.887 1.913 1.9   1.885
 1.845 1.918 1.914 1.881 1.889 1.95  2.022 2.12  2.082 2.111 2.105 2.141
 2.123 2.128 2.117 1.998 1.915 1.973 1.983 1.932 1.961 1.975 1.95  1.919
 1.929 1.894 1.941 1.896 1.875 1.799 1.836 1.859 1.832 1.837 1.827 1.812
 1.888 1.83  1.827 1.832 1.963 1.927 1.946 1.947 1.99  1.986 2.045 2.024
 2.018 2.03  2.036 2.013 2.019 2.048 2.04  2.027 2.011 2.107 2.179 2.159
 2.147 2.134 2.15  2.124 2.085 2.056 2.049 2.034 2.072 2.132 2.209 2.199
 2.197 2.173 2.256 2.334 2.322 2.382 2.353 2.29  2.232 2.352 2.25  2.254
 2.292 2.449 2.456 2.459 2.528 2.606 2.447 2.468 2.593 2.522 2.487 2.517
 2.479 2.387 2.443 2.47  2.41  2.343 2.345 2.343 2.275 2.3   2.35  2.28
 2.163 2.157 2.232 2.207 2.22  2.16  2.19  2.098 2.096 2.075 2.167 2.206
 2.224 2.31  2.28  2.284 2.334 2.313 2.332 2.343 2.372 2.397 2.338 2.258
 2.283 2.268 2.249 2.273 2.28  2.285 2.28  2.274 2.27  2.209 2.226]
  日经ETF华夏(513520.SH): 年化=42.9685% R²=0.7593 近3日最大跌幅 2.69% 得分=0.3263
[1.87  1.884 1.866 1.869 1.866 1.854 1.863 1.866 1.833 1.843 1.855 1.85
 1.853 1.852 1.842 1.846 1.846 1.851 1.836 1.831 1.848 1.832 1.839 1.835
 1.832 1.821 1.838 1.836 1.886 1.877 1.865 1.851 1.868 1.863 1.846 1.863
 1.885 1.902 1.884 1.893 1.905 1.896 1.892 1.879 1.867 1.866 1.858 1.849
 1.866 1.84  1.858 1.863 1.883 1.898 1.868 1.857 1.821 1.819 1.84  1.803
 1.823 1.826 1.857 1.845 1.846 1.842 1.831 1.841 1.848 1.851 1.849 1.842
 1.85  1.844 1.872 1.865 1.853 1.852 1.835 1.854 1.873 1.873 1.88  1.875
 1.876 1.87  1.863 1.872 1.89  1.905 1.905 1.915 1.924 1.947 1.986 1.968
 1.952 1.942 1.898 1.883 1.887 1.904 1.908 1.899 1.924 1.934 1.92  1.885
 1.855 1.896 1.894 1.875 1.862 1.899 1.919 1.918 1.943 1.959 1.98  1.97
 1.995 2.036 1.958 1.903 1.826 1.865 1.859 1.787 1.824 1.824 1.806 1.797
 1.794 1.764 1.795 1.742 1.724 1.627 1.689 1.724 1.701 1.697 1.669 1.667
 1.729 1.692 1.703 1.709 1.792 1.772 1.783 1.762 1.781 1.79  1.812 1.801
 1.817 1.828 1.836 1.797 1.794 1.795 1.796 1.795 1.789 1.842 1.87  1.837
 1.821 1.803 1.806 1.795 1.776 1.728 1.767 1.768 1.782 1.798 1.828 1.842
 1.83  1.815 1.828 1.833 1.823 1.811 1.79  1.795 1.747 1.765 1.751 1.733
 1.755 1.808 1.787 1.788 1.784 1.782 1.756 1.756 1.748 1.753 1.747 1.749
 1.762 1.759 1.828 1.832 1.854 1.802 1.787 1.796 1.78  1.766 1.773 1.774
 1.749 1.75  1.763 1.762 1.771 1.743 1.79  1.784 1.789 1.788 1.82  1.837
 1.859 1.899 1.875 1.895 1.923 1.885 1.92  1.951 1.94  1.991 1.965 1.9
 1.916 1.886 1.886 1.911 1.911 1.918 1.92  1.915 1.894 1.861 1.86 ]
  德国ETF华安(513030.SH): 年化=-2.1091% R²=0.0420 近3日最大跌幅 1.74% 得分=-0.0009 -> [淘汰]
[ 7.378  7.427  7.449  7.45   7.468  7.486  7.647  7.67   7.768  7.75
  7.775  7.847  7.966  7.947  7.923  7.954  7.931  8.032  7.964  7.862
  7.898  8.048  8.143  8.19   8.146  8.16   8.259  8.339  8.729  8.602
  8.859  8.976  9.187  9.244  9.568  9.268  9.49   9.101  8.994  8.95
  8.914  8.597  8.692  8.704  8.794  8.797  8.737  8.706  8.755  8.793
  8.936  9.062  9.029  9.175  9.096  8.882  8.777  8.954  8.903  8.828
  8.857  9.01   9.011  9.01   9.067  9.161  9.112  9.096  9.064  9.136
  9.11   9.046  9.095  9.11   9.227  9.351  9.24   9.31   9.318  9.313
  9.511  9.639  9.642  9.566  9.65   9.563  9.363  9.301  9.495  9.577
  9.518  9.511  9.592  9.777  9.793  9.922  9.867  9.857 10.006 10.082
 10.377 10.341 10.617 10.924 10.934 11.28  11.904 11.009  9.908 10.422
 10.867 10.523 10.357 10.719 10.669 10.758 10.72  10.575 10.95  10.959
 10.913 10.933 11.417 11.259 10.98  10.964 10.873 10.868 10.956 10.974
 10.938 10.802 10.664 10.637 10.606 10.126  9.896  8.941  9.299  9.641
  9.45   9.494  9.656  9.699 10.024  9.738  9.828  9.837 10.113  9.908
  9.972  9.924 10.011 10.064 10.097 10.029 10.036 10.01  10.004  9.9
  9.826  9.897  9.732  9.637  9.678  9.791  9.909  9.88   9.774  9.806
  9.804  9.795  9.554  9.513  9.515  9.367  9.45   9.461  9.512  9.454
  9.345  9.132  9.397  9.344  9.41   9.281  9.29   9.252  8.953  9.005
  8.736  8.506  8.659  8.928  8.949  8.957  8.908  8.716  8.537  8.515
  8.287  8.39   8.449  8.378  8.271  8.475  8.672  8.631  8.597  8.589
  8.544  8.541  8.419  8.373  8.369  8.363  8.311  8.318  8.468  8.56
  8.56   8.385  8.502  8.4    8.392  8.36   8.433  8.417  8.408  8.64
  8.795  8.892  9.005  9.009  9.103  9.042  8.946  9.068  9.078  8.974
  9.234  9.388  9.564  9.533  9.517  9.446  9.475  9.135  9.118  8.902
  9.096]
  黄金ETF华安(518880.SH): 年化=-2.7028% R²=-0.0164 近3日最大跌幅 2.37% 得分=-0.0004 -> [淘汰]
[1.694 1.712 1.704 1.706 1.703 1.715 1.715 1.715 1.716 1.71  1.716 1.711
 1.71  1.714 1.719 1.74  1.737 1.735 1.731 1.713 1.715 1.72  1.713 1.714
 1.746 1.744 1.74  1.747 1.808 1.795 1.784 1.768 1.785 1.778 1.767 1.779
 1.781 1.783 1.796 1.818 1.831 1.804 1.833 1.818 1.807 1.819 1.799 1.793
 1.803 1.798 1.811 1.812 1.821 1.835 1.815 1.807 1.788 1.801 1.797 1.786
 1.796 1.804 1.805 1.812 1.822 1.849 1.851 1.858 1.88  1.912 1.919 1.877
 1.892 1.892 1.932 1.906 1.878 1.896 1.899 1.918 1.934 1.932 1.975 1.964
 1.994 1.996 1.993 1.996 2.055 2.13  2.126 2.073 2.086 2.143 2.119 2.176
 2.179 2.112 2.103 2.11  2.133 2.11  2.144 2.142 2.167 2.183 2.268 2.145
 1.989 2.116 2.134 2.055 2.039 2.088 2.083 2.107 2.108 2.052 2.099 2.141
 2.125 2.165 2.163 2.096 2.108 2.094 2.093 2.081 2.1   2.1   2.1   2.075
 2.062 2.058 2.038 1.958 1.956 1.915 1.955 1.984 1.976 1.999 2.013 2.007
 2.03  2.003 2.01  2.013 2.051 2.03  2.042 2.056 2.086 2.103 2.119 2.116
 2.11  2.101 2.116 2.111 2.108 2.124 2.104 2.101 2.085 2.147 2.139 2.152
 2.149 2.171 2.211 2.179 2.131 2.132 2.135 2.145 2.131 2.151 2.163 2.162
 2.15  2.134 2.149 2.149 2.195 2.181 2.145 2.141 2.107 2.12  2.103 2.091
 2.115 2.153 2.128 2.13  2.117 2.128 2.087 2.077 2.028 2.036 2.063 2.056
 2.03  2.032 2.059 2.062 2.063 2.069 2.072 2.08  2.066 2.093 2.082 2.091
 2.065 2.075 2.101 2.107 2.117 2.101 2.108 2.094 2.106 2.101 2.121 2.123
 2.138 2.147 2.139 2.164 2.156 2.153 2.164 2.141 2.143 2.171 2.15  2.124
 2.13  2.148 2.154 2.151 2.159 2.15  2.163 2.166 2.176 2.15  2.166]
  有色ETF大成(159980.SZ): 年化=21.7572% R²=0.6721 近3日最大跌幅 1.19% 得分=0.1462
[1.98  2.001 1.986 1.986 1.987 1.992 2.005 1.992 2.015 1.983 1.994 2.005
 2.015 2.003 2.005 2.009 1.988 1.988 1.983 1.98  1.991 1.985 1.942 1.952
 1.961 1.948 1.938 1.938 1.943 1.939 1.951 1.938 1.938 1.942 1.92  1.928
 1.935 1.935 1.96  1.955 1.97  1.969 1.962 1.951 1.958 1.964 1.952 1.984
 1.976 1.974 1.976 1.972 1.975 1.98  1.998 1.968 2.016 1.984 1.982 1.977
 2.006 2.011 2.002 2.026 2.024 1.973 1.969 1.969 1.964 1.956 1.951 1.942
 1.949 1.942 1.955 1.951 1.96  1.946 1.942 1.948 1.946 1.95  1.956 1.957
 1.974 1.976 1.964 1.949 1.956 1.961 1.984 1.972 1.984 1.974 1.976 1.969
 1.968 1.959 1.961 1.958 1.956 1.972 1.966 1.975 1.97  1.985 2.009 1.982
 1.974 1.971 1.975 1.98  1.982 1.985 1.975 1.987 1.989 2.    2.001 2.02
 2.017 2.017 2.034 2.051 2.102 2.061 2.126 2.232 2.179 2.244 2.232 2.321
 2.262 2.25  2.251 2.244 2.205 2.23  2.242 2.159 2.161 2.122 2.135 2.07
 2.041 2.079 2.058 2.055 2.041 2.075 2.082 2.128 2.111 2.097 2.111 2.094
 2.091 2.127 2.169 2.156 2.125 2.152 2.159 2.165 2.162 2.159 2.132 2.143
 2.164 2.155 2.161 2.144 2.089 2.092 2.122 2.103 2.086 2.084 2.056 2.06
 2.068 2.084 2.077 2.073 2.046 2.054 2.029 2.009 1.991 1.98  2.005 2.02
 2.017 2.017 2.015 2.028 2.004 1.989 1.994 2.    1.997 2.007 2.008 1.985
 1.997 2.066 2.065 2.125 2.151 2.18  2.157 2.144 2.206 2.203 2.231 2.148
 2.123 2.18  2.197 2.213 2.243 2.29  2.254 2.121 2.13  2.088 2.087 2.094
 2.105 2.097 2.119 2.125 2.133 2.124 2.116 2.126 2.139 2.149 2.205 2.214
 2.212 2.163 2.184 2.189 2.233 2.278 2.261 2.306 2.367 2.344 2.383]
  豆粕ETF华夏(159985.SZ): 年化=13.3347% R²=0.4930 近3日最大跌幅 0.97% 得分=0.0657
[1.193 1.202 1.204 1.204 1.208 1.194 1.197 1.202 1.203 1.216 1.221 1.19
 1.191 1.192 1.19  1.196 1.198 1.187 1.196 1.199 1.213 1.201 1.198 1.193
 1.186 1.202 1.217 1.224 1.228 1.204 1.221 1.21  1.204 1.194 1.191 1.19
 1.168 1.143 1.138 1.143 1.157 1.165 1.162 1.152 1.144 1.14  1.143 1.16
 1.152 1.151 1.142 1.147 1.15  1.139 1.156 1.132 1.136 1.135 1.134 1.148
 1.134 1.122 1.123 1.125 1.121 1.122 1.128 1.136 1.133 1.123 1.132 1.134
 1.143 1.121 1.123 1.118 1.118 1.116 1.101 1.097 1.097 1.095 1.099 1.103
 1.113 1.113 1.113 1.105 1.111 1.106 1.104 1.111 1.103 1.104 1.119 1.126
 1.148 1.19  1.181 1.156 1.153 1.159 1.165 1.178 1.179 1.277 1.283 1.411
 1.552 1.397 1.257 1.242 1.218 1.268 1.314 1.395 1.348 1.359 1.317 1.449
 1.444 1.43  1.439 1.583 1.741 1.7   1.633 1.579 1.737 1.652 1.666 1.731
 1.791 1.93  2.07  2.012 2.213 2.325 2.558 2.302 2.421 2.371 2.435 2.319
 2.087 2.273 2.393 2.584 2.326 2.392 2.24  2.366 2.266 2.216 2.227 2.187
 2.135 2.005 1.885 2.008 2.076 2.041 2.114 2.166 2.185 2.072 1.958 1.996
 2.02  2.018 1.988 1.993 2.047 2.145 2.078 2.065 2.05  2.03  1.944 1.951
 1.929 1.956 1.909 1.965 1.982 2.023 1.976 1.949 2.144 1.982 2.004 2.072
 2.028 1.885 1.862 1.791 1.783 1.786 1.685 1.61  1.484 1.512 1.532 1.527
 1.517 1.471 1.505 1.523 1.59  1.733 1.742 1.753 1.877 2.03  1.911 1.834
 1.86  2.046 2.018 2.114 2.158 2.112 1.901 1.841 1.902 2.041 1.991 1.9
 1.958 1.926 1.979 1.944 1.764 1.804 1.786 1.782 1.785 1.784 1.836 1.881
 1.85  1.858 1.834 1.824 1.757 1.764 1.775 1.838 1.836 1.914 1.901]
  南方原油LOF(501018.SH): 年化=93.7228% R²=0.5732 近3日最大跌幅 0.68% 得分=0.5372
[118.505 119.046 119.662 119.891 118.876 118.856 119.117 118.895 119.426
 119.936 118.706 118.388 118.252 117.254 116.961 117.345 117.725 117.559
 117.996 117.697 117.013 117.182 116.69  116.129 116.287 116.263 115.719
 115.885 116.266 115.599 116.236 116.577 116.302 116.776 117.706 117.323
 117.377 117.6   117.185 117.036 117.295 118.018 117.675 117.941 118.37
 118.457 118.607 118.649 118.145 118.17  118.171 118.295 118.397 118.124
 118.284 118.444 118.4   117.996 117.831 117.472 117.695 117.242 116.449
 116.543 116.642 116.641 115.981 115.682 114.156 114.296 113.855 114.638
 114.726 115.552 115.149 113.941 113.862 114.449 114.985 114.984 114.703
 115.514 115.402 115.224 115.341 114.355 114.429 113.898 113.811 113.418
 112.807 113.247 113.062 113.242 113.628 113.587 113.469 113.51  113.419
 113.76  114.707 114.689 114.864 115.158 114.793 114.924 114.972 114.654
 114.976 114.902 114.781 115.234 115.722 115.699 115.659 115.715 115.733
 115.749 115.844 115.444 114.992 114.972 115.511 115.571 115.646 115.552
 115.648 114.323 114.362 114.041 114.046 113.949 113.212 113.462 113.744
 113.81  113.362 113.444 114.141 114.103 114.362 114.078 114.359 114.375
 114.149 114.055 113.976 114.355 114.711 114.794 114.902 115.504 115.756
 115.731 115.359 115.996 116.052 116.325 116.937 116.599 115.998 115.359
 115.868 116.024 115.811 115.088 115.153 115.162 115.423 115.757 115.792
 115.555 115.472 115.623 116.082 115.999 115.905 116.066 116.343 116.407
 116.588 116.614 116.809 117.087 117.234 116.978 117.039 116.867 116.588
 116.315 116.043 115.685 116.109 116.375 116.68  116.825 116.827 116.893
 116.551 116.532 116.828 116.876 117.2   116.817 116.275 116.54  116.258
 116.456 116.397 116.706 116.746 116.721 116.539 116.344 116.48  116.292
 116.487 116.445 116.499 117.046 117.301 117.38  117.906 117.697 117.547
 117.825 118.226 118.311 118.475 118.428 118.31  118.735 119.18  119.011
 118.928 119.217 119.299 119.111 119.503 119.223 118.814 118.825 119.184
 119.234 119.015 118.338 118.331 118.444 118.844 118.693 118.849]
  30年国债ETF鹏扬(511090.SH): 年化=1.7979% R²=0.0212 近3日最大跌幅 0.13% 得分=0.0004
[0.749 0.779 0.773 0.762 0.755 0.76  0.77  0.763 0.754 0.742 0.758 0.767
 0.771 0.784 0.788 0.795 0.801 0.811 0.843 0.829 0.832 0.833 0.818 0.838
 0.848 0.835 0.841 0.858 0.86  0.833 0.812 0.79  0.807 0.796 0.77  0.788
 0.805 0.789 0.795 0.803 0.819 0.809 0.817 0.797 0.787 0.789 0.777 0.769
 0.785 0.775 0.784 0.783 0.788 0.795 0.772 0.761 0.746 0.742 0.733 0.719
 0.732 0.737 0.743 0.737 0.739 0.743 0.739 0.728 0.737 0.746 0.747 0.733
 0.733 0.727 0.74  0.724 0.708 0.715 0.706 0.719 0.722 0.718 0.718 0.719
 0.724 0.719 0.727 0.718 0.745 0.759 0.745 0.738 0.74  0.756 0.757 0.764
 0.754 0.751 0.744 0.735 0.74  0.742 0.747 0.738 0.743 0.757 0.749 0.737
 0.707 0.706 0.696 0.692 0.686 0.698 0.698 0.703 0.692 0.688 0.672 0.67
 0.652 0.654 0.635 0.622 0.612 0.612 0.63  0.626 0.639 0.64  0.637 0.633
 0.652 0.648 0.649 0.636 0.618 0.596 0.609 0.62  0.608 0.61  0.598 0.591
 0.605 0.59  0.588 0.591 0.62  0.61  0.612 0.607 0.61  0.618 0.638 0.632
 0.638 0.634 0.625 0.614 0.617 0.621 0.61  0.616 0.615 0.624 0.642 0.642
 0.641 0.635 0.636 0.637 0.619 0.608 0.61  0.611 0.598 0.608 0.606 0.62
 0.61  0.608 0.611 0.618 0.64  0.629 0.619 0.61  0.592 0.599 0.59  0.58
 0.586 0.592 0.581 0.581 0.572 0.572 0.55  0.561 0.55  0.534 0.552 0.558
 0.558 0.557 0.563 0.566 0.565 0.591 0.592 0.597 0.584 0.587 0.594 0.604
 0.577 0.593 0.601 0.583 0.585 0.575 0.587 0.587 0.605 0.598 0.6   0.606
 0.607 0.615 0.601 0.604 0.607 0.602 0.594 0.597 0.587 0.597 0.591 0.582
 0.587 0.59  0.572 0.571 0.577 0.575 0.572 0.574 0.568 0.56  0.56 ]
  恒生科技ETF华泰柏瑞(513130.SH): 年化=-32.1040% R²=0.8589 近3日最大跌幅 1.41% 得分=-0.2757 -> [淘汰]
[0.7425 0.7815 0.7735 0.795  0.8575 0.8485 0.873  0.8365 0.835  0.759
 0.804  0.784  0.772  0.794  0.855  0.85   0.8465 0.8625 0.8605 0.866
 0.857  0.8875 0.8885 0.902  0.9265 0.8925 0.904  0.91   0.919  0.874
 0.865  0.82   0.837  0.837  0.811  0.825  0.86   0.862  0.853  0.9
 0.919  0.915  0.92   0.897  0.861  0.86   0.848  0.841  0.874  0.857
 0.843  0.825  0.826  0.832  0.807  0.812  0.817  0.816  0.816  0.781
 0.781  0.796  0.823  0.823  0.826  0.846  0.838  0.83   0.84   0.839
 0.863  0.872  0.866  0.848  0.854  0.842  0.824  0.849  0.835  0.836
 0.852  0.852  0.857  0.858  0.856  0.862  0.873  0.867  0.9    0.906
 0.909  0.911  0.941  1.005  0.97   1.     0.992  0.988  0.966  0.944
 0.955  0.98   0.977  0.976  0.99   0.984  0.977  0.982  0.954  0.964
 0.924  0.902  0.889  0.924  0.934  0.921  0.939  0.935  0.923  0.921
 0.943  0.95   0.935  0.897  0.882  0.901  0.908  0.913  0.929  0.914
 0.899  0.88   0.89   0.865  0.897  0.886  0.878  0.842  0.856  0.877
 0.854  0.852  0.847  0.83   0.862  0.83   0.838  0.846  0.914  0.904
 0.926  0.931  0.95   0.944  0.975  0.994  1.003  0.991  1.021  1.012
 0.994  1.     0.976  0.986  1.018  1.059  1.088  1.076  1.105  1.117
 1.159  1.133  1.112  1.123  1.14   1.143  1.103  1.13   1.174  1.174
 1.147  1.172  1.131  1.11   1.143  1.178  1.167  1.127  1.09   1.129
 1.106  1.072  1.071  1.134  1.132  1.163  1.23   1.247  1.203  1.235
 1.279  1.22   1.233  1.306  1.285  1.182  1.191  1.179  1.168  1.185
 1.255  1.222  1.18   1.206  1.17   1.136  1.034  1.063  1.153  1.142
 1.114  1.089  1.11   1.023  1.02   0.948  1.008  0.985  1.05   1.07
 1.066  1.077  1.05   1.049  1.063  1.066  1.08   1.115  1.098  1.014
 1.01   1.024  0.98   0.986  0.988  1.027  1.017  1.044  1.038  1.02
 1.016 ]
  人工智能ETF华富(515980.SH): 年化=42.5641% R²=0.6135 近3日最大跌幅 1.73% 得分=0.2611
  >>> 长期动量最终选出: 南方原油LOF(501018.SH)

========== 选股汇总 ==========
  短期动量选出: 豆粕ETF华夏(159985.SZ)
  长期动量选出: 南方原油LOF(501018.SH)
-----------
  只买短期
-----------
  总资产: 69,395.95, 动量总资产: 16,129.90
  [调出] 德国ETF华安(513030.SH) → 清仓
async_seq  None
sell_target_value failed 513030.SH 德国ETF华安
sleep 30s
  动量总资产更新: 16,143.30
  [与目标差异太小，不减仓] 豆粕ETF华夏(159985.SZ): 15,966.10 → 16,143.30
  [与目标差异太小，不加仓] 豆粕ETF华夏(159985.SZ): 15,966.10 → 16,143.30 策略资金163.80
✅========== [动量策略] 调仓结束 ==========

check_limit_up count  6
sleep 20s
******************当日(2026-09-03 14:12:20.003117) (周4) 持仓市值: 66332.90元*******************
✅宏达高科(002144.SZ) 占比 8.12% 涨幅:  -1.05% (-60.00) x 500 = 5630.0元 纺织制造
✅中天服务(002188.SZ) 占比 8.15% 涨幅:  21.74% (1009.00) x 1000 = 5650.0元 房地产服务
✅亚联发展(002316.SZ) 占比 7.63% 涨幅:   8.51% (415.00) x 1200 = 5292.0元 综合
✅华斯股份(002494.SZ) 占比 7.61% 涨幅:  11.25% (534.00) x 1100 = 5280.0元 服装家纺
✅海源复材(002529.SZ) 占比 8.22% 涨幅:  11.47% (587.00) x 800 = 5704.0元 专用设备
✅恒大高新(002591.SZ) 占比 8.49% 涨幅:  62.96% (2274.18) x 900 = 5886.0元 化学制品
✅登云股份(002715.SZ) 占比 8.12% 涨幅:  -1.14% (-65.00) x 400 = 5632.0元 汽车零部件
✅凤形股份(002760.SZ) 占比 7.87% 涨幅:  -1.50% (-83.00) x 300 = 5460.0元 通用设备
✅豆粕ETF华夏(159985.SZ) 占比 22.87% 涨幅:   1.21% (189.30) x 6700 = 15858.9元 None
✅桂发祥(002820.SZ) 占比 8.57% 涨幅:  -0.29% (-17.50) x 600 = 5940.0元 休闲食品
✅持仓: 天元股份(003003.SZ) 0股
✅*******************总资产 69349.75 剩余可用金额 3016.85元*******************
  [动量策略] 预留现金: 163.80 | 持仓市值: 15,858.90 | 总资产: 16,022.70
    持仓: 豆粕ETF华夏
  [小市值策略] 预留现金: 2,847.06 | 持仓市值: 50,474.00 | 总资产: 53,321.06
    持仓: 宏达高科, 中天服务, 亚联发展, 华斯股份, 海源复材, 恒大高新, 登云股份, 凤形股份, 桂发祥

check_remain_amount count  7
******************当日(2026-09-03 15:02:00.027803) (周4) 持仓市值: 66157.90元*******************
✅宏达高科(002144.SZ) 占比 8.10% 涨幅:  -1.49% (-85.00) x 500 = 5605.0元 纺织制造
✅中天服务(002188.SZ) 占比 8.11% 涨幅:  20.88% (969.00) x 1000 = 5610.0元 房地产服务
✅亚联发展(002316.SZ) 占比 7.62% 涨幅:   8.02% (391.00) x 1200 = 5268.0元 综合
✅华斯股份(002494.SZ) 占比 7.57% 涨幅:  10.32% (490.00) x 1100 = 5236.0元 服装家纺
✅海源复材(002529.SZ) 占比 8.18% 涨幅:  10.53% (539.00) x 800 = 5656.0元 专用设备
✅恒大高新(002591.SZ) 占比 8.46% 涨幅:  61.97% (2238.18) x 900 = 5850.0元 化学制品
✅登云股份(002715.SZ) 占比 8.10% 涨幅:  -1.70% (-97.00) x 400 = 5600.0元 汽车零部件
✅凤形股份(002760.SZ) 占比 7.85% 涨幅:  -2.04% (-113.00) x 300 = 5430.0元 通用设备
✅豆粕ETF华夏(159985.SZ) 占比 23.12% 涨幅:   2.06% (323.30) x 6700 = 15992.9元 None
✅桂发祥(002820.SZ) 占比 8.54% 涨幅:  -0.80% (-47.50) x 600 = 5910.0元 休闲食品
✅持仓: 天元股份(003003.SZ) 0股
✅*******************总资产 69174.75 剩余可用金额 3016.85元*******************
  [动量策略] 预留现金: 163.80 | 持仓市值: 15,992.90 | 总资产: 16,156.70
    持仓: 豆粕ETF华夏
  [小市值策略] 预留现金: 2,847.06 | 持仓市值: 50,165.00 | 总资产: 53,012.06
    持仓: 宏达高科, 中天服务, 亚联发展, 华斯股份, 海源复材, 恒大高新, 登云股份, 凤形股份, 桂发祥

  策略资金总和为3010.85，账面资金为3016.85

资金差额为6.00
  [动量策略] 上一交易日现金记录163.80
  [小市值策略] 上一交易日现金记录3,127.90
动量策略资金与上一交易日持平，更新小市值策略资金
  [动量策略] 预留现金: 163.80, 现金记录更新163.80
  [小市值策略] 预留现金: 2,853.05, 现金记录更新2,853.05
==============================
今日股票收益: -977.75 元
收益率:       -1.39 %
==============================


sleep a day
今天是交易日吗 True
judge_date count  1
中小综指成分股数量：958
['002001.SZ', '002003.SZ', '002004.SZ', '002005.SZ', '002006.SZ', '002007.SZ', '002008.SZ', '002009.SZ', '002010.SZ', '002011.SZ']
涨停 002472.SZ 双环传动
涨停 002980.SZ 华盛昌
跌停 003005.SZ 竞业达
涨停 003040.SZ 楚天龙
过滤ST/*ST股票后，剩余 901 只
prepare_stock_list count  2
✅========== [小市值策略] 周度调仓(卖出) 2026-09-04 09:55:00.035764 ==========
******************当日(2026-09-04 09:55:00.035764) (周5) 持仓市值: 67152.20元*******************
✅宏达高科(002144.SZ) 占比 8.06% 涨幅:  -0.62% (-35.00) x 500 = 5655.0元 纺织制造
✅中天服务(002188.SZ) 占比 8.14% 涨幅:  23.03% (1069.00) x 1000 = 5710.0元 房地产服务
✅亚联发展(002316.SZ) 占比 7.66% 涨幅:  10.23% (499.00) x 1200 = 5376.0元 综合
✅华斯股份(002494.SZ) 占比 7.57% 涨幅:  11.95% (567.00) x 1100 = 5313.0元 服装家纺
✅海源复材(002529.SZ) 占比 8.21% 涨幅:  12.57% (643.00) x 800 = 5760.0元 专用设备
✅恒大高新(002591.SZ) 占比 8.43% 涨幅:  63.71% (2301.18) x 900 = 5913.0元 化学制品
✅登云股份(002715.SZ) 占比 8.13% 涨幅:   0.12% (7.00) x 400 = 5704.0元 汽车零部件
✅凤形股份(002760.SZ) 占比 7.79% 涨幅:  -1.34% (-74.00) x 300 = 5469.0元 通用设备
✅桂发祥(002820.SZ) 占比 8.74% 涨幅:   2.94% (175.00) x 600 = 6132.0元 休闲食品
✅豆粕ETF华夏(159985.SZ) 占比 22.97% 涨幅:   2.88% (450.60) x 6700 = 16120.2元 None
✅*******************总资产 70170.05 剩余可用金额 3017.85元*******************
  [动量策略] 预留现金: 163.80 | 持仓市值: 16,120.20 | 总资产: 16,284.00
    持仓: 豆粕ETF华夏
  [小市值策略] 预留现金: 2,853.05 | 持仓市值: 51,032.00 | 总资产: 53,885.05
    持仓: 宏达高科, 中天服务, 亚联发展, 华斯股份, 海源复材, 恒大高新, 登云股份, 凤形股份, 桂发祥

get_small_cap_stocks   2026-09-04 09:55:00.035764    head 9
    第 1名: 亚联发展(002316.SZ), 流通市值: 17.61 亿元 综合   <== 选中
    第 2名: 华斯股份(002494.SZ), 流通市值: 18.22 亿元 服装家纺   <== 选中
    第 3名: 中天服务(002188.SZ), 流通市值: 18.68 亿元 房地产服务   <== 选中
    第 4名: 海源复材(002529.SZ), 流通市值: 18.72 亿元 专用设备   <== 选中
    第 5名: 登云股份(002715.SZ), 流通市值: 19.68 亿元 汽车零部件   <== 选中
    第 6名: 凤形股份(002760.SZ), 流通市值: 19.69 亿元 通用设备   <== 选中
    第 7名: 恒大高新(002591.SZ), 流通市值: 19.72 亿元 化学制品   <== 选中
    第 8名: 宏达高科(002144.SZ), 流通市值: 19.99 亿元 纺织制造   <== 选中
    第 9名: 天元股份(003003.SZ), 流通市值: 20.06 亿元 包装印刷   <== 选中
    第10名: 庄园牧场(002910.SZ), 流通市值: 20.14 亿元 饮料乳品 
    第11名: 黄山胶囊(002817.SZ), 流通市值: 20.28 亿元 化学制药 
    第12名: 国统股份(002205.SZ), 流通市值: 20.33 亿元 水泥 
    第13名: 林州重机(002535.SZ), 流通市值: 20.36 亿元 专用设备 
    第14名: 蓝丰生化(002513.SZ), 流通市值: 20.47 亿元 农化制品 
    第15名: 桂发祥(002820.SZ), 流通市值: 20.53 亿元 休闲食品 
    第16名: 开普检测(003008.SZ), 流通市值: 20.64 亿元 专业服务 
    第17名: 仁智股份(002629.SZ), 流通市值: 20.75 亿元 油服工程 
    第18名: 摩登大道(002656.SZ), 流通市值: 20.88 亿元 服装家纺 
    第19名: 新天药业(002873.SZ), 流通市值: 20.9 亿元 中药 
    第20名: 光正眼科(002524.SZ), 流通市值: 20.92 亿元 医疗服务 
✅当前持股 9只
宏达高科
中天服务
亚联发展
华斯股份
海源复材
恒大高新
登云股份
凤形股份
桂发祥
✅需要买入股票 1只
✅需要卖出股票 1只
✅待买入  天元股份
✅待卖出: 桂发祥
✅今日(2026-09-04 09:55:00.035764)为卖出时间，执行卖出操作
✅------------------------------------------
✅>>>>>>>>>>>>
✅卖出: 桂发祥
async_seq  121
卖出 002820.SZ 手续费 5，印花税 3.066
成功清仓 002820.SZ 后，策略1 增加资金6123.93, 现有资金为 8976.98
rebalance_sell count  3
异步委托回调 投资备注: 清仓002820.SZ 
大盘涨幅 -0.57%
stop_loss count  4
✅========== [小市值策略] 周度调仓(买入) 2026-09-04 10:30:00.020598 ==========
✅今日(2026-09-04 10:30:00.020598)为买入时间，执行买入操作
✅+++++++++++++++++++++++++++++++++++++++++
✅需买入 1只
天元股份
selected_stocks
['002316.SZ', '002494.SZ', '002188.SZ', '002529.SZ', '002715.SZ', '002760.SZ', '002591.SZ', '002144.SZ', '003003.SZ']
  期望持仓: 亚联发展(002316.SZ), 11.11%
  期望持仓: 华斯股份(002494.SZ), 11.11%
  期望持仓: 中天服务(002188.SZ), 11.11%
  期望持仓: 海源复材(002529.SZ), 11.11%
  期望持仓: 登云股份(002715.SZ), 11.11%
  期望持仓: 凤形股份(002760.SZ), 11.11%
  期望持仓: 恒大高新(002591.SZ), 11.11%
  期望持仓: 宏达高科(002144.SZ), 11.11%
  期望持仓: 天元股份(003003.SZ), 11.11%
预计买入天元股份(003003.SZ)  500 股 * 11.32,总计 5660.00
预计持仓 50590.0 剩余金额 3316.98
 预估持仓: 宏达高科(002144.SZ), 占比 10.46% 单价 11.28
 预估持仓: 中天服务(002188.SZ), 占比 10.57% 单价 5.70
 预估持仓: 亚联发展(002316.SZ), 占比 9.95% 单价 4.47
 预估持仓: 华斯股份(002494.SZ), 占比 9.94% 单价 4.87
 预估持仓: 海源复材(002529.SZ), 占比 10.70% 单价 7.21
 预估持仓: 恒大高新(002591.SZ), 占比 11.02% 单价 6.60
 预估持仓: 登云股份(002715.SZ), 占比 10.58% 单价 14.26
 预估持仓: 凤形股份(002760.SZ), 占比 10.12% 单价 18.19
 预估持仓: 桂发祥(002820.SZ), 占比 0.00% 单价 10.47
 预估持仓: 天元股份(003003.SZ), 占比 10.50% 单价 11.32
调整天元股份买入数量，期望买入5989.66,当前5660.00,相差329.66
单价11.32，新市值5660.00，差值329.66
单价11.32，新市值6792.00，差值-802.34
====调整每股额度====
当前可用资金  8976.9847 
持仓市值  44930.0 
总资产:  53906.9847 
每股额度  8976.9847

✅===可用资金 8976.9847===
委托买入: 天元股份, 003003.SZ 
目标价值:5989.66
预计最终持股500股，每股11.32元，合计:5660.00
buy 003003.SZ passorder target value 5989.66 current 0.00 amount 500 @11.42
成功买入 003003.SZ 后，策略1 减少资金5665.00, 再扣除佣金5.0, 现有资金为 3306.98
async_seq  131
异步委托回调 投资备注: Buy 003003.SZ Tgt 5989.
sleep 30s
******************当日(2026-09-04 10:30:40.055453) (周5) 持仓市值: 66770.30元*******************
✅宏达高科(002144.SZ) 占比 8.03% 涨幅:  -0.88% (-50.00) x 500 = 5640.0元 纺织制造
✅中天服务(002188.SZ) 占比 8.13% 涨幅:  23.03% (1069.00) x 1000 = 5710.0元 房地产服务
✅亚联发展(002316.SZ) 占比 7.66% 涨幅:  10.23% (499.00) x 1200 = 5376.0元 综合
✅华斯股份(002494.SZ) 占比 7.63% 涨幅:  12.87% (611.00) x 1100 = 5357.0元 服装家纺
✅海源复材(002529.SZ) 占比 8.22% 涨幅:  12.72% (651.00) x 800 = 5768.0元 专用设备
✅恒大高新(002591.SZ) 占比 8.46% 涨幅:  64.46% (2328.18) x 900 = 5940.0元 化学制品
✅登云股份(002715.SZ) 占比 8.14% 涨幅:   0.26% (15.00) x 400 = 5712.0元 汽车零部件
✅凤形股份(002760.SZ) 占比 7.77% 涨幅:  -1.55% (-86.00) x 300 = 5457.0元 通用设备
✅豆粕ETF华夏(159985.SZ) 占比 22.99% 涨幅:   3.00% (470.70) x 6700 = 16140.3元 None
✅天元股份(003003.SZ) 占比 8.08% 涨幅:   0.00% (0.00) x 500 = 5670.0元 包装印刷
✅持仓: 桂发祥(002820.SZ) 0股
✅*******************总资产 70212.18 剩余可用金额 9147.28元*******************
  [动量策略] 预留现金: 163.80 | 持仓市值: 16,140.30 | 总资产: 16,304.10
    持仓: 豆粕ETF华夏
  [小市值策略] 预留现金: 3,306.98 | 持仓市值: 50,630.00 | 总资产: 53,936.98
    持仓: 宏达高科, 中天服务, 亚联发展, 华斯股份, 海源复材, 恒大高新, 登云股份, 凤形股份, 天元股份

rebalance_buy count  5

✅========== [动量策略] 每日调仓 2026-09-04 ==========

========== [短期动量] 开始 (窗口=25天) ==========
[2.112 2.127 2.192 2.267 2.244 2.266 2.261 2.215 2.226 2.226 2.264 2.274
 2.239 2.2   2.212 2.195 2.166 2.195 2.203 2.229 2.235 2.223 2.233 2.195
 2.196 2.223]
  纳指ETF国泰(513100.SH): 年化=-2.8582% R²=-0.0039 近3日最大跌幅 1.70% 得分=-0.0001 -> [淘汰]
[2.167 2.206 2.224 2.31  2.28  2.284 2.334 2.313 2.332 2.343 2.372 2.397
 2.338 2.258 2.283 2.268 2.249 2.273 2.28  2.285 2.28  2.274 2.27  2.209
 2.225 2.26 ]
  日经ETF华夏(513520.SH): 年化=-21.3216% R²=0.0298 近3日最大跌幅 2.69% 得分=-0.0064 -> [淘汰]
[1.82  1.837 1.859 1.899 1.875 1.895 1.923 1.885 1.92  1.951 1.94  1.991
 1.965 1.9   1.916 1.886 1.886 1.911 1.911 1.918 1.92  1.915 1.894 1.861
 1.861 1.872]
  德国ETF华安(513030.SH): 年化=-8.6528% R²=-0.0206 近3日最大跌幅 1.74% 得分=-0.0018 -> [淘汰]
[8.433 8.417 8.408 8.64  8.795 8.892 9.005 9.009 9.103 9.042 8.946 9.068
 9.078 8.974 9.234 9.388 9.564 9.533 9.517 9.446 9.475 9.135 9.118 8.902
 9.105 9.208]
  黄金ETF华安(518880.SH): 年化=86.2926% R²=0.4096 近3日最大跌幅 2.37% 得分=0.3535
[2.121 2.123 2.138 2.147 2.139 2.164 2.156 2.153 2.164 2.141 2.143 2.171
 2.15  2.124 2.13  2.148 2.154 2.151 2.159 2.15  2.163 2.166 2.176 2.15
 2.166 2.174]
  有色ETF大成(159980.SZ): 年化=14.8242% R²=0.3327 近3日最大跌幅 1.19% 得分=0.0493
[2.087 2.094 2.105 2.097 2.119 2.125 2.133 2.124 2.116 2.126 2.139 2.149
 2.205 2.214 2.212 2.163 2.184 2.189 2.233 2.278 2.261 2.306 2.367 2.344
 2.387 2.404]
  豆粕ETF华夏(159985.SZ): 年化=335.3041% R²=0.8741 近3日最大跌幅 0.97% 得分=2.9310
[1.991 1.9   1.958 1.926 1.979 1.944 1.764 1.804 1.786 1.782 1.785 1.784
 1.836 1.881 1.85  1.858 1.834 1.824 1.757 1.764 1.775 1.838 1.836 1.914
 1.876 1.897]
  南方原油LOF(501018.SH): 年化=-13.7208% R²=0.0454 近3日最大跌幅 1.99% 得分=-0.0062 -> [淘汰]
[118.226 118.311 118.475 118.428 118.31  118.735 119.18  119.011 118.928
 119.217 119.299 119.111 119.503 119.223 118.814 118.825 119.184 119.234
 119.015 118.338 118.331 118.444 118.844 118.693 119.097 119.042]
  30年国债ETF鹏扬(511090.SH): 年化=0.5346% R²=0.0120 近3日最大跌幅 0.13% 得分=0.0001
[0.6   0.606 0.607 0.615 0.601 0.604 0.607 0.602 0.594 0.597 0.587 0.597
 0.591 0.582 0.587 0.59  0.572 0.571 0.577 0.575 0.572 0.574 0.568 0.56
 0.556 0.57 ]
  恒生科技ETF华泰柏瑞(513130.SH): 年化=-58.3201% R²=0.8788 近3日最大跌幅 1.41% 得分=-0.5125 -> [淘汰]
[1.008 0.985 1.05  1.07  1.066 1.077 1.05  1.049 1.063 1.066 1.08  1.115
 1.098 1.014 1.01  1.024 0.98  0.986 0.988 1.027 1.017 1.044 1.038 1.02
 1.018 1.013]
  人工智能ETF华富(515980.SH): 年化=-37.2245% R²=0.1441 近3日最大跌幅 1.73% 得分=-0.0537 -> [淘汰]
  >>> 短期动量最终选出: 豆粕ETF华夏(159985.SZ)

========== [长期动量] 开始 (窗口=250天) ==========
[1.698 1.69  1.704 1.693 1.692 1.673 1.676 1.676 1.682 1.701 1.696 1.701
 1.711 1.708 1.714 1.727 1.736 1.729 1.744 1.751 1.771 1.8   1.785 1.779
 1.78  1.8   1.813 1.851 1.86  1.829 1.81  1.825 1.838 1.807 1.859 1.873
 1.883 1.883 1.902 1.956 1.961 2.    1.985 1.982 1.976 1.94  1.912 1.949
 1.924 1.951 1.959 1.974 1.975 1.923 1.909 1.844 1.836 1.907 1.848 1.856
 1.897 1.927 1.925 1.943 1.936 1.94  1.965 1.965 1.963 1.952 1.928 1.944
 1.918 1.921 1.902 1.873 1.899 1.878 1.916 1.945 1.935 1.933 1.93  1.929
 1.916 1.914 1.904 1.93  1.925 1.919 1.899 1.903 1.893 1.915 1.909 1.901
 1.904 1.887 1.876 1.875 1.901 1.891 1.882 1.894 1.905 1.891 1.881 1.833
 1.872 1.853 1.84  1.813 1.847 1.844 1.841 1.836 1.83  1.823 1.825 1.832
 1.819 1.802 1.786 1.762 1.8   1.801 1.756 1.788 1.792 1.784 1.767 1.774
 1.768 1.789 1.764 1.749 1.68  1.717 1.734 1.716 1.708 1.683 1.674 1.752
 1.721 1.731 1.732 1.833 1.805 1.809 1.798 1.825 1.864 1.907 1.892 1.89
 1.892 1.896 1.905 1.907 1.945 1.963 1.962 1.959 2.01  2.054 2.065 2.108
 2.081 2.093 2.105 2.1   2.066 2.047 2.058 2.103 2.146 2.231 2.185 2.223
 2.214 2.273 2.365 2.343 2.299 2.24  2.205 2.114 2.2   2.143 2.13  2.162
 2.258 2.28  2.279 2.266 2.25  2.174 2.187 2.208 2.158 2.178 2.204 2.209
 2.158 2.167 2.171 2.169 2.141 2.166 2.174 2.168 2.17  2.188 2.167 2.107
 2.096 2.13  2.13  2.131 2.104 2.118 2.068 2.074 2.041 2.112 2.127 2.192
 2.267 2.244 2.266 2.261 2.215 2.226 2.226 2.264 2.274 2.239 2.2   2.212
 2.195 2.166 2.195 2.203 2.229 2.235 2.223 2.233 2.195 2.196 2.223]
  纳指ETF国泰(513100.SH): 年化=29.6951% R²=0.5892 近3日最大跌幅 1.70% 得分=0.1750
[1.608 1.591 1.601 1.611 1.601 1.587 1.588 1.57  1.608 1.61  1.629 1.625
 1.636 1.652 1.668 1.666 1.673 1.675 1.7   1.666 1.69  1.703 1.695 1.69
 1.666 1.675 1.68  1.769 1.734 1.723 1.717 1.77  1.821 1.781 1.898 1.899
 1.931 1.886 1.89  1.934 1.935 1.982 1.951 1.971 1.993 1.93  1.912 1.941
 1.93  1.967 1.956 1.96  1.948 1.901 1.878 1.804 1.804 1.84  1.792 1.812
 1.805 1.855 1.856 1.858 1.828 1.815 1.841 1.893 1.881 1.869 1.848 1.839
 1.813 1.829 1.812 1.781 1.802 1.789 1.821 1.838 1.827 1.823 1.821 1.823
 1.804 1.8   1.794 1.832 1.854 1.84  1.82  1.84  1.867 1.871 1.891 1.883
 1.895 1.881 1.856 1.857 1.887 1.876 1.87  1.887 1.913 1.9   1.885 1.845
 1.918 1.914 1.881 1.889 1.95  2.022 2.12  2.082 2.111 2.105 2.141 2.123
 2.128 2.117 1.998 1.915 1.973 1.983 1.932 1.961 1.975 1.95  1.919 1.929
 1.894 1.941 1.896 1.875 1.799 1.836 1.859 1.832 1.837 1.827 1.812 1.888
 1.83  1.827 1.832 1.963 1.927 1.946 1.947 1.99  1.986 2.045 2.024 2.018
 2.03  2.036 2.013 2.019 2.048 2.04  2.027 2.011 2.107 2.179 2.159 2.147
 2.134 2.15  2.124 2.085 2.056 2.049 2.034 2.072 2.132 2.209 2.199 2.197
 2.173 2.256 2.334 2.322 2.382 2.353 2.29  2.232 2.352 2.25  2.254 2.292
 2.449 2.456 2.459 2.528 2.606 2.447 2.468 2.593 2.522 2.487 2.517 2.479
 2.387 2.443 2.47  2.41  2.343 2.345 2.343 2.275 2.3   2.35  2.28  2.163
 2.157 2.232 2.207 2.22  2.16  2.19  2.098 2.096 2.075 2.167 2.206 2.224
 2.31  2.28  2.284 2.334 2.313 2.332 2.343 2.372 2.397 2.338 2.258 2.283
 2.268 2.249 2.273 2.28  2.285 2.28  2.274 2.27  2.209 2.225 2.26 ]
  日经ETF华夏(513520.SH): 年化=42.6174% R²=0.7569 近3日最大跌幅 2.69% 得分=0.3226
[1.884 1.866 1.869 1.866 1.854 1.863 1.866 1.833 1.843 1.855 1.85  1.853
 1.852 1.842 1.846 1.846 1.851 1.836 1.831 1.848 1.832 1.839 1.835 1.832
 1.821 1.838 1.836 1.886 1.877 1.865 1.851 1.868 1.863 1.846 1.863 1.885
 1.902 1.884 1.893 1.905 1.896 1.892 1.879 1.867 1.866 1.858 1.849 1.866
 1.84  1.858 1.863 1.883 1.898 1.868 1.857 1.821 1.819 1.84  1.803 1.823
 1.826 1.857 1.845 1.846 1.842 1.831 1.841 1.848 1.851 1.849 1.842 1.85
 1.844 1.872 1.865 1.853 1.852 1.835 1.854 1.873 1.873 1.88  1.875 1.876
 1.87  1.863 1.872 1.89  1.905 1.905 1.915 1.924 1.947 1.986 1.968 1.952
 1.942 1.898 1.883 1.887 1.904 1.908 1.899 1.924 1.934 1.92  1.885 1.855
 1.896 1.894 1.875 1.862 1.899 1.919 1.918 1.943 1.959 1.98  1.97  1.995
 2.036 1.958 1.903 1.826 1.865 1.859 1.787 1.824 1.824 1.806 1.797 1.794
 1.764 1.795 1.742 1.724 1.627 1.689 1.724 1.701 1.697 1.669 1.667 1.729
 1.692 1.703 1.709 1.792 1.772 1.783 1.762 1.781 1.79  1.812 1.801 1.817
 1.828 1.836 1.797 1.794 1.795 1.796 1.795 1.789 1.842 1.87  1.837 1.821
 1.803 1.806 1.795 1.776 1.728 1.767 1.768 1.782 1.798 1.828 1.842 1.83
 1.815 1.828 1.833 1.823 1.811 1.79  1.795 1.747 1.765 1.751 1.733 1.755
 1.808 1.787 1.788 1.784 1.782 1.756 1.756 1.748 1.753 1.747 1.749 1.762
 1.759 1.828 1.832 1.854 1.802 1.787 1.796 1.78  1.766 1.773 1.774 1.749
 1.75  1.763 1.762 1.771 1.743 1.79  1.784 1.789 1.788 1.82  1.837 1.859
 1.899 1.875 1.895 1.923 1.885 1.92  1.951 1.94  1.991 1.965 1.9   1.916
 1.886 1.886 1.911 1.911 1.918 1.92  1.915 1.894 1.861 1.861 1.872]
  德国ETF华安(513030.SH): 年化=-1.9898% R²=0.0387 近3日最大跌幅 1.74% 得分=-0.0008 -> [淘汰]
[ 7.427  7.449  7.45   7.468  7.486  7.647  7.67   7.768  7.75   7.775
  7.847  7.966  7.947  7.923  7.954  7.931  8.032  7.964  7.862  7.898
  8.048  8.143  8.19   8.146  8.16   8.259  8.339  8.729  8.602  8.859
  8.976  9.187  9.244  9.568  9.268  9.49   9.101  8.994  8.95   8.914
  8.597  8.692  8.704  8.794  8.797  8.737  8.706  8.755  8.793  8.936
  9.062  9.029  9.175  9.096  8.882  8.777  8.954  8.903  8.828  8.857
  9.01   9.011  9.01   9.067  9.161  9.112  9.096  9.064  9.136  9.11
  9.046  9.095  9.11   9.227  9.351  9.24   9.31   9.318  9.313  9.511
  9.639  9.642  9.566  9.65   9.563  9.363  9.301  9.495  9.577  9.518
  9.511  9.592  9.777  9.793  9.922  9.867  9.857 10.006 10.082 10.377
 10.341 10.617 10.924 10.934 11.28  11.904 11.009  9.908 10.422 10.867
 10.523 10.357 10.719 10.669 10.758 10.72  10.575 10.95  10.959 10.913
 10.933 11.417 11.259 10.98  10.964 10.873 10.868 10.956 10.974 10.938
 10.802 10.664 10.637 10.606 10.126  9.896  8.941  9.299  9.641  9.45
  9.494  9.656  9.699 10.024  9.738  9.828  9.837 10.113  9.908  9.972
  9.924 10.011 10.064 10.097 10.029 10.036 10.01  10.004  9.9    9.826
  9.897  9.732  9.637  9.678  9.791  9.909  9.88   9.774  9.806  9.804
  9.795  9.554  9.513  9.515  9.367  9.45   9.461  9.512  9.454  9.345
  9.132  9.397  9.344  9.41   9.281  9.29   9.252  8.953  9.005  8.736
  8.506  8.659  8.928  8.949  8.957  8.908  8.716  8.537  8.515  8.287
  8.39   8.449  8.378  8.271  8.475  8.672  8.631  8.597  8.589  8.544
  8.541  8.419  8.373  8.369  8.363  8.311  8.318  8.468  8.56   8.56
  8.385  8.502  8.4    8.392  8.36   8.433  8.417  8.408  8.64   8.795
  8.892  9.005  9.009  9.103  9.042  8.946  9.068  9.078  8.974  9.234
  9.388  9.564  9.533  9.517  9.446  9.475  9.135  9.118  8.902  9.105
  9.208]
  黄金ETF华安(518880.SH): 年化=-3.0340% R²=-0.0170 近3日最大跌幅 2.37% 得分=-0.0005 -> [淘汰]
[1.712 1.704 1.706 1.703 1.715 1.715 1.715 1.716 1.71  1.716 1.711 1.71
 1.714 1.719 1.74  1.737 1.735 1.731 1.713 1.715 1.72  1.713 1.714 1.746
 1.744 1.74  1.747 1.808 1.795 1.784 1.768 1.785 1.778 1.767 1.779 1.781
 1.783 1.796 1.818 1.831 1.804 1.833 1.818 1.807 1.819 1.799 1.793 1.803
 1.798 1.811 1.812 1.821 1.835 1.815 1.807 1.788 1.801 1.797 1.786 1.796
 1.804 1.805 1.812 1.822 1.849 1.851 1.858 1.88  1.912 1.919 1.877 1.892
 1.892 1.932 1.906 1.878 1.896 1.899 1.918 1.934 1.932 1.975 1.964 1.994
 1.996 1.993 1.996 2.055 2.13  2.126 2.073 2.086 2.143 2.119 2.176 2.179
 2.112 2.103 2.11  2.133 2.11  2.144 2.142 2.167 2.183 2.268 2.145 1.989
 2.116 2.134 2.055 2.039 2.088 2.083 2.107 2.108 2.052 2.099 2.141 2.125
 2.165 2.163 2.096 2.108 2.094 2.093 2.081 2.1   2.1   2.1   2.075 2.062
 2.058 2.038 1.958 1.956 1.915 1.955 1.984 1.976 1.999 2.013 2.007 2.03
 2.003 2.01  2.013 2.051 2.03  2.042 2.056 2.086 2.103 2.119 2.116 2.11
 2.101 2.116 2.111 2.108 2.124 2.104 2.101 2.085 2.147 2.139 2.152 2.149
 2.171 2.211 2.179 2.131 2.132 2.135 2.145 2.131 2.151 2.163 2.162 2.15
 2.134 2.149 2.149 2.195 2.181 2.145 2.141 2.107 2.12  2.103 2.091 2.115
 2.153 2.128 2.13  2.117 2.128 2.087 2.077 2.028 2.036 2.063 2.056 2.03
 2.032 2.059 2.062 2.063 2.069 2.072 2.08  2.066 2.093 2.082 2.091 2.065
 2.075 2.101 2.107 2.117 2.101 2.108 2.094 2.106 2.101 2.121 2.123 2.138
 2.147 2.139 2.164 2.156 2.153 2.164 2.141 2.143 2.171 2.15  2.124 2.13
 2.148 2.154 2.151 2.159 2.15  2.163 2.166 2.176 2.15  2.166 2.174]
  有色ETF大成(159980.SZ): 年化=21.5604% R²=0.6699 近3日最大跌幅 1.19% 得分=0.1444
[2.001 1.986 1.986 1.987 1.992 2.005 1.992 2.015 1.983 1.994 2.005 2.015
 2.003 2.005 2.009 1.988 1.988 1.983 1.98  1.991 1.985 1.942 1.952 1.961
 1.948 1.938 1.938 1.943 1.939 1.951 1.938 1.938 1.942 1.92  1.928 1.935
 1.935 1.96  1.955 1.97  1.969 1.962 1.951 1.958 1.964 1.952 1.984 1.976
 1.974 1.976 1.972 1.975 1.98  1.998 1.968 2.016 1.984 1.982 1.977 2.006
 2.011 2.002 2.026 2.024 1.973 1.969 1.969 1.964 1.956 1.951 1.942 1.949
 1.942 1.955 1.951 1.96  1.946 1.942 1.948 1.946 1.95  1.956 1.957 1.974
 1.976 1.964 1.949 1.956 1.961 1.984 1.972 1.984 1.974 1.976 1.969 1.968
 1.959 1.961 1.958 1.956 1.972 1.966 1.975 1.97  1.985 2.009 1.982 1.974
 1.971 1.975 1.98  1.982 1.985 1.975 1.987 1.989 2.    2.001 2.02  2.017
 2.017 2.034 2.051 2.102 2.061 2.126 2.232 2.179 2.244 2.232 2.321 2.262
 2.25  2.251 2.244 2.205 2.23  2.242 2.159 2.161 2.122 2.135 2.07  2.041
 2.079 2.058 2.055 2.041 2.075 2.082 2.128 2.111 2.097 2.111 2.094 2.091
 2.127 2.169 2.156 2.125 2.152 2.159 2.165 2.162 2.159 2.132 2.143 2.164
 2.155 2.161 2.144 2.089 2.092 2.122 2.103 2.086 2.084 2.056 2.06  2.068
 2.084 2.077 2.073 2.046 2.054 2.029 2.009 1.991 1.98  2.005 2.02  2.017
 2.017 2.015 2.028 2.004 1.989 1.994 2.    1.997 2.007 2.008 1.985 1.997
 2.066 2.065 2.125 2.151 2.18  2.157 2.144 2.206 2.203 2.231 2.148 2.123
 2.18  2.197 2.213 2.243 2.29  2.254 2.121 2.13  2.088 2.087 2.094 2.105
 2.097 2.119 2.125 2.133 2.124 2.116 2.126 2.139 2.149 2.205 2.214 2.212
 2.163 2.184 2.189 2.233 2.278 2.261 2.306 2.367 2.344 2.387 2.404]
  豆粕ETF华夏(159985.SZ): 年化=13.7789% R²=0.4974 近3日最大跌幅 0.97% 得分=0.0685
[1.202 1.204 1.204 1.208 1.194 1.197 1.202 1.203 1.216 1.221 1.19  1.191
 1.192 1.19  1.196 1.198 1.187 1.196 1.199 1.213 1.201 1.198 1.193 1.186
 1.202 1.217 1.224 1.228 1.204 1.221 1.21  1.204 1.194 1.191 1.19  1.168
 1.143 1.138 1.143 1.157 1.165 1.162 1.152 1.144 1.14  1.143 1.16  1.152
 1.151 1.142 1.147 1.15  1.139 1.156 1.132 1.136 1.135 1.134 1.148 1.134
 1.122 1.123 1.125 1.121 1.122 1.128 1.136 1.133 1.123 1.132 1.134 1.143
 1.121 1.123 1.118 1.118 1.116 1.101 1.097 1.097 1.095 1.099 1.103 1.113
 1.113 1.113 1.105 1.111 1.106 1.104 1.111 1.103 1.104 1.119 1.126 1.148
 1.19  1.181 1.156 1.153 1.159 1.165 1.178 1.179 1.277 1.283 1.411 1.552
 1.397 1.257 1.242 1.218 1.268 1.314 1.395 1.348 1.359 1.317 1.449 1.444
 1.43  1.439 1.583 1.741 1.7   1.633 1.579 1.737 1.652 1.666 1.731 1.791
 1.93  2.07  2.012 2.213 2.325 2.558 2.302 2.421 2.371 2.435 2.319 2.087
 2.273 2.393 2.584 2.326 2.392 2.24  2.366 2.266 2.216 2.227 2.187 2.135
 2.005 1.885 2.008 2.076 2.041 2.114 2.166 2.185 2.072 1.958 1.996 2.02
 2.018 1.988 1.993 2.047 2.145 2.078 2.065 2.05  2.03  1.944 1.951 1.929
 1.956 1.909 1.965 1.982 2.023 1.976 1.949 2.144 1.982 2.004 2.072 2.028
 1.885 1.862 1.791 1.783 1.786 1.685 1.61  1.484 1.512 1.532 1.527 1.517
 1.471 1.505 1.523 1.59  1.733 1.742 1.753 1.877 2.03  1.911 1.834 1.86
 2.046 2.018 2.114 2.158 2.112 1.901 1.841 1.902 2.041 1.991 1.9   1.958
 1.926 1.979 1.944 1.764 1.804 1.786 1.782 1.785 1.784 1.836 1.881 1.85
 1.858 1.834 1.824 1.757 1.764 1.775 1.838 1.836 1.914 1.876 1.897]
  南方原油LOF(501018.SH): 年化=93.0179% R²=0.5714 近3日最大跌幅 1.99% 得分=0.5315
[119.046 119.662 119.891 118.876 118.856 119.117 118.895 119.426 119.936
 118.706 118.388 118.252 117.254 116.961 117.345 117.725 117.559 117.996
 117.697 117.013 117.182 116.69  116.129 116.287 116.263 115.719 115.885
 116.266 115.599 116.236 116.577 116.302 116.776 117.706 117.323 117.377
 117.6   117.185 117.036 117.295 118.018 117.675 117.941 118.37  118.457
 118.607 118.649 118.145 118.17  118.171 118.295 118.397 118.124 118.284
 118.444 118.4   117.996 117.831 117.472 117.695 117.242 116.449 116.543
 116.642 116.641 115.981 115.682 114.156 114.296 113.855 114.638 114.726
 115.552 115.149 113.941 113.862 114.449 114.985 114.984 114.703 115.514
 115.402 115.224 115.341 114.355 114.429 113.898 113.811 113.418 112.807
 113.247 113.062 113.242 113.628 113.587 113.469 113.51  113.419 113.76
 114.707 114.689 114.864 115.158 114.793 114.924 114.972 114.654 114.976
 114.902 114.781 115.234 115.722 115.699 115.659 115.715 115.733 115.749
 115.844 115.444 114.992 114.972 115.511 115.571 115.646 115.552 115.648
 114.323 114.362 114.041 114.046 113.949 113.212 113.462 113.744 113.81
 113.362 113.444 114.141 114.103 114.362 114.078 114.359 114.375 114.149
 114.055 113.976 114.355 114.711 114.794 114.902 115.504 115.756 115.731
 115.359 115.996 116.052 116.325 116.937 116.599 115.998 115.359 115.868
 116.024 115.811 115.088 115.153 115.162 115.423 115.757 115.792 115.555
 115.472 115.623 116.082 115.999 115.905 116.066 116.343 116.407 116.588
 116.614 116.809 117.087 117.234 116.978 117.039 116.867 116.588 116.315
 116.043 115.685 116.109 116.375 116.68  116.825 116.827 116.893 116.551
 116.532 116.828 116.876 117.2   116.817 116.275 116.54  116.258 116.456
 116.397 116.706 116.746 116.721 116.539 116.344 116.48  116.292 116.487
 116.445 116.499 117.046 117.301 117.38  117.906 117.697 117.547 117.825
 118.226 118.311 118.475 118.428 118.31  118.735 119.18  119.011 118.928
 119.217 119.299 119.111 119.503 119.223 118.814 118.825 119.184 119.234
 119.015 118.338 118.331 118.444 118.844 118.693 119.097 119.042]
  30年国债ETF鹏扬(511090.SH): 年化=1.9055% R²=0.0300 近3日最大跌幅 0.13% 得分=0.0006
[0.779 0.773 0.762 0.755 0.76  0.77  0.763 0.754 0.742 0.758 0.767 0.771
 0.784 0.788 0.795 0.801 0.811 0.843 0.829 0.832 0.833 0.818 0.838 0.848
 0.835 0.841 0.858 0.86  0.833 0.812 0.79  0.807 0.796 0.77  0.788 0.805
 0.789 0.795 0.803 0.819 0.809 0.817 0.797 0.787 0.789 0.777 0.769 0.785
 0.775 0.784 0.783 0.788 0.795 0.772 0.761 0.746 0.742 0.733 0.719 0.732
 0.737 0.743 0.737 0.739 0.743 0.739 0.728 0.737 0.746 0.747 0.733 0.733
 0.727 0.74  0.724 0.708 0.715 0.706 0.719 0.722 0.718 0.718 0.719 0.724
 0.719 0.727 0.718 0.745 0.759 0.745 0.738 0.74  0.756 0.757 0.764 0.754
 0.751 0.744 0.735 0.74  0.742 0.747 0.738 0.743 0.757 0.749 0.737 0.707
 0.706 0.696 0.692 0.686 0.698 0.698 0.703 0.692 0.688 0.672 0.67  0.652
 0.654 0.635 0.622 0.612 0.612 0.63  0.626 0.639 0.64  0.637 0.633 0.652
 0.648 0.649 0.636 0.618 0.596 0.609 0.62  0.608 0.61  0.598 0.591 0.605
 0.59  0.588 0.591 0.62  0.61  0.612 0.607 0.61  0.618 0.638 0.632 0.638
 0.634 0.625 0.614 0.617 0.621 0.61  0.616 0.615 0.624 0.642 0.642 0.641
 0.635 0.636 0.637 0.619 0.608 0.61  0.611 0.598 0.608 0.606 0.62  0.61
 0.608 0.611 0.618 0.64  0.629 0.619 0.61  0.592 0.599 0.59  0.58  0.586
 0.592 0.581 0.581 0.572 0.572 0.55  0.561 0.55  0.534 0.552 0.558 0.558
 0.557 0.563 0.566 0.565 0.591 0.592 0.597 0.584 0.587 0.594 0.604 0.577
 0.593 0.601 0.583 0.585 0.575 0.587 0.587 0.605 0.598 0.6   0.606 0.607
 0.615 0.601 0.604 0.607 0.602 0.594 0.597 0.587 0.597 0.591 0.582 0.587
 0.59  0.572 0.571 0.577 0.575 0.572 0.574 0.568 0.56  0.556 0.57 ]
  恒生科技ETF华泰柏瑞(513130.SH): 年化=-32.1196% R²=0.8606 近3日最大跌幅 1.41% 得分=-0.2764 -> [淘汰]
[0.7815 0.7735 0.795  0.8575 0.8485 0.873  0.8365 0.835  0.759  0.804
 0.784  0.772  0.794  0.855  0.85   0.8465 0.8625 0.8605 0.866  0.857
 0.8875 0.8885 0.902  0.9265 0.8925 0.904  0.91   0.919  0.874  0.865
 0.82   0.837  0.837  0.811  0.825  0.86   0.862  0.853  0.9    0.919
 0.915  0.92   0.897  0.861  0.86   0.848  0.841  0.874  0.857  0.843
 0.825  0.826  0.832  0.807  0.812  0.817  0.816  0.816  0.781  0.781
 0.796  0.823  0.823  0.826  0.846  0.838  0.83   0.84   0.839  0.863
 0.872  0.866  0.848  0.854  0.842  0.824  0.849  0.835  0.836  0.852
 0.852  0.857  0.858  0.856  0.862  0.873  0.867  0.9    0.906  0.909
 0.911  0.941  1.005  0.97   1.     0.992  0.988  0.966  0.944  0.955
 0.98   0.977  0.976  0.99   0.984  0.977  0.982  0.954  0.964  0.924
 0.902  0.889  0.924  0.934  0.921  0.939  0.935  0.923  0.921  0.943
 0.95   0.935  0.897  0.882  0.901  0.908  0.913  0.929  0.914  0.899
 0.88   0.89   0.865  0.897  0.886  0.878  0.842  0.856  0.877  0.854
 0.852  0.847  0.83   0.862  0.83   0.838  0.846  0.914  0.904  0.926
 0.931  0.95   0.944  0.975  0.994  1.003  0.991  1.021  1.012  0.994
 1.     0.976  0.986  1.018  1.059  1.088  1.076  1.105  1.117  1.159
 1.133  1.112  1.123  1.14   1.143  1.103  1.13   1.174  1.174  1.147
 1.172  1.131  1.11   1.143  1.178  1.167  1.127  1.09   1.129  1.106
 1.072  1.071  1.134  1.132  1.163  1.23   1.247  1.203  1.235  1.279
 1.22   1.233  1.306  1.285  1.182  1.191  1.179  1.168  1.185  1.255
 1.222  1.18   1.206  1.17   1.136  1.034  1.063  1.153  1.142  1.114
 1.089  1.11   1.023  1.02   0.948  1.008  0.985  1.05   1.07   1.066
 1.077  1.05   1.049  1.063  1.066  1.08   1.115  1.098  1.014  1.01
 1.024  0.98   0.986  0.988  1.027  1.017  1.044  1.038  1.02   1.018
 1.013 ]
  人工智能ETF华富(515980.SH): 年化=41.8091% R²=0.6053 近3日最大跌幅 1.73% 得分=0.2531
  >>> 长期动量最终选出: 南方原油LOF(501018.SH)

========== 选股汇总 ==========
  短期动量选出: 豆粕ETF华夏(159985.SZ)
  长期动量选出: 南方原油LOF(501018.SH)
-----------
  只买短期
-----------
  总资产: 70,295.58, 动量总资产: 16,270.60
  [调出] 德国ETF华安(513030.SH) → 清仓
async_seq  None
sell_target_value failed 513030.SH 德国ETF华安
sleep 30s
  动量总资产更新: 16,277.30
  [与目标差异太小，不减仓] 豆粕ETF华夏(159985.SZ): 16,106.80 → 16,277.30
  [与目标差异太小，不加仓] 豆粕ETF华夏(159985.SZ): 16,106.80 → 16,277.30 策略资金163.80
✅========== [动量策略] 调仓结束 ==========

check_limit_up count  6
sleep 20s
******************当日(2026-09-04 14:12:20.005203) (周5) 持仓市值: 66488.80元*******************
✅宏达高科(002144.SZ) 占比 8.04% 涨幅:  -1.14% (-65.00) x 500 = 5625.0元 纺织制造
✅中天服务(002188.SZ) 占比 8.06% 涨幅:  21.53% (999.00) x 1000 = 5640.0元 房地产服务
✅亚联发展(002316.SZ) 占比 7.65% 涨幅:   9.74% (475.00) x 1200 = 5352.0元 综合
✅华斯股份(002494.SZ) 占比 7.61% 涨幅:  12.18% (578.00) x 1100 = 5324.0元 服装家纺
✅海源复材(002529.SZ) 占比 8.12% 涨幅:  11.00% (563.00) x 800 = 5680.0元 专用设备
✅恒大高新(002591.SZ) 占比 8.39% 涨幅:  62.47% (2256.18) x 900 = 5868.0元 化学制品
✅登云股份(002715.SZ) 占比 8.10% 涨幅:  -0.58% (-33.00) x 400 = 5664.0元 汽车零部件
✅凤形股份(002760.SZ) 占比 7.68% 涨幅:  -3.07% (-170.00) x 300 = 5373.0元 通用设备
✅豆粕ETF华夏(159985.SZ) 占比 23.31% 涨幅:   4.07% (638.20) x 6700 = 16307.8元 None
✅天元股份(003003.SZ) 占比 8.08% 涨幅:  -0.36% (-20.50) x 500 = 5655.0元 包装印刷
✅持仓: 桂发祥(002820.SZ) 0股
✅*******************总资产 69960.58 剩余可用金额 3471.78元*******************
  [动量策略] 预留现金: 163.80 | 持仓市值: 16,307.80 | 总资产: 16,471.60
    持仓: 豆粕ETF华夏
  [小市值策略] 预留现金: 3,306.98 | 持仓市值: 50,181.00 | 总资产: 53,487.98
    持仓: 宏达高科, 中天服务, 亚联发展, 华斯股份, 海源复材, 恒大高新, 登云股份, 凤形股份, 天元股份

check_remain_amount count  7
******************当日(2026-09-04 15:02:00.032465) (周5) 持仓市值: 66071.50元*******************
✅宏达高科(002144.SZ) 占比 8.03% 涨幅:  -1.85% (-105.00) x 500 = 5585.0元 纺织制造
✅中天服务(002188.SZ) 占比 8.02% 涨幅:  20.23% (939.00) x 1000 = 5580.0元 房地产服务
✅亚联发展(002316.SZ) 占比 7.66% 涨幅:   9.25% (451.00) x 1200 = 5328.0元 综合
✅华斯股份(002494.SZ) 占比 7.59% 涨幅:  11.25% (534.00) x 1100 = 5280.0元 服装家纺
✅海源复材(002529.SZ) 占比 8.12% 涨幅:  10.38% (531.00) x 800 = 5648.0元 专用设备
✅恒大高新(002591.SZ) 占比 8.39% 涨幅:  61.47% (2220.18) x 900 = 5832.0元 化学制品
✅登云股份(002715.SZ) 占比 8.07% 涨幅:  -1.49% (-85.00) x 400 = 5612.0元 汽车零部件
✅凤形股份(002760.SZ) 占比 7.69% 涨幅:  -3.50% (-194.00) x 300 = 5349.0元 通用设备
✅豆粕ETF华夏(159985.SZ) 占比 23.36% 涨幅:   3.69% (577.90) x 6700 = 16247.5元 None
✅天元股份(003003.SZ) 占比 8.07% 涨幅:  -1.15% (-65.50) x 500 = 5610.0元 包装印刷
✅持仓: 桂发祥(002820.SZ) 0股
✅*******************总资产 69543.28 剩余可用金额 3471.78元*******************
  [动量策略] 预留现金: 163.80 | 持仓市值: 16,247.50 | 总资产: 16,411.30
    持仓: 豆粕ETF华夏
  [小市值策略] 预留现金: 3,306.98 | 持仓市值: 49,824.00 | 总资产: 53,130.98
    持仓: 宏达高科, 中天服务, 亚联发展, 华斯股份, 海源复材, 恒大高新, 登云股份, 凤形股份, 天元股份

  策略资金总和为3470.78，账面资金为3471.78

资金差额为1.00
  [动量策略] 上一交易日现金记录163.80
  [小市值策略] 上一交易日现金记录2,853.05
动量策略资金与上一交易日持平，更新小市值策略资金
  [动量策略] 预留现金: 163.80, 现金记录更新163.80
  [小市值策略] 预留现金: 3,307.98, 现金记录更新3,307.98
==============================
今日股票收益: 368.53 元
收益率:       0.53 %
==============================


close XtMiniQmt.exe success
sleep a day

收到信号 2，关闭调度器...
调度器已关闭
