2011 年
筛选净利润增长率连续3年 > 20%
符合增长率 > 20% 的共有171只
load_stock_list 10.09s
符合条件股票 145 个
筛选市值最小的 30 只股票
filter codes 3.68s
cerebro adddata 3.91s
初始投资组合价值: 30.00 万
pre_rebalance  2011-01-04
 600113 申请价格: 29.55, 买入数量: 2000
 002331 申请价格: 42.13, 买入数量: 1400
 600483 申请价格: 18.97, 买入数量: 3100
 600405 申请价格: 39.94, 买入数量: 1500
 000753 申请价格: 36.13, 买入数量: 1600
✅ 600113 2011-01-05 买入成交: 2000股 @ 27.48
   成本: 54960.00, 佣金: 164.88
现有现金 18521.09

✅ 002331 2011-01-05 买入成交: 1400股 @ 40.03
   成本: 56042.00, 佣金: 168.13
现有现金 18521.09

✅ 600483 2011-01-05 买入成交: 3100股 @ 18.27
   成本: 56637.00, 佣金: 169.91
现有现金 18521.09

✅ 600405 2011-01-05 买入成交: 1500股 @ 38.18
   成本: 57270.00, 佣金: 171.81
现有现金 18521.09

✅ 000753 2011-01-05 买入成交: 1600股 @ 34.83
   成本: 55728.00, 佣金: 167.18
现有现金 18521.09


- - - - - - - - - - - - - - - - - - - - - - - - -
调整各股现金额度 58901.82
pre_rebalance  2011-01-10
⭕ 000753 2011-01-11 卖出成交: -1600股 @ 33.70
   买入价格 34.83 收益: -1808.00, 佣金: 161.76
现有现金 72279.33

 000411 申请价格: 26.00, 买入数量: 2200
✅ 000411 2011-01-12 买入成交: 2200股 @ 25.04
   成本: 55088.00, 佣金: 165.26
现有现金 17026.07


- - - - - - - - - - - - - - - - - - - - - - - - -
调整各股现金额度 57171.21
pre_rebalance  2011-01-17
⭕ 600483 2011-01-18 卖出成交: -3100股 @ 17.33
   买入价格 18.27 收益: -2914.00, 佣金: 161.17
现有现金 129645.19

⭕ 600405 2011-01-18 卖出成交: -1500股 @ 39.49
   买入价格 38.18 收益: 1965.00, 佣金: 177.71
现有现金 129645.19

 000753 申请价格: 33.71, 买入数量: 1600
 600967 申请价格: 19.87, 买入数量: 2800
✅ 000753 2011-01-19 买入成交: 1600股 @ 32.43
   成本: 51888.00, 佣金: 155.66
现有现金 20928.02

✅ 600967 2011-01-19 买入成交: 2800股 @ 20.18
   成本: 56504.00, 佣金: 169.51
现有现金 20928.02


- - - - - - - - - - - - - - - - - - - - - - - - -
调整各股现金额度 55906.40
pre_rebalance  2011-01-24
⭕ 600967 2011-01-25 卖出成交: -2800股 @ 20.00
   买入价格 20.18 收益: -504.00, 佣金: 168.00
现有现金 76760.02

 000153 申请价格: 49.75, 买入数量: 1100
✅ 000153 2011-01-26 买入成交: 1100股 @ 48.20
   成本: 53020.00, 佣金: 159.06
现有现金 23580.96


- - - - - - - - - - - - - - - - - - - - - - - - -
调整各股现金额度 57758.99
pre_rebalance  2011-01-31
⭕ 000153 2011-02-01 卖出成交: -1100股 @ 49.45
   买入价格 48.2 收益: 1375.00, 佣金: 163.19
现有现金 77812.77

 600483 申请价格: 17.87, 买入数量: 3200
✅ 600483 2011-02-09 买入成交: 3200股 @ 16.64
   成本: 53248.00, 佣金: 159.74
现有现金 24405.03


- - - - - - - - - - - - - - - - - - - - - - - - -
调整各股现金额度 57473.81
pre_rebalance  2011-02-09
pre_rebalance  2011-02-14
pre_rebalance  2011-02-21
pre_rebalance  2011-02-28
pre_rebalance  2011-03-07
pre_rebalance  2011-03-14
pre_rebalance  2011-03-21
pre_rebalance  2011-03-28
⭕ 000753 2011-03-29 卖出成交: -1600股 @ 39.78
   买入价格 32.43 收益: 11760.00, 佣金: 190.94
现有现金 87862.08

 600405 申请价格: 43.12, 买入数量: 1300
✅ 600405 2011-03-30 买入成交: 1300股 @ 41.28
   成本: 53664.00, 佣金: 160.99
现有现金 34037.09


- - - - - - - - - - - - - - - - - - - - - - - - -
调整各股现金额度 63642.42
pre_rebalance  2011-04-06
⭕ 600405 2011-04-07 卖出成交: -1300股 @ 41.59
   买入价格 41.28 收益: 403.00, 佣金: 162.20
现有现金 87941.89

 000753 申请价格: 41.08, 买入数量: 1500
✅ 000753 2011-04-08 买入成交: 1500股 @ 40.62
   成本: 60930.00, 佣金: 182.79
现有现金 26829.10


- - - - - - - - - - - - - - - - - - - - - - - - -
调整各股现金额度 64258.82
pre_rebalance  2011-04-11
pre_rebalance  2011-04-18
⭕ 600483 2011-04-19 卖出成交: -3200股 @ 21.26
   买入价格 16.64 收益: 14784.00, 佣金: 204.10
现有现金 94657.00

 600405 申请价格: 43.38, 买入数量: 1400
✅ 600405 2011-04-20 买入成交: 1400股 @ 41.48
   成本: 58072.00, 佣金: 174.22
现有现金 36410.79


- - - - - - - - - - - - - - - - - - - - - - - - -
调整各股现金额度 67461.56
pre_rebalance  2011-04-25
pre_rebalance  2011-05-03
⭕ 000411 2011-05-04 卖出成交: -2200股 @ 29.98
   买入价格 25.04 收益: 10868.00, 佣金: 197.87
现有现金 154122.59

⭕ 000753 2011-05-04 卖出成交: -1500股 @ 34.74
   买入价格 40.62 收益: -8820.00, 佣金: 156.33
现有现金 154122.59

 002494 申请价格: 24.18, 买入数量: 2700
 600967 申请价格: 21.38, 买入数量: 3100
✅ 002494 2011-05-05 买入成交: 2700股 @ 22.52
   成本: 60804.00, 佣金: 182.41
现有现金 28462.74

✅ 600967 2011-05-05 买入成交: 3100股 @ 20.80
   成本: 64480.00, 佣金: 193.44
现有现金 28462.74


- - - - - - - - - - - - - - - - - - - - - - - - -
调整各股现金额度 65935.15
pre_rebalance  2011-05-09
⭕ 002494 2011-05-10 卖出成交: -2700股 @ 23.25
   买入价格 22.52 收益: 1971.00, 佣金: 188.32
现有现金 91049.41

 000753 申请价格: 37.61, 买入数量: 1700
 000411 申请价格: 36.56, 买入数量: 1800
❌ 000411 订单失败: Margin
   保证金不足

⭕ 600113 2011-05-11 卖出成交: -2000股 @ 37.24
   买入价格 27.48 收益: 19520.00, 佣金: 223.44
现有现金 103905.32

✅ 000753 2011-05-11 买入成交: 1700股 @ 36.01
   成本: 61217.00, 佣金: 183.65
现有现金 103905.32


- - - - - - - - - - - - - - - - - - - - - - - - -
调整各股现金额度 65520.86
pre_rebalance  2011-05-16
⭕ 600967 2011-05-17 卖出成交: -3100股 @ 20.69
   买入价格 20.8 收益: -341.00, 佣金: 192.42
现有现金 167851.90

 600483 申请价格: 21.23, 买入数量: 3000
 000153 申请价格: 57.41, 买入数量: 1100
✅ 600483 2011-05-18 买入成交: 3000股 @ 19.98
   成本: 59940.00, 佣金: 179.82
现有现金 46675.46

✅ 000153 2011-05-18 买入成交: 1100股 @ 55.34
   成本: 60874.00, 佣金: 182.62
现有现金 46675.46


- - - - - - - - - - - - - - - - - - - - - - - - -
调整各股现金额度 63097.89
pre_rebalance  2011-05-23
 002126 申请价格: 25.89, 买入数量: 2400
❌ 002126 订单失败: Margin
   保证金不足

⭕ 000153 2011-05-25 卖出成交: -1100股 @ 50.22
   买入价格 55.34 收益: -5632.00, 佣金: 165.73
现有现金 101751.74


- - - - - - - - - - - - - - - - - - - - - - - - -
调整各股现金额度 60244.95
pre_rebalance  2011-05-30
⭕ 600483 2011-05-31 卖出成交: -3000股 @ 20.09
   买入价格 19.98 收益: 330.00, 佣金: 180.81
现有现金 161840.93

 002012 申请价格: 32.92, 买入数量: 1800
 002494 申请价格: 22.48, 买入数量: 2600
✅ 002012 2011-06-01 买入成交: 1800股 @ 31.80
   成本: 57240.00, 佣金: 171.72
现有现金 47083.68

✅ 002494 2011-06-01 买入成交: 2600股 @ 21.99
   成本: 57174.00, 佣金: 171.52
现有现金 47083.68


- - - - - - - - - - - - - - - - - - - - - - - - -
调整各股现金额度 61153.34
pre_rebalance  2011-06-07
⭕ 000753 2011-06-08 卖出成交: -1700股 @ 33.80
   买入价格 36.01 收益: -3757.00, 佣金: 172.38
现有现金 159844.38

⭕ 002494 2011-06-08 卖出成交: -2600股 @ 21.40
   买入价格 21.99 收益: -1534.00, 佣金: 166.92
现有现金 159844.38

 000153 申请价格: 54.61, 买入数量: 1100
 002126 申请价格: 25.62, 买入数量: 2300
✅ 000153 2011-06-09 买入成交: 1100股 @ 51.52
   成本: 56672.00, 佣金: 170.02
现有现金 48328.84

✅ 002126 2011-06-09 买入成交: 2300股 @ 23.70
   成本: 54510.00, 佣金: 163.53
现有现金 48328.84


- - - - - - - - - - - - - - - - - - - - - - - - -
调整各股现金额度 60425.17
pre_rebalance  2011-06-13
⭕ 002012 2011-06-14 卖出成交: -1800股 @ 33.00
   买入价格 31.8 收益: 2160.00, 佣金: 178.20
现有现金 107550.64

 000753 申请价格: 35.20, 买入数量: 1700
✅ 000753 2011-06-15 买入成交: 1700股 @ 33.19
   成本: 56423.00, 佣金: 169.27
现有现金 50958.37


- - - - - - - - - - - - - - - - - - - - - - - - -
调整各股现金额度 58362.47
pre_rebalance  2011-06-20
pre_rebalance  2011-06-27
⭕ 000153 2011-06-28 卖出成交: -1100股 @ 50.22
   买入价格 51.52 收益: -1430.00, 佣金: 165.73
现有现金 163224.56

⭕ 002126 2011-06-28 卖出成交: -2300股 @ 24.94
   买入价格 23.7 收益: 2852.00, 佣金: 172.09
现有现金 163224.56

 600483 申请价格: 18.74, 买入数量: 3100
 002494 申请价格: 20.99, 买入数量: 2700
✅ 600483 2011-06-29 买入成交: 3100股 @ 17.35
   成本: 53785.00, 佣金: 161.36
现有现金 54791.23

✅ 002494 2011-06-29 买入成交: 2700股 @ 20.12
   成本: 54324.00, 佣金: 162.97
现有现金 54791.23


- - - - - - - - - - - - - - - - - - - - - - - - -
调整各股现金额度 63836.05
pre_rebalance  2011-07-04
pre_rebalance  2011-07-11
pre_rebalance  2011-07-18
pre_rebalance  2011-07-25
pre_rebalance  2011-08-01
⭕ 600483 2011-08-02 卖出成交: -3100股 @ 23.50
   买入价格 17.35 收益: 19065.00, 佣金: 218.55
现有现金 127422.68

 600113 申请价格: 34.85, 买入数量: 1800
✅ 600113 2011-08-03 买入成交: 1800股 @ 32.45
   成本: 58410.00, 佣金: 175.23
现有现金 68837.45


- - - - - - - - - - - - - - - - - - - - - - - - -
调整各股现金额度 61109.09
pre_rebalance  2011-08-08
⭕ 600113 2011-08-09 卖出成交: -1800股 @ 27.95
   买入价格 32.45 收益: -8100.00, 佣金: 150.93
现有现金 118996.52

 000153 申请价格: 46.26, 买入数量: 1300
✅ 000153 2011-08-10 买入成交: 1300股 @ 45.75
   成本: 59475.00, 佣金: 178.42
现有现金 59343.10


- - - - - - - - - - - - - - - - - - - - - - - - -
调整各股现金额度 64188.22
pre_rebalance  2011-08-15
pre_rebalance  2011-08-23
⭕ 002494 2011-08-24 卖出成交: -2700股 @ 20.94
   买入价格 20.12 收益: 2214.00, 佣金: 169.61
现有现金 115711.48

 600336 申请价格: 10.12, 买入数量: 6300
✅ 600336 2011-08-25 买入成交: 6300股 @ 9.90
   成本: 62370.00, 佣金: 187.11
现有现金 53154.37


- - - - - - - - - - - - - - - - - - - - - - - - -
调整各股现金额度 64619.67
pre_rebalance  2011-08-29
⭕ 600405 2011-08-30 卖出成交: -1400股 @ 35.83
   买入价格 41.48 收益: -7910.00, 佣金: 150.49
现有现金 103165.88

 002494 申请价格: 22.00, 买入数量: 2900
✅ 002494 2011-08-31 买入成交: 2900股 @ 20.32
   成本: 58928.00, 佣金: 176.78
现有现金 44061.10


- - - - - - - - - - - - - - - - - - - - - - - - -
调整各股现金额度 61652.02
pre_rebalance  2011-09-05
⭕ 002494 2011-09-06 卖出成交: -2900股 @ 20.01
   买入价格 20.32 收益: -899.00, 佣金: 174.09
现有现金 101916.01

 600113 申请价格: 29.31, 买入数量: 2100
✅ 600113 2011-09-07 买入成交: 2100股 @ 28.40
   成本: 59640.00, 佣金: 178.92
现有现金 42097.09


- - - - - - - - - - - - - - - - - - - - - - - - -
调整各股现金额度 60374.62
pre_rebalance  2011-09-13
⭕ 600113 2011-09-14 卖出成交: -2100股 @ 27.91
   买入价格 28.4 收益: -1029.00, 佣金: 175.83
现有现金 100532.26

 600405 申请价格: 33.61, 买入数量: 1700
✅ 600405 2011-09-15 买入成交: 1700股 @ 31.93
   成本: 54281.00, 佣金: 162.84
现有现金 46088.42


- - - - - - - - - - - - - - - - - - - - - - - - -
调整各股现金额度 60627.88
pre_rebalance  2011-09-19
pre_rebalance  2011-09-26
pre_rebalance  2011-10-10
⭕ 000153 2011-10-11 卖出成交: -1300股 @ 42.10
   买入价格 45.75 收益: -4745.00, 佣金: 164.19
现有现金 164407.39

⭕ 600336 2011-10-11 卖出成交: -6300股 @ 10.15
   买入价格 9.9 收益: 1575.00, 佣金: 191.84
现有现金 164407.39

 600483 申请价格: 15.80, 买入数量: 3800
 002139 申请价格: 42.24, 买入数量: 1400
✅ 600483 2011-10-12 买入成交: 3800股 @ 15.60
   成本: 59280.00, 佣金: 177.84
现有现金 46492.71

✅ 002139 2011-10-12 买入成交: 1400股 @ 41.63
   成本: 58282.00, 佣金: 174.85
现有现金 46492.71


- - - - - - - - - - - - - - - - - - - - - - - - -
调整各股现金额度 60752.94
pre_rebalance  2011-10-17
⭕ 600483 2011-10-18 卖出成交: -3800股 @ 15.87
   买入价格 15.6 收益: 1026.00, 佣金: 180.92
现有现金 163343.10

⭕ 002139 2011-10-18 卖出成交: -1400股 @ 40.64
   买入价格 41.63 收益: -1386.00, 佣金: 170.69
现有现金 163343.10

 000153 申请价格: 43.29, 买入数量: 1400
 002494 申请价格: 18.30, 买入数量: 3300
✅ 000153 2011-10-19 买入成交: 1400股 @ 40.36
   成本: 56504.00, 佣金: 169.51
现有现金 49143.53

✅ 002494 2011-10-19 买入成交: 3300股 @ 17.38
   成本: 57354.00, 佣金: 172.06
现有现金 49143.53


- - - - - - - - - - - - - - - - - - - - - - - - -
调整各股现金额度 57331.31
pre_rebalance  2011-10-24
⭕ 000153 2011-10-25 卖出成交: -1400股 @ 39.27
   买入价格 40.36 收益: -1526.00, 佣金: 164.93
现有现金 103956.59

 600113 申请价格: 25.40, 买入数量: 2200
✅ 600113 2011-10-26 买入成交: 2200股 @ 24.23
   成本: 53306.00, 佣金: 159.92
现有现金 50490.68


- - - - - - - - - - - - - - - - - - - - - - - - -
调整各股现金额度 60976.94
pre_rebalance  2011-10-31
⭕ 002494 2011-11-01 卖出成交: -3300股 @ 17.97
   买入价格 17.38 收益: 1947.00, 佣金: 177.90
现有现金 109613.77

 002139 申请价格: 45.05, 买入数量: 1300
✅ 002139 2011-11-02 买入成交: 1300股 @ 43.04
   成本: 55952.00, 佣金: 167.86
现有现金 53493.92


- - - - - - - - - - - - - - - - - - - - - - - - -
调整各股现金额度 60813.18
pre_rebalance  2011-11-07
⭕ 002139 2011-11-08 卖出成交: -1300股 @ 41.36
   买入价格 43.04 收益: -2184.00, 佣金: 161.30
现有现金 107100.61

 000153 申请价格: 42.43, 买入数量: 1400
✅ 000153 2011-11-09 买入成交: 1400股 @ 41.45
   成本: 58030.00, 佣金: 174.09
现有现金 48896.52


- - - - - - - - - - - - - - - - - - - - - - - - -
调整各股现金额度 61962.30
pre_rebalance  2011-11-14
pre_rebalance  2011-11-21
pre_rebalance  2011-11-28
⭕ 600405 2011-11-29 卖出成交: -1700股 @ 37.45
   买入价格 31.93 收益: 9384.00, 佣金: 191.00
现有现金 172808.67

⭕ 000153 2011-11-29 卖出成交: -1400股 @ 43.30
   买入价格 41.45 收益: 2590.00, 佣金: 181.86
现有现金 172808.67

 600483 申请价格: 15.69, 买入数量: 3900
 002139 申请价格: 40.40, 买入数量: 1500
✅ 600483 2011-11-30 买入成交: 3900股 @ 13.73
   成本: 53547.00, 佣金: 160.64
现有现金 65841.73

✅ 002139 2011-11-30 买入成交: 1500股 @ 35.40
   成本: 53100.00, 佣金: 159.30
现有现金 65841.73


- - - - - - - - - - - - - - - - - - - - - - - - -
调整各股现金额度 60382.15
pre_rebalance  2011-12-05
pre_rebalance  2011-12-12
⭕ 600113 2011-12-13 卖出成交: -2200股 @ 20.67
   买入价格 24.23 收益: -7832.00, 佣金: 136.42
现有现金 111179.30

 002494 申请价格: 16.68, 买入数量: 3600
✅ 002494 2011-12-14 买入成交: 3600股 @ 15.82
   成本: 56952.00, 佣金: 170.86
现有现金 54056.45


- - - - - - - - - - - - - - - - - - - - - - - - -
调整各股现金额度 58442.29
pre_rebalance  2011-12-19
⭕ 600483 2011-12-20 卖出成交: -3900股 @ 12.70
   买入价格 13.73 收益: -4017.00, 佣金: 148.59
现有现金 158352.62

⭕ 002494 2011-12-20 卖出成交: -3600股 @ 15.30
   买入价格 15.82 收益: -1872.00, 佣金: 165.24
现有现金 158352.62

 600336 申请价格: 7.31, 买入数量: 7900
 600113 申请价格: 21.87, 买入数量: 2600
✅ 600336 2011-12-21 买入成交: 7900股 @ 6.81
   成本: 53799.00, 佣金: 161.40
现有现金 51453.88

✅ 600113 2011-12-21 买入成交: 2600股 @ 20.30
   成本: 52780.00, 佣金: 158.34
现有现金 51453.88


- - - - - - - - - - - - - - - - - - - - - - - - -
调整各股现金额度 55513.18
pre_rebalance  2011-12-27
⭕ 600113 2011-12-28 卖出成交: -2600股 @ 18.62
   买入价格 20.3 收益: -4368.00, 佣金: 145.24
现有现金 148093.09

⭕ 000753 2011-12-28 卖出成交: -1700股 @ 28.54
   买入价格 33.19 收益: -7905.00, 佣金: 145.55
现有现金 148093.09

 600483 申请价格: 11.80, 买入数量: 4700
 002494 申请价格: 14.77, 买入数量: 3700
✅ 600483 2011-12-29 买入成交: 4700股 @ 11.35
   成本: 53345.00, 佣金: 160.03
现有现金 42966.66

✅ 002494 2011-12-29 买入成交: 3700股 @ 13.91
   成本: 51467.00, 佣金: 154.40
现有现金 42966.66


==================================================
策略执行总结:
==================================================
交易过股票：
002494 华斯股份 纺织服装 收益率 5.34%
002126 银轮股份 汽车零部件 收益率 5.23%
600483 福能股份 电力行业 收益率 58.32%
000411 英特集团 医药商业 收益率 19.73%
600967 内蒙一机 交运设备 收益率 -1.42%
600405 动力源 电源设备 收益率 5.58%
000753 漳州发展 汽车服务 收益率 -18.07%
002331 皖通科技 互联网服务 收益率 -35.55%
002139 拓邦股份 消费电子 收益率 -17.35%
000153 丰原药业 化学制药 收益率 -15.12%
002012 凯恩股份 造纸印刷 收益率 3.77%
600336 XD澳柯玛 家电行业 收益率 -2.89%
600113 浙江东日 综合行业 收益率 -10.24%

初始资金: 300000.00
最终价值: 283856.66
总收益率: -5.38%
cerebro run 9.37s
最终投资组合价值: 283856.66

🔍 策略表现:
累计收益: -5.38%
年化收益: -5.44%
夏普比率: -0.129
最大回撤: -18.92%

==================================================


2012 年
筛选净利润增长率连续3年 > 20%
符合增长率 > 20% 的共有274只
load_stock_list 7.25s
符合条件股票 238 个
请求日期: 2011-12-31 00:00:00,  缓存只包含从 2012-01-02 00:00:00 到 2025-12-15
00:00:00 期间市值
筛选市值最小的 30 只股票
filter codes 5.42s
cerebro adddata 5.63s
初始投资组合价值: 30.00 万
pre_rebalance  2012-01-04
 600241 申请价格: 12.93, 买入数量: 4600
 002098 申请价格: 9.42, 买入数量: 6300
 002640 申请价格: 20.18, 买入数量: 2900
 600113 申请价格: 19.30, 买入数量: 3100
 002645 申请价格: 21.64, 买入数量: 2700
✅ 600241 2012-01-05 买入成交: 4600股 @ 11.68
   成本: 53728.00, 佣金: 161.18
现有现金 28949.28

✅ 002098 2012-01-05 买入成交: 6300股 @ 8.75
   成本: 55125.00, 佣金: 165.38
现有现金 28949.28

✅ 002640 2012-01-05 买入成交: 2900股 @ 18.41
   成本: 53389.00, 佣金: 160.17
现有现金 28949.28

✅ 600113 2012-01-05 买入成交: 3100股 @ 17.68
   成本: 54808.00, 佣金: 164.42
现有现金 28949.28

✅ 002645 2012-01-05 买入成交: 2700股 @ 19.70
   成本: 53190.00, 佣金: 159.57
现有现金 28949.28


- - - - - - - - - - - - - - - - - - - - - - - - -
调整各股现金额度 63444.06
pre_rebalance  2012-01-09
pre_rebalance  2012-01-16
⭕ 600113 2012-01-17 卖出成交: -3100股 @ 19.48
   买入价格 17.68 收益: 5580.00, 佣金: 181.16
现有现金 89156.12

 002331 申请价格: 25.90, 买入数量: 2400
✅ 002331 2012-01-18 买入成交: 2400股 @ 24.29
   成本: 58296.00, 佣金: 174.89
现有现金 30685.23


- - - - - - - - - - - - - - - - - - - - - - - - -
调整各股现金额度 63683.45
pre_rebalance  2012-01-30
pre_rebalance  2012-02-06
pre_rebalance  2012-02-13
⭕ 002331 2012-02-14 卖出成交: -2400股 @ 27.43
   买入价格 24.29 收益: 7536.00, 佣金: 197.50
现有现金 96319.73

 600571 申请价格: 40.82, 买入数量: 1500
✅ 600571 2012-02-15 买入成交: 1500股 @ 39.86
   成本: 59790.00, 佣金: 179.37
现有现金 36350.36


- - - - - - - - - - - - - - - - - - - - - - - - -
调整各股现金额度 69430.27
pre_rebalance  2012-02-20
⭕ 600571 2012-02-21 卖出成交: -1500股 @ 40.25
   买入价格 39.86 收益: 585.00, 佣金: 181.12
现有现金 96544.24

 002331 申请价格: 30.10, 买入数量: 2300
✅ 002331 2012-02-22 买入成交: 2300股 @ 28.91
   成本: 66493.00, 佣金: 199.48
现有现金 29851.76


- - - - - - - - - - - - - - - - - - - - - - - - -
调整各股现金额度 72565.75
pre_rebalance  2012-02-27
pre_rebalance  2012-03-05
⭕ 002331 2012-03-06 卖出成交: -2300股 @ 28.67
   买入价格 28.91 收益: -552.00, 佣金: 197.82
现有现金 95594.93

 000753 申请价格: 28.42, 买入数量: 2500
✅ 000753 2012-03-07 买入成交: 2500股 @ 27.12
   成本: 67800.00, 佣金: 203.40
现有现金 27591.53


- - - - - - - - - - - - - - - - - - - - - - - - -
调整各股现金额度 74468.51
pre_rebalance  2012-03-12
⭕ 000753 2012-03-13 卖出成交: -2500股 @ 27.69
   买入价格 27.12 收益: 1425.00, 佣金: 207.68
现有现金 96608.86

 002331 申请价格: 31.07, 买入数量: 2300
✅ 002331 2012-03-14 买入成交: 2300股 @ 27.90
   成本: 64170.00, 佣金: 192.51
现有现金 32246.35


- - - - - - - - - - - - - - - - - - - - - - - - -
调整各股现金额度 74462.27
pre_rebalance  2012-03-19
pre_rebalance  2012-03-26
pre_rebalance  2012-04-05
⭕ 002331 2012-04-06 卖出成交: -2300股 @ 28.44
   买入价格 27.9 收益: 1242.00, 佣金: 196.24
现有现金 97462.11

 002077 申请价格: 10.12, 买入数量: 7300
✅ 002077 2012-04-09 买入成交: 7300股 @ 9.43
   成本: 68839.00, 佣金: 206.52
现有现金 28416.60


- - - - - - - - - - - - - - - - - - - - - - - - -
调整各股现金额度 71329.12
pre_rebalance  2012-04-09
pre_rebalance  2012-04-16
⭕ 002640 2012-04-17 卖出成交: -2900股 @ 23.90
   买入价格 18.41 收益: 15921.00, 佣金: 207.93
现有现金 170008.54

⭕ 002077 2012-04-17 卖出成交: -7300股 @ 9.96
   买入价格 9.43 收益: 3869.00, 佣金: 218.12
现有现金 170008.54

 600571 申请价格: 41.54, 买入数量: 1700
 000753 申请价格: 28.53, 买入数量: 2500
✅ 600571 2012-04-18 买入成交: 1700股 @ 40.69
   成本: 69173.00, 佣金: 207.52
现有现金 31671.77

✅ 000753 2012-04-18 买入成交: 2500股 @ 27.50
   成本: 68750.00, 佣金: 206.25
现有现金 31671.77


- - - - - - - - - - - - - - - - - - - - - - - - -
调整各股现金额度 72668.55
pre_rebalance  2012-04-23
pre_rebalance  2012-05-02
⭕ 000753 2012-05-03 卖出成交: -2500股 @ 28.97
   买入价格 27.5 收益: 3675.00, 佣金: 217.27
现有现金 103879.50

 002640 申请价格: 24.86, 买入数量: 2900
✅ 002640 2012-05-04 买入成交: 2900股 @ 24.33
   成本: 70557.00, 佣金: 211.67
现有现金 33110.83


- - - - - - - - - - - - - - - - - - - - - - - - -
调整各股现金额度 73775.57
pre_rebalance  2012-05-07
pre_rebalance  2012-05-14
pre_rebalance  2012-05-21
⭕ 600571 2012-05-22 卖出成交: -1700股 @ 40.05
   买入价格 40.69 收益: -1088.00, 佣金: 204.25
现有现金 100991.57

 600155 申请价格: 12.57, 买入数量: 5800
✅ 600155 2012-05-23 买入成交: 5800股 @ 11.85
   成本: 68730.00, 佣金: 206.19
现有现金 32055.38


- - - - - - - - - - - - - - - - - - - - - - - - -
调整各股现金额度 72182.68
pre_rebalance  2012-05-28
⭕ 600155 2012-05-29 卖出成交: -5800股 @ 11.79
   买入价格 11.85 收益: -348.00, 佣金: 205.15
现有现金 100232.24

 600571 申请价格: 41.54, 买入数量: 1700
✅ 600571 2012-05-30 买入成交: 1700股 @ 39.81
   成本: 67677.00, 佣金: 203.03
现有现金 32352.21


- - - - - - - - - - - - - - - - - - - - - - - - -
调整各股现金额度 71488.84
pre_rebalance  2012-06-04
⭕ 002640 2012-06-05 卖出成交: -2900股 @ 24.70
   买入价格 24.33 收益: 1073.00, 佣金: 214.89
现有现金 103767.32

 600155 申请价格: 12.33, 买入数量: 5700
✅ 600155 2012-06-06 买入成交: 5700股 @ 11.76
   成本: 67032.00, 佣金: 201.10
现有现金 36534.22


- - - - - - - - - - - - - - - - - - - - - - - - -
调整各股现金额度 71276.64
pre_rebalance  2012-06-11
⭕ 600155 2012-06-12 卖出成交: -5700股 @ 11.97
   买入价格 11.76 收益: 1197.00, 佣金: 204.69
现有现金 104558.53

 002331 申请价格: 28.33, 买入数量: 2500
✅ 002331 2012-06-13 买入成交: 2500股 @ 27.58
   成本: 68950.00, 佣金: 206.85
现有现金 35401.68


- - - - - - - - - - - - - - - - - - - - - - - - -
调整各股现金额度 74759.34
pre_rebalance  2012-06-18
⭕ 002331 2012-06-19 卖出成交: -2500股 @ 27.58
   买入价格 27.58 收益: 0.00, 佣金: 206.85
现有现金 104144.83

 002077 申请价格: 9.69, 买入数量: 7700
✅ 002077 2012-06-20 买入成交: 7700股 @ 9.26
   成本: 71302.00, 佣金: 213.91
现有现金 32628.93


- - - - - - - - - - - - - - - - - - - - - - - - -
调整各股现金额度 70418.39
pre_rebalance  2012-06-25
⭕ 002645 2012-06-26 卖出成交: -2700股 @ 26.51
   买入价格 19.7 收益: 18387.00, 佣金: 214.73
现有现金 103991.20

 600483 申请价格: 12.15, 买入数量: 5700
✅ 600483 2012-06-27 买入成交: 5700股 @ 11.48
   成本: 65436.00, 佣金: 196.31
现有现金 38358.89


- - - - - - - - - - - - - - - - - - - - - - - - -
调整各股现金额度 69845.98
pre_rebalance  2012-07-02
pre_rebalance  2012-07-09
⭕ 002077 2012-07-10 卖出成交: -7700股 @ 8.88
   买入价格 9.26 收益: -2926.00, 佣金: 205.13
现有现金 106529.76

 600155 申请价格: 10.58, 买入数量: 6500
✅ 600155 2012-07-11 买入成交: 6500股 @ 9.71
   成本: 63115.00, 佣金: 189.35
现有现金 43225.42


- - - - - - - - - - - - - - - - - - - - - - - - -
调整各股现金额度 64764.68
pre_rebalance  2012-07-16
⭕ 600155 2012-07-17 卖出成交: -6500股 @ 9.13
   买入价格 9.71 收益: -3770.00, 佣金: 178.04
现有现金 102392.38

 002640 申请价格: 20.45, 买入数量: 3100
✅ 002640 2012-07-18 买入成交: 3100股 @ 19.54
   成本: 60574.00, 佣金: 181.72
现有现金 41636.66


- - - - - - - - - - - - - - - - - - - - - - - - -
调整各股现金额度 66334.53
pre_rebalance  2012-07-23
⭕ 600483 2012-07-24 卖出成交: -5700股 @ 11.52
   买入价格 11.48 收益: 228.00, 佣金: 196.99
现有现金 107103.67

 600155 申请价格: 9.59, 买入数量: 6900
✅ 600155 2012-07-26 买入成交: 6900股 @ 9.13
   成本: 62997.00, 佣金: 188.99
现有现金 43917.67


- - - - - - - - - - - - - - - - - - - - - - - - -
调整各股现金额度 64053.53
pre_rebalance  2012-07-30
pre_rebalance  2012-08-06
⭕ 600571 2012-08-07 卖出成交: -1700股 @ 36.37
   买入价格 39.81 收益: -5848.00, 佣金: 185.49
现有现金 105561.19

 002159 申请价格: 18.88, 买入数量: 3300
✅ 002159 2012-08-08 买入成交: 3300股 @ 17.68
   成本: 58344.00, 佣金: 175.03
现有现金 47042.16


- - - - - - - - - - - - - - - - - - - - - - - - -
调整各股现金额度 69088.23
pre_rebalance  2012-08-13
pre_rebalance  2012-08-20
pre_rebalance  2012-08-27
⭕ 002159 2012-08-28 卖出成交: -3300股 @ 17.07
   买入价格 17.68 收益: -2013.00, 佣金: 168.99
现有现金 103204.16

 600483 申请价格: 10.58, 买入数量: 6500
✅ 600483 2012-08-29 买入成交: 6500股 @ 9.94
   成本: 64610.00, 佣金: 193.83
现有现金 38400.33


- - - - - - - - - - - - - - - - - - - - - - - - -
调整各股现金额度 69555.87
pre_rebalance  2012-09-03
⭕ 002640 2012-09-04 卖出成交: -3100股 @ 20.14
   买入价格 19.54 收益: 1860.00, 佣金: 187.30
现有现金 100647.03

 002159 申请价格: 18.24, 买入数量: 3800
✅ 002159 2012-09-05 买入成交: 3800股 @ 17.56
   成本: 66728.00, 佣金: 200.18
现有现金 33718.85


- - - - - - - - - - - - - - - - - - - - - - - - -
调整各股现金额度 73496.57
pre_rebalance  2012-09-10
⭕ 002159 2012-09-11 卖出成交: -3800股 @ 18.72
   买入价格 17.56 收益: 4408.00, 佣金: 213.41
现有现金 104641.44

 002640 申请价格: 21.97, 买入数量: 3300
✅ 002640 2012-09-12 买入成交: 3300股 @ 21.45
   成本: 70785.00, 佣金: 212.35
现有现金 33644.08


- - - - - - - - - - - - - - - - - - - - - - - - -
调整各股现金额度 71518.02
pre_rebalance  2012-09-17
pre_rebalance  2012-09-24
⭕ 600483 2012-09-25 卖出成交: -6500股 @ 12.51
   买入价格 9.94 收益: 16705.00, 佣金: 243.94
现有现金 114715.14

 002645 申请价格: 21.20, 买入数量: 3300
✅ 002645 2012-09-26 买入成交: 3300股 @ 19.20
   成本: 63360.00, 佣金: 190.08
现有现金 51165.06


- - - - - - - - - - - - - - - - - - - - - - - - -
调整各股现金额度 71257.41
pre_rebalance  2012-10-08
pre_rebalance  2012-10-15
pre_rebalance  2012-10-22
pre_rebalance  2012-10-29
⭕ 600155 2012-10-30 卖出成交: -6900股 @ 9.88
   买入价格 9.13 收益: 5175.00, 佣金: 204.52
现有现金 119132.54

 002077 申请价格: 8.65, 买入数量: 8200
✅ 002077 2012-10-31 买入成交: 8200股 @ 8.05
   成本: 66010.00, 佣金: 198.03
现有现金 52924.51


- - - - - - - - - - - - - - - - - - - - - - - - -
调整各股现金额度 72746.50
pre_rebalance  2012-11-05
⭕ 002077 2012-11-06 卖出成交: -8200股 @ 8.25
   买入价格 8.05 收益: 1640.00, 佣金: 202.95
现有现金 120371.56

 000782 申请价格: 12.65, 买入数量: 5700
✅ 000782 2012-11-07 买入成交: 5700股 @ 12.37
   成本: 70509.00, 佣金: 211.53
现有现金 49651.04


- - - - - - - - - - - - - - - - - - - - - - - - -
调整各股现金额度 71974.01
pre_rebalance  2012-11-12
⭕ 000782 2012-11-13 卖出成交: -5700股 @ 11.62
   买入价格 12.37 收益: -4275.00, 佣金: 198.70
现有现金 115686.33

 002077 申请价格: 8.45, 买入数量: 8500
✅ 002077 2012-11-14 买入成交: 8500股 @ 7.87
   成本: 66895.00, 佣金: 200.69
现有现金 48590.65


- - - - - - - - - - - - - - - - - - - - - - - - -
调整各股现金额度 72829.73
pre_rebalance  2012-11-19
⭕ 002645 2012-11-20 卖出成交: -3300股 @ 26.79
   买入价格 19.2 收益: 25047.00, 佣金: 265.22
现有现金 136732.43

 000782 申请价格: 11.96, 买入数量: 6000
✅ 000782 2012-11-21 买入成交: 6000股 @ 11.52
   成本: 69120.00, 佣金: 207.36
现有现金 67405.07


- - - - - - - - - - - - - - - - - - - - - - - - -
调整各股现金额度 72582.01
pre_rebalance  2012-11-26
⭕ 000782 2012-11-27 卖出成交: -6000股 @ 10.86
   买入价格 11.52 收益: -3960.00, 佣金: 195.48
现有现金 132369.59

 600155 申请价格: 10.07, 买入数量: 7200
✅ 600155 2012-11-28 买入成交: 7200股 @ 9.13
   成本: 65736.00, 佣金: 197.21
现有现金 66436.38


- - - - - - - - - - - - - - - - - - - - - - - - -
调整各股现金额度 67427.88
pre_rebalance  2012-12-03
⭕ 600155 2012-12-04 卖出成交: -7200股 @ 9.10
   买入价格 9.13 收益: -216.00, 佣金: 196.56
现有现金 131759.82

 002044 申请价格: 15.83, 买入数量: 4200
✅ 002044 2012-12-05 买入成交: 4200股 @ 15.91
   成本: 66822.00, 佣金: 200.47
现有现金 64737.35


- - - - - - - - - - - - - - - - - - - - - - - - -
调整各股现金额度 71971.27
pre_rebalance  2012-12-10
⭕ 002044 2012-12-11 卖出成交: -4200股 @ 17.13
   买入价格 15.91 收益: 5124.00, 佣金: 215.84
现有现金 136467.52

 000782 申请价格: 11.48, 买入数量: 6200
✅ 000782 2012-12-12 买入成交: 6200股 @ 10.86
   成本: 67332.00, 佣金: 202.00
现有现金 68933.52


- - - - - - - - - - - - - - - - - - - - - - - - -
调整各股现金额度 75200.90
pre_rebalance  2012-12-17
⭕ 002077 2012-12-18 卖出成交: -8500股 @ 8.45
   买入价格 7.87 收益: 4930.00, 佣金: 215.47
现有现金 140543.04

 000802 申请价格: 13.52, 买入数量: 5500
✅ 000802 2012-12-19 买入成交: 5500股 @ 12.90
   成本: 70950.00, 佣金: 212.85
现有现金 69380.19


- - - - - - - - - - - - - - - - - - - - - - - - -
调整各股现金额度 75903.84
pre_rebalance  2012-12-24
⭕ 000802 2012-12-25 卖出成交: -5500股 @ 13.22
   买入价格 12.9 收益: 1760.00, 佣金: 218.13
现有现金 141872.06

 600155 申请价格: 9.43, 买入数量: 8000
✅ 600155 2012-12-26 买入成交: 8000股 @ 8.98
   成本: 71840.00, 佣金: 215.52
现有现金 69816.54


- - - - - - - - - - - - - - - - - - - - - - - - -
调整各股现金额度 81088.31
pre_rebalance  2012-12-31

==================================================
策略执行总结:
==================================================
交易过股票：
002077 大港股份 半导体 收益率 11.45%
002159 三特索道 旅游酒店 收益率 2.93%
600113 浙江东日 综合行业 收益率 10.18%
000802 北京文化 文化传媒 收益率 2.48%
002044 美年健康 医疗服务 收益率 7.67%
002645 华宏科技 环保行业 收益率 87.77%
002331 皖通科技 互联网服务 收益率 14.16%
002640 跨境通 贸易行业 收益率 42.17%
600483 福能股份 电力行业 收益率 26.29%
600571 信雅达 互联网服务 收益率 -9.20%
000753 漳州发展 汽车服务 收益率 7.56%
600155 华创云信 证券 收益率 7.39%
000782 恒申新材 化纤行业 收益率 -6.55%
600241 时代万恒 电池 收益率 17.64%
002098 浔兴股份 纺织服装 收益率 -5.37%

初始资金: 300000.00
最终价值: 405441.54
总收益率: 35.15%
cerebro run 10.21s
最终投资组合价值: 405441.54

🔍 策略表现:
累计收益: 35.15%
年化收益: 35.81%
夏普比率: 1.334
最大回撤: -18.42%

==================================================


2013 年
筛选净利润增长率连续3年 > 20%
符合增长率 > 20% 的共有166只
load_stock_list 7.41s
符合条件股票 137 个
筛选市值最小的 30 只股票
filter codes 3.09s
cerebro adddata 3.31s
初始投资组合价值: 30.00 万
pre_rebalance  2013-01-14
 000802 申请价格: 14.87, 买入数量: 4000
 600738 申请价格: 35.43, 买入数量: 1600
 002159 申请价格: 21.05, 买入数量: 2800
 002331 申请价格: 28.46, 买入数量: 2100
 000892 申请价格: 10.44, 买入数量: 5700
✅ 000802 2013-01-15 买入成交: 4000股 @ 14.25
   成本: 57000.00, 佣金: 171.00
现有现金 16364.64

✅ 600738 2013-01-15 买入成交: 1600股 @ 34.39
   成本: 55024.00, 佣金: 165.07
现有现金 16364.64

✅ 002159 2013-01-15 买入成交: 2800股 @ 20.13
   成本: 56364.00, 佣金: 169.09
现有现金 16364.64

✅ 002331 2013-01-15 买入成交: 2100股 @ 27.55
   成本: 57855.00, 佣金: 173.56
现有现金 16364.64

✅ 000892 2013-01-15 买入成交: 5700股 @ 9.92
   成本: 56544.00, 佣金: 169.63
现有现金 16364.64


- - - - - - - - - - - - - - - - - - - - - - - - -
调整各股现金额度 62513.93
pre_rebalance  2013-01-21
pre_rebalance  2013-01-28
pre_rebalance  2013-02-04
⭕ 002159 2013-02-05 卖出成交: -2800股 @ 24.65
   买入价格 20.13 收益: 12656.00, 佣金: 207.06
现有现金 150898.82

⭕ 002331 2013-02-05 卖出成交: -2100股 @ 31.39
   买入价格 27.55 收益: 8064.00, 佣金: 197.76
现有现金 150898.82

 000700 申请价格: 49.88, 买入数量: 1200
 000524 申请价格: 33.29, 买入数量: 1800
✅ 000700 2013-02-06 买入成交: 1200股 @ 47.00
   成本: 56400.00, 佣金: 169.20
现有现金 38073.36

✅ 000524 2013-02-06 买入成交: 1800股 @ 31.16
   成本: 56088.00, 佣金: 168.26
现有现金 38073.36


- - - - - - - - - - - - - - - - - - - - - - - - -
调整各股现金额度 66047.47
pre_rebalance  2013-02-18
⭕ 000700 2013-02-19 卖出成交: -1200股 @ 47.58
   买入价格 47.0 收益: 696.00, 佣金: 171.29
现有现金 94998.07

 002331 申请价格: 31.88, 买入数量: 2000
✅ 002331 2013-02-20 买入成交: 2000股 @ 31.04
   成本: 62080.00, 佣金: 186.24
现有现金 32731.83


- - - - - - - - - - - - - - - - - - - - - - - - -
调整各股现金额度 65296.57
pre_rebalance  2013-02-25
pre_rebalance  2013-03-04
pre_rebalance  2013-03-11
pre_rebalance  2013-03-18
⭕ 002331 2013-03-19 卖出成交: -2000股 @ 29.99
   买入价格 31.04 收益: -2100.00, 佣金: 179.94
现有现金 92531.89

 000019 申请价格: 21.06, 买入数量: 3100
✅ 000019 2013-03-20 买入成交: 3100股 @ 20.61
   成本: 63891.00, 佣金: 191.67
现有现金 28449.22


- - - - - - - - - - - - - - - - - - - - - - - - -
调整各股现金额度 65296.44
pre_rebalance  2013-03-25
⭕ 000019 2013-03-26 卖出成交: -3100股 @ 20.80
   买入价格 20.61 收益: 589.00, 佣金: 193.44
现有现金 92735.78

 002331 申请价格: 32.91, 买入数量: 1900
✅ 002331 2013-03-27 买入成交: 1900股 @ 31.39
   成本: 59641.00, 佣金: 178.92
现有现金 32915.85


- - - - - - - - - - - - - - - - - - - - - - - - -
调整各股现金额度 64722.17
pre_rebalance  2013-04-01
⭕ 600738 2013-04-02 卖出成交: -1600股 @ 31.99
   买入价格 34.39 收益: -3840.00, 佣金: 153.55
现有现金 83946.30

 000019 申请价格: 22.52, 买入数量: 2800
✅ 000019 2013-04-03 买入成交: 2800股 @ 21.53
   成本: 60284.00, 佣金: 180.85
现有现金 23481.45


- - - - - - - - - - - - - - - - - - - - - - - - -
调整各股现金额度 64491.49
pre_rebalance  2013-04-08
⭕ 000019 2013-04-09 卖出成交: -2800股 @ 21.69
   买入价格 21.53 收益: 448.00, 佣金: 182.20
现有现金 84031.25

 600167 申请价格: 13.18, 买入数量: 4800
✅ 600167 2013-04-10 买入成交: 4800股 @ 12.55
   成本: 60240.00, 佣金: 180.72
现有现金 23610.53


- - - - - - - - - - - - - - - - - - - - - - - - -
调整各股现金额度 65597.91
pre_rebalance  2013-04-15
⭕ 600167 2013-04-16 卖出成交: -4800股 @ 12.67
   买入价格 12.55 收益: 576.00, 佣金: 182.45
现有现金 84244.09

 600571 申请价格: 51.39, 买入数量: 1200
✅ 600571 2013-04-17 买入成交: 1200股 @ 50.07
   成本: 60084.00, 佣金: 180.25
现有现金 23979.83


- - - - - - - - - - - - - - - - - - - - - - - - -
调整各股现金额度 67183.57
pre_rebalance  2013-04-22
⭕ 000892 2013-04-23 卖出成交: -5700股 @ 12.73
   买入价格 9.92 收益: 16017.00, 佣金: 217.68
现有现金 96323.15

 002696 申请价格: 20.89, 买入数量: 3200
✅ 002696 2013-04-24 买入成交: 3200股 @ 19.96
   成本: 63872.00, 佣金: 191.62
现有现金 32259.53


- - - - - - - - - - - - - - - - - - - - - - - - -
调整各股现金额度 66226.11
pre_rebalance  2013-05-02
⭕ 600571 2013-05-03 卖出成交: -1200股 @ 58.30
   买入价格 50.07 收益: 9876.00, 佣金: 209.88
现有现金 102009.65

 600167 申请价格: 14.06, 买入数量: 4700
✅ 600167 2013-05-06 买入成交: 4700股 @ 13.51
   成本: 63497.00, 佣金: 190.49
现有现金 38322.16


- - - - - - - - - - - - - - - - - - - - - - - - -
调整各股现金额度 68098.83
pre_rebalance  2013-05-06
⭕ 600167 2013-05-07 卖出成交: -4700股 @ 13.62
   买入价格 13.51 收益: 517.00, 佣金: 192.04
现有现金 102144.12

 000700 申请价格: 47.60, 买入数量: 1400
✅ 000700 2013-05-08 买入成交: 1400股 @ 45.91
   成本: 64274.00, 佣金: 192.82
现有现金 37677.30


- - - - - - - - - - - - - - - - - - - - - - - - -
调整各股现金额度 68915.46
pre_rebalance  2013-05-13
pre_rebalance  2013-05-20
⭕ 002331 2013-05-21 卖出成交: -1900股 @ 40.20
   买入价格 31.39 收益: 16739.00, 佣金: 229.14
现有现金 113828.16

 000019 申请价格: 22.69, 买入数量: 3000
✅ 000019 2013-05-22 买入成交: 3000股 @ 21.79
   成本: 65370.00, 佣金: 196.11
现有现金 48262.05


- - - - - - - - - - - - - - - - - - - - - - - - -
调整各股现金额度 73725.21
pre_rebalance  2013-05-27
pre_rebalance  2013-06-03
⭕ 000019 2013-06-04 卖出成交: -3000股 @ 21.53
   买入价格 21.79 收益: -780.00, 佣金: 193.77
现有现金 112658.28

 002159 申请价格: 25.18, 买入数量: 2900
✅ 002159 2013-06-05 买入成交: 2900股 @ 24.12
   成本: 69948.00, 佣金: 209.84
现有现金 42500.44


- - - - - - - - - - - - - - - - - - - - - - - - -
调整各股现金额度 68567.09
pre_rebalance  2013-06-13
⭕ 002159 2013-06-14 卖出成交: -2900股 @ 24.28
   买入价格 24.12 收益: 464.00, 佣金: 211.24
现有现金 112701.20

 002331 申请价格: 35.73, 买入数量: 1900
✅ 002331 2013-06-17 买入成交: 1900股 @ 34.10
   成本: 64790.00, 佣金: 194.37
现有现金 47716.83


- - - - - - - - - - - - - - - - - - - - - - - - -
调整各股现金额度 69455.37
pre_rebalance  2013-06-17
pre_rebalance  2013-06-24
⭕ 002331 2013-06-25 卖出成交: -1900股 @ 39.28
   买入价格 34.1 收益: 9842.00, 佣金: 223.90
现有现金 122124.93

 002159 申请价格: 22.63, 买入数量: 3000
✅ 002159 2013-06-26 买入成交: 3000股 @ 21.70
   成本: 65100.00, 佣金: 195.30
现有现金 56829.63


- - - - - - - - - - - - - - - - - - - - - - - - -
调整各股现金额度 65609.93
pre_rebalance  2013-07-01
⭕ 002159 2013-07-02 卖出成交: -3000股 @ 22.10
   买入价格 21.7 收益: 1200.00, 佣金: 198.90
现有现金 122930.73

 600738 申请价格: 29.96, 买入数量: 2100
✅ 600738 2013-07-03 买入成交: 2100股 @ 27.97
   成本: 58737.00, 佣金: 176.21
现有现金 64017.52


- - - - - - - - - - - - - - - - - - - - - - - - -
调整各股现金额度 65365.70
pre_rebalance  2013-07-08
⭕ 600738 2013-07-09 卖出成交: -2100股 @ 27.42
   买入价格 27.97 收益: -1155.00, 佣金: 172.75
现有现金 121426.78

 002159 申请价格: 22.85, 买入数量: 2800
✅ 002159 2013-07-10 买入成交: 2800股 @ 22.19
   成本: 62132.00, 佣金: 186.40
现有现金 59108.38


- - - - - - - - - - - - - - - - - - - - - - - - -
调整各股现金额度 69303.68
pre_rebalance  2013-07-15
⭕ 000700 2013-07-16 卖出成交: -1400股 @ 46.04
   买入价格 45.91 收益: 182.00, 佣金: 193.37
现有现金 123371.01

 600738 申请价格: 31.17, 买入数量: 2200
✅ 600738 2013-07-17 买入成交: 2200股 @ 28.86
   成本: 63492.00, 佣金: 190.48
现有现金 59688.54


- - - - - - - - - - - - - - - - - - - - - - - - -
调整各股现金额度 69542.11
pre_rebalance  2013-07-22
⭕ 600738 2013-07-23 卖出成交: -2200股 @ 30.08
   买入价格 28.86 收益: 2684.00, 佣金: 198.53
现有现金 125666.01

 000700 申请价格: 48.96, 买入数量: 1400
✅ 000700 2013-07-24 买入成交: 1400股 @ 46.55
   成本: 65170.00, 佣金: 195.51
现有现金 60300.50


- - - - - - - - - - - - - - - - - - - - - - - - -
调整各股现金额度 68318.50
pre_rebalance  2013-07-29
pre_rebalance  2013-08-05
⭕ 000700 2013-08-06 卖出成交: -1400股 @ 49.52
   买入价格 46.55 收益: 4158.00, 佣金: 207.98
现有现金 129420.51

 000019 申请价格: 21.98, 买入数量: 3100
✅ 000019 2013-08-07 买入成交: 3100股 @ 21.04
   成本: 65224.00, 佣金: 195.67
现有现金 64000.84


- - - - - - - - - - - - - - - - - - - - - - - - -
调整各股现金额度 73837.97
pre_rebalance  2013-08-12
pre_rebalance  2013-08-19
pre_rebalance  2013-08-26
pre_rebalance  2013-09-02
⭕ 000802 2013-09-03 卖出成交: -4000股 @ 21.25
   买入价格 14.25 收益: 28000.00, 佣金: 255.00
现有现金 148745.84

 600738 申请价格: 33.27, 买入数量: 2200
✅ 600738 2013-09-04 买入成交: 2200股 @ 31.64
   成本: 69608.00, 佣金: 208.82
现有现金 78929.02


- - - - - - - - - - - - - - - - - - - - - - - - -
调整各股现金额度 79344.20
pre_rebalance  2013-09-09
⭕ 600738 2013-09-10 卖出成交: -2200股 @ 32.03
   买入价格 31.64 收益: 858.00, 佣金: 211.40
现有现金 149183.62

 000802 申请价格: 23.50, 买入数量: 3300
✅ 000802 2013-09-11 买入成交: 3300股 @ 22.01
   成本: 72633.00, 佣金: 217.90
现有现金 76332.72


- - - - - - - - - - - - - - - - - - - - - - - - -
调整各股现金额度 79782.74
pre_rebalance  2013-09-16
⭕ 000019 2013-09-17 卖出成交: -3100股 @ 21.76
   买入价格 21.04 收益: 2232.00, 佣金: 202.37
现有现金 143586.35

 600738 申请价格: 33.75, 买入数量: 2300
✅ 600738 2013-09-18 买入成交: 2300股 @ 32.80
   成本: 75440.00, 佣金: 226.32
现有现金 67920.03


- - - - - - - - - - - - - - - - - - - - - - - - -
调整各股现金额度 78198.21
pre_rebalance  2013-09-23
⭕ 000802 2013-09-24 卖出成交: -3300股 @ 21.73
   买入价格 22.01 收益: -924.00, 佣金: 215.13
现有现金 139413.91

 000019 申请价格: 22.66, 买入数量: 3400
✅ 000019 2013-09-25 买入成交: 3400股 @ 21.44
   成本: 72896.00, 佣金: 218.69
现有现金 66299.22


- - - - - - - - - - - - - - - - - - - - - - - - -
调整各股现金额度 77300.04
pre_rebalance  2013-09-30
⭕ 600738 2013-10-08 卖出成交: -2300股 @ 32.47
   买入价格 32.8 收益: -759.00, 佣金: 224.04
现有现金 140756.18

pre_rebalance  2013-10-08
 002331 申请价格: 41.59, 买入数量: 1800
✅ 002331 2013-10-10 买入成交: 1800股 @ 39.76
   成本: 71568.00, 佣金: 214.70
现有现金 68973.47


- - - - - - - - - - - - - - - - - - - - - - - - -
调整各股现金额度 80385.49
pre_rebalance  2013-10-14
⭕ 002331 2013-10-15 卖出成交: -1800股 @ 39.17
   买入价格 39.76 收益: -1062.00, 佣金: 211.52
现有现金 139267.95

 600738 申请价格: 35.85, 买入数量: 2200
✅ 600738 2013-10-16 买入成交: 2200股 @ 32.86
   成本: 72292.00, 佣金: 216.88
现有现金 66759.08


- - - - - - - - - - - - - - - - - - - - - - - - -
调整各股现金额度 79466.22
pre_rebalance  2013-10-21
pre_rebalance  2013-10-28
⭕ 600738 2013-10-29 卖出成交: -2200股 @ 30.31
   买入价格 32.86 收益: -5610.00, 佣金: 200.05
现有现金 133241.03

 002331 申请价格: 35.11, 买入数量: 2200
✅ 002331 2013-10-30 买入成交: 2200股 @ 33.85
   成本: 74470.00, 佣金: 223.41
现有现金 58547.62


- - - - - - - - - - - - - - - - - - - - - - - - -
调整各股现金额度 74888.32
pre_rebalance  2013-11-04
pre_rebalance  2013-11-11
pre_rebalance  2013-11-18
pre_rebalance  2013-11-25
pre_rebalance  2013-12-02
⭕ 002696 2013-12-03 卖出成交: -3200股 @ 21.38
   买入价格 19.96 收益: 4544.00, 佣金: 205.25
现有现金 126758.37

 600738 申请价格: 37.94, 买入数量: 1900
✅ 600738 2013-12-04 买入成交: 1900股 @ 35.63
   成本: 67697.00, 佣金: 203.09
现有现金 58858.28


- - - - - - - - - - - - - - - - - - - - - - - - -
调整各股现金额度 78456.86
pre_rebalance  2013-12-18
⭕ 600738 2013-12-19 卖出成交: -1900股 @ 34.69
   买入价格 35.63 收益: -1786.00, 佣金: 197.73
现有现金 124571.55

 002696 申请价格: 24.16, 买入数量: 3200
✅ 002696 2013-12-20 买入成交: 3200股 @ 22.94
   成本: 73408.00, 佣金: 220.22
现有现金 50943.33


- - - - - - - - - - - - - - - - - - - - - - - - -
调整各股现金额度 75824.67
pre_rebalance  2013-12-23
pre_rebalance  2013-12-30

==================================================
策略执行总结:
==================================================
交易过股票：
000019 深粮控股 贸易行业 收益率 -0.80%
002331 皖通科技 互联网服务 收益率 62.59%
600738 丽尚国潮 商业百货 收益率 -14.46%
000802 北京文化 文化传媒 收益率 47.23%
600167 联美控股 公用事业 收益率 1.78%
002696 百洋股份 农牧饲渔 收益率 5.25%
000700 模塑科技 汽车零部件 收益率 8.00%
000892 欢瑞世纪 文化传媒 收益率 28.33%
000524 岭南控股 旅游酒店 收益率 -12.90%
002159 三特索道 旅游酒店 收益率 38.83%
600571 信雅达 互联网服务 收益率 16.44%

初始资金: 300000.00
最终价值: 385913.33
总收益率: 28.64%
cerebro run 10.38s
最终投资组合价值: 385913.33

🔍 策略表现:
累计收益: 28.64%
年化收益: 29.84%
夏普比率: 1.325
最大回撤: -13.45%

==================================================


2014 年
筛选净利润增长率连续3年 > 20%
符合增长率 > 20% 的共有128只
load_stock_list 7.36s
符合条件股票 106 个
筛选市值最小的 30 只股票
filter codes 2.38s
cerebro adddata 2.59s
初始投资组合价值: 30.00 万
pre_rebalance  2013-12-30
 600452 申请价格: 13.32, 买入数量: 4500
 600738 申请价格: 34.91, 买入数量: 1700
 600167 申请价格: 14.11, 买入数量: 4200
 000065 申请价格: 77.53, 买入数量: 700
 000705 申请价格: 43.61, 买入数量: 1300
✅ 600452 2013-12-31 买入成交: 4500股 @ 12.17
   成本: 54765.00, 佣金: 164.29
现有现金 25243.19

✅ 600738 2013-12-31 买入成交: 1700股 @ 33.52
   成本: 56984.00, 佣金: 170.95
现有现金 25243.19

✅ 600167 2013-12-31 买入成交: 4200股 @ 13.57
   成本: 56994.00, 佣金: 170.98
现有现金 25243.19

✅ 000065 2013-12-31 买入成交: 700股 @ 73.89
   成本: 51723.00, 佣金: 155.17
现有现金 25243.19

✅ 000705 2013-12-31 买入成交: 1300股 @ 41.13
   成本: 53469.00, 佣金: 160.41
现有现金 25243.19


- - - - - - - - - - - - - - - - - - - - - - - - -
调整各股现金额度 58046.44
pre_rebalance  2014-01-06
pre_rebalance  2014-01-13
⭕ 000065 2014-01-14 卖出成交: -700股 @ 70.97
   买入价格 73.89 收益: -2044.00, 佣金: 149.04
现有现金 74773.16

 002116 申请价格: 28.97, 买入数量: 2000
✅ 002116 2014-01-15 买入成交: 2000股 @ 27.71
   成本: 55420.00, 佣金: 166.26
现有现金 19186.90


- - - - - - - - - - - - - - - - - - - - - - - - -
调整各股现金额度 58994.38
pre_rebalance  2014-01-20
⭕ 002116 2014-01-21 卖出成交: -2000股 @ 27.33
   买入价格 27.71 收益: -760.00, 佣金: 163.98
现有现金 73682.92

 600692 申请价格: 105.24, 买入数量: 500
✅ 600692 2014-01-22 买入成交: 500股 @ 102.66
   成本: 51330.00, 佣金: 153.99
现有现金 22198.93


- - - - - - - - - - - - - - - - - - - - - - - - -
调整各股现金额度 61978.19
pre_rebalance  2014-01-27
pre_rebalance  2014-02-07
⭕ 000705 2014-02-10 卖出成交: -1300股 @ 48.56
   买入价格 41.13 收益: 9659.00, 佣金: 189.38
现有现金 85137.54

pre_rebalance  2014-02-10
 600697 申请价格: 52.90, 买入数量: 1100
✅ 600697 2014-02-12 买入成交: 1100股 @ 50.66
   成本: 55726.00, 佣金: 167.18
现有现金 29244.37


- - - - - - - - - - - - - - - - - - - - - - - - -
调整各股现金额度 66061.27
pre_rebalance  2014-02-17
pre_rebalance  2014-02-24
pre_rebalance  2014-03-03
pre_rebalance  2014-03-10
pre_rebalance  2014-03-17
⭕ 600692 2014-03-18 卖出成交: -500股 @ 120.92
   买入价格 102.66 收益: 9130.00, 佣金: 181.38
现有现金 89522.99

 000639 申请价格: 43.71, 买入数量: 1500
✅ 000639 2014-03-19 买入成交: 1500股 @ 41.16
   成本: 61740.00, 佣金: 185.22
现有现金 27597.77


- - - - - - - - - - - - - - - - - - - - - - - - -
调整各股现金额度 66913.35
pre_rebalance  2014-03-24
pre_rebalance  2014-03-31
pre_rebalance  2014-04-08
pre_rebalance  2014-04-14
⭕ 000639 2014-04-15 卖出成交: -1500股 @ 39.73
   买入价格 41.16 收益: -2145.00, 佣金: 178.78
现有现金 87013.98

 000705 申请价格: 47.80, 买入数量: 1300
✅ 000705 2014-04-16 买入成交: 1300股 @ 45.58
   成本: 59254.00, 佣金: 177.76
现有现金 27582.22


- - - - - - - - - - - - - - - - - - - - - - - - -
调整各股现金额度 66510.84
pre_rebalance  2014-04-21
pre_rebalance  2014-04-28
pre_rebalance  2014-05-05
pre_rebalance  2014-05-12
pre_rebalance  2014-05-19
pre_rebalance  2014-05-26
pre_rebalance  2014-06-03
⭕ 600697 2014-06-04 卖出成交: -1100股 @ 50.66
   买入价格 50.66 收益: 0.00, 佣金: 167.18
现有现金 83141.04

 000639 申请价格: 38.97, 买入数量: 1700
✅ 000639 2014-06-05 买入成交: 1700股 @ 37.06
   成本: 63002.00, 佣金: 189.01
现有现金 19950.03


- - - - - - - - - - - - - - - - - - - - - - - - -
调整各股现金额度 63460.01
pre_rebalance  2014-06-09
pre_rebalance  2014-06-16
pre_rebalance  2014-06-23
pre_rebalance  2014-06-30
pre_rebalance  2014-07-07
pre_rebalance  2014-07-14
pre_rebalance  2014-07-21
pre_rebalance  2014-07-28
pre_rebalance  2014-08-04
pre_rebalance  2014-08-11
⭕ 000705 2014-08-12 卖出成交: -1300股 @ 48.81
   买入价格 45.58 收益: 4199.00, 佣金: 190.36
现有现金 83212.68

 600697 申请价格: 55.45, 买入数量: 1100
✅ 600697 2014-08-13 买入成交: 1100股 @ 53.10
   成本: 58410.00, 佣金: 175.23
现有现金 24627.45


- - - - - - - - - - - - - - - - - - - - - - - - -
调整各股现金额度 68385.50
pre_rebalance  2014-08-18
⭕ 600697 2014-08-19 卖出成交: -1100股 @ 54.02
   买入价格 53.1 收益: 1012.00, 佣金: 178.27
现有现金 83871.18

 000705 申请价格: 53.21, 买入数量: 1200
✅ 000705 2014-08-20 买入成交: 1200股 @ 53.28
   成本: 63936.00, 佣金: 191.81
现有现金 19743.37


- - - - - - - - - - - - - - - - - - - - - - - - -
调整各股现金额度 72334.17
pre_rebalance  2014-08-25
⭕ 000639 2014-08-26 卖出成交: -1700股 @ 42.06
   买入价格 37.06 收益: 8500.00, 佣金: 214.51
现有现金 153578.66

⭕ 000705 2014-08-26 卖出成交: -1200股 @ 52.28
   买入价格 53.28 收益: -1200.00, 佣金: 188.21
现有现金 153578.66

 600697 申请价格: 57.45, 买入数量: 1200
 000056 申请价格: 36.08, 买入数量: 2000
✅ 600697 2014-08-27 买入成交: 1200股 @ 54.39
   成本: 65268.00, 佣金: 195.80
现有现金 20171.63

✅ 000056 2014-08-27 买入成交: 2000股 @ 33.87
   成本: 67740.00, 佣金: 203.22
现有现金 20171.63


- - - - - - - - - - - - - - - - - - - - - - - - -
调整各股现金额度 73948.73
pre_rebalance  2014-09-01
pre_rebalance  2014-09-09
⭕ 000056 2014-09-10 卖出成交: -2000股 @ 37.78
   买入价格 33.87 收益: 7820.00, 佣金: 226.68
现有现金 95504.95

 000639 申请价格: 51.59, 买入数量: 1400
✅ 000639 2014-09-11 买入成交: 1400股 @ 48.94
   成本: 68516.00, 佣金: 205.55
现有现金 26783.41


- - - - - - - - - - - - - - - - - - - - - - - - -
调整各股现金额度 79305.41
pre_rebalance  2014-09-15
⭕ 000639 2014-09-16 卖出成交: -1400股 @ 48.72
   买入价格 48.94 收益: -308.00, 佣金: 204.62
现有现金 94786.78

 600692 申请价格: 136.63, 买入数量: 500
✅ 600692 2014-09-17 买入成交: 500股 @ 143.10
   成本: 71550.00, 佣金: 214.65
现有现金 23022.13


- - - - - - - - - - - - - - - - - - - - - - - - -
调整各股现金额度 78911.23
pre_rebalance  2014-09-22
⭕ 600692 2014-09-23 卖出成交: -500股 @ 147.97
   买入价格 143.1 收益: 2435.00, 佣金: 221.95
现有现金 96785.18

  ⛔警告：600621至少需要 246886.50 现金不足，无法买入

- - - - - - - - - - - - - - - - - - - - - - - - -
调整各股现金额度 83271.64
pre_rebalance  2014-09-29
 000639 申请价格: 50.25, 买入数量: 1600
✅ 000639 2014-10-08 买入成交: 1600股 @ 51.69
   成本: 82704.00, 佣金: 248.11
现有现金 13833.07


- - - - - - - - - - - - - - - - - - - - - - - - -
调整各股现金额度 84339.61
pre_rebalance  2014-10-08
pre_rebalance  2014-10-13
pre_rebalance  2014-10-20
⭕ 000639 2014-10-21 卖出成交: -1600股 @ 51.56
   买入价格 51.69 收益: -208.00, 佣金: 247.49
现有现金 96081.58

  ⛔警告：600621至少需要 243894.00 现金不足，无法买入

- - - - - - - - - - - - - - - - - - - - - - - - -
调整各股现金额度 79924.12
pre_rebalance  2014-10-27
pre_rebalance  2014-11-03
 000639 申请价格: 53.09, 买入数量: 1500
✅ 000639 2014-11-05 买入成交: 1500股 @ 49.40
   成本: 74100.00, 佣金: 222.30
现有现金 21759.28


- - - - - - - - - - - - - - - - - - - - - - - - -
调整各股现金额度 83061.26
pre_rebalance  2014-11-10
pre_rebalance  2014-11-17
pre_rebalance  2014-11-24
⭕ 000639 2014-11-25 卖出成交: -1500股 @ 48.51
   买入价格 49.4 收益: -1335.00, 佣金: 218.29
现有现金 94305.98

 000705 申请价格: 63.64, 买入数量: 1300
✅ 000705 2014-11-26 买入成交: 1300股 @ 59.74
   成本: 77662.00, 佣金: 232.99
现有现金 16411.00


- - - - - - - - - - - - - - - - - - - - - - - - -
调整各股现金额度 85664.40
pre_rebalance  2014-12-01
pre_rebalance  2014-12-08
⭕ 000705 2014-12-09 卖出成交: -1300股 @ 54.31
   买入价格 59.74 收益: -7059.00, 佣金: 211.81
现有现金 86802.19

 000639 申请价格: 48.60, 买入数量: 1700
✅ 000639 2014-12-10 买入成交: 1700股 @ 47.35
   成本: 80495.00, 佣金: 241.49
现有现金 6065.70


- - - - - - - - - - - - - - - - - - - - - - - - -
调整各股现金额度 85655.14
pre_rebalance  2014-12-15
pre_rebalance  2014-12-22
pre_rebalance  2014-12-29
⭕ 600697 2014-12-30 卖出成交: -1200股 @ 72.17
   买入价格 54.39 收益: 21336.00, 佣金: 259.81
现有现金 92409.89

 000705 申请价格: 57.37, 买入数量: 1400
✅ 000705 2014-12-31 买入成交: 1400股 @ 55.07
   成本: 77098.00, 佣金: 231.29
现有现金 15080.60


==================================================
策略执行总结:
==================================================
交易过股票：
600452 涪陵电力 电力行业 收益率 100.82%
600697 欧亚集团 商业百货 收益率 34.99%
000056 皇庭国际 房地产服务 收益率 11.54%
000705 浙江震元 医药商业 收益率 12.78%
000639 西王食品 食品饮料 收益率 -1.34%
600167 联美控股 公用事业 收益率 31.39%
002116 中国海诚 工程咨询服务 收益率 -1.37%
000065 北方国际 工程建设 收益率 -3.95%
600621 华鑫股份 证券 收益率 0.00%
600692 亚通股份 房地产开发 收益率 21.80%
600738 丽尚国潮 商业百货 收益率 19.63%

初始资金: 300000.00
最终价值: 419555.60
总收益率: 39.85%
cerebro run 12.13s
最终投资组合价值: 419555.60

🔍 策略表现:
累计收益: 39.85%
年化收益: 40.23%
夏普比率: 1.869
最大回撤: -11.41%

==================================================


2015 年
筛选净利润增长率连续3年 > 20%
符合增长率 > 20% 的共有151只
load_stock_list 7.40s
符合条件股票 80 个
筛选市值最小的 30 只股票
filter codes 2.46s
cerebro adddata 2.68s
初始投资组合价值: 30.00 万
pre_rebalance  2015-01-12
 000838 申请价格: 30.93, 买入数量: 1900
 600452 申请价格: 24.48, 买入数量: 2400
 600730 申请价格: 29.83, 买入数量: 2000
 000637 申请价格: 100.51, 买入数量: 500
 600697 申请价格: 78.36, 买入数量: 700
✅ 000838 2015-01-13 买入成交: 1900股 @ 29.98
   成本: 56962.00, 佣金: 170.89
现有现金 23692.56

✅ 600452 2015-01-13 买入成交: 2400股 @ 23.52
   成本: 56448.00, 佣金: 169.34
现有现金 23692.56

✅ 600730 2015-01-13 买入成交: 2000股 @ 29.03
   成本: 58060.00, 佣金: 174.18
现有现金 23692.56

✅ 000637 2015-01-13 买入成交: 500股 @ 96.33
   成本: 48165.00, 佣金: 144.50
现有现金 23692.56

✅ 600697 2015-01-13 买入成交: 700股 @ 79.78
   成本: 55846.00, 佣金: 167.54
现有现金 23692.56


- - - - - - - - - - - - - - - - - - - - - - - - -
调整各股现金额度 58619.11
pre_rebalance  2015-01-19
⭕ 600697 2015-01-20 卖出成交: -700股 @ 74.20
   买入价格 79.78 收益: -3906.00, 佣金: 155.82
现有现金 75476.74

 600692 申请价格: 143.72, 买入数量: 400
✅ 600692 2015-01-21 买入成交: 400股 @ 146.62
   成本: 58648.00, 佣金: 175.94
现有现金 16652.79


- - - - - - - - - - - - - - - - - - - - - - - - -
调整各股现金额度 61949.67
pre_rebalance  2015-01-26
pre_rebalance  2015-02-02
⭕ 600692 2015-02-03 卖出成交: -400股 @ 148.51
   买入价格 146.62 收益: 756.00, 佣金: 178.21
现有现金 75878.58

 600116 申请价格: 28.69, 买入数量: 2100
✅ 600116 2015-02-04 买入成交: 2100股 @ 26.82
   成本: 56322.00, 佣金: 168.97
现有现金 19387.61


- - - - - - - - - - - - - - - - - - - - - - - - -
调整各股现金额度 61472.92
pre_rebalance  2015-02-09
pre_rebalance  2015-02-16
⭕ 600116 2015-02-17 卖出成交: -2100股 @ 31.96
   买入价格 26.82 收益: 10794.00, 佣金: 201.35
现有现金 86302.27

 600692 申请价格: 159.63, 买入数量: 300
✅ 600692 2015-02-25 买入成交: 300股 @ 150.81
   成本: 45243.00, 佣金: 135.73
现有现金 40923.54


- - - - - - - - - - - - - - - - - - - - - - - - -
调整各股现金额度 68465.71
pre_rebalance  2015-02-25
pre_rebalance  2015-03-02
pre_rebalance  2015-03-09
pre_rebalance  2015-03-16
⭕ 600692 2015-03-17 卖出成交: -300股 @ 178.95
   买入价格 150.81 收益: 8442.00, 佣金: 161.06
现有现金 94447.48

 600697 申请价格: 84.48, 买入数量: 800
✅ 600697 2015-03-18 买入成交: 800股 @ 80.84
   成本: 64672.00, 佣金: 194.02
现有现金 29581.47


- - - - - - - - - - - - - - - - - - - - - - - - -
调整各股现金额度 74382.00
pre_rebalance  2015-03-23
⭕ 600730 2015-03-24 卖出成交: -2000股 @ 42.41
   买入价格 29.03 收益: 26760.00, 佣金: 254.46
现有现金 114147.01

 600692 申请价格: 193.29, 买入数量: 300
✅ 600692 2015-03-25 买入成交: 300股 @ 183.41
   成本: 55023.00, 佣金: 165.07
现有现金 58958.94


- - - - - - - - - - - - - - - - - - - - - - - - -
调整各股现金额度 85377.19
pre_rebalance  2015-03-30
⭕ 600692 2015-03-31 卖出成交: -300股 @ 178.00
   买入价格 183.41 收益: -1623.00, 佣金: 160.20
现有现金 112198.74

 600730 申请价格: 42.48, 买入数量: 2000
✅ 600730 2015-04-01 买入成交: 2000股 @ 43.30
   成本: 86600.00, 佣金: 259.80
现有现金 25338.94


- - - - - - - - - - - - - - - - - - - - - - - - -
调整各股现金额度 87762.39
pre_rebalance  2015-04-07
⭕ 600730 2015-04-08 卖出成交: -2000股 @ 45.74
   买入价格 43.3 收益: 4880.00, 佣金: 274.44
现有现金 116544.50

 600692 申请价格: 197.13, 买入数量: 400
✅ 600692 2015-04-09 买入成交: 400股 @ 183.95
   成本: 73580.00, 佣金: 220.74
现有现金 42743.76


- - - - - - - - - - - - - - - - - - - - - - - - -
调整各股现金额度 89538.75
pre_rebalance  2015-04-13
pre_rebalance  2015-04-20
⭕ 600692 2015-04-21 卖出成交: -400股 @ 200.18
   买入价格 183.95 收益: 6492.00, 佣金: 240.22
现有现金 122575.54

 600730 申请价格: 54.77, 买入数量: 1600
✅ 600730 2015-04-22 买入成交: 1600股 @ 54.65
   成本: 87440.00, 佣金: 262.32
现有现金 34873.22


- - - - - - - - - - - - - - - - - - - - - - - - -
调整各股现金额度 92428.64
pre_rebalance  2015-04-27
⭕ 600730 2015-04-28 卖出成交: -1600股 @ 50.94
   买入价格 54.65 收益: -5936.00, 佣金: 244.51
现有现金 116132.71

 600692 申请价格: 222.68, 买入数量: 400
✅ 600692 2015-04-29 买入成交: 400股 @ 216.95
   成本: 86780.00, 佣金: 260.34
现有现金 29092.37


- - - - - - - - - - - - - - - - - - - - - - - - -
调整各股现金额度 94872.87
pre_rebalance  2015-05-04
pre_rebalance  2015-05-11
pre_rebalance  2015-05-18
pre_rebalance  2015-05-25
pre_rebalance  2015-06-01
pre_rebalance  2015-06-08
pre_rebalance  2015-06-15
⭕ 600692 2015-06-16 卖出成交: -400股 @ 293.51
   买入价格 216.95 收益: 30624.00, 佣金: 352.21
现有现金 146144.16

 600116 申请价格: 44.19, 买入数量: 2100
✅ 600116 2015-06-17 买入成交: 2100股 @ 43.83
   成本: 92043.00, 佣金: 276.13
现有现金 53825.03


- - - - - - - - - - - - - - - - - - - - - - - - -
调整各股现金额度 105637.88
pre_rebalance  2015-06-23
pre_rebalance  2015-06-29
pre_rebalance  2015-07-06
⭕ 000637 2015-07-07 卖出成交: -500股 @ 129.24
   买入价格 96.33 收益: 16455.00, 佣金: 193.86
现有现金 167620.61

⭕ 600116 2015-07-07 卖出成交: -2100股 @ 23.58
   买入价格 43.83 收益: -42525.00, 佣金: 148.55
现有现金 167620.61

 002391 申请价格: 47.39, 买入数量: 2200
 002521 申请价格: 30.64, 买入数量: 3400
❌ 002521 订单失败: Margin
   保证金不足

✅ 002391 2015-07-08 买入成交: 2200股 @ 45.94
   成本: 101068.00, 佣金: 303.20
现有现金 66249.41


- - - - - - - - - - - - - - - - - - - - - - - - -
调整各股现金额度 89853.08
pre_rebalance  2015-07-13
⭕ 002391 2015-07-14 卖出成交: -2200股 @ 58.76
   买入价格 45.94 收益: 28204.00, 佣金: 387.82
现有现金 195133.60

 600313 申请价格: 22.27, 买入数量: 4000
 600405 申请价格: 81.95, 买入数量: 1000
✅ 600313 2015-07-15 买入成交: 4000股 @ 20.18
   成本: 80720.00, 佣金: 242.16
现有现金 43730.74

✅ 600405 2015-07-15 买入成交: 1000股 @ 70.23
   成本: 70230.00, 佣金: 210.69
现有现金 43730.74


- - - - - - - - - - - - - - - - - - - - - - - - -
调整各股现金额度 98599.23
pre_rebalance  2015-07-20
⭕ 600697 2015-07-21 卖出成交: -800股 @ 82.09
   买入价格 80.84 收益: 1000.00, 佣金: 197.02
现有现金 109205.73

 002521 申请价格: 39.49, 买入数量: 2400
✅ 002521 2015-07-22 买入成交: 2400股 @ 37.34
   成本: 89616.00, 佣金: 268.85
现有现金 19320.88


- - - - - - - - - - - - - - - - - - - - - - - - -
调整各股现金额度 99567.58
pre_rebalance  2015-07-27
⭕ 600405 2015-07-28 卖出成交: -1000股 @ 68.61
   买入价格 70.23 收益: -1620.00, 佣金: 205.83
现有现金 169199.89

⭕ 002521 2015-07-28 卖出成交: -2400股 @ 34.05
   买入价格 37.34 收益: -7896.00, 佣金: 245.16
现有现金 169199.89

 600697 申请价格: 76.59, 买入数量: 1300
 600692 申请价格: 170.00, 买入数量: 500
 600116 申请价格: 27.69, 买入数量: 3500
❌ 600692 订单失败: Margin
   保证金不足

❌ 600116 订单失败: Margin
   保证金不足

✅ 600697 2015-07-29 买入成交: 1300股 @ 75.87
   成本: 98631.00, 佣金: 295.89
现有现金 70273.00

⭕ 600313 2015-07-31 卖出成交: -4000股 @ 26.27
   买入价格 20.18 收益: 24360.00, 佣金: 315.24
现有现金 175037.76


- - - - - - - - - - - - - - - - - - - - - - - - -
调整各股现金额度 96190.15
pre_rebalance  2015-08-03
 000637 申请价格: 127.64, 买入数量: 700
✅ 000637 2015-08-05 买入成交: 700股 @ 120.64
   成本: 84448.00, 佣金: 253.34
现有现金 90336.41


- - - - - - - - - - - - - - - - - - - - - - - - -
调整各股现金额度 109211.68
pre_rebalance  2015-08-10
 600692 申请价格: 190.02, 买入数量: 500
❌ 600692 订单失败: Margin
   保证金不足


- - - - - - - - - - - - - - - - - - - - - - - - -
调整各股现金额度 120051.68
pre_rebalance  2015-08-17
⭕ 000838 2015-08-18 卖出成交: -1900股 @ 92.36
   买入价格 29.98 收益: 118522.00, 佣金: 526.45
现有现金 265293.96

 600405 申请价格: 78.34, 买入数量: 1500
✅ 600405 2015-08-19 买入成交: 1500股 @ 75.48
   成本: 113220.00, 佣金: 339.66
现有现金 151734.30


- - - - - - - - - - - - - - - - - - - - - - - - -
调整各股现金额度 97749.46
pre_rebalance  2015-08-24
pre_rebalance  2015-08-31
⭕ 000637 2015-09-01 卖出成交: -700股 @ 94.55
   买入价格 120.64 收益: -18263.00, 佣金: 198.56
现有现金 290327.27

⭕ 600405 2015-09-01 卖出成交: -1500股 @ 48.55
   买入价格 75.48 收益: -40395.00, 佣金: 218.47
现有现金 290327.27

 600313 申请价格: 19.38, 买入数量: 5000
 002469 申请价格: 63.77, 买入数量: 1500
✅ 600313 2015-09-02 买入成交: 5000股 @ 16.61
   成本: 83050.00, 佣金: 249.15
现有现金 120654.78

✅ 002469 2015-09-02 买入成交: 1500股 @ 57.41
   成本: 86115.00, 佣金: 258.34
现有现金 120654.78


- - - - - - - - - - - - - - - - - - - - - - - - -
调整各股现金额度 88356.96
pre_rebalance  2015-09-07
⭕ 600697 2015-09-08 卖出成交: -1300股 @ 68.40
   买入价格 75.87 收益: -9711.00, 佣金: 266.76
现有现金 396704.14

⭕ 600313 2015-09-08 卖出成交: -5000股 @ 18.59
   买入价格 16.61 收益: 9900.00, 佣金: 278.85
现有现金 396704.14

⭕ 002469 2015-09-08 卖出成交: -1500股 @ 63.34
   买入价格 57.41 收益: 8895.00, 佣金: 285.03
现有现金 396704.14

 000838 申请价格: 58.54, 买入数量: 1500
 600405 申请价格: 51.77, 买入数量: 1700
 000637 申请价格: 103.30, 买入数量: 800
 000716 申请价格: 22.12, 买入数量: 3900
✅ 000838 2015-09-09 买入成交: 1500股 @ 61.33
   成本: 91995.00, 佣金: 275.99
现有现金 41200.82

✅ 600405 2015-09-09 买入成交: 1700股 @ 54.24
   成本: 92208.00, 佣金: 276.62
现有现金 41200.82

✅ 000637 2015-09-09 买入成交: 800股 @ 103.45
   成本: 82760.00, 佣金: 248.28
现有现金 41200.82

✅ 000716 2015-09-09 买入成交: 3900股 @ 22.43
   成本: 87477.00, 佣金: 262.43
现有现金 41200.82


- - - - - - - - - - - - - - - - - - - - - - - - -
调整各股现金额度 85249.36
pre_rebalance  2015-09-14
pre_rebalance  2015-09-21
pre_rebalance  2015-09-28
pre_rebalance  2015-10-08
⭕ 000838 2015-10-09 卖出成交: -1500股 @ 59.69
   买入价格 61.33 收益: -2460.00, 佣金: 268.61
现有现金 249076.31

⭕ 600405 2015-10-09 卖出成交: -1700股 @ 69.98
   买入价格 54.24 收益: 26758.00, 佣金: 356.90
现有现金 249076.31

 600697 申请价格: 73.93, 买入数量: 1100
 000790 申请价格: 86.07, 买入数量: 900
✅ 600697 2015-10-12 买入成交: 1100股 @ 72.47
   成本: 79717.00, 佣金: 239.15
现有现金 91524.07

✅ 000790 2015-10-12 买入成交: 900股 @ 85.96
   成本: 77364.00, 佣金: 232.09
现有现金 91524.07


- - - - - - - - - - - - - - - - - - - - - - - - -
调整各股现金额度 98734.41
pre_rebalance  2015-10-12
pre_rebalance  2015-10-19
pre_rebalance  2015-10-26
pre_rebalance  2015-11-02
pre_rebalance  2015-11-09
pre_rebalance  2015-11-16
⭕ 000790 2015-11-17 卖出成交: -900股 @ 119.30
   买入价格 85.96 收益: 30006.00, 佣金: 322.11
现有现金 198571.96

 002469 申请价格: 86.56, 买入数量: 1100
✅ 002469 2015-11-18 买入成交: 1100股 @ 86.43
   成本: 95073.00, 佣金: 285.22
现有现金 103213.74


- - - - - - - - - - - - - - - - - - - - - - - - -
调整各股现金额度 114824.35
pre_rebalance  2015-11-23
⭕ 002469 2015-11-24 卖出成交: -1100股 @ 88.62
   买入价格 86.43 收益: 2409.00, 佣金: 292.45
现有现金 200403.30

 000790 申请价格: 125.81, 买入数量: 900
✅ 000790 2015-11-25 买入成交: 900股 @ 130.24
   成本: 117216.00, 佣金: 351.65
现有现金 82835.65


- - - - - - - - - - - - - - - - - - - - - - - - -
调整各股现金额度 117648.73
pre_rebalance  2015-11-30
⭕ 000790 2015-12-01 卖出成交: -900股 @ 130.59
   买入价格 130.24 收益: 315.00, 佣金: 352.59
现有现金 200014.06

 002469 申请价格: 85.11, 买入数量: 1300
✅ 002469 2015-12-02 买入成交: 1300股 @ 79.17
   成本: 102921.00, 佣金: 308.76
现有现金 96784.29


- - - - - - - - - - - - - - - - - - - - - - - - -
调整各股现金额度 123941.66
pre_rebalance  2015-12-07
⭕ 002469 2015-12-08 卖出成交: -1300股 @ 80.20
   买入价格 79.17 收益: 1339.00, 佣金: 312.78
现有现金 200731.51

 600692 申请价格: 206.49, 买入数量: 600
✅ 600692 2015-12-09 买入成交: 600股 @ 193.42
   成本: 116052.00, 佣金: 348.16
现有现金 84331.36


- - - - - - - - - - - - - - - - - - - - - - - - -
调整各股现金额度 128054.87
pre_rebalance  2015-12-14
⭕ 600692 2015-12-15 卖出成交: -600股 @ 201.53
   买入价格 193.42 收益: 4866.00, 佣金: 362.75
现有现金 204886.60

 002469 申请价格: 83.67, 买入数量: 1500
✅ 002469 2015-12-16 买入成交: 1500股 @ 80.96
   成本: 121440.00, 佣金: 364.32
现有现金 83082.28


- - - - - - - - - - - - - - - - - - - - - - - - -
调整各股现金额度 137264.66
pre_rebalance  2015-12-21
⭕ 600697 2015-12-22 卖出成交: -1100股 @ 130.71
   买入价格 72.47 收益: 64064.00, 佣金: 431.34
现有现金 226431.94

 600692 申请价格: 220.98, 买入数量: 600
✅ 600692 2015-12-23 买入成交: 600股 @ 211.41
   成本: 126846.00, 佣金: 380.54
现有现金 99205.40


- - - - - - - - - - - - - - - - - - - - - - - - -
调整各股现金额度 135722.68
pre_rebalance  2015-12-28

==================================================
策略执行总结:
==================================================
交易过股票：
600730 中国高科 教育 收益率 43.85%
000637 茂化实华 石油行业 收益率 29.18%
600116 三峡水利 电力行业 收益率 -35.89%
002521 齐峰新材 造纸印刷 收益率 -8.81%
600697 欧亚集团 商业百货 收益率 53.57%
600313 农发种业 农牧饲渔 收益率 45.70%
600405 动力源 电源设备 收益率 -18.93%
600452 涪陵电力 电力行业 收益率 116.07%
600692 亚通股份 房地产开发 收益率 83.51%
002391 长青股份 农药兽药 收益率 27.91%
000790 华神科技 中药 收益率 39.16%
002469 三维化学 化学原料 收益率 16.76%
000838 财信发展 房地产开发 收益率 199.83%
000716 黑芝麻 食品饮料 收益率 45.47%

初始资金: 300000.00
最终价值: 703929.40
总收益率: 134.64%
cerebro run 13.05s
最终投资组合价值: 703929.40

🔍 策略表现:
累计收益: 134.64%
年化收益: 137.07%
夏普比率: 1.985
最大回撤: -48.52%

==================================================


2016 年
筛选净利润增长率连续3年 > 20%
符合增长率 > 20% 的共有213只
load_stock_list 7.53s
符合条件股票 138 个
筛选市值最小的 30 只股票
filter codes 3.65s
cerebro adddata 3.88s
初始投资组合价值: 30.00 万
pre_rebalance  2016-01-04
 000637 申请价格: 120.07, 买入数量: 400
 600452 申请价格: 53.36, 买入数量: 1100
 002403 申请价格: 20.75, 买入数量: 2800
 002579 申请价格: 54.55, 买入数量: 1000
 000567 申请价格: 90.30, 买入数量: 600
✅ 000637 2016-01-05 买入成交: 400股 @ 113.73
   成本: 45492.00, 佣金: 136.48
现有现金 103018.82

✅ 002403 2016-01-05 买入成交: 2800股 @ 18.96
   成本: 53088.00, 佣金: 159.26
现有现金 103018.82

✅ 002579 2016-01-05 买入成交: 1000股 @ 48.60
   成本: 48600.00, 佣金: 145.80
现有现金 103018.82

✅ 000567 2016-01-05 买入成交: 600股 @ 82.02
   成本: 49212.00, 佣金: 147.64
现有现金 103018.82


- - - - - - - - - - - - - - - - - - - - - - - - -
调整各股现金额度 55857.36
pre_rebalance  2016-01-11
 603601 申请价格: 71.65, 买入数量: 700
✅ 603601 2016-01-13 买入成交: 700股 @ 62.57
   成本: 43799.00, 佣金: 131.40
现有现金 59088.43


- - - - - - - - - - - - - - - - - - - - - - - - -
调整各股现金额度 55921.29
pre_rebalance  2016-01-18
⭕ 603601 2016-01-19 卖出成交: -700股 @ 67.60
   买入价格 62.57 收益: 3521.00, 佣金: 141.96
现有现金 106266.47

 000716 申请价格: 29.04, 买入数量: 1900
✅ 000716 2016-01-20 买入成交: 1900股 @ 26.76
   成本: 50844.00, 佣金: 152.53
现有现金 55269.94


- - - - - - - - - - - - - - - - - - - - - - - - -
调整各股现金额度 56648.99
pre_rebalance  2016-01-25
pre_rebalance  2016-02-01
⭕ 000567 2016-02-02 卖出成交: -600股 @ 97.73
   买入价格 82.02 收益: 9426.00, 佣金: 175.91
现有现金 113732.02

 002139 申请价格: 81.33, 买入数量: 600
✅ 002139 2016-02-03 买入成交: 600股 @ 77.93
   成本: 46758.00, 佣金: 140.27
现有现金 66833.75


- - - - - - - - - - - - - - - - - - - - - - - - -
调整各股现金额度 55974.15
pre_rebalance  2016-02-15
⭕ 000716 2016-02-16 卖出成交: -1900股 @ 28.60
   买入价格 26.76 收益: 3496.00, 佣金: 163.02
现有现金 169596.53

⭕ 002139 2016-02-16 卖出成交: -600股 @ 81.22
   买入价格 77.93 收益: 1974.00, 佣金: 146.20
现有现金 169596.53

 000949 申请价格: 20.03, 买入数量: 2700
 000567 申请价格: 96.10, 买入数量: 500
✅ 000949 2016-02-17 买入成交: 2700股 @ 19.17
   成本: 51759.00, 佣金: 155.28
现有现金 67196.25

✅ 000567 2016-02-17 买入成交: 500股 @ 100.67
   成本: 50335.00, 佣金: 151.00
现有现金 67196.25


- - - - - - - - - - - - - - - - - - - - - - - - -
调整各股现金额度 59527.25
pre_rebalance  2016-02-22
pre_rebalance  2016-02-29
pre_rebalance  2016-03-07
⭕ 000949 2016-03-08 卖出成交: -2700股 @ 19.82
   买入价格 19.17 收益: 1755.00, 佣金: 160.54
现有现金 120549.71

 603306 申请价格: 31.57, 买入数量: 1800
✅ 603306 2016-03-09 买入成交: 1800股 @ 29.35
   成本: 52830.00, 佣金: 158.49
现有现金 67561.22

✅ 600452 2016-03-10 买入成交: 1100股 @ 45.74
   成本: 50314.00, 佣金: 150.94
现有现金 17096.28


- - - - - - - - - - - - - - - - - - - - - - - - -
调整各股现金额度 57484.06
pre_rebalance  2016-03-14
⭕ 000567 2016-03-15 卖出成交: -500股 @ 89.07
   买入价格 100.67 收益: -5800.00, 佣金: 133.60
现有现金 116717.51

⭕ 603306 2016-03-15 卖出成交: -1800股 @ 30.77
   买入价格 29.35 收益: 2556.00, 佣金: 166.16
现有现金 116717.51

 002139 申请价格: 78.91, 买入数量: 700
 603601 申请价格: 66.39, 买入数量: 800
✅ 002139 2016-03-16 买入成交: 700股 @ 74.26
   成本: 51982.00, 佣金: 155.95
现有现金 14830.77

✅ 603601 2016-03-16 买入成交: 800股 @ 62.00
   成本: 49600.00, 佣金: 148.80
现有现金 14830.77


- - - - - - - - - - - - - - - - - - - - - - - - -
调整各股现金额度 60450.21
pre_rebalance  2016-03-21
⭕ 603601 2016-03-22 卖出成交: -800股 @ 71.85
   买入价格 62.0 收益: 7880.00, 佣金: 172.44
现有现金 72138.33

 000567 申请价格: 104.33, 买入数量: 500
✅ 000567 2016-03-23 买入成交: 500股 @ 98.84
   成本: 49420.00, 佣金: 148.26
现有现金 22570.07


- - - - - - - - - - - - - - - - - - - - - - - - -
调整各股现金额度 62890.21
pre_rebalance  2016-03-28
⭕ 002139 2016-03-29 卖出成交: -700股 @ 82.16
   买入价格 74.26 收益: 5530.00, 佣金: 172.54
现有现金 124201.25

⭕ 000567 2016-03-29 卖出成交: -500股 @ 88.85
   买入价格 98.84 收益: -4995.00, 佣金: 133.27
现有现金 124201.25

 600452 申请价格: 47.42, 买入数量: 1300
 000949 申请价格: 20.22, 买入数量: 3100
✅ 600452 2016-03-30 买入成交: 1300股 @ 46.32
   成本: 60216.00, 佣金: 180.65
现有现金 2053.91

✅ 000949 2016-03-30 买入成交: 3100股 @ 19.86
   成本: 61566.00, 佣金: 184.70
现有现金 2053.91


- - - - - - - - - - - - - - - - - - - - - - - - -
调整各股现金额度 63300.99
pre_rebalance  2016-04-05
⭕ 600452 2016-04-06 卖出成交: -2400股 @ 52.89
   买入价格 46.32 收益: 15768.00, 佣金: 380.81
现有现金 128609.10

 000567 申请价格: 121.85, 买入数量: 500
✅ 000567 2016-04-07 买入成交: 500股 @ 110.73
   成本: 55365.00, 佣金: 166.09
现有现金 73078.01


- - - - - - - - - - - - - - - - - - - - - - - - -
调整各股现金额度 68284.20
pre_rebalance  2016-04-11
⭕ 002579 2016-04-12 卖出成交: -1000股 @ 47.94
   买入价格 48.6 收益: -660.00, 佣金: 143.82
现有现金 120874.19

 002669 申请价格: 50.57, 买入数量: 1300
✅ 002669 2016-04-13 买入成交: 1300股 @ 48.97
   成本: 63661.00, 佣金: 190.98
现有现金 57022.20


- - - - - - - - - - - - - - - - - - - - - - - - -
调整各股现金额度 67344.84
pre_rebalance  2016-04-18
⭕ 000567 2016-04-19 卖出成交: -500股 @ 107.59
   买入价格 110.73 收益: -1570.00, 佣金: 161.38
现有现金 110655.82

 002579 申请价格: 51.77, 买入数量: 1300
✅ 002579 2016-04-20 买入成交: 1300股 @ 45.29
   成本: 58877.00, 佣金: 176.63
现有现金 51602.19


- - - - - - - - - - - - - - - - - - - - - - - - -
调整各股现金额度 65842.84
pre_rebalance  2016-04-25
pre_rebalance  2016-05-03
⭕ 000949 2016-05-04 卖出成交: -3100股 @ 20.37
   买入价格 19.86 收益: 1581.00, 佣金: 189.44
现有现金 114559.75

 000948 申请价格: 37.26, 买入数量: 1700
✅ 000948 2016-05-05 买入成交: 1700股 @ 36.35
   成本: 61795.00, 佣金: 185.39
现有现金 52579.36


- - - - - - - - - - - - - - - - - - - - - - - - -
调整各股现金额度 65079.87
pre_rebalance  2016-05-09
⭕ 002579 2016-05-10 卖出成交: -1300股 @ 46.65
   买入价格 45.29 收益: 1768.00, 佣金: 181.94
现有现金 113042.43

 000949 申请价格: 19.30, 买入数量: 3300
✅ 000949 2016-05-11 买入成交: 3300股 @ 18.33
   成本: 60489.00, 佣金: 181.47
现有现金 52371.96


- - - - - - - - - - - - - - - - - - - - - - - - -
调整各股现金额度 64407.99
pre_rebalance  2016-05-16
⭕ 002403 2016-05-17 卖出成交: -2800股 @ 20.88
   买入价格 18.96 收益: 5376.00, 佣金: 175.39
现有现金 110660.57

 002579 申请价格: 48.36, 买入数量: 1300
✅ 002579 2016-05-18 买入成交: 1300股 @ 44.26
   成本: 57538.00, 佣金: 172.61
现有现金 52949.95


- - - - - - - - - - - - - - - - - - - - - - - - -
调整各股现金额度 65084.79
pre_rebalance  2016-05-23
⭕ 002579 2016-05-24 卖出成交: -1300股 @ 49.08
   买入价格 44.26 收益: 6266.00, 佣金: 191.41
现有现金 116562.54

 000567 申请价格: 97.06, 买入数量: 600
✅ 000567 2016-05-25 买入成交: 600股 @ 91.07
   成本: 54642.00, 佣金: 163.93
现有现金 61756.61


- - - - - - - - - - - - - - - - - - - - - - - - -
调整各股现金额度 65037.72
pre_rebalance  2016-05-30
pre_rebalance  2016-06-06
pre_rebalance  2016-06-13
⭕ 000567 2016-06-14 卖出成交: -600股 @ 95.38
   买入价格 91.07 收益: 2586.00, 佣金: 171.68
现有现金 118812.93

 000716 申请价格: 27.08, 买入数量: 2400
✅ 000716 2016-06-15 买入成交: 2400股 @ 26.65
   成本: 63960.00, 佣金: 191.88
现有现金 54661.05


- - - - - - - - - - - - - - - - - - - - - - - - -
调整各股现金额度 67326.61
pre_rebalance  2016-06-20
pre_rebalance  2016-06-27
pre_rebalance  2016-07-04
⭕ 002669 2016-07-05 卖出成交: -1300股 @ 51.42
   买入价格 48.97 收益: 3185.00, 佣金: 200.54
现有现金 121306.51

 000567 申请价格: 114.35, 买入数量: 500
 000756 申请价格: 17.03, 买入数量: 3900
✅ 000567 2016-07-06 买入成交: 500股 @ 109.00
   成本: 54500.00, 佣金: 163.50
现有现金 3038.77

✅ 000756 2016-07-06 买入成交: 3900股 @ 16.26
   成本: 63414.00, 佣金: 190.24
现有现金 3038.77


- - - - - - - - - - - - - - - - - - - - - - - - -
调整各股现金额度 67934.36
pre_rebalance  2016-07-11
⭕ 000948 2016-07-12 卖出成交: -1700股 @ 39.19
   买入价格 36.35 收益: 4828.00, 佣金: 199.87
现有现金 136729.49

⭕ 000756 2016-07-12 卖出成交: -3900股 @ 17.30
   买入价格 16.26 收益: 4056.00, 佣金: 202.41
现有现金 136729.49

 000948 申请价格: 41.15, 买入数量: 1600
✅ 000948 2016-07-13 买入成交: 1600股 @ 39.13
   成本: 62608.00, 佣金: 187.82
现有现金 73933.67


- - - - - - - - - - - - - - - - - - - - - - - - -
调整各股现金额度 72855.93
pre_rebalance  2016-07-18
⭕ 000948 2016-07-19 卖出成交: -1600股 @ 40.11
   买入价格 39.13 收益: 1568.00, 佣金: 192.53
现有现金 137917.14

 002669 申请价格: 58.67, 买入数量: 1200
✅ 002669 2016-07-20 买入成交: 1200股 @ 54.36
   成本: 65232.00, 佣金: 195.70
现有现金 72489.44


- - - - - - - - - - - - - - - - - - - - - - - - -
调整各股现金额度 72120.49
pre_rebalance  2016-07-25
pre_rebalance  2016-08-01
pre_rebalance  2016-08-08
pre_rebalance  2016-08-15
⭕ 000567 2016-08-16 卖出成交: -500股 @ 105.96
   买入价格 109.0 收益: -1520.00, 佣金: 158.94
现有现金 125310.50

 002166 申请价格: 73.72, 买入数量: 900
✅ 002166 2016-08-17 买入成交: 900股 @ 69.84
   成本: 62856.00, 佣金: 188.57
现有现金 62265.94


- - - - - - - - - - - - - - - - - - - - - - - - -
调整各股现金额度 70699.19
pre_rebalance  2016-08-22
pre_rebalance  2016-08-29
⭕ 002166 2016-08-30 卖出成交: -900股 @ 69.60
   买入价格 69.84 收益: -216.00, 佣金: 187.92
现有现金 124718.02

 002579 申请价格: 54.73, 买入数量: 1200
✅ 002579 2016-08-31 买入成交: 1200股 @ 51.90
   成本: 62280.00, 佣金: 186.84
现有现金 62251.18


- - - - - - - - - - - - - - - - - - - - - - - - -
调整各股现金额度 71788.24
pre_rebalance  2016-09-05
pre_rebalance  2016-09-12
⭕ 002579 2016-09-13 卖出成交: -1200股 @ 48.95
   买入价格 51.9 收益: -3540.00, 佣金: 176.22
现有现金 120814.96

 000567 申请价格: 103.86, 买入数量: 600
✅ 000567 2016-09-14 买入成交: 600股 @ 98.06
   成本: 58836.00, 佣金: 176.51
现有现金 61802.45


- - - - - - - - - - - - - - - - - - - - - - - - -
调整各股现金额度 72707.29
pre_rebalance  2016-09-19
⭕ 000949 2016-09-20 卖出成交: -3300股 @ 21.84
   买入价格 18.33 收益: 11583.00, 佣金: 216.22
现有现金 192138.26

⭕ 000567 2016-09-20 卖出成交: -600股 @ 97.76
   买入价格 98.06 收益: -180.00, 佣金: 175.97
现有现金 192138.26

 000948 申请价格: 39.22, 买入数量: 1800
 002579 申请价格: 51.83, 买入数量: 1400
✅ 000948 2016-09-21 买入成交: 1800股 @ 36.76
   成本: 66168.00, 佣金: 198.50
现有现金 56249.82

✅ 002579 2016-09-21 买入成交: 1400股 @ 49.51
   成本: 69314.00, 佣金: 207.94
现有现金 56249.82


- - - - - - - - - - - - - - - - - - - - - - - - -
调整各股现金额度 71557.96
pre_rebalance  2016-09-26
⭕ 002579 2016-09-27 卖出成交: -1400股 @ 49.29
   买入价格 49.51 收益: -308.00, 佣金: 207.02
现有现金 125048.80

 000567 申请价格: 101.86, 买入数量: 700
✅ 000567 2016-09-28 买入成交: 700股 @ 98.22
   成本: 68754.00, 佣金: 206.26
现有现金 56088.54


- - - - - - - - - - - - - - - - - - - - - - - - -
调整各股现金额度 73194.51
pre_rebalance  2016-10-10
⭕ 002669 2016-10-11 卖出成交: -1200股 @ 51.94
   买入价格 54.36 收益: -2904.00, 佣金: 186.98
现有现金 118229.55

 002579 申请价格: 53.50, 买入数量: 1300
✅ 002579 2016-10-12 买入成交: 1300股 @ 50.72
   成本: 65936.00, 佣金: 197.81
现有现金 52095.75


- - - - - - - - - - - - - - - - - - - - - - - - -
调整各股现金额度 81075.95
pre_rebalance  2016-10-17
⭕ 000716 2016-10-18 卖出成交: -2400股 @ 29.82
   买入价格 26.65 收益: 7608.00, 佣金: 214.70
现有现金 123449.04

 002669 申请价格: 55.79, 买入数量: 1400
✅ 002669 2016-10-19 买入成交: 1400股 @ 54.34
   成本: 76076.00, 佣金: 228.23
现有现金 47144.81


- - - - - - - - - - - - - - - - - - - - - - - - -
调整各股现金额度 84275.36
pre_rebalance  2016-10-24
⭕ 000567 2016-10-25 卖出成交: -700股 @ 160.90
   买入价格 98.22 收益: 43876.00, 佣金: 337.89
现有现金 159436.92

 000716 申请价格: 31.67, 买入数量: 2600
✅ 000716 2016-10-26 买入成交: 2600股 @ 29.93
   成本: 77818.00, 佣金: 233.45
现有现金 81385.47


- - - - - - - - - - - - - - - - - - - - - - - - -
调整各股现金额度 81629.69
pre_rebalance  2016-10-31
pre_rebalance  2016-11-07
pre_rebalance  2016-11-14
pre_rebalance  2016-11-21
⭕ 002579 2016-11-22 卖出成交: -1300股 @ 52.38
   买入价格 50.72 收益: 2158.00, 佣金: 204.28
现有现金 149275.19

 002166 申请价格: 78.23, 买入数量: 1000
✅ 002166 2016-11-23 买入成交: 1000股 @ 71.78
   成本: 71780.00, 佣金: 215.34
现有现金 77279.85


- - - - - - - - - - - - - - - - - - - - - - - - -
调整各股现金额度 86156.77
pre_rebalance  2016-11-28
⭕ 002669 2016-11-29 卖出成交: -1400股 @ 64.15
   买入价格 54.34 收益: 13734.00, 佣金: 269.43
现有现金 166820.42

 002579 申请价格: 53.07, 买入数量: 1600
✅ 002579 2016-11-30 买入成交: 1600股 @ 50.28
   成本: 80448.00, 佣金: 241.34
现有现金 86131.07


- - - - - - - - - - - - - - - - - - - - - - - - -
调整各股现金额度 84815.81
pre_rebalance  2016-12-05
pre_rebalance  2016-12-12
pre_rebalance  2016-12-19
 002184 申请价格: 46.70, 买入数量: 1800
❌ 002184 订单失败: Margin
   保证金不足


- - - - - - - - - - - - - - - - - - - - - - - - -
调整各股现金额度 85713.41
pre_rebalance  2016-12-26
⭕ 002166 2016-12-27 卖出成交: -1000股 @ 77.03
   买入价格 71.78 收益: 5250.00, 佣金: 231.09
现有现金 162929.98

 002579 申请价格: 52.95, 买入数量: 1600
 002403 申请价格: 21.54, 买入数量: 3900
✅ 002403 2016-12-28 买入成交: 3900股 @ 20.33
   成本: 79287.00, 佣金: 237.86
现有现金 83405.12


==================================================
策略执行总结:
==================================================
交易过股票：
603601 再升科技 玻璃玻纤 收益率 25.20%
002166 莱茵生物 中药 收益率 6.95%
000948 南天信息 软件开发 收益率 1.82%
002403 爱仕达 家电行业 收益率 9.15%
000716 黑芝麻 食品饮料 收益率 24.38%
600452 涪陵电力 电力行业 收益率 14.18%
603306 华懋科技 汽车零部件 收益率 4.84%
000637 茂化实华 石油行业 收益率 6.44%
002669 康达新材 化学制品 收益率 18.44%
000756 新华制药 化学制药 收益率 6.40%
000949 新乡化纤 化纤行业 收益率 26.35%
002184 海得控制 专用设备 收益率 0.00%
000567 海德股份 多元金融 收益率 53.11%
002579 中京电子 电子元件 收益率 4.05%
002139 拓邦股份 消费电子 收益率 15.31%

初始资金: 300000.00
最终价值: 433002.12
总收益率: 44.33%
cerebro run 14.27s
最终投资组合价值: 433002.12

🔍 策略表现:
累计收益: 44.33%
年化收益: 44.97%
夏普比率: 1.481
最大回撤: -14.06%

==================================================


2017 年
筛选净利润增长率连续3年 > 20%
符合增长率 > 20% 的共有208只
load_stock_list 7.79s
符合条件股票 124 个
筛选市值最小的 30 只股票
filter codes 3.54s
cerebro adddata 3.77s
初始投资组合价值: 30.00 万
pre_rebalance  2017-01-03
 600371 申请价格: 50.41, 买入数量: 1100
 000859 申请价格: 23.00, 买入数量: 2600
 000590 申请价格: 105.89, 买入数量: 500
 000868 申请价格: 35.68, 买入数量: 1600
 002536 申请价格: 47.30, 买入数量: 1200
✅ 600371 2017-01-04 买入成交: 1100股 @ 48.35
   成本: 53185.00, 佣金: 159.56
现有现金 27951.30

✅ 000859 2017-01-04 买入成交: 2600股 @ 22.08
   成本: 57408.00, 佣金: 172.22
现有现金 27951.30

✅ 000590 2017-01-04 买入成交: 500股 @ 102.70
   成本: 51350.00, 佣金: 154.05
现有现金 27951.30

✅ 000868 2017-01-04 买入成交: 1600股 @ 34.28
   成本: 54848.00, 佣金: 164.54
现有现金 27951.30

✅ 002536 2017-01-04 买入成交: 1200股 @ 45.37
   成本: 54444.00, 佣金: 163.33
现有现金 27951.30


- - - - - - - - - - - - - - - - - - - - - - - - -
调整各股现金额度 60553.26
pre_rebalance  2017-01-09
pre_rebalance  2017-01-16
pre_rebalance  2017-01-23
⭕ 000868 2017-01-24 卖出成交: -1600股 @ 35.09
   买入价格 34.28 收益: 1296.00, 佣金: 168.43
现有现金 83926.86

 002403 申请价格: 19.97, 买入数量: 3000
✅ 002403 2017-01-25 买入成交: 3000股 @ 19.03
   成本: 57090.00, 佣金: 171.27
现有现金 26665.59


- - - - - - - - - - - - - - - - - - - - - - - - -
调整各股现金额度 57614.12
pre_rebalance  2017-02-03
⭕ 002403 2017-02-06 卖出成交: -3000股 @ 19.24
   买入价格 19.03 收益: 630.00, 佣金: 173.16
现有现金 84212.43

pre_rebalance  2017-02-06
 000868 申请价格: 37.22, 买入数量: 1500
✅ 000868 2017-02-08 买入成交: 1500股 @ 35.50
   成本: 53250.00, 佣金: 159.75
现有现金 30802.68


- - - - - - - - - - - - - - - - - - - - - - - - -
调整各股现金额度 58798.34
pre_rebalance  2017-02-13
pre_rebalance  2017-02-20
pre_rebalance  2017-02-27
pre_rebalance  2017-03-06
pre_rebalance  2017-03-13
⭕ 000859 2017-03-14 卖出成交: -2600股 @ 26.32
   买入价格 22.08 收益: 11024.00, 佣金: 205.30
现有现金 99029.39

 002403 申请价格: 21.01, 买入数量: 2700
✅ 002403 2017-03-15 买入成交: 2700股 @ 20.38
   成本: 55026.00, 佣金: 165.08
现有现金 43838.31


- - - - - - - - - - - - - - - - - - - - - - - - -
调整各股现金额度 61340.46
pre_rebalance  2017-03-20
pre_rebalance  2017-03-27
pre_rebalance  2017-04-05
pre_rebalance  2017-04-10
pre_rebalance  2017-04-17
⭕ 002536 2017-04-18 卖出成交: -1200股 @ 46.10
   买入价格 45.37 收益: 876.00, 佣金: 165.96
现有现金 98992.35

 000859 申请价格: 22.33, 买入数量: 2700
✅ 000859 2017-04-19 买入成交: 2700股 @ 20.86
   成本: 56322.00, 佣金: 168.97
现有现金 42501.38


- - - - - - - - - - - - - - - - - - - - - - - - -
调整各股现金额度 55361.28
pre_rebalance  2017-04-24
pre_rebalance  2017-05-02
⭕ 002403 2017-05-03 卖出成交: -2700股 @ 18.67
   买入价格 20.38 收益: -4617.00, 佣金: 151.23
现有现金 92759.16

 002536 申请价格: 44.75, 买入数量: 1200
✅ 002536 2017-05-04 买入成交: 1200股 @ 42.36
   成本: 50832.00, 佣金: 152.50
现有现金 41774.66


- - - - - - - - - - - - - - - - - - - - - - - - -
调整各股现金额度 53104.73
pre_rebalance  2017-05-08
pre_rebalance  2017-05-15
pre_rebalance  2017-05-22
pre_rebalance  2017-05-31
pre_rebalance  2017-06-05
pre_rebalance  2017-06-12
pre_rebalance  2017-06-19
pre_rebalance  2017-06-26
pre_rebalance  2017-07-03
pre_rebalance  2017-07-10
pre_rebalance  2017-07-17
⭕ 002536 2017-07-18 卖出成交: -1200股 @ 43.26
   买入价格 42.36 收益: 1080.00, 佣金: 155.74
现有现金 93530.92

 002793 申请价格: 40.68, 买入数量: 1300
✅ 002793 2017-07-19 买入成交: 1300股 @ 39.04
   成本: 50752.00, 佣金: 152.26
现有现金 42626.67


- - - - - - - - - - - - - - - - - - - - - - - - -
调整各股现金额度 51833.93
pre_rebalance  2017-07-24
pre_rebalance  2017-07-31
⭕ 000590 2017-08-01 卖出成交: -500股 @ 86.66
   买入价格 102.7 收益: -8020.00, 佣金: 129.99
现有现金 85826.68

 002548 申请价格: 41.67, 买入数量: 1200
✅ 002548 2017-08-02 买入成交: 1200股 @ 38.81
   成本: 46572.00, 佣金: 139.72
现有现金 39114.96


- - - - - - - - - - - - - - - - - - - - - - - - -
调整各股现金额度 53619.99
pre_rebalance  2017-08-07
⭕ 002548 2017-08-08 卖出成交: -1200股 @ 43.67
   买入价格 38.81 收益: 5832.00, 佣金: 157.21
现有现金 91361.75

 000590 申请价格: 86.98, 买入数量: 600
✅ 000590 2017-08-09 买入成交: 600股 @ 82.79
   成本: 49674.00, 佣金: 149.02
现有现金 41538.73


- - - - - - - - - - - - - - - - - - - - - - - - -
调整各股现金额度 53589.55
pre_rebalance  2017-08-14
pre_rebalance  2017-08-21
pre_rebalance  2017-08-28
pre_rebalance  2017-09-04
pre_rebalance  2017-09-11
pre_rebalance  2017-09-18
pre_rebalance  2017-09-25
⭕ 000868 2017-09-26 卖出成交: -1500股 @ 44.60
   买入价格 35.5 收益: 13650.00, 佣金: 200.70
现有现金 108238.03

 002403 申请价格: 18.32, 买入数量: 2900
✅ 002403 2017-09-27 买入成交: 2900股 @ 17.69
   成本: 51301.00, 佣金: 153.90
现有现金 56783.13


- - - - - - - - - - - - - - - - - - - - - - - - -
调整各股现金额度 60798.03
pre_rebalance  2017-10-09
⭕ 002403 2017-10-10 卖出成交: -2900股 @ 18.22
   买入价格 17.69 收益: 1537.00, 佣金: 158.51
现有现金 109462.61

 002548 申请价格: 44.81, 买入数量: 1300
✅ 002548 2017-10-11 买入成交: 1300股 @ 42.42
   成本: 55146.00, 佣金: 165.44
现有现金 54151.17


- - - - - - - - - - - - - - - - - - - - - - - - -
调整各股现金额度 60493.03
pre_rebalance  2017-10-16
pre_rebalance  2017-10-23
pre_rebalance  2017-10-30
pre_rebalance  2017-11-06
pre_rebalance  2017-11-13
pre_rebalance  2017-11-20
pre_rebalance  2017-11-27
⭕ 002548 2017-11-28 卖出成交: -1300股 @ 40.47
   买入价格 42.42 收益: -2535.00, 佣金: 157.83
现有现金 106604.34

 600163 申请价格: 9.77, 买入数量: 6100
✅ 600163 2017-11-29 买入成交: 6100股 @ 9.33
   成本: 56913.00, 佣金: 170.74
现有现金 49520.60


- - - - - - - - - - - - - - - - - - - - - - - - -
调整各股现金额度 54153.12
pre_rebalance  2017-12-04
pre_rebalance  2017-12-11
⭕ 600163 2017-12-12 卖出成交: -6100股 @ 9.80
   买入价格 9.33 收益: 2867.00, 佣金: 179.34
现有现金 109121.26

 002196 申请价格: 26.51, 买入数量: 2000
✅ 002196 2017-12-13 买入成交: 2000股 @ 25.09
   成本: 50180.00, 佣金: 150.54
现有现金 58790.72


- - - - - - - - - - - - - - - - - - - - - - - - -
调整各股现金额度 53723.34
pre_rebalance  2017-12-18
⭕ 002196 2017-12-19 卖出成交: -2000股 @ 25.14
   买入价格 25.09 收益: 100.00, 佣金: 150.84
现有现金 108919.88

 002403 申请价格: 17.16, 买入数量: 3100
✅ 002403 2017-12-20 买入成交: 3100股 @ 16.26
   成本: 50406.00, 佣金: 151.22
现有现金 58362.66


- - - - - - - - - - - - - - - - - - - - - - - - -
调整各股现金额度 53720.13
pre_rebalance  2017-12-25
⭕ 002403 2017-12-26 卖出成交: -3100股 @ 16.81
   买入价格 16.26 收益: 1705.00, 佣金: 156.33
现有现金 110317.33

 603168 申请价格: 56.42, 买入数量: 900
✅ 603168 2017-12-27 买入成交: 900股 @ 53.51
   成本: 48159.00, 佣金: 144.48
现有现金 62013.85


==================================================
策略执行总结:
==================================================
交易过股票：
000868 安凯客车 汽车整车 收益率 28.60%
002196 方正电机 电机 收益率 0.20%
002536 飞龙股份 汽车零部件 收益率 3.77%
002403 爱仕达 家电行业 收益率 -1.38%
600163 中闽能源 电力行业 收益率 5.04%
600371 万向德农 农牧饲渔 收益率 -35.66%
002548 金新农 农牧饲渔 收益率 7.35%
002793 罗欣药业 化学制药 收益率 -20.41%
000859 国风新材 塑料制品 收益率 -10.17%
603168 莎普爱思 化学制药 收益率 -0.26%
000590 启迪药业 中药 收益率 -17.82%

初始资金: 300000.00
最终价值: 275480.85
总收益率: -8.17%
cerebro run 14.24s
最终投资组合价值: 275480.85

🔍 策略表现:
累计收益: -8.17%
年化收益: -8.27%
夏普比率: -0.394
最大回撤: -22.18%

==================================================


2018 年
筛选净利润增长率连续3年 > 20%
符合增长率 > 20% 的共有241只
load_stock_list 7.77s
符合条件股票 179 个
筛选市值最小的 30 只股票
filter codes 4.23s
cerebro adddata 4.45s
初始投资组合价值: 30.00 万
pre_rebalance  2018-01-02
 002243 申请价格: 14.84, 买入数量: 4000
 002295 申请价格: 19.12, 买入数量: 3100
 000859 申请价格: 16.71, 买入数量: 3500
 603326 申请价格: 20.42, 买入数量: 2900
 002006 申请价格: 59.09, 买入数量: 1000
✅ 002243 2018-01-03 买入成交: 4000股 @ 13.96
   成本: 55840.00, 佣金: 167.52
现有现金 17871.14

✅ 002295 2018-01-03 买入成交: 3100股 @ 18.33
   成本: 56823.00, 佣金: 170.47
现有现金 17871.14

✅ 000859 2018-01-03 买入成交: 3500股 @ 16.02
   成本: 56070.00, 佣金: 168.21
现有现金 17871.14

✅ 603326 2018-01-03 买入成交: 2900股 @ 19.38
   成本: 56202.00, 佣金: 168.61
现有现金 17871.14

✅ 002006 2018-01-03 买入成交: 1000股 @ 56.35
   成本: 56350.00, 佣金: 169.05
现有现金 17871.14


- - - - - - - - - - - - - - - - - - - - - - - - -
调整各股现金额度 60095.23
pre_rebalance  2018-01-08
⭕ 002006 2018-01-09 卖出成交: -1000股 @ 56.74
   买入价格 56.35 收益: 390.00, 佣金: 170.22
现有现金 74440.92

 002881 申请价格: 30.32, 买入数量: 1900
✅ 002881 2018-01-10 买入成交: 1900股 @ 28.03
   成本: 53257.00, 佣金: 159.77
现有现金 21024.15


- - - - - - - - - - - - - - - - - - - - - - - - -
调整各股现金额度 57393.43
pre_rebalance  2018-01-15
pre_rebalance  2018-01-22
pre_rebalance  2018-01-29
⭕ 002881 2018-01-30 卖出成交: -1900股 @ 29.68
   买入价格 28.03 收益: 3135.00, 佣金: 169.18
现有现金 77246.98

 002006 申请价格: 54.64, 买入数量: 1000
✅ 002006 2018-01-31 买入成交: 1000股 @ 52.11
   成本: 52110.00, 佣金: 156.33
现有现金 24980.65


- - - - - - - - - - - - - - - - - - - - - - - - -
调整各股现金额度 53350.53
pre_rebalance  2018-02-05
⭕ 002243 2018-02-06 卖出成交: -4000股 @ 10.64
   买入价格 13.96 收益: -13280.00, 佣金: 127.68
现有现金 113055.63

⭕ 000859 2018-02-06 卖出成交: -3500股 @ 13.08
   买入价格 16.02 收益: -10290.00, 佣金: 137.34
现有现金 113055.63

 002881 申请价格: 23.64, 买入数量: 2200
 603496 申请价格: 26.66, 买入数量: 2000
✅ 002881 2018-02-07 买入成交: 2200股 @ 22.76
   成本: 50072.00, 佣金: 150.22
现有现金 10216.03

✅ 603496 2018-02-07 买入成交: 2000股 @ 26.23
   成本: 52460.00, 佣金: 157.38
现有现金 10216.03


- - - - - - - - - - - - - - - - - - - - - - - - -
调整各股现金额度 52184.01
pre_rebalance  2018-02-12
⭕ 002006 2018-02-13 卖出成交: -1000股 @ 47.56
   买入价格 52.11 收益: -4550.00, 佣金: 142.68
现有现金 112966.85

⭕ 603496 2018-02-13 卖出成交: -2000股 @ 27.75
   买入价格 26.23 收益: 3040.00, 佣金: 166.50
现有现金 112966.85

 002243 申请价格: 11.61, 买入数量: 4400
 000859 申请价格: 14.01, 买入数量: 3700
✅ 002243 2018-02-14 买入成交: 4400股 @ 11.11
   成本: 48884.00, 佣金: 146.65
现有现金 14727.01

✅ 000859 2018-02-14 买入成交: 3700股 @ 13.26
   成本: 49062.00, 佣金: 147.19
现有现金 14727.01


- - - - - - - - - - - - - - - - - - - - - - - - -
调整各股现金额度 52250.40
pre_rebalance  2018-02-22
⭕ 002881 2018-02-23 卖出成交: -2200股 @ 25.74
   买入价格 22.76 收益: 6556.00, 佣金: 169.88
现有现金 71185.13

 603496 申请价格: 29.32, 买入数量: 1700
✅ 603496 2018-02-26 买入成交: 1700股 @ 29.48
   成本: 50116.00, 佣金: 150.35
现有现金 20918.78


- - - - - - - - - - - - - - - - - - - - - - - - -
调整各股现金额度 52951.36
pre_rebalance  2018-02-26
⭕ 603496 2018-02-27 卖出成交: -1700股 @ 29.94
   买入价格 29.48 收益: 782.00, 佣金: 152.69
现有现金 71664.09

 002881 申请价格: 28.39, 买入数量: 1800
✅ 002881 2018-02-28 买入成交: 1800股 @ 27.02
   成本: 48636.00, 佣金: 145.91
现有现金 22882.18


- - - - - - - - - - - - - - - - - - - - - - - - -
调整各股现金额度 54444.64
pre_rebalance  2018-03-05
⭕ 002881 2018-03-06 卖出成交: -1800股 @ 29.40
   买入价格 27.02 收益: 4284.00, 佣金: 158.76
现有现金 75643.42

 002006 申请价格: 52.62, 买入数量: 1000
✅ 002006 2018-03-07 买入成交: 1000股 @ 50.65
   成本: 50650.00, 佣金: 151.95
现有现金 24841.47


- - - - - - - - - - - - - - - - - - - - - - - - -
调整各股现金额度 56894.69
pre_rebalance  2018-03-12
pre_rebalance  2018-03-19
⭕ 002006 2018-03-20 卖出成交: -1000股 @ 52.04
   买入价格 50.65 收益: 1390.00, 佣金: 156.12
现有现金 136662.00

⭕ 603326 2018-03-20 卖出成交: -2900股 @ 20.73
   买入价格 19.38 收益: 3915.00, 佣金: 180.35
现有现金 136662.00

 603685 申请价格: 31.96, 买入数量: 1700
 002881 申请价格: 29.61, 买入数量: 1900
✅ 603685 2018-03-21 买入成交: 1700股 @ 29.73
   成本: 50541.00, 佣金: 151.62
现有现金 31371.07

✅ 002881 2018-03-21 买入成交: 1900股 @ 28.65
   成本: 54435.00, 佣金: 163.31
现有现金 31371.07


- - - - - - - - - - - - - - - - - - - - - - - - -
调整各股现金额度 55188.21
pre_rebalance  2018-03-26
pre_rebalance  2018-04-02
⭕ 002881 2018-04-03 卖出成交: -1900股 @ 36.61
   买入价格 28.65 收益: 15124.00, 佣金: 208.68
现有现金 100721.39

 002006 申请价格: 52.29, 买入数量: 1000
✅ 002006 2018-04-04 买入成交: 1000股 @ 49.95
   成本: 49950.00, 佣金: 149.85
现有现金 50621.54


- - - - - - - - - - - - - - - - - - - - - - - - -
调整各股现金额度 61104.71
pre_rebalance  2018-04-09
pre_rebalance  2018-04-16
⭕ 603685 2018-04-17 卖出成交: -1700股 @ 30.19
   买入价格 29.73 收益: 782.00, 佣金: 153.97
现有现金 101790.57

 002125 申请价格: 23.99, 买入数量: 2500
✅ 002125 2018-04-18 买入成交: 2500股 @ 22.97
   成本: 57425.00, 佣金: 172.27
现有现金 44193.30


- - - - - - - - - - - - - - - - - - - - - - - - -
调整各股现金额度 57736.06
pre_rebalance  2018-04-23
⭕ 002006 2018-04-24 卖出成交: -1000股 @ 52.96
   买入价格 49.95 收益: 3010.00, 佣金: 158.88
现有现金 153624.02

⭕ 002125 2018-04-24 卖出成交: -2500股 @ 22.72
   买入价格 22.97 收益: -625.00, 佣金: 170.40
现有现金 153624.02

 603326 申请价格: 18.69, 买入数量: 3000
 603685 申请价格: 32.54, 买入数量: 1700
✅ 603326 2018-04-25 买入成交: 3000股 @ 18.28
   成本: 54840.00, 佣金: 164.52
现有现金 45028.21

✅ 603685 2018-04-25 买入成交: 1700股 @ 31.43
   成本: 53431.00, 佣金: 160.29
现有现金 45028.21


- - - - - - - - - - - - - - - - - - - - - - - - -
调整各股现金额度 55680.04
pre_rebalance  2018-05-02
pre_rebalance  2018-05-07
pre_rebalance  2018-05-14
pre_rebalance  2018-05-21
pre_rebalance  2018-05-28
⭕ 603685 2018-05-29 卖出成交: -1700股 @ 30.43
   买入价格 31.43 收益: -1700.00, 佣金: 155.19
现有现金 96604.01

 002006 申请价格: 53.82, 买入数量: 1000
✅ 002006 2018-05-30 买入成交: 1000股 @ 48.03
   成本: 48030.00, 佣金: 144.09
现有现金 48429.92


- - - - - - - - - - - - - - - - - - - - - - - - -
调整各股现金额度 56001.18
pre_rebalance  2018-06-04
⭕ 002006 2018-06-05 卖出成交: -1000股 @ 48.41
   买入价格 48.03 收益: 380.00, 佣金: 145.23
现有现金 96694.69

 603685 申请价格: 30.17, 买入数量: 1800
✅ 603685 2018-06-06 买入成交: 1800股 @ 29.04
   成本: 52272.00, 佣金: 156.82
现有现金 44265.88


- - - - - - - - - - - - - - - - - - - - - - - - -
调整各股现金额度 55451.98
pre_rebalance  2018-06-11
pre_rebalance  2018-06-19
pre_rebalance  2018-06-25
pre_rebalance  2018-07-02
pre_rebalance  2018-07-09
pre_rebalance  2018-07-16
⭕ 603326 2018-07-17 卖出成交: -3000股 @ 15.17
   买入价格 18.28 收益: -9330.00, 佣金: 136.53
现有现金 89639.35

 002006 申请价格: 44.91, 买入数量: 1200
✅ 002006 2018-07-18 买入成交: 1200股 @ 43.00
   成本: 51600.00, 佣金: 154.80
现有现金 37884.55


- - - - - - - - - - - - - - - - - - - - - - - - -
调整各股现金额度 58230.71
pre_rebalance  2018-07-23
⭕ 002006 2018-07-24 卖出成交: -1200股 @ 44.01
   买入价格 43.0 收益: 1212.00, 佣金: 158.44
现有现金 90538.11

 603326 申请价格: 16.91, 买入数量: 3400
✅ 603326 2018-07-25 买入成交: 3400股 @ 16.26
   成本: 55284.00, 佣金: 165.85
现有现金 35088.26


- - - - - - - - - - - - - - - - - - - - - - - - -
调整各股现金额度 55507.25
pre_rebalance  2018-07-30
⭕ 002243 2018-07-31 卖出成交: -4400股 @ 15.35
   买入价格 11.11 收益: 18656.00, 佣金: 202.62
现有现金 102425.64

 002006 申请价格: 44.50, 买入数量: 1200
✅ 002006 2018-08-01 买入成交: 1200股 @ 46.63
   成本: 55956.00, 佣金: 167.87
现有现金 46301.77


- - - - - - - - - - - - - - - - - - - - - - - - -
调整各股现金额度 55930.55
pre_rebalance  2018-08-06
⭕ 002006 2018-08-07 卖出成交: -1200股 @ 62.41
   买入价格 46.63 收益: 18936.00, 佣金: 224.68
现有现金 120969.10

 603757 申请价格: 36.25, 买入数量: 1500
✅ 603757 2018-08-08 买入成交: 1500股 @ 32.84
   成本: 49260.00, 佣金: 147.78
现有现金 71561.32


- - - - - - - - - - - - - - - - - - - - - - - - -
调整各股现金额度 57080.26
pre_rebalance  2018-08-13
pre_rebalance  2018-08-20
pre_rebalance  2018-08-27
pre_rebalance  2018-09-03
⭕ 603757 2018-09-04 卖出成交: -1500股 @ 32.25
   买入价格 32.84 收益: -885.00, 佣金: 145.12
现有现金 119791.19

 002125 申请价格: 20.45, 买入数量: 2700
✅ 002125 2018-09-05 买入成交: 2700股 @ 19.12
   成本: 51624.00, 佣金: 154.87
现有现金 68012.32


- - - - - - - - - - - - - - - - - - - - - - - - -
调整各股现金额度 54150.66
pre_rebalance  2018-09-10
⭕ 002125 2018-09-11 卖出成交: -2700股 @ 18.92
   买入价格 19.12 收益: -540.00, 佣金: 153.25
现有现金 118943.07

 603757 申请价格: 32.54, 买入数量: 1600
✅ 603757 2018-09-12 买入成交: 1600股 @ 31.96
   成本: 51136.00, 佣金: 153.41
现有现金 67653.66


- - - - - - - - - - - - - - - - - - - - - - - - -
调整各股现金额度 53793.93
pre_rebalance  2018-09-17
⭕ 603757 2018-09-18 卖出成交: -1600股 @ 31.14
   买入价格 31.96 收益: -1312.00, 佣金: 149.47
现有现金 117328.19

 002125 申请价格: 20.21, 买入数量: 2600
✅ 002125 2018-09-19 买入成交: 2600股 @ 19.64
   成本: 51064.00, 佣金: 153.19
现有现金 66110.99


- - - - - - - - - - - - - - - - - - - - - - - - -
调整各股现金额度 54767.80
pre_rebalance  2018-09-25
⭕ 002125 2018-09-26 卖出成交: -2600股 @ 19.66
   买入价格 19.64 收益: 52.00, 佣金: 153.35
现有现金 117073.65

 002243 申请价格: 12.71, 买入数量: 4300
✅ 002243 2018-09-27 买入成交: 4300股 @ 11.35
   成本: 48805.00, 佣金: 146.41
现有现金 68122.23


- - - - - - - - - - - - - - - - - - - - - - - - -
调整各股现金额度 53115.65
pre_rebalance  2018-10-08
pre_rebalance  2018-10-15
pre_rebalance  2018-10-22
⭕ 002243 2018-10-23 卖出成交: -4300股 @ 10.81
   买入价格 11.35 收益: -2322.00, 佣金: 139.45
现有现金 114465.78

 002006 申请价格: 40.36, 买入数量: 1300
✅ 002006 2018-10-24 买入成交: 1300股 @ 38.90
   成本: 50570.00, 佣金: 151.71
现有现金 63744.07


- - - - - - - - - - - - - - - - - - - - - - - - -
调整各股现金额度 51306.01
pre_rebalance  2018-10-29
pre_rebalance  2018-11-05
pre_rebalance  2018-11-12
pre_rebalance  2018-11-19
pre_rebalance  2018-12-10
⭕ 603326 2018-12-11 卖出成交: -3400股 @ 15.33
   买入价格 16.26 收益: -3162.00, 佣金: 156.37
现有现金 115709.71

 002243 申请价格: 14.14, 买入数量: 3600
✅ 002243 2018-12-12 买入成交: 3600股 @ 14.81
   成本: 53316.00, 佣金: 159.95
现有现金 62233.76


- - - - - - - - - - - - - - - - - - - - - - - - -
调整各股现金额度 59892.55
pre_rebalance  2018-12-17
⭕ 002243 2018-12-18 卖出成交: -3600股 @ 20.70
   买入价格 14.81 收益: 21204.00, 佣金: 223.56
现有现金 136530.20

 603757 申请价格: 29.78, 买入数量: 2000
✅ 603757 2018-12-19 买入成交: 2000股 @ 27.85
   成本: 55700.00, 佣金: 167.10
现有现金 80663.10


- - - - - - - - - - - - - - - - - - - - - - - - -
调整各股现金额度 59929.62
pre_rebalance  2018-12-24

==================================================
策略执行总结:
==================================================
交易过股票：
000859 国风新材 塑料制品 收益率 -34.67%
603757 大元泵业 通用设备 收益率 -8.40%
002006 精工科技 专用设备 收益率 52.26%
603685 晨丰科技 光学光电子 收益率 -36.22%
603496 恒为科技 互联网服务 收益率 7.45%
002295 精艺股份 有色金属 收益率 -34.32%
002125 湘潭电化 化学原料 收益率 -2.02%
603326 我乐家居 装修建材 收益率 -16.31%
002243 力合科创 美容护理 收益率 40.18%
002881 美格智能 消费电子 收益率 66.50%

初始资金: 300000.00
最终价值: 300181.10
总收益率: 0.06%
cerebro run 14.96s
最终投资组合价值: 300181.10

🔍 策略表现:
累计收益: 0.06%
年化收益: 0.06%
夏普比率: 0.139
最大回撤: -20.99%

==================================================


2019 年
筛选净利润增长率连续3年 > 20%
符合增长率 > 20% 的共有277只
load_stock_list 8.91s
符合条件股票 235 个
筛选市值最小的 30 只股票
filter codes 5.26s
cerebro adddata 5.68s
初始投资组合价值: 30.00 万
pre_rebalance  2019-01-02
 600137 申请价格: 20.42, 买入数量: 2900
 000632 申请价格: 31.50, 买入数量: 1900
 600250 申请价格: 22.73, 买入数量: 2600
 600148 申请价格: 41.43, 买入数量: 1400
 600257 申请价格: 29.33, 买入数量: 2000
✅ 600137 2019-01-03 买入成交: 2900股 @ 19.40
   成本: 56260.00, 佣金: 168.78
现有现金 19442.85

✅ 000632 2019-01-03 买入成交: 1900股 @ 30.38
   成本: 57722.00, 佣金: 173.17
现有现金 19442.85

✅ 600250 2019-01-03 买入成交: 2600股 @ 20.35
   成本: 52910.00, 佣金: 158.73
现有现金 19442.85

✅ 600148 2019-01-03 买入成交: 1400股 @ 40.69
   成本: 56966.00, 佣金: 170.90
现有现金 19442.85

✅ 600257 2019-01-03 买入成交: 2000股 @ 27.93
   成本: 55860.00, 佣金: 167.58
现有现金 19442.85


- - - - - - - - - - - - - - - - - - - - - - - - -
调整各股现金额度 63151.97
pre_rebalance  2019-01-07
⭕ 600257 2019-01-08 卖出成交: -2000股 @ 30.21
   买入价格 27.93 收益: 4560.00, 佣金: 181.26
现有现金 79681.59

 000859 申请价格: 11.77, 买入数量: 5300
✅ 000859 2019-01-09 买入成交: 5300股 @ 11.33
   成本: 60049.00, 佣金: 180.15
现有现金 19452.44


- - - - - - - - - - - - - - - - - - - - - - - - -
调整各股现金额度 62497.09
pre_rebalance  2019-01-14
⭕ 000859 2019-01-15 卖出成交: -5300股 @ 11.70
   买入价格 11.33 收益: 1961.00, 佣金: 186.03
现有现金 81276.41

 600257 申请价格: 32.00, 买入数量: 1900
✅ 600257 2019-01-16 买入成交: 1900股 @ 30.34
   成本: 57646.00, 佣金: 172.94
现有现金 23457.47


- - - - - - - - - - - - - - - - - - - - - - - - -
调整各股现金额度 61865.49
pre_rebalance  2019-01-21
pre_rebalance  2019-01-28
pre_rebalance  2019-02-11
pre_rebalance  2019-02-18
pre_rebalance  2019-02-25
⭕ 600257 2019-02-26 卖出成交: -1900股 @ 34.23
   买入价格 30.34 收益: 7391.00, 佣金: 195.11
现有现金 88299.36

 000757 申请价格: 29.06, 买入数量: 2100
✅ 000757 2019-02-27 买入成交: 2100股 @ 27.98
   成本: 58758.00, 佣金: 176.27
现有现金 29365.09


- - - - - - - - - - - - - - - - - - - - - - - - -
调整各股现金额度 67738.51
pre_rebalance  2019-03-04
⭕ 000757 2019-03-05 卖出成交: -2100股 @ 28.43
   买入价格 27.98 收益: 945.00, 佣金: 179.11
现有现金 88888.98

 600257 申请价格: 37.84, 买入数量: 1700
✅ 600257 2019-03-06 买入成交: 1700股 @ 36.51
   成本: 62067.00, 佣金: 186.20
现有现金 26635.78


- - - - - - - - - - - - - - - - - - - - - - - - -
调整各股现金额度 71169.96
pre_rebalance  2019-03-11
⭕ 600257 2019-03-12 卖出成交: -1700股 @ 41.20
   买入价格 36.51 收益: 7973.00, 佣金: 210.12
现有现金 96465.66

 000757 申请价格: 30.17, 买入数量: 2300
✅ 000757 2019-03-13 买入成交: 2300股 @ 28.28
   成本: 65044.00, 佣金: 195.13
现有现金 31226.52


- - - - - - - - - - - - - - - - - - - - - - - - -
调整各股现金额度 74312.90
pre_rebalance  2019-03-18
⭕ 000757 2019-03-19 卖出成交: -2300股 @ 29.18
   买入价格 28.28 收益: 2070.00, 佣金: 201.34
现有现金 98139.18

 603326 申请价格: 17.61, 买入数量: 4200
✅ 603326 2019-03-20 买入成交: 4200股 @ 16.34
   成本: 68628.00, 佣金: 205.88
现有现金 29305.30


- - - - - - - - - - - - - - - - - - - - - - - - -
调整各股现金额度 77314.86
pre_rebalance  2019-03-25
⭕ 600148 2019-03-26 卖出成交: -1400股 @ 51.89
   买入价格 40.69 收益: 15680.00, 佣金: 217.94
现有现金 101733.36

 000757 申请价格: 29.48, 买入数量: 2600
✅ 000757 2019-03-27 买入成交: 2600股 @ 27.73
   成本: 72098.00, 佣金: 216.29
现有现金 29419.07


- - - - - - - - - - - - - - - - - - - - - - - - -
调整各股现金额度 79565.81
pre_rebalance  2019-04-01
⭕ 603326 2019-04-02 卖出成交: -4200股 @ 17.64
   买入价格 16.34 收益: 5460.00, 佣金: 222.26
现有现金 103284.80

 600148 申请价格: 57.81, 买入数量: 1300
✅ 600148 2019-04-03 买入成交: 1300股 @ 54.84
   成本: 71292.00, 佣金: 213.88
现有现金 31778.93


- - - - - - - - - - - - - - - - - - - - - - - - -
调整各股现金额度 78539.59
pre_rebalance  2019-04-08
⭕ 600148 2019-04-09 卖出成交: -1300股 @ 55.70
   买入价格 54.84 收益: 1118.00, 佣金: 217.23
现有现金 103971.70

 603326 申请价格: 17.93, 买入数量: 4300
✅ 603326 2019-04-10 买入成交: 4300股 @ 16.97
   成本: 72971.00, 佣金: 218.91
现有现金 30781.78


- - - - - - - - - - - - - - - - - - - - - - - - -
调整各股现金额度 78008.76
pre_rebalance  2019-04-15
pre_rebalance  2019-04-22
⭕ 000632 2019-04-23 卖出成交: -1900股 @ 43.93
   买入价格 30.38 收益: 25745.00, 佣金: 250.40
现有现金 113998.38

 600367 申请价格: 39.44, 买入数量: 1900
✅ 600367 2019-04-24 买入成交: 1900股 @ 37.86
   成本: 71934.00, 佣金: 215.80
现有现金 41848.58


- - - - - - - - - - - - - - - - - - - - - - - - -
调整各股现金额度 73249.12
pre_rebalance  2019-04-29
⭕ 600367 2019-04-30 卖出成交: -1900股 @ 35.22
   买入价格 37.86 收益: -5016.00, 佣金: 200.75
现有现金 180836.36

⭕ 000757 2019-04-30 卖出成交: -2600股 @ 27.88
   买入价格 27.73 收益: 390.00, 佣金: 217.46
现有现金 180836.36

 002896 申请价格: 32.46, 买入数量: 2200
 603136 申请价格: 36.08, 买入数量: 2000
✅ 002896 2019-05-06 买入成交: 2200股 @ 27.94
   成本: 61468.00, 佣金: 184.40
现有现金 57158.44

✅ 603136 2019-05-06 买入成交: 2000股 @ 30.92
   成本: 61840.00, 佣金: 185.52
现有现金 57158.44


- - - - - - - - - - - - - - - - - - - - - - - - -
调整各股现金额度 71357.49
pre_rebalance  2019-05-06
⭕ 603136 2019-05-07 卖出成交: -2000股 @ 30.53
   买入价格 30.92 收益: -780.00, 佣金: 183.18
现有现金 118035.26

 600148 申请价格: 44.76, 买入数量: 1500
✅ 600148 2019-05-08 买入成交: 1500股 @ 42.99
   成本: 64485.00, 佣金: 193.46
现有现金 53356.80


- - - - - - - - - - - - - - - - - - - - - - - - -
调整各股现金额度 74906.36
pre_rebalance  2019-05-13
⭕ 600148 2019-05-14 卖出成交: -1500股 @ 42.97
   买入价格 42.99 收益: -30.00, 佣金: 193.37
现有现金 184282.84

⭕ 603326 2019-05-14 卖出成交: -4300股 @ 15.55
   买入价格 16.97 收益: -6106.00, 佣金: 200.60
现有现金 184282.84

 000632 申请价格: 36.73, 买入数量: 2000
 600367 申请价格: 35.07, 买入数量: 2100
✅ 000632 2019-05-15 买入成交: 2000股 @ 35.97
   成本: 71940.00, 佣金: 215.82
现有现金 40681.33

✅ 600367 2019-05-15 买入成交: 2100股 @ 33.92
   成本: 71232.00, 佣金: 213.70
现有现金 40681.33


- - - - - - - - - - - - - - - - - - - - - - - - -
调整各股现金额度 72813.67
pre_rebalance  2019-05-20
pre_rebalance  2019-05-27
⭕ 600367 2019-05-28 卖出成交: -2100股 @ 34.27
   买入价格 33.92 收益: 735.00, 佣金: 215.90
现有现金 112432.43

 600148 申请价格: 44.41, 买入数量: 1600
✅ 600148 2019-05-29 买入成交: 1600股 @ 42.60
   成本: 68160.00, 佣金: 204.48
现有现金 44067.95


- - - - - - - - - - - - - - - - - - - - - - - - -
调整各股现金额度 72960.79
pre_rebalance  2019-06-03
pre_rebalance  2019-06-10
pre_rebalance  2019-06-17
⭕ 000632 2019-06-18 卖出成交: -2000股 @ 41.18
   买入价格 35.97 收益: 10420.00, 佣金: 247.08
现有现金 126180.87

 000757 申请价格: 24.50, 买入数量: 2900
✅ 000757 2019-06-19 买入成交: 2900股 @ 23.78
   成本: 68962.00, 佣金: 206.89
现有现金 57011.98


- - - - - - - - - - - - - - - - - - - - - - - - -
调整各股现金额度 76421.60
pre_rebalance  2019-06-24
⭕ 002896 2019-06-25 卖出成交: -2200股 @ 27.43
   买入价格 27.94 收益: -1122.00, 佣金: 181.04
现有现金 117176.94

 600257 申请价格: 31.86, 买入数量: 2300
✅ 600257 2019-06-26 买入成交: 2300股 @ 30.55
   成本: 70265.00, 佣金: 210.80
现有现金 46701.15


- - - - - - - - - - - - - - - - - - - - - - - - -
调整各股现金额度 75347.63
pre_rebalance  2019-07-01
⭕ 600148 2019-07-02 卖出成交: -1600股 @ 43.91
   买入价格 42.6 收益: 2096.00, 佣金: 210.77
现有现金 116746.38

 002896 申请价格: 29.62, 买入数量: 2500
✅ 002896 2019-07-03 买入成交: 2500股 @ 27.87
   成本: 69675.00, 佣金: 209.03
现有现金 46862.35


- - - - - - - - - - - - - - - - - - - - - - - - -
调整各股现金额度 73745.67
pre_rebalance  2019-07-08
pre_rebalance  2019-07-15
⭕ 600257 2019-07-16 卖出成交: -2300股 @ 30.08
   买入价格 30.55 收益: -1081.00, 佣金: 207.55
现有现金 115838.80

 600148 申请价格: 46.28, 买入数量: 1500
✅ 600148 2019-07-17 买入成交: 1500股 @ 44.50
   成本: 66750.00, 佣金: 200.25
现有现金 48888.55


- - - - - - - - - - - - - - - - - - - - - - - - -
调整各股现金额度 70105.11
pre_rebalance  2019-07-22
⭕ 600148 2019-07-23 卖出成交: -1500股 @ 42.63
   买入价格 44.5 收益: -2805.00, 佣金: 191.84
现有现金 112641.72

 600257 申请价格: 30.60, 买入数量: 2200
✅ 600257 2019-07-24 买入成交: 2200股 @ 29.41
   成本: 64702.00, 佣金: 194.11
现有现金 47745.61


- - - - - - - - - - - - - - - - - - - - - - - - -
调整各股现金额度 71344.92
pre_rebalance  2019-07-29
pre_rebalance  2019-08-05
⭕ 000757 2019-08-06 卖出成交: -2900股 @ 22.68
   买入价格 23.78 收益: -3190.00, 佣金: 197.32
现有现金 113320.29

 600148 申请价格: 41.61, 买入数量: 1700
✅ 600148 2019-08-07 买入成交: 1700股 @ 39.35
   成本: 66895.00, 佣金: 200.69
现有现金 46224.61


- - - - - - - - - - - - - - - - - - - - - - - - -
调整各股现金额度 68738.32
pre_rebalance  2019-08-12
pre_rebalance  2019-08-19
pre_rebalance  2019-08-26
pre_rebalance  2019-09-02
pre_rebalance  2019-09-09
pre_rebalance  2019-09-16
pre_rebalance  2019-09-23
pre_rebalance  2019-09-30
pre_rebalance  2019-10-08
pre_rebalance  2019-10-14
pre_rebalance  2019-10-21
pre_rebalance  2019-10-28
pre_rebalance  2019-11-04
⭕ 600257 2019-11-05 卖出成交: -2200股 @ 30.14
   买入价格 29.41 收益: 1606.00, 佣金: 198.92
现有现金 112333.69

 600367 申请价格: 32.26, 买入数量: 2100
✅ 600367 2019-11-06 买入成交: 2100股 @ 30.46
   成本: 63966.00, 佣金: 191.90
现有现金 48175.79


- - - - - - - - - - - - - - - - - - - - - - - - -
调整各股现金额度 65788.36
pre_rebalance  2019-11-11
⭕ 600367 2019-11-12 卖出成交: -2100股 @ 29.55
   买入价格 30.46 收益: -1911.00, 佣金: 186.16
现有现金 110044.62

 002193 申请价格: 16.76, 买入数量: 3900
✅ 002193 2019-11-13 买入成交: 3900股 @ 15.76
   成本: 61464.00, 佣金: 184.39
现有现金 48396.23


- - - - - - - - - - - - - - - - - - - - - - - - -
调整各股现金额度 65478.45
pre_rebalance  2019-11-18
⭕ 002193 2019-11-19 卖出成交: -3900股 @ 15.96
   买入价格 15.76 收益: 780.00, 佣金: 186.73
现有现金 110453.50

 600257 申请价格: 29.12, 买入数量: 2200
✅ 600257 2019-11-20 买入成交: 2200股 @ 27.53
   成本: 60566.00, 佣金: 181.70
现有现金 49705.80


- - - - - - - - - - - - - - - - - - - - - - - - -
调整各股现金额度 65020.76
pre_rebalance  2019-11-25
pre_rebalance  2019-12-02
pre_rebalance  2019-12-09
pre_rebalance  2019-12-16
pre_rebalance  2019-12-23
⭕ 600257 2019-12-24 卖出成交: -2200股 @ 28.87
   买入价格 27.53 收益: 2948.00, 佣金: 190.54
现有现金 113029.26

 002193 申请价格: 16.87, 买入数量: 3800
✅ 002193 2019-12-25 买入成交: 3800股 @ 16.05
   成本: 60990.00, 佣金: 182.97
现有现金 51856.29


- - - - - - - - - - - - - - - - - - - - - - - - -
调整各股现金额度 70554.46
pre_rebalance  2019-12-30

==================================================
策略执行总结:
==================================================
交易过股票：
600148 长春一东 汽车零部件 收益率 20.53%
600257 大湖股份 农牧饲渔 收益率 45.72%
600250 南京商旅 贸易行业 收益率 -13.86%
000757 浩物股份 汽车服务 收益率 0.53%
000859 国风新材 塑料制品 收益率 3.27%
002896 中大力德 通用设备 收益率 -21.87%
600367 红星发展 化学原料 收益率 -8.82%
603136 天目湖 旅游酒店 收益率 -1.26%
002193 如意集团 纺织服装 收益率 2.53%
603326 我乐家居 装修建材 收益率 -1.08%
600137 浪莎股份 纺织服装 收益率 21.91%
000632 三木集团 综合行业 收益率 65.55%

初始资金: 300000.00
最终价值: 346289.29
总收益率: 15.43%
cerebro run 20.92s
最终投资组合价值: 346289.29

🔍 策略表现:
累计收益: 15.43%
年化收益: 15.70%
夏普比率: 0.765
最大回撤: -20.52%

==================================================


2020 年
筛选净利润增长率连续3年 > 20%
符合增长率 > 20% 的共有222只
load_stock_list 10.24s
符合条件股票 188 个
筛选市值最小的 30 只股票
filter codes 5.35s
cerebro adddata 5.70s
初始投资组合价值: 30.00 万
pre_rebalance  2020-01-06
 603088 申请价格: 19.38, 买入数量: 3000
 600202 申请价格: 25.61, 买入数量: 2300
 002278 申请价格: 15.42, 买入数量: 3800
 603988 申请价格: 32.63, 买入数量: 1800
 600731 申请价格: 49.74, 买入数量: 1200
✅ 603088 2020-01-07 买入成交: 3000股 @ 18.73
   成本: 56190.00, 佣金: 168.57
现有现金 16547.18

✅ 600202 2020-01-07 买入成交: 2300股 @ 24.93
   成本: 57339.00, 佣金: 172.02
现有现金 16547.18

✅ 002278 2020-01-07 买入成交: 3800股 @ 14.80
   成本: 56240.00, 佣金: 168.72
现有现金 16547.18

✅ 603988 2020-01-07 买入成交: 1800股 @ 31.02
   成本: 55836.00, 佣金: 167.51
现有现金 16547.18

✅ 600731 2020-01-07 买入成交: 1200股 @ 47.50
   成本: 57000.00, 佣金: 171.00
现有现金 16547.18


- - - - - - - - - - - - - - - - - - - - - - - - -
调整各股现金额度 58948.64
pre_rebalance  2020-01-13
pre_rebalance  2020-01-20
pre_rebalance  2020-02-03
pre_rebalance  2020-02-10
pre_rebalance  2020-02-17
pre_rebalance  2020-02-24
⭕ 600731 2020-02-25 卖出成交: -1200股 @ 45.57
   买入价格 47.5 收益: -2316.00, 佣金: 164.05
现有现金 71067.13

 600287 申请价格: 31.08, 买入数量: 1800
✅ 600287 2020-02-26 买入成交: 1800股 @ 29.95
   成本: 53910.00, 佣金: 161.73
现有现金 16995.40


- - - - - - - - - - - - - - - - - - - - - - - - -
调整各股现金额度 55174.28
pre_rebalance  2020-03-02
⭕ 600287 2020-03-03 卖出成交: -1800股 @ 29.45
   买入价格 29.95 收益: -900.00, 佣金: 159.03
现有现金 69846.37

 603800 申请价格: 12.43, 买入数量: 4400
✅ 603800 2020-03-04 买入成交: 4400股 @ 11.96
   成本: 52624.00, 佣金: 157.87
现有现金 17064.50


- - - - - - - - - - - - - - - - - - - - - - - - -
调整各股现金额度 56338.30
pre_rebalance  2020-03-09
⭕ 603800 2020-03-10 卖出成交: -4400股 @ 11.93
   买入价格 11.96 收益: -132.00, 佣金: 157.48
现有现金 69399.03

 000632 申请价格: 40.34, 买入数量: 1300
✅ 000632 2020-03-11 买入成交: 1300股 @ 40.03
   成本: 52039.00, 佣金: 156.12
现有现金 17203.91


- - - - - - - - - - - - - - - - - - - - - - - - -
调整各股现金额度 55381.18
pre_rebalance  2020-03-16
⭕ 000632 2020-03-17 卖出成交: -1300股 @ 39.26
   买入价格 40.03 收益: -1001.00, 佣金: 153.11
现有现金 68088.79

 603800 申请价格: 11.84, 买入数量: 4600
✅ 603800 2020-03-18 买入成交: 4600股 @ 11.30
   成本: 51980.00, 佣金: 155.94
现有现金 15952.85


- - - - - - - - - - - - - - - - - - - - - - - - -
调整各股现金额度 54945.77
pre_rebalance  2020-03-23
pre_rebalance  2020-03-30
⭕ 002278 2020-03-31 卖出成交: -3800股 @ 12.24
   买入价格 14.8 收益: -9728.00, 佣金: 139.54
现有现金 123596.95

⭕ 603800 2020-03-31 卖出成交: -4600股 @ 13.36
   买入价格 11.3 收益: 9476.00, 佣金: 184.37
现有现金 123596.95

 000632 申请价格: 34.47, 买入数量: 1500
 600731 申请价格: 43.21, 买入数量: 1200
✅ 000632 2020-04-01 买入成交: 1500股 @ 32.83
   成本: 49245.00, 佣金: 147.73
现有现金 25915.78

✅ 600731 2020-04-01 买入成交: 1200股 @ 40.12
   成本: 48144.00, 佣金: 144.43
现有现金 25915.78


- - - - - - - - - - - - - - - - - - - - - - - - -
调整各股现金额度 56462.36
pre_rebalance  2020-04-07
pre_rebalance  2020-04-13
pre_rebalance  2020-04-20
⭕ 600731 2020-04-21 卖出成交: -1200股 @ 40.00
   买入价格 40.12 收益: -144.00, 佣金: 144.00
现有现金 73771.78

 002278 申请价格: 12.64, 买入数量: 4400
✅ 002278 2020-04-22 买入成交: 4400股 @ 12.09
   成本: 53196.00, 佣金: 159.59
现有现金 20416.19


- - - - - - - - - - - - - - - - - - - - - - - - -
调整各股现金额度 56265.44
pre_rebalance  2020-04-27
pre_rebalance  2020-05-06
⭕ 603988 2020-05-07 卖出成交: -1800股 @ 34.40
   买入价格 31.02 收益: 6084.00, 佣金: 185.76
现有现金 82150.43

 603800 申请价格: 12.83, 买入数量: 4300
✅ 603800 2020-05-08 买入成交: 4300股 @ 12.10
   成本: 52030.00, 佣金: 156.09
现有现金 29964.34


- - - - - - - - - - - - - - - - - - - - - - - - -
调整各股现金额度 59540.67
pre_rebalance  2020-05-11
⭕ 603800 2020-05-12 卖出成交: -4300股 @ 12.57
   买入价格 12.1 收益: 2021.00, 佣金: 162.15
现有现金 83853.19

 600287 申请价格: 28.78, 买入数量: 2000
✅ 600287 2020-05-13 买入成交: 2000股 @ 27.61
   成本: 55220.00, 佣金: 165.66
现有现金 28467.53


- - - - - - - - - - - - - - - - - - - - - - - - -
调整各股现金额度 59060.11
pre_rebalance  2020-05-18
⭕ 600287 2020-05-19 卖出成交: -2000股 @ 27.06
   买入价格 27.61 收益: -1100.00, 佣金: 162.36
现有现金 82425.17

 603800 申请价格: 12.16, 买入数量: 4800
✅ 603800 2020-05-20 买入成交: 4800股 @ 11.37
   成本: 54576.00, 佣金: 163.73
现有现金 27685.44


- - - - - - - - - - - - - - - - - - - - - - - - -
调整各股现金额度 57972.89
pre_rebalance  2020-05-25
pre_rebalance  2020-06-01
pre_rebalance  2020-06-08
pre_rebalance  2020-06-15
pre_rebalance  2020-06-22
pre_rebalance  2020-06-29
pre_rebalance  2020-07-06
pre_rebalance  2020-07-13
⭕ 603800 2020-07-14 卖出成交: -4800股 @ 12.49
   买入价格 11.37 收益: 5376.00, 佣金: 179.86
现有现金 87457.59

 600287 申请价格: 33.82, 买入数量: 1700
✅ 600287 2020-07-15 买入成交: 1700股 @ 31.86
   成本: 54162.00, 佣金: 162.49
现有现金 33133.10


- - - - - - - - - - - - - - - - - - - - - - - - -
调整各股现金额度 64599.51
pre_rebalance  2020-07-20
⭕ 600287 2020-07-21 卖出成交: -1700股 @ 32.06
   买入价格 31.86 收益: 340.00, 佣金: 163.51
现有现金 87471.60

 603800 申请价格: 13.58, 买入数量: 4700
✅ 603800 2020-07-22 买入成交: 4700股 @ 12.94
   成本: 60818.00, 佣金: 182.45
现有现金 26471.14


- - - - - - - - - - - - - - - - - - - - - - - - -
调整各股现金额度 65009.83
pre_rebalance  2020-07-27
pre_rebalance  2020-08-03
pre_rebalance  2020-08-10
⭕ 603800 2020-08-11 卖出成交: -4700股 @ 14.31
   买入价格 12.94 收益: 6439.00, 佣金: 201.77
现有现金 93526.37

 600287 申请价格: 32.60, 买入数量: 1900
✅ 600287 2020-08-12 买入成交: 1900股 @ 31.10
   成本: 59090.00, 佣金: 177.27
现有现金 34259.10


- - - - - - - - - - - - - - - - - - - - - - - - -
调整各股现金额度 71861.65
pre_rebalance  2020-08-17
⭕ 600287 2020-08-18 卖出成交: -1900股 @ 32.62
   买入价格 31.1 收益: 2888.00, 佣金: 185.93
现有现金 96051.17

 603918 申请价格: 32.95, 买入数量: 2100
✅ 603918 2020-08-19 买入成交: 2100股 @ 31.16
   成本: 65436.00, 佣金: 196.31
现有现金 30418.86


- - - - - - - - - - - - - - - - - - - - - - - - -
调整各股现金额度 72589.57
pre_rebalance  2020-08-24
⭕ 603918 2020-08-25 卖出成交: -2100股 @ 31.77
   买入价格 31.16 收益: 1281.00, 佣金: 200.15
现有现金 96935.71

 603800 申请价格: 14.15, 买入数量: 5100
✅ 603800 2020-08-26 买入成交: 5100股 @ 13.03
   成本: 66453.00, 佣金: 199.36
现有现金 30283.35


- - - - - - - - - - - - - - - - - - - - - - - - -
调整各股现金额度 72822.67
pre_rebalance  2020-08-31
pre_rebalance  2020-09-07
⭕ 002278 2020-09-08 卖出成交: -4400股 @ 16.51
   买入价格 12.09 收益: 19448.00, 佣金: 217.93
现有现金 102709.42

 600287 申请价格: 31.74, 买入数量: 2200
✅ 600287 2020-09-09 买入成交: 2200股 @ 30.03
   成本: 66066.00, 佣金: 198.20
现有现金 36445.22


- - - - - - - - - - - - - - - - - - - - - - - - -
调整各股现金额度 70063.64
pre_rebalance  2020-09-14
pre_rebalance  2020-09-21
⭕ 600287 2020-09-22 卖出成交: -2200股 @ 29.07
   买入价格 30.03 收益: -2112.00, 佣金: 191.86
现有现金 100207.36

 002278 申请价格: 16.72, 买入数量: 4100
✅ 002278 2020-09-23 买入成交: 4100股 @ 16.10
   成本: 66010.00, 佣金: 198.03
现有现金 33999.33


- - - - - - - - - - - - - - - - - - - - - - - - -
调整各股现金额度 65547.87
pre_rebalance  2020-09-28
⭕ 002278 2020-09-29 卖出成交: -4100股 @ 14.90
   买入价格 16.1 收益: -4920.00, 佣金: 183.27
现有现金 94906.06

 600287 申请价格: 29.40, 买入数量: 2200
✅ 600287 2020-09-30 买入成交: 2200股 @ 28.20
   成本: 62040.00, 佣金: 186.12
现有现金 32679.94


- - - - - - - - - - - - - - - - - - - - - - - - -
调整各股现金额度 66706.39
pre_rebalance  2020-10-09
⭕ 600287 2020-10-12 卖出成交: -2200股 @ 29.42
   买入价格 28.2 收益: 2684.00, 佣金: 194.17
现有现金 97209.77

pre_rebalance  2020-10-12
 002278 申请价格: 16.77, 买入数量: 3900
✅ 002278 2020-10-14 买入成交: 3900股 @ 15.95
   成本: 62205.00, 佣金: 186.62
现有现金 34818.15


- - - - - - - - - - - - - - - - - - - - - - - - -
调整各股现金额度 65972.23
pre_rebalance  2020-10-19
⭕ 002278 2020-10-20 卖出成交: -3900股 @ 15.66
   买入价格 15.95 收益: -1131.00, 佣金: 183.22
现有现金 95708.93

 600287 申请价格: 30.63, 买入数量: 2100
✅ 600287 2020-10-21 买入成交: 2100股 @ 28.86
   成本: 60606.00, 佣金: 181.82
现有现金 34921.11


- - - - - - - - - - - - - - - - - - - - - - - - -
调整各股现金额度 65731.82
pre_rebalance  2020-10-26
⭕ 600287 2020-10-27 卖出成交: -2100股 @ 28.31
   买入价格 28.86 收益: -1155.00, 佣金: 178.35
现有现金 94193.76

 002278 申请价格: 16.61, 买入数量: 3900
✅ 002278 2020-10-28 买入成交: 3900股 @ 15.88
   成本: 61932.00, 佣金: 185.80
现有现金 32075.96


- - - - - - - - - - - - - - - - - - - - - - - - -
调整各股现金额度 62296.79
pre_rebalance  2020-11-02
⭕ 002278 2020-11-03 卖出成交: -3900股 @ 15.66
   买入价格 15.88 收益: -858.00, 佣金: 183.22
现有现金 92966.74

 600287 申请价格: 30.52, 买入数量: 2000
✅ 600287 2020-11-04 买入成交: 2000股 @ 29.12
   成本: 58240.00, 佣金: 174.72
现有现金 34552.02


- - - - - - - - - - - - - - - - - - - - - - - - -
调整各股现金额度 64838.60
pre_rebalance  2020-11-09
pre_rebalance  2020-11-16
pre_rebalance  2020-11-23
⭕ 600287 2020-11-24 卖出成交: -2000股 @ 30.59
   买入价格 29.12 收益: 2940.00, 佣金: 183.54
现有现金 95548.48

 002278 申请价格: 15.65, 买入数量: 4100
✅ 002278 2020-11-25 买入成交: 4100股 @ 14.53
   成本: 59573.00, 佣金: 178.72
现有现金 35796.76


- - - - - - - - - - - - - - - - - - - - - - - - -
调整各股现金额度 63919.55
pre_rebalance  2020-11-30
pre_rebalance  2020-12-07
pre_rebalance  2020-12-14
pre_rebalance  2020-12-21
pre_rebalance  2020-12-28
⭕ 002278 2020-12-29 卖出成交: -4100股 @ 14.64
   买入价格 14.53 收益: 451.00, 佣金: 180.07
现有现金 95640.69

 603918 申请价格: 28.46, 买入数量: 2200
✅ 603918 2020-12-30 买入成交: 2200股 @ 27.07
   成本: 59554.00, 佣金: 178.66
现有现金 35908.03


==================================================
策略执行总结:
==================================================
交易过股票：
600202 哈空调 电源设备 收益率 -16.25%
000632 三木集团 综合行业 收益率 -6.49%
002278 神开股份 专用设备 收益率 1.96%
603800 洪田股份 专用设备 收益率 23.36%
600731 湖南海利 农药兽药 收益率 -4.35%
603918 金桥信息 互联网服务 收益率 3.46%
603988 中电电机 电机 收益率 10.90%
603088 宁波精达 通用设备 收益率 21.68%
600287 苏豪时尚 商业百货 收益率 5.85%

初始资金: 300000.00
最终价值: 314766.03
总收益率: 4.92%
cerebro run 17.13s
最终投资组合价值: 314766.03

🔍 策略表现:
累计收益: 4.92%
年化收益: 5.00%
夏普比率: 0.322
最大回撤: -16.22%

==================================================


2021 年
筛选净利润增长率连续3年 > 20%
符合增长率 > 20% 的共有213只
load_stock_list 11.35s
符合条件股票 194 个
筛选市值最小的 30 只股票
filter codes 3.97s
cerebro adddata 4.18s
初始投资组合价值: 30.00 万
pre_rebalance  2021-01-04
 600099 申请价格: 18.00, 买入数量: 3300
 002112 申请价格: 22.30, 买入数量: 2600
 600234 申请价格: 22.96, 买入数量: 2600
 002576 申请价格: 17.00, 买入数量: 3500
 002676 申请价格: 16.29, 买入数量: 3600
✅ 600099 2021-01-05 买入成交: 3300股 @ 17.00
   成本: 56100.00, 佣金: 168.30
现有现金 19037.63

✅ 002112 2021-01-05 买入成交: 2600股 @ 20.88
   成本: 54288.00, 佣金: 162.86
现有现金 19037.63

✅ 600234 2021-01-05 买入成交: 2600股 @ 21.87
   成本: 56862.00, 佣金: 170.59
现有现金 19037.63

✅ 002576 2021-01-05 买入成交: 3500股 @ 16.44
   成本: 57540.00, 佣金: 172.62
现有现金 19037.63

✅ 002676 2021-01-05 买入成交: 3600股 @ 15.37
   成本: 55332.00, 佣金: 166.00
现有现金 19037.63


- - - - - - - - - - - - - - - - - - - - - - - - -
调整各股现金额度 53844.73
pre_rebalance  2021-01-11
⭕ 002676 2021-01-12 卖出成交: -3600股 @ 13.92
   买入价格 15.37 收益: -5220.00, 佣金: 150.34
现有现金 68999.30

 603918 申请价格: 26.11, 买入数量: 2000
✅ 603918 2021-01-13 买入成交: 2000股 @ 24.52
   成本: 49040.00, 佣金: 147.12
现有现金 19812.18


- - - - - - - - - - - - - - - - - - - - - - - - -
调整各股现金额度 55783.04
pre_rebalance  2021-01-18
⭕ 603918 2021-01-19 卖出成交: -2000股 @ 25.80
   买入价格 24.52 收益: 2560.00, 佣金: 154.80
现有现金 71257.38

 002676 申请价格: 14.86, 买入数量: 3700
✅ 002676 2021-01-20 买入成交: 3700股 @ 14.01
   成本: 51837.00, 佣金: 155.51
现有现金 19264.87


- - - - - - - - - - - - - - - - - - - - - - - - -
调整各股现金额度 53741.77
pre_rebalance  2021-01-25
pre_rebalance  2021-02-01
pre_rebalance  2021-02-08
⭕ 002676 2021-02-09 卖出成交: -3700股 @ 12.84
   买入价格 14.01 收益: -4329.00, 佣金: 142.52
现有现金 66630.34

 603918 申请价格: 23.86, 买入数量: 2200
✅ 603918 2021-02-10 买入成交: 2200股 @ 23.14
   成本: 50908.00, 佣金: 152.72
现有现金 15569.62


- - - - - - - - - - - - - - - - - - - - - - - - -
调整各股现金额度 53500.92
pre_rebalance  2021-02-18
⭕ 603918 2021-02-19 卖出成交: -2200股 @ 24.23
   买入价格 23.14 收益: 2398.00, 佣金: 159.92
现有现金 68715.70

 002676 申请价格: 14.86, 买入数量: 3600
✅ 002676 2021-02-22 买入成交: 3600股 @ 14.20
   成本: 51120.00, 佣金: 153.36
现有现金 17442.34


- - - - - - - - - - - - - - - - - - - - - - - - -
调整各股现金额度 54969.07
pre_rebalance  2021-02-22
pre_rebalance  2021-03-01
⭕ 002676 2021-03-02 卖出成交: -3600股 @ 14.38
   买入价格 14.2 收益: 648.00, 佣金: 155.30
现有现金 69055.04

 603918 申请价格: 26.84, 买入数量: 2000
✅ 603918 2021-03-03 买入成交: 2000股 @ 25.66
   成本: 51320.00, 佣金: 153.96
现有现金 17581.08


- - - - - - - - - - - - - - - - - - - - - - - - -
调整各股现金额度 57083.22
pre_rebalance  2021-03-08
⭕ 603918 2021-03-09 卖出成交: -2000股 @ 26.65
   买入价格 25.66 收益: 1980.00, 佣金: 159.90
现有现金 70721.18

 002676 申请价格: 15.30, 买入数量: 3700
✅ 002676 2021-03-10 买入成交: 3700股 @ 14.29
   成本: 52873.00, 佣金: 158.62
现有现金 17689.56


- - - - - - - - - - - - - - - - - - - - - - - - -
调整各股现金额度 57181.71
pre_rebalance  2021-03-15
pre_rebalance  2021-03-22
pre_rebalance  2021-03-29
⭕ 002676 2021-03-30 卖出成交: -3700股 @ 14.29
   买入价格 14.29 收益: 0.00, 佣金: 158.62
现有现金 70403.94

 603918 申请价格: 27.28, 买入数量: 2000
✅ 603918 2021-03-31 买入成交: 2000股 @ 27.58
   成本: 55160.00, 佣金: 165.48
现有现金 15078.46


- - - - - - - - - - - - - - - - - - - - - - - - -
调整各股现金额度 59289.29
pre_rebalance  2021-04-06
⭕ 603918 2021-04-07 卖出成交: -2000股 @ 26.49
   买入价格 27.58 收益: -2180.00, 佣金: 158.94
现有现金 67899.52

 002676 申请价格: 15.94, 买入数量: 3700
✅ 002676 2021-04-08 买入成交: 3700股 @ 14.85
   成本: 54945.00, 佣金: 164.83
现有现金 12789.68


- - - - - - - - - - - - - - - - - - - - - - - - -
调整各股现金额度 57567.94
pre_rebalance  2021-04-12
pre_rebalance  2021-04-19
pre_rebalance  2021-04-26
pre_rebalance  2021-05-06
pre_rebalance  2021-05-10
pre_rebalance  2021-05-17
pre_rebalance  2021-05-24
pre_rebalance  2021-05-31
⭕ 002676 2021-06-01 卖出成交: -3700股 @ 17.99
   买入价格 14.85 收益: 11618.00, 佣金: 199.69
现有现金 79153.00

 002296 申请价格: 36.44, 买入数量: 1500
✅ 002296 2021-06-02 买入成交: 1500股 @ 34.09
   成本: 51135.00, 佣金: 153.41
现有现金 27864.59


- - - - - - - - - - - - - - - - - - - - - - - - -
调整各股现金额度 61023.72
pre_rebalance  2021-06-07
⭕ 002296 2021-06-08 卖出成交: -1500股 @ 34.75
   买入价格 34.09 收益: 990.00, 佣金: 156.38
现有现金 79833.21

 000880 申请价格: 33.31, 买入数量: 1800
✅ 000880 2021-06-09 买入成交: 1800股 @ 32.11
   成本: 57798.00, 佣金: 173.39
现有现金 21861.82


- - - - - - - - - - - - - - - - - - - - - - - - -
调整各股现金额度 63359.56
pre_rebalance  2021-06-15
⭕ 000880 2021-06-16 卖出成交: -1800股 @ 31.36
   买入价格 32.11 收益: -1350.00, 佣金: 169.34
现有现金 78140.48

 002676 申请价格: 16.98, 买入数量: 3700
✅ 002676 2021-06-17 买入成交: 3700股 @ 16.73
   成本: 61901.00, 佣金: 185.70
现有现金 16053.77


- - - - - - - - - - - - - - - - - - - - - - - - -
调整各股现金额度 64738.35
pre_rebalance  2021-06-21
pre_rebalance  2021-06-28
⭕ 600234 2021-06-29 卖出成交: -2600股 @ 32.55
   买入价格 21.87 收益: 27768.00, 佣金: 253.89
现有现金 173027.44

⭕ 002676 2021-06-29 卖出成交: -3700股 @ 19.68
   买入价格 16.73 收益: 10915.00, 佣金: 218.45
现有现金 173027.44

 000880 申请价格: 31.25, 买入数量: 2000
 000020 申请价格: 24.49, 买入数量: 2600
✅ 000880 2021-06-30 买入成交: 2000股 @ 29.80
   成本: 59600.00, 佣金: 178.80
现有现金 51678.48

✅ 000020 2021-06-30 买入成交: 2600股 @ 23.61
   成本: 61386.00, 佣金: 184.16
现有现金 51678.48


- - - - - - - - - - - - - - - - - - - - - - - - -
调整各股现金额度 66540.10
pre_rebalance  2021-07-05
⭕ 000020 2021-07-06 卖出成交: -2600股 @ 23.58
   买入价格 23.61 收益: -78.00, 佣金: 183.92
现有现金 112802.55

 002296 申请价格: 36.76, 买入数量: 1800
✅ 002296 2021-07-07 买入成交: 1800股 @ 35.01
   成本: 63018.00, 佣金: 189.05
现有现金 49595.50


- - - - - - - - - - - - - - - - - - - - - - - - -
调整各股现金额度 67383.50
pre_rebalance  2021-07-12
⭕ 002296 2021-07-13 卖出成交: -1800股 @ 36.45
   买入价格 35.01 收益: 2592.00, 佣金: 196.83
现有现金 115008.67

 603506 申请价格: 37.03, 买入数量: 1800
✅ 603506 2021-07-14 买入成交: 1800股 @ 34.92
   成本: 62856.00, 佣金: 188.57
现有现金 51964.10


- - - - - - - - - - - - - - - - - - - - - - - - -
调整各股现金额度 66842.02
pre_rebalance  2021-07-19
pre_rebalance  2021-07-26
pre_rebalance  2021-08-02
pre_rebalance  2021-08-09
pre_rebalance  2021-08-16
pre_rebalance  2021-08-23
pre_rebalance  2021-08-30
pre_rebalance  2021-09-06
⭕ 000880 2021-09-07 卖出成交: -2000股 @ 32.93
   买入价格 29.8 收益: 6260.00, 佣金: 197.58
现有现金 183003.80

⭕ 603506 2021-09-07 卖出成交: -1800股 @ 36.43
   买入价格 34.92 收益: 2718.00, 佣金: 196.72
现有现金 183003.80

 000020 申请价格: 23.62, 买入数量: 2800
 603918 申请价格: 27.89, 买入数量: 2300
✅ 000020 2021-09-08 买入成交: 2800股 @ 22.64
   成本: 63392.00, 佣金: 190.18
现有现金 57665.91

✅ 603918 2021-09-08 买入成交: 2300股 @ 26.77
   成本: 61571.00, 佣金: 184.71
现有现金 57665.91


- - - - - - - - - - - - - - - - - - - - - - - - -
调整各股现金额度 75262.38
pre_rebalance  2021-09-13
⭕ 603918 2021-09-14 卖出成交: -2300股 @ 27.01
   买入价格 26.77 收益: 552.00, 佣金: 186.37
现有现金 119602.54

 000880 申请价格: 33.63, 买入数量: 2200
✅ 000880 2021-09-15 买入成交: 2200股 @ 33.01
   成本: 72622.00, 佣金: 217.87
现有现金 46762.68


- - - - - - - - - - - - - - - - - - - - - - - - -
调整各股现金额度 77110.14
pre_rebalance  2021-09-22
⭕ 000880 2021-09-23 卖出成交: -2200股 @ 33.21
   买入价格 33.01 收益: 440.00, 佣金: 219.19
现有现金 119605.49

 603506 申请价格: 37.55, 买入数量: 2000
✅ 603506 2021-09-24 买入成交: 2000股 @ 36.35
   成本: 72700.00, 佣金: 218.10
现有现金 46687.39


- - - - - - - - - - - - - - - - - - - - - - - - -
调整各股现金额度 73865.28
pre_rebalance  2021-09-27
pre_rebalance  2021-10-08
⭕ 002576 2021-10-11 卖出成交: -3500股 @ 19.07
   买入价格 16.44 收益: 9205.00, 佣金: 200.24
现有现金 184497.71

⭕ 603506 2021-10-11 卖出成交: -2000股 @ 35.74
   买入价格 36.35 收益: -1220.00, 佣金: 214.44
现有现金 184497.71

pre_rebalance  2021-10-11
 002395 申请价格: 33.84, 买入数量: 2100
 603918 申请价格: 26.42, 买入数量: 2700
✅ 002395 2021-10-13 买入成交: 2100股 @ 31.97
   成本: 67137.00, 佣金: 201.41
现有现金 49781.78

✅ 603918 2021-10-13 买入成交: 2700股 @ 24.88
   成本: 67176.00, 佣金: 201.53
现有现金 49781.78


- - - - - - - - - - - - - - - - - - - - - - - - -
调整各股现金额度 72607.76
pre_rebalance  2021-10-18
⭕ 002395 2021-10-19 卖出成交: -2100股 @ 32.26
   买入价格 31.97 收益: 609.00, 佣金: 203.24
现有现金 117324.54

 002576 申请价格: 20.81, 买入数量: 3400
✅ 002576 2021-10-20 买入成交: 3400股 @ 20.08
   成本: 68272.00, 佣金: 204.82
现有现金 48847.72


- - - - - - - - - - - - - - - - - - - - - - - - -
调整各股现金额度 70473.94
pre_rebalance  2021-10-25
pre_rebalance  2021-11-01
pre_rebalance  2021-11-08
⭕ 002576 2021-11-09 卖出成交: -3400股 @ 24.28
   买入价格 20.08 收益: 14280.00, 佣金: 247.66
现有现金 196134.53

⭕ 603918 2021-11-09 卖出成交: -2700股 @ 24.14
   买入价格 24.88 收益: -1998.00, 佣金: 195.53
现有现金 196134.53

 600234 申请价格: 22.87, 买入数量: 3000
 002395 申请价格: 34.52, 买入数量: 2000
✅ 600234 2021-11-10 买入成交: 3000股 @ 21.76
   成本: 65280.00, 佣金: 195.84
现有现金 58081.61

✅ 002395 2021-11-10 买入成交: 2000股 @ 36.18
   成本: 72360.00, 佣金: 217.08
现有现金 58081.61


- - - - - - - - - - - - - - - - - - - - - - - - -
调整各股现金额度 76168.52
pre_rebalance  2021-11-15
⭕ 002395 2021-11-16 卖出成交: -2000股 @ 37.32
   买入价格 36.18 收益: 2280.00, 佣金: 223.92
现有现金 132497.69

 603918 申请价格: 26.74, 买入数量: 2800
✅ 603918 2021-11-17 买入成交: 2800股 @ 25.58
   成本: 71624.00, 佣金: 214.87
现有现金 60658.82


- - - - - - - - - - - - - - - - - - - - - - - - -
调整各股现金额度 75620.56
pre_rebalance  2021-11-22
⭕ 603918 2021-11-23 卖出成交: -2800股 @ 25.89
   买入价格 25.58 收益: 868.00, 佣金: 217.48
现有现金 132933.34

 002799 申请价格: 30.91, 买入数量: 2400
✅ 002799 2021-11-24 买入成交: 2400股 @ 28.93
   成本: 69432.00, 佣金: 208.30
现有现金 63293.05


- - - - - - - - - - - - - - - - - - - - - - - - -
调整各股现金额度 74519.81
pre_rebalance  2021-11-29
⭕ 002799 2021-11-30 卖出成交: -2400股 @ 28.52
   买入价格 28.93 收益: -984.00, 佣金: 205.34
现有现金 131535.70

 603918 申请价格: 28.40, 买入数量: 2600
✅ 603918 2021-12-01 买入成交: 2600股 @ 26.80
   成本: 69680.00, 佣金: 209.04
现有现金 61646.66


- - - - - - - - - - - - - - - - - - - - - - - - -
调整各股现金额度 73387.93
pre_rebalance  2021-12-06
⭕ 603918 2021-12-07 卖出成交: -2600股 @ 25.93
   买入价格 26.8 收益: -2262.00, 佣金: 202.25
现有现金 128862.41

 002296 申请价格: 37.79, 买入数量: 1900
✅ 002296 2021-12-08 买入成交: 1900股 @ 36.24
   成本: 68856.00, 佣金: 206.57
现有现金 59799.84


- - - - - - - - - - - - - - - - - - - - - - - - -
调整各股现金额度 75838.37
pre_rebalance  2021-12-13
⭕ 002296 2021-12-14 卖出成交: -1900股 @ 36.55
   买入价格 36.24 收益: 589.00, 佣金: 208.33
现有现金 129036.51

 603918 申请价格: 27.81, 买入数量: 2700
✅ 603918 2021-12-15 买入成交: 2700股 @ 26.24
   成本: 70848.00, 佣金: 212.54
现有现金 57975.96


- - - - - - - - - - - - - - - - - - - - - - - - -
调整各股现金额度 85349.39
pre_rebalance  2021-12-20
⭕ 603918 2021-12-21 卖出成交: -2700股 @ 29.74
   买入价格 26.24 收益: 9450.00, 佣金: 240.89
现有现金 138033.07

 603506 申请价格: 42.19, 买入数量: 2000
✅ 603506 2021-12-22 买入成交: 2000股 @ 40.48
   成本: 80960.00, 佣金: 242.88
现有现金 56830.19


- - - - - - - - - - - - - - - - - - - - - - - - -
调整各股现金额度 79560.44
pre_rebalance  2021-12-27
⭕ 600234 2021-12-28 卖出成交: -3000股 @ 24.93
   买入价格 21.76 收益: 9510.00, 佣金: 224.37
现有现金 209440.98

⭕ 603506 2021-12-28 卖出成交: -2000股 @ 39.14
   买入价格 40.48 收益: -2680.00, 佣金: 234.84
现有现金 209440.98

 002296 申请价格: 39.56, 买入数量: 2000
 002395 申请价格: 35.35, 买入数量: 2200
✅ 002296 2021-12-29 买入成交: 2000股 @ 37.73
   成本: 75460.00, 佣金: 226.38
现有现金 59171.52

✅ 002395 2021-12-29 买入成交: 2200股 @ 33.80
   成本: 74360.00, 佣金: 223.08
现有现金 59171.52


==================================================
策略执行总结:
==================================================
交易过股票：
002799 环球印务 包装材料 收益率 -1.42%
603918 金桥信息 互联网服务 收益率 19.41%
002112 三变科技 电网设备 收益率 0.00%
600234 科新发展 房地产开发 收益率 70.52%
603506 南都物业 房地产服务 收益率 -0.82%
002676 顺威股份 家电行业 收益率 19.78%
002395 双象股份 塑料制品 收益率 4.27%
000020 深华发Ａ 光学光电子 收益率 -2.77%
002296 辉煌科技 通信设备 收益率 9.50%
600099 林海股份 交运设备 收益率 37.06%
002576 通达动力 电机 收益率 40.26%
000880 潍柴重机 通用设备 收益率 8.58%

初始资金: 300000.00
最终价值: 403753.52
总收益率: 34.58%
cerebro run 16.51s
最终投资组合价值: 403753.52

🔍 策略表现:
累计收益: 34.58%
年化收益: 35.23%
夏普比率: 1.463
最大回撤: -14.68%

==================================================


2022 年
筛选净利润增长率连续3年 > 20%
符合增长率 > 20% 的共有251只
load_stock_list 8.33s
符合条件股票 225 个
筛选市值最小的 30 只股票
filter codes 3.90s
cerebro adddata 4.11s
初始投资组合价值: 30.00 万
pre_rebalance  2022-01-04
 600455 申请价格: 27.67, 买入数量: 2100
 002800 申请价格: 22.91, 买入数量: 2600
 600099 申请价格: 24.96, 买入数量: 2400
 000571 申请价格: 31.88, 买入数量: 1800
 600560 申请价格: 49.09, 买入数量: 1200
✅ 600455 2022-01-05 买入成交: 2100股 @ 25.84
   成本: 54264.00, 佣金: 162.79
现有现金 22040.62

✅ 002800 2022-01-05 买入成交: 2600股 @ 21.72
   成本: 56472.00, 佣金: 169.42
现有现金 22040.62

✅ 600099 2022-01-05 买入成交: 2400股 @ 23.19
   成本: 55656.00, 佣金: 166.97
现有现金 22040.62

✅ 000571 2022-01-05 买入成交: 1800股 @ 30.48
   成本: 54864.00, 佣金: 164.59
现有现金 22040.62

✅ 600560 2022-01-05 买入成交: 1200股 @ 46.56
   成本: 55872.00, 佣金: 167.62
现有现金 22040.62


- - - - - - - - - - - - - - - - - - - - - - - - -
调整各股现金额度 60154.72
pre_rebalance  2022-01-10
⭕ 600560 2022-01-11 卖出成交: -1200股 @ 46.15
   买入价格 46.56 收益: -492.00, 佣金: 166.14
现有现金 77254.48

 600235 申请价格: 14.91, 买入数量: 4000
✅ 600235 2022-01-12 买入成交: 4000股 @ 14.51
   成本: 58040.00, 佣金: 174.12
现有现金 19040.36


- - - - - - - - - - - - - - - - - - - - - - - - -
调整各股现金额度 59221.27
pre_rebalance  2022-01-17
pre_rebalance  2022-01-24
pre_rebalance  2022-02-07
⭕ 000571 2022-02-08 卖出成交: -1800股 @ 27.89
   买入价格 30.48 收益: -4662.00, 佣金: 150.61
现有现金 69091.75

 600560 申请价格: 44.56, 买入数量: 1300
✅ 600560 2022-02-09 买入成交: 1300股 @ 42.94
   成本: 55822.00, 佣金: 167.47
现有现金 13102.28


- - - - - - - - - - - - - - - - - - - - - - - - -
调整各股现金额度 56796.66
pre_rebalance  2022-02-14
⭕ 600560 2022-02-15 卖出成交: -1300股 @ 42.21
   买入价格 42.94 收益: -949.00, 佣金: 164.62
现有现金 67810.67

 000571 申请价格: 28.30, 买入数量: 2000
✅ 000571 2022-02-16 买入成交: 2000股 @ 27.42
   成本: 54840.00, 佣金: 164.52
现有现金 12806.15


- - - - - - - - - - - - - - - - - - - - - - - - -
调整各股现金额度 58846.63
pre_rebalance  2022-02-21
⭕ 600235 2022-02-22 卖出成交: -4000股 @ 13.82
   买入价格 14.51 收益: -2760.00, 佣金: 165.84
现有现金 67920.31

 600560 申请价格: 46.73, 买入数量: 1200
✅ 600560 2022-02-23 买入成交: 1200股 @ 44.59
   成本: 53508.00, 佣金: 160.52
现有现金 14251.78


- - - - - - - - - - - - - - - - - - - - - - - - -
调整各股现金额度 59206.76
pre_rebalance  2022-02-28
pre_rebalance  2022-03-07
⭕ 002800 2022-03-08 卖出成交: -2600股 @ 35.68
   买入价格 21.72 收益: 36296.00, 佣金: 278.30
现有现金 106741.48

 600235 申请价格: 13.93, 买入数量: 4200
✅ 600235 2022-03-09 买入成交: 4200股 @ 12.98
   成本: 54516.00, 佣金: 163.55
现有现金 52061.93


- - - - - - - - - - - - - - - - - - - - - - - - -
调整各股现金额度 65640.99
pre_rebalance  2022-03-14
pre_rebalance  2022-03-21
⭕ 600560 2022-03-22 卖出成交: -1200股 @ 47.39
   买入价格 44.59 收益: 3360.00, 佣金: 170.60
现有现金 108759.32

 002800 申请价格: 30.04, 买入数量: 2100
✅ 002800 2022-03-23 买入成交: 2100股 @ 27.25
   成本: 57225.00, 佣金: 171.67
现有现金 51362.65


- - - - - - - - - - - - - - - - - - - - - - - - -
调整各股现金额度 63960.33
pre_rebalance  2022-03-28
pre_rebalance  2022-04-06
pre_rebalance  2022-04-11
pre_rebalance  2022-04-18
pre_rebalance  2022-04-25
pre_rebalance  2022-05-05
⭕ 600235 2022-05-06 卖出成交: -4200股 @ 10.79
   买入价格 12.98 收益: -9198.00, 佣金: 135.95
现有现金 96544.70

 600560 申请价格: 38.02, 买入数量: 1600
✅ 600560 2022-05-09 买入成交: 1600股 @ 36.71
   成本: 58736.00, 佣金: 176.21
现有现金 37632.49


- - - - - - - - - - - - - - - - - - - - - - - - -
调整各股现金额度 55890.30
pre_rebalance  2022-05-09
⭕ 000571 2022-05-10 卖出成交: -2000股 @ 23.54
   买入价格 27.42 收益: -7760.00, 佣金: 141.24
现有现金 84571.25

 600235 申请价格: 12.42, 买入数量: 4400
✅ 600235 2022-05-11 买入成交: 4400股 @ 11.65
   成本: 51260.00, 佣金: 153.78
现有现金 33157.47


- - - - - - - - - - - - - - - - - - - - - - - - -
调整各股现金额度 56484.09
pre_rebalance  2022-05-16
⭕ 600560 2022-05-17 卖出成交: -1600股 @ 37.44
   买入价格 36.71 收益: 1168.00, 佣金: 179.71
现有现金 92881.76

 000571 申请价格: 24.10, 买入数量: 2300
✅ 000571 2022-05-18 买入成交: 2300股 @ 23.42
   成本: 53866.00, 佣金: 161.60
现有现金 38854.16


- - - - - - - - - - - - - - - - - - - - - - - - -
调整各股现金额度 59219.23
pre_rebalance  2022-05-23
⭕ 600235 2022-05-24 卖出成交: -4400股 @ 11.36
   买入价格 11.65 收益: -1276.00, 佣金: 149.95
现有现金 88688.21

 600560 申请价格: 40.57, 买入数量: 1400
✅ 600560 2022-05-25 买入成交: 1400股 @ 40.79
   成本: 57106.00, 佣金: 171.32
现有现金 31410.89


- - - - - - - - - - - - - - - - - - - - - - - - -
调整各股现金额度 62931.98
pre_rebalance  2022-05-30
⭕ 600560 2022-05-31 卖出成交: -1400股 @ 45.65
   买入价格 40.79 收益: 6804.00, 佣金: 191.73
现有现金 95129.16

 600235 申请价格: 13.19, 买入数量: 4700
✅ 600235 2022-06-01 买入成交: 4700股 @ 12.47
   成本: 58609.00, 佣金: 175.83
现有现金 36344.33


- - - - - - - - - - - - - - - - - - - - - - - - -
调整各股现金额度 62672.47
pre_rebalance  2022-06-06
⭕ 600099 2022-06-07 卖出成交: -2400股 @ 27.78
   买入价格 23.19 收益: 11016.00, 佣金: 200.02
现有现金 102816.31

 600560 申请价格: 47.79, 买入数量: 1300
✅ 600560 2022-06-08 买入成交: 1300股 @ 47.71
   成本: 62023.00, 佣金: 186.07
现有现金 40607.25


- - - - - - - - - - - - - - - - - - - - - - - - -
调整各股现金额度 62817.05
pre_rebalance  2022-06-13
⭕ 600560 2022-06-14 卖出成交: -1300股 @ 48.52
   买入价格 47.71 收益: 1053.00, 佣金: 189.23
现有现金 103494.02

 002835 申请价格: 19.92, 买入数量: 3100
✅ 002835 2022-06-15 买入成交: 3100股 @ 18.93
   成本: 58683.00, 佣金: 176.05
现有现金 44634.97


- - - - - - - - - - - - - - - - - - - - - - - - -
调整各股现金额度 62122.39
pre_rebalance  2022-06-20
⭕ 002835 2022-06-21 卖出成交: -3100股 @ 19.42
   买入价格 18.93 收益: 1519.00, 佣金: 180.61
现有现金 104656.36

 600099 申请价格: 24.86, 买入数量: 2400
✅ 600099 2022-06-22 买入成交: 2400股 @ 25.28
   成本: 60672.00, 佣金: 182.02
现有现金 43802.35


- - - - - - - - - - - - - - - - - - - - - - - - -
调整各股现金额度 62214.67
pre_rebalance  2022-06-27
pre_rebalance  2022-07-04
pre_rebalance  2022-07-11
pre_rebalance  2022-07-18
pre_rebalance  2022-07-25
pre_rebalance  2022-08-01
pre_rebalance  2022-08-08
pre_rebalance  2022-08-15
pre_rebalance  2022-08-22
pre_rebalance  2022-08-29
pre_rebalance  2022-09-05
pre_rebalance  2022-09-13
⭕ 002800 2022-09-14 卖出成交: -2100股 @ 35.92
   买入价格 27.25 收益: 18207.00, 佣金: 226.30
现有现金 119008.05

 605180 申请价格: 23.39, 买入数量: 2600
✅ 605180 2022-09-15 买入成交: 2600股 @ 21.78
   成本: 56628.00, 佣金: 169.88
现有现金 62210.17


- - - - - - - - - - - - - - - - - - - - - - - - -
调整各股现金额度 67190.63
pre_rebalance  2022-09-19
pre_rebalance  2022-09-26
pre_rebalance  2022-10-10
⭕ 000571 2022-10-11 卖出成交: -2300股 @ 28.13
   买入价格 23.42 收益: 10833.00, 佣金: 194.10
现有现金 126715.07

 002800 申请价格: 29.19, 买入数量: 2300
✅ 002800 2022-10-12 买入成交: 2300股 @ 28.35
   成本: 65205.00, 佣金: 195.62
现有现金 61314.45


- - - - - - - - - - - - - - - - - - - - - - - - -
调整各股现金额度 67680.09
pre_rebalance  2022-10-17
⭕ 002800 2022-10-18 卖出成交: -2300股 @ 31.42
   买入价格 28.35 收益: 7061.00, 佣金: 216.80
现有现金 133363.66

 600560 申请价格: 48.57, 买入数量: 1300
✅ 600560 2022-10-19 买入成交: 1300股 @ 46.30
   成本: 60190.00, 佣金: 180.57
现有现金 72993.09


- - - - - - - - - - - - - - - - - - - - - - - - -
调整各股现金额度 68135.22
pre_rebalance  2022-10-24
pre_rebalance  2022-10-31
⭕ 600560 2022-11-01 卖出成交: -1300股 @ 48.01
   买入价格 46.3 收益: 2223.00, 佣金: 187.24
现有现金 135218.85

 000571 申请价格: 29.78, 买入数量: 2200
✅ 000571 2022-11-02 买入成交: 2200股 @ 28.24
   成本: 62128.00, 佣金: 186.38
现有现金 72904.46


- - - - - - - - - - - - - - - - - - - - - - - - -
调整各股现金额度 70604.09
pre_rebalance  2022-11-07
pre_rebalance  2022-11-14
pre_rebalance  2022-11-21
⭕ 605180 2022-11-22 卖出成交: -2600股 @ 23.23
   买入价格 21.78 收益: 3770.00, 佣金: 181.19
现有现金 133121.27

 002800 申请价格: 31.12, 买入数量: 2200
✅ 002800 2022-11-23 买入成交: 2200股 @ 28.71
   成本: 63162.00, 佣金: 189.49
现有现金 69769.78


- - - - - - - - - - - - - - - - - - - - - - - - -
调整各股现金额度 74676.36
pre_rebalance  2022-11-28
⭕ 002800 2022-11-29 卖出成交: -2200股 @ 29.90
   买入价格 28.71 收益: 2618.00, 佣金: 197.34
现有现金 135352.44

 605180 申请价格: 24.60, 买入数量: 3000
✅ 605180 2022-11-30 买入成交: 3000股 @ 22.94
   成本: 68820.00, 佣金: 206.46
现有现金 66325.98


- - - - - - - - - - - - - - - - - - - - - - - - -
调整各股现金额度 76248.80
pre_rebalance  2022-12-05
pre_rebalance  2022-12-12
pre_rebalance  2022-12-19
pre_rebalance  2022-12-26

==================================================
策略执行总结:
==================================================
交易过股票：
600455 博通股份 教育 收益率 -3.25%
600560 金自天正 专用设备 收益率 24.64%
600099 林海股份 交运设备 收益率 13.92%
605180 华生科技 纺织服装 收益率 -1.80%
002800 天顺股份 物流行业 收益率 149.93%
000571 新大洲A 煤炭行业 收益率 -7.99%
002835 同为股份 计算机设备 收益率 2.59%
600235 民丰特纸 造纸印刷 收益率 -23.48%

初始资金: 300000.00
最终价值: 358561.98
总收益率: 19.52%
cerebro run 17.74s
最终投资组合价值: 358561.98

🔍 策略表现:
累计收益: 19.52%
年化收益: 19.95%
夏普比率: 0.826
最大回撤: -22.44%

==================================================


2023 年
筛选净利润增长率连续3年 > 20%
符合增长率 > 20% 的共有187只
load_stock_list 8.18s
符合条件股票 169 个
筛选市值最小的 30 只股票
filter codes 3.22s
cerebro adddata 3.45s
初始投资组合价值: 30.00 万
pre_rebalance  2023-01-09
 002652 申请价格: 14.34, 买入数量: 4100
 600539 申请价格: 8.47, 买入数量: 7000
 600883 申请价格: 38.96, 买入数量: 1500
 000571 申请价格: 29.78, 买入数量: 2000
 002835 申请价格: 23.42, 买入数量: 2500
✅ 002652 2023-01-10 买入成交: 4100股 @ 13.46
   成本: 55186.00, 佣金: 165.56
现有现金 20643.44

✅ 600539 2023-01-10 买入成交: 7000股 @ 8.00
   成本: 56000.00, 佣金: 168.00
现有现金 20643.44

✅ 600883 2023-01-10 买入成交: 1500股 @ 36.75
   成本: 55125.00, 佣金: 165.38
现有现金 20643.44

✅ 000571 2023-01-10 买入成交: 2000股 @ 28.13
   成本: 56260.00, 佣金: 168.78
现有现金 20643.44

✅ 002835 2023-01-10 买入成交: 2500股 @ 22.38
   成本: 55950.00, 佣金: 167.85
现有现金 20643.44


- - - - - - - - - - - - - - - - - - - - - - - - -
调整各股现金额度 59693.89
pre_rebalance  2023-01-16
⭕ 002835 2023-01-17 卖出成交: -2500股 @ 22.42
   买入价格 22.38 收益: 100.00, 佣金: 168.15
现有现金 76525.29

 600854 申请价格: 30.31, 买入数量: 1900
✅ 600854 2023-01-18 买入成交: 1900股 @ 29.06
   成本: 55214.00, 佣金: 165.64
现有现金 21145.65


- - - - - - - - - - - - - - - - - - - - - - - - -
调整各股现金额度 62209.73
pre_rebalance  2023-01-30
⭕ 600854 2023-01-31 卖出成交: -1900股 @ 30.19
   买入价格 29.06 收益: 2147.00, 佣金: 172.08
现有现金 78334.56

 002696 申请价格: 26.76, 买入数量: 2300
✅ 002696 2023-02-01 买入成交: 2300股 @ 25.63
   成本: 58949.00, 佣金: 176.85
现有现金 19208.72


- - - - - - - - - - - - - - - - - - - - - - - - -
调整各股现金额度 63161.34
pre_rebalance  2023-02-06
pre_rebalance  2023-02-13
⭕ 002696 2023-02-14 卖出成交: -2300股 @ 26.39
   买入价格 25.63 收益: 1748.00, 佣金: 182.09
现有现金 79723.62

 600854 申请价格: 32.62, 买入数量: 1900
✅ 600854 2023-02-15 买入成交: 1900股 @ 31.01
   成本: 58919.00, 佣金: 176.76
现有现金 20627.87


- - - - - - - - - - - - - - - - - - - - - - - - -
调整各股现金额度 62414.37
pre_rebalance  2023-02-20
pre_rebalance  2023-02-27
⭕ 600854 2023-02-28 卖出成交: -1900股 @ 31.01
   买入价格 31.01 收益: 0.00, 佣金: 176.76
现有现金 79370.11

 002696 申请价格: 27.59, 买入数量: 2200
✅ 002696 2023-03-01 买入成交: 2200股 @ 26.43
   成本: 58146.00, 佣金: 174.44
现有现金 21049.67


- - - - - - - - - - - - - - - - - - - - - - - - -
调整各股现金额度 62620.33
pre_rebalance  2023-03-06
pre_rebalance  2023-03-13
⭕ 002696 2023-03-14 卖出成交: -2200股 @ 24.91
   买入价格 26.43 收益: -3344.00, 佣金: 164.41
现有现金 75687.27

 600854 申请价格: 30.85, 买入数量: 2000
✅ 600854 2023-03-15 买入成交: 2000股 @ 29.88
   成本: 59760.00, 佣金: 179.28
现有现金 15747.99


- - - - - - - - - - - - - - - - - - - - - - - - -
调整各股现金额度 58942.80
pre_rebalance  2023-03-20
pre_rebalance  2023-03-27
⭕ 600854 2023-03-28 卖出成交: -2000股 @ 29.88
   买入价格 29.88 收益: 0.00, 佣金: 179.28
现有现金 75328.71

 002696 申请价格: 25.74, 买入数量: 2200
✅ 002696 2023-03-29 买入成交: 2200股 @ 23.78
   成本: 52316.00, 佣金: 156.95
现有现金 22855.76


- - - - - - - - - - - - - - - - - - - - - - - - -
调整各股现金额度 59700.55
pre_rebalance  2023-04-03
pre_rebalance  2023-04-10
pre_rebalance  2023-04-17
pre_rebalance  2023-04-24
pre_rebalance  2023-05-04
pre_rebalance  2023-05-08
pre_rebalance  2023-05-15
pre_rebalance  2023-05-22
pre_rebalance  2023-05-29
pre_rebalance  2023-06-05
pre_rebalance  2023-06-12
pre_rebalance  2023-06-19
pre_rebalance  2023-06-26
pre_rebalance  2023-07-03
pre_rebalance  2023-07-10
pre_rebalance  2023-07-17
pre_rebalance  2023-07-24
pre_rebalance  2023-07-31
pre_rebalance  2023-08-07
pre_rebalance  2023-08-14
pre_rebalance  2023-08-21
pre_rebalance  2023-08-28
pre_rebalance  2023-09-04
⭕ 002696 2023-09-05 卖出成交: -2200股 @ 24.83
   买入价格 23.78 收益: 2310.00, 佣金: 163.88
现有现金 77317.88

 600241 申请价格: 20.88, 买入数量: 2800
✅ 600241 2023-09-06 买入成交: 2800股 @ 20.02
   成本: 56056.00, 佣金: 168.17
现有现金 21093.71


- - - - - - - - - - - - - - - - - - - - - - - - -
调整各股现金额度 63301.34
pre_rebalance  2023-09-11
pre_rebalance  2023-09-18
⭕ 600241 2023-09-19 卖出成交: -2800股 @ 19.31
   买入价格 20.02 收益: -1988.00, 佣金: 162.20
现有现金 74999.51

 002696 申请价格: 25.04, 买入数量: 2500
✅ 002696 2023-09-20 买入成交: 2500股 @ 24.03
   成本: 60075.00, 佣金: 180.23
现有现金 14744.28


- - - - - - - - - - - - - - - - - - - - - - - - -
调整各股现金额度 61938.26
pre_rebalance  2023-09-25
pre_rebalance  2023-10-09
⭕ 002696 2023-10-10 卖出成交: -2500股 @ 22.91
   买入价格 24.03 收益: -2800.00, 佣金: 171.82
现有现金 71847.46

 600241 申请价格: 20.04, 买入数量: 3000
✅ 600241 2023-10-11 买入成交: 3000股 @ 18.91
   成本: 56730.00, 佣金: 170.19
现有现金 14947.27


- - - - - - - - - - - - - - - - - - - - - - - - -
调整各股现金额度 61550.25
pre_rebalance  2023-10-16
⭕ 600241 2023-10-17 卖出成交: -3000股 @ 18.31
   买入价格 18.91 收益: -1800.00, 佣金: 164.79
现有现金 69712.48

 002696 申请价格: 23.33, 买入数量: 2600
✅ 002696 2023-10-18 买入成交: 2600股 @ 22.00
   成本: 57200.00, 佣金: 171.60
现有现金 12340.88


- - - - - - - - - - - - - - - - - - - - - - - - -
调整各股现金额度 57782.98
pre_rebalance  2023-10-23
pre_rebalance  2023-10-30
pre_rebalance  2023-11-06
pre_rebalance  2023-11-13
pre_rebalance  2023-11-20
pre_rebalance  2023-11-27
pre_rebalance  2023-12-04
pre_rebalance  2023-12-11
⭕ 000571 2023-12-12 卖出成交: -2000股 @ 34.83
   买入价格 28.13 收益: 13400.00, 佣金: 208.98
现有现金 81791.90

 600241 申请价格: 25.22, 买入数量: 2200
✅ 600241 2023-12-13 买入成交: 2200股 @ 23.04
   成本: 50688.00, 佣金: 152.06
现有现金 30951.83


- - - - - - - - - - - - - - - - - - - - - - - - -
调整各股现金额度 63973.34
pre_rebalance  2023-12-18
⭕ 600241 2023-12-19 卖出成交: -2200股 @ 22.91
   买入价格 23.04 收益: -286.00, 佣金: 151.21
现有现金 81202.63

 000571 申请价格: 37.08, 买入数量: 1700
✅ 000571 2023-12-20 买入成交: 1700股 @ 36.95
   成本: 62815.00, 佣金: 188.45
现有现金 18199.18


- - - - - - - - - - - - - - - - - - - - - - - - -
调整各股现金额度 65272.04
pre_rebalance  2023-12-25
⭕ 000571 2023-12-26 卖出成交: -1700股 @ 34.36
   买入价格 36.95 收益: -4403.00, 佣金: 175.24
现有现金 76435.95

 002136 申请价格: 25.38, 买入数量: 2500
✅ 002136 2023-12-27 买入成交: 2500股 @ 24.07
   成本: 60175.00, 佣金: 180.53
现有现金 16080.42


==================================================
策略执行总结:
==================================================
交易过股票：
600854 春兰股份 家电行业 收益率 3.89%
002136 安 纳 达 化学原料 收益率 3.91%
600539 狮头股份 环保行业 收益率 8.75%
600241 时代万恒 电池 收益率 -7.13%
002696 百洋股份 农牧饲渔 收益率 5.52%
002835 同为股份 计算机设备 收益率 0.18%
000571 新大洲A 煤炭行业 收益率 15.14%
600883 博闻科技 农牧饲渔 收益率 17.80%
002652 扬子新材 装修建材 收益率 19.47%

初始资金: 300000.00
最终价值: 332846.42
总收益率: 10.95%
cerebro run 17.70s
最终投资组合价值: 332846.42

🔍 策略表现:
累计收益: 10.95%
年化收益: 11.18%
夏普比率: 0.662
最大回撤: -12.90%

==================================================


2024 年
筛选净利润增长率连续3年 > 20%
符合增长率 > 20% 的共有118只
load_stock_list 7.80s
符合条件股票 107 个
筛选市值最小的 30 只股票
filter codes 1.74s
cerebro adddata 1.99s
初始投资组合价值: 30.00 万
pre_rebalance  2024-01-02
 002652 申请价格: 17.21, 买入数量: 3400
 002316 申请价格: 18.43, 买入数量: 3200
 002377 申请价格: 11.84, 买入数量: 5000
 600322 申请价格: 7.16, 买入数量: 8300
 000014 申请价格: 132.76, 买入数量: 400
✅ 002652 2024-01-03 买入成交: 3400股 @ 16.44
   成本: 55896.00, 佣金: 167.69
现有现金 21424.77

✅ 002316 2024-01-03 买入成交: 3200股 @ 17.59
   成本: 56288.00, 佣金: 168.86
现有现金 21424.77

✅ 002377 2024-01-03 买入成交: 5000股 @ 11.36
   成本: 56800.00, 佣金: 170.40
现有现金 21424.77

✅ 600322 2024-01-03 买入成交: 8300股 @ 6.94
   成本: 57602.00, 佣金: 172.81
现有现金 21424.77

✅ 000014 2024-01-03 买入成交: 400股 @ 127.89
   成本: 51156.00, 佣金: 153.47
现有现金 21424.77


- - - - - - - - - - - - - - - - - - - - - - - - -
调整各股现金额度 58837.55
pre_rebalance  2024-01-08
pre_rebalance  2024-01-15
pre_rebalance  2024-01-22
⭕ 000014 2024-01-23 卖出成交: -400股 @ 124.21
   买入价格 127.89 收益: -1472.00, 佣金: 149.05
现有现金 70959.72

 600854 申请价格: 31.77, 买入数量: 1800
✅ 600854 2024-01-24 买入成交: 1800股 @ 30.90
   成本: 55620.00, 佣金: 166.86
现有现金 15172.86


- - - - - - - - - - - - - - - - - - - - - - - - -
调整各股现金额度 55689.77
pre_rebalance  2024-01-29
⭕ 600854 2024-01-30 卖出成交: -1800股 @ 30.19
   买入价格 30.9 收益: -1278.00, 佣金: 163.03
现有现金 69351.84

 002337 申请价格: 24.84, 买入数量: 2200
✅ 002337 2024-01-31 买入成交: 2200股 @ 22.19
   成本: 48818.00, 佣金: 146.45
现有现金 20387.38


- - - - - - - - - - - - - - - - - - - - - - - - -
调整各股现金额度 43339.28
pre_rebalance  2024-02-05
⭕ 002337 2024-02-06 卖出成交: -2200股 @ 19.53
   买入价格 22.19 收益: -5852.00, 佣金: 128.90
现有现金 63224.48

 600854 申请价格: 23.15, 买入数量: 1800
✅ 600854 2024-02-07 买入成交: 1800股 @ 20.90
   成本: 37620.00, 佣金: 112.86
现有现金 25491.62


- - - - - - - - - - - - - - - - - - - - - - - - -
调整各股现金额度 42707.72
pre_rebalance  2024-02-19
pre_rebalance  2024-02-26
pre_rebalance  2024-03-04
pre_rebalance  2024-03-11
pre_rebalance  2024-03-18
pre_rebalance  2024-03-25
pre_rebalance  2024-04-01
pre_rebalance  2024-04-08
pre_rebalance  2024-04-15
pre_rebalance  2024-04-22
pre_rebalance  2024-04-29
pre_rebalance  2024-05-06
pre_rebalance  2024-05-13
pre_rebalance  2024-05-20
pre_rebalance  2024-05-27
pre_rebalance  2024-06-03
pre_rebalance  2024-06-11
pre_rebalance  2024-06-17
pre_rebalance  2024-06-24
pre_rebalance  2024-07-01
pre_rebalance  2024-07-08
pre_rebalance  2024-07-15
pre_rebalance  2024-07-22
pre_rebalance  2024-07-29
pre_rebalance  2024-08-05
pre_rebalance  2024-08-12
pre_rebalance  2024-08-19
pre_rebalance  2024-08-26
⭕ 600854 2024-08-27 卖出成交: -1800股 @ 24.93
   买入价格 20.9 收益: 7254.00, 佣金: 134.62
现有现金 70231.00

 000014 申请价格: 92.89, 买入数量: 400
✅ 000014 2024-08-28 买入成交: 400股 @ 88.01
   成本: 35204.00, 佣金: 105.61
现有现金 34921.39


- - - - - - - - - - - - - - - - - - - - - - - - -
调整各股现金额度 43978.88
pre_rebalance  2024-09-02
pre_rebalance  2024-09-09
pre_rebalance  2024-09-18
pre_rebalance  2024-09-23
pre_rebalance  2024-09-30
pre_rebalance  2024-10-08
⭕ 000014 2024-10-09 卖出成交: -400股 @ 113.12
   买入价格 88.01 收益: 10044.00, 佣金: 135.74
现有现金 80033.65

 600854 申请价格: 31.64, 买入数量: 1300
✅ 600854 2024-10-10 买入成交: 1300股 @ 29.93
   成本: 38909.00, 佣金: 116.73
现有现金 41007.92


- - - - - - - - - - - - - - - - - - - - - - - - -
调整各股现金额度 52180.46
pre_rebalance  2024-10-14
pre_rebalance  2024-10-21
pre_rebalance  2024-10-28
⭕ 002377 2024-10-29 卖出成交: -5000股 @ 13.23
   买入价格 11.36 收益: 9350.00, 佣金: 198.45
现有现金 106959.47

 000014 申请价格: 144.78, 买入数量: 300
✅ 000014 2024-10-30 买入成交: 300股 @ 133.90
   成本: 40170.00, 佣金: 120.51
现有现金 66668.96


- - - - - - - - - - - - - - - - - - - - - - - - -
调整各股现金额度 59375.39
pre_rebalance  2024-11-04
pre_rebalance  2024-11-11
⭕ 000014 2024-11-12 卖出成交: -300股 @ 137.21
   买入价格 133.9 收益: 993.00, 佣金: 123.49
现有现金 107708.47

 002337 申请价格: 26.61, 买入数量: 2200
✅ 002337 2024-11-13 买入成交: 2200股 @ 25.34
   成本: 55748.00, 佣金: 167.24
现有现金 51793.23


- - - - - - - - - - - - - - - - - - - - - - - - -
调整各股现金额度 59421.85
pre_rebalance  2024-11-18
pre_rebalance  2024-11-25
⭕ 002337 2024-11-26 卖出成交: -2200股 @ 25.45
   买入价格 25.34 收益: 242.00, 佣金: 167.97
现有现金 107615.26

 002377 申请价格: 14.03, 买入数量: 4200
✅ 002377 2024-11-27 买入成交: 4200股 @ 13.19
   成本: 55398.00, 佣金: 166.19
现有现金 52051.06


- - - - - - - - - - - - - - - - - - - - - - - - -
调整各股现金额度 63782.21
pre_rebalance  2024-12-02
pre_rebalance  2024-12-09
⭕ 002377 2024-12-10 卖出成交: -4200股 @ 14.31
   买入价格 13.19 收益: 4704.00, 佣金: 180.31
现有现金 111972.76

 000014 申请价格: 151.98, 买入数量: 400
✅ 000014 2024-12-11 买入成交: 400股 @ 148.17
   成本: 59268.00, 佣金: 177.80
现有现金 52526.95


- - - - - - - - - - - - - - - - - - - - - - - - -
调整各股现金额度 67583.99
pre_rebalance  2024-12-16
pre_rebalance  2024-12-23
 002412 申请价格: 49.41, 买入数量: 1300
❌ 002412 订单失败: Margin
   保证金不足


- - - - - - - - - - - - - - - - - - - - - - - - -
调整各股现金额度 60102.79
pre_rebalance  2024-12-30
 002348 申请价格: 21.45, 买入数量: 2800

==================================================
策略执行总结:
==================================================
交易过股票：
002652 扬子新材 装修建材 收益率 -13.50%
600322 津投城开 房地产服务 收益率 23.63%
002316 亚联发展 互联网服务 收益率 -38.37%
002348 高乐股份 家用轻工 收益率 0.00%
002337 赛象科技 专用设备 收益率 -11.61%
002377 国创高新 化学制品 收益率 26.35%
002412 汉森制药 中药 收益率 0.00%
000014 沙河股份 房地产开发 收益率 8.30%
600854 春兰股份 家电行业 收益率 18.88%

初始资金: 300000.00
最终价值: 296645.95
总收益率: -1.12%
cerebro run 19.74s
最终投资组合价值: 296645.95

🔍 策略表现:
累计收益: -1.12%
年化收益: -1.14%
夏普比率: 0.164
最大回撤: -35.71%

==================================================


2025 年
筛选净利润增长率连续3年 > 20%
符合增长率 > 20% 的共有120只
load_stock_list 7.95s
符合条件股票 115 个
筛选市值最小的 30 只股票
filter codes 1.88s
cerebro adddata 2.08s
初始投资组合价值: 30.00 万
pre_rebalance  2024-12-30
 002316 申请价格: 11.63, 买入数量: 5100
 002209 申请价格: 15.60, 买入数量: 3800
 002775 申请价格: 17.42, 买入数量: 3400
 002370 申请价格: 11.41, 买入数量: 5200
 002731 申请价格: 17.17, 买入数量: 3400
✅ 002316 2024-12-31 买入成交: 5100股 @ 10.84
   成本: 55284.00, 佣金: 165.85
现有现金 14804.97

✅ 002209 2024-12-31 买入成交: 3800股 @ 14.52
   成本: 55176.00, 佣金: 165.53
现有现金 14804.97

✅ 002775 2024-12-31 买入成交: 3400股 @ 18.25
   成本: 62050.00, 佣金: 186.15
现有现金 14804.97

✅ 002370 2024-12-31 买入成交: 5200股 @ 10.77
   成本: 56004.00, 佣金: 168.01
现有现金 14804.97

✅ 002731 2024-12-31 买入成交: 3400股 @ 16.42
   成本: 55828.00, 佣金: 167.48
现有现金 14804.97


- - - - - - - - - - - - - - - - - - - - - - - - -
调整各股现金额度 55877.99
pre_rebalance  2025-01-06
pre_rebalance  2025-01-13
pre_rebalance  2025-01-20
pre_rebalance  2025-01-27
pre_rebalance  2025-02-05
pre_rebalance  2025-02-10
pre_rebalance  2025-02-17
pre_rebalance  2025-02-24
pre_rebalance  2025-03-03
pre_rebalance  2025-03-10
pre_rebalance  2025-03-17
pre_rebalance  2025-03-24
⭕ 002731 2025-03-25 卖出成交: -3400股 @ 16.91
   买入价格 16.42 收益: 1666.00, 佣金: 172.48
现有现金 72126.49

 002377 申请价格: 12.76, 买入数量: 4300
✅ 002377 2025-03-26 买入成交: 4300股 @ 12.28
   成本: 52804.00, 佣金: 158.41
现有现金 19164.08


- - - - - - - - - - - - - - - - - - - - - - - - -
调整各股现金额度 59710.81
pre_rebalance  2025-03-31
pre_rebalance  2025-04-07
pre_rebalance  2025-04-14
⭕ 002370 2025-04-15 卖出成交: -5200股 @ 11.23
   买入价格 10.77 收益: 2392.00, 佣金: 175.19
现有现金 77384.89

 002731 申请价格: 17.68, 买入数量: 3300
✅ 002731 2025-04-16 买入成交: 3300股 @ 16.70
   成本: 55110.00, 佣金: 165.33
现有现金 22109.56


- - - - - - - - - - - - - - - - - - - - - - - - -
调整各股现金额度 59605.11
pre_rebalance  2025-04-21
⭕ 002731 2025-04-22 卖出成交: -3300股 @ 18.27
   买入价格 16.7 收益: 5181.00, 佣金: 180.87
现有现金 82219.69

 002370 申请价格: 12.13, 买入数量: 4900
✅ 002370 2025-04-23 买入成交: 4900股 @ 11.58
   成本: 56742.00, 佣金: 170.23
现有现金 25307.46


- - - - - - - - - - - - - - - - - - - - - - - - -
调整各股现金额度 62093.09
pre_rebalance  2025-04-28
⭕ 002377 2025-04-29 卖出成交: -4300股 @ 12.23
   买入价格 12.28 收益: -215.00, 佣金: 157.77
现有现金 77738.70

 002731 申请价格: 17.88, 买入数量: 3400
✅ 002731 2025-04-30 买入成交: 3400股 @ 17.99
   成本: 61166.00, 佣金: 183.50
现有现金 16389.20


- - - - - - - - - - - - - - - - - - - - - - - - -
调整各股现金额度 64789.04
pre_rebalance  2025-05-06
pre_rebalance  2025-05-12
pre_rebalance  2025-05-19
⭕ 002731 2025-05-20 卖出成交: -3400股 @ 18.88
   买入价格 17.99 收益: 3026.00, 佣金: 192.58
现有现金 80388.62

 002377 申请价格: 13.48, 买入数量: 4800
✅ 002377 2025-05-21 买入成交: 4800股 @ 12.71
   成本: 61008.00, 佣金: 183.02
现有现金 19197.60


- - - - - - - - - - - - - - - - - - - - - - - - -
调整各股现金额度 67170.52
pre_rebalance  2025-05-26
pre_rebalance  2025-06-03
pre_rebalance  2025-06-09
pre_rebalance  2025-06-16
⭕ 002370 2025-06-17 卖出成交: -4900股 @ 13.70
   买入价格 11.58 收益: 10388.00, 佣金: 201.39
现有现金 86126.21

 002796 申请价格: 27.18, 买入数量: 2400
✅ 002796 2025-06-18 买入成交: 2400股 @ 26.26
   成本: 63024.00, 佣金: 189.07
现有现金 22913.14


- - - - - - - - - - - - - - - - - - - - - - - - -
调整各股现金额度 71561.03
pre_rebalance  2025-06-23
⭕ 002796 2025-06-24 卖出成交: -2400股 @ 26.74
   买入价格 26.26 收益: 1152.00, 佣金: 192.53
现有现金 86896.61

 002370 申请价格: 14.16, 买入数量: 5000
✅ 002370 2025-06-25 买入成交: 5000股 @ 13.49
   成本: 67450.00, 佣金: 202.35
现有现金 19244.26


- - - - - - - - - - - - - - - - - - - - - - - - -
调整各股现金额度 74262.05
pre_rebalance  2025-06-30
pre_rebalance  2025-07-07
⭕ 002370 2025-07-08 卖出成交: -5000股 @ 14.23
   买入价格 13.49 收益: 3700.00, 佣金: 213.45
现有现金 90180.81

 002796 申请价格: 28.67, 买入数量: 2500
✅ 002796 2025-07-09 买入成交: 2500股 @ 27.25
   成本: 68125.00, 佣金: 204.38
现有现金 21851.43


- - - - - - - - - - - - - - - - - - - - - - - - -
调整各股现金额度 78632.34
pre_rebalance  2025-07-14
pre_rebalance  2025-07-21
⭕ 002209 2025-07-22 卖出成交: -3800股 @ 23.91
   买入价格 14.52 收益: 35682.00, 佣金: 272.57
现有现金 112436.86

 002370 申请价格: 19.28, 买入数量: 4000
✅ 002370 2025-07-23 买入成交: 4000股 @ 19.14
   成本: 76560.00, 佣金: 229.68
现有现金 35647.18


- - - - - - - - - - - - - - - - - - - - - - - - -
调整各股现金额度 84068.84
pre_rebalance  2025-07-28
⭕ 002370 2025-07-29 卖出成交: -4000股 @ 24.04
   买入价格 19.14 收益: 19600.00, 佣金: 288.48
现有现金 131518.70

 600573 申请价格: 17.17, 买入数量: 4800
✅ 600573 2025-07-30 买入成交: 4800股 @ 16.39
   成本: 78672.00, 佣金: 236.02
现有现金 52610.68


- - - - - - - - - - - - - - - - - - - - - - - - -
调整各股现金额度 89232.54
pre_rebalance  2025-08-04
⭕ 002796 2025-08-05 卖出成交: -2500股 @ 30.36
   买入价格 27.25 收益: 7775.00, 佣金: 227.70
现有现金 128282.98

 002209 申请价格: 27.04, 买入数量: 3300
✅ 002209 2025-08-06 买入成交: 3300股 @ 25.89
   成本: 85437.00, 佣金: 256.31
现有现金 42589.67


- - - - - - - - - - - - - - - - - - - - - - - - -
调整各股现金额度 89182.33
pre_rebalance  2025-08-11
pre_rebalance  2025-08-18
pre_rebalance  2025-08-25
pre_rebalance  2025-09-01
⭕ 002209 2025-09-02 卖出成交: -3300股 @ 25.41
   买入价格 25.89 收益: -1584.00, 佣金: 251.56
现有现金 126191.11

 002899 申请价格: 22.38, 买入数量: 3900
✅ 002899 2025-09-03 买入成交: 3900股 @ 20.67
   成本: 80613.00, 佣金: 241.84
现有现金 45336.27


- - - - - - - - - - - - - - - - - - - - - - - - -
调整各股现金额度 87162.85
pre_rebalance  2025-09-08
pre_rebalance  2025-09-15
pre_rebalance  2025-09-22
pre_rebalance  2025-09-29
⭕ 002899 2025-09-30 卖出成交: -3900股 @ 23.50
   买入价格 20.67 收益: 11037.00, 佣金: 274.95
现有现金 136711.32

 002209 申请价格: 24.75, 买入数量: 3500
✅ 002209 2025-10-09 买入成交: 3500股 @ 23.57
   成本: 82495.00, 佣金: 247.49
现有现金 53968.84


- - - - - - - - - - - - - - - - - - - - - - - - -
调整各股现金额度 86205.77
pre_rebalance  2025-10-09
pre_rebalance  2025-10-13
pre_rebalance  2025-10-20
pre_rebalance  2025-10-27
pre_rebalance  2025-11-03
pre_rebalance  2025-11-10
pre_rebalance  2025-11-17
pre_rebalance  2025-11-24
pre_rebalance  2025-12-01

==================================================
策略执行总结:
==================================================
交易过股票：
002775 文科股份 工程建设 收益率 9.37%
600573 惠泉啤酒 酿酒行业 收益率 3.78%
002731 萃华珠宝 珠宝首饰 收益率 18.24%
002209 达 意 隆 专用设备 收益率 72.24%
002796 世嘉科技 专用设备 收益率 13.45%
002899 英派斯 家用轻工 收益率 13.69%
002377 国创高新 化学制品 收益率 3.67%
002316 亚联发展 互联网服务 收益率 58.49%
002370 亚太药业 化学制药 收益率 63.44%

初始资金: 300000.00
最终价值: 442522.84
总收益率: 47.51%
cerebro run 18.65s
最终投资组合价值: 442522.84

🔍 策略表现:
累计收益: 47.51%
年化收益: 53.10%
夏普比率: 1.769
最大回撤: -18.97%

==================================================
2011 收益率 -5.38%
2012 收益率 35.15%
2013 收益率 28.64%
2014 收益率 39.85%
2015 收益率 134.64%
2016 收益率 44.33%
2017 收益率 -8.17%
2018 收益率 0.06%
2019 收益率 15.43%
2020 收益率 4.92%
2021 收益率 34.58%
2022 收益率 19.52%
2023 收益率 10.95%
2024 收益率 -1.12%
2025 收益率 47.51%

总收益率 2156.87 %
年化收益率 23.09 %

耗时 470.25s