日期,品种,标的,多空,数量,可用数量,收盘价/结算价,市值/价值,盈亏/逐笔浮盈,开仓均价,持仓均价（期货）,保证金,当日盈亏,今手数,盈亏占比,仓位占比
2020-09-01,,Cash,,,,,900000,,,,,,,,0
2020-09-02,,Cash,,,,,900000,,,,,,,,0
2020-09-03,,Cash,,,,,900000,,,,,,,,0
2020-09-04,,Cash,,,,,900000,,,,,,,,0
2020-09-07,,Cash,,,,,900000,,,,,,,,0
2020-09-08,基金,豆粕ETF华夏(159985.XSHE),多,87900股,87900股,1.049,92207.1,-87.9,1.05,-,0,-87.9,87900股,-0.1%,901714.48,10.23%
2020-09-08,基金,10年地债(511270.XSHG),多,4400股,4400股,104.135,458194,39.6,104.126,-,0,39.6,4400股,0.01%,901714.48,50.81%
2020-09-08,基金,纳指ETF(513100.XSHG),多,14400股,14400股,4.724,68025.6,1641.6,4.61,-,0,1641.6,14400股,2.47%,901714.48,7.54%
2020-09-08,基金,黄金ETF(518880.XSHG),多,20000股,20000股,4.066,81320,200,4.056,-,0,200,20000股,0.25%,901714.48,9.02%
2020-09-08,股票,长江电力(600900.XSHG),多,4000股,0股,20,80000,-1080,20.27,-,0,-1080,4000股,-1.33%,901714.48,8.87%
2020-09-08,股票,农业银行(601288.XSHG),多,36600股,0股,3.18,116388,1098,3.15,-,0,1098,36600股,0.95%,901714.48,12.91%
2020-09-08,,Cash,,,,,5579.78,,,,,,,,0
2020-09-09,基金,豆粕ETF华夏(159985.XSHE),多,87900股,87900股,1.04,91416,-879,1.05,-,0,-791.1,0股,-0.95%,896584.18,10.2%
2020-09-09,基金,10年地债(511270.XSHG),多,4400股,4400股,104.024,457705.6,-448.8,104.126,-,0,-488.4,0股,-0.1%,896584.18,51.05%
2020-09-09,基金,纳指ETF(513100.XSHG),多,14400股,14400股,4.482,64540.8,-1843.2,4.61,-,0,-3484.8,0股,-2.78%,896584.18,7.2%
2020-09-09,基金,黄金ETF(518880.XSHG),多,20000股,20000股,4.068,81360,240,4.056,-,0,40,0股,0.3%,896584.18,9.07%
2020-09-09,股票,长江电力(600900.XSHG),多,4000股,4000股,19.99,79960,-1120,20.27,-,0,-40,0股,-1.38%,896584.18,8.92%
2020-09-09,股票,农业银行(601288.XSHG),多,36600股,36600股,3.17,116022,732,3.15,-,0,-366,0股,0.63%,896584.18,12.94%
2020-09-09,,Cash,,,,,5579.78,,,,,,,,0
2020-09-10,基金,豆粕ETF华夏(159985.XSHE),多,87900股,87900股,1.047,92031.3,-263.7,1.05,-,0,615.3,0股,-0.29%,900096.68,10.22%
2020-09-10,基金,10年地债(511270.XSHG),多,4400股,4400股,104.15,458260,105.6,104.126,-,0,554.4,0股,0.02%,900096.68,50.91%
2020-09-10,基金,纳指ETF(513100.XSHG),多,14400股,14400股,4.609,66369.6,-14.4,4.61,-,0,1828.8,0股,-0.02%,900096.68,7.37%
2020-09-10,基金,黄金ETF(518880.XSHG),多,20000股,20000股,4.096,81920,800,4.056,-,0,560,0股,0.99%,900096.68,9.1%
2020-09-10,股票,长江电力(600900.XSHG),多,4000股,4000股,20.07,80280,-800,20.27,-,0,320,0股,-0.99%,900096.68,8.92%
2020-09-10,股票,农业银行(601288.XSHG),多,36600股,36600股,3.16,115656,366,3.15,-,0,-366,0股,0.32%,900096.68,12.85%
2020-09-10,,Cash,,,,,5579.78,,,,,,,,0
2020-09-11,基金,豆粕ETF华夏(159985.XSHE),多,87900股,87900股,1.069,93965.1,1670.1,1.05,-,0,1933.8,0股,1.81%,901506.48,10.42%
2020-09-11,基金,10年地债(511270.XSHG),多,4400股,4400股,104.07,457908,-246.4,104.126,-,0,-352,0股,-0.05%,901506.48,50.79%
2020-09-11,基金,纳指ETF(513100.XSHG),多,14400股,14400股,4.529,65217.6,-1166.4,4.61,-,0,-1152,0股,-1.76%,901506.48,7.23%
2020-09-11,基金,黄金ETF(518880.XSHG),多,20000股,20000股,4.087,81740,620,4.056,-,0,-180,0股,0.76%,901506.48,9.07%
2020-09-11,股票,长江电力(600900.XSHG),多,4000股,4000股,20.36,81440,360,20.27,-,0,1160,0股,0.44%,901506.48,9.03%
2020-09-11,股票,农业银行(601288.XSHG),多,36600股,36600股,3.16,115656,366,3.15,-,0,0,0股,0.32%,901506.48,12.83%
2020-09-11,,Cash,,,,,5579.78,,,,,,,,0
2020-09-14,基金,豆粕ETF华夏(159985.XSHE),多,87900股,87900股,1.087,95547.3,3252.3,1.05,-,0,1582.2,0股,3.52%,905796.68,10.55%
2020-09-14,基金,10年地债(511270.XSHG),多,4400股,4400股,103.79,456676,-1478.4,104.126,-,0,-1232,0股,-0.32%,905796.68,50.42%
2020-09-14,基金,纳指ETF(513100.XSHG),多,14400股,14400股,4.654,67017.6,633.6,4.61,-,0,1800,0股,0.95%,905796.68,7.4%
2020-09-14,基金,黄金ETF(518880.XSHG),多,20000股,20000股,4.086,81720,600,4.056,-,0,-20,0股,0.74%,905796.68,9.02%
2020-09-14,股票,长江电力(600900.XSHG),多,4000股,4000股,20.9,83600,2520,20.27,-,0,2160,0股,3.11%,905796.68,9.23%
2020-09-14,股票,农业银行(601288.XSHG),多,36600股,36600股,3.16,115656,366,3.15,-,0,0,0股,0.32%,905796.68,12.77%
2020-09-14,,Cash,,,,,5579.78,,,,,,,,0
2020-09-15,基金,豆粕ETF华夏(159985.XSHE),多,87900股,87900股,1.09,95811,3516,1.05,-,0,263.7,0股,3.81%,907079.58,10.56%
2020-09-15,基金,10年地债(511270.XSHG),多,4400股,4400股,103.726,456394.4,-1760,104.126,-,0,-281.6,0股,-0.38%,907079.58,50.31%
2020-09-15,基金,纳指ETF(513100.XSHG),多,14400股,14400股,4.811,69278.4,2894.4,4.61,-,0,2260.8,0股,4.36%,907079.58,7.64%
2020-09-15,基金,黄金ETF(518880.XSHG),多,20000股,20000股,4.1,82000,880,4.056,-,0,280,0股,1.08%,907079.58,9.04%
2020-09-15,股票,长江电力(600900.XSHG),多,4000股,4000股,20.59,82360,1280,20.27,-,0,-1240,0股,1.58%,907079.58,9.08%
2020-09-15,股票,农业银行(601288.XSHG),多,36600股,36600股,3.16,115656,366,3.15,-,0,0,0股,0.32%,907079.58,12.75%
2020-09-15,,Cash,,,,,5579.78,,,,,,,,0
2020-09-16,基金,豆粕ETF华夏(159985.XSHE),多,87900股,87900股,1.07,94053,1758,1.05,-,0,-1758,0股,1.9%,905573.98,10.39%
2020-09-16,基金,10年地债(511270.XSHG),多,4400股,4400股,103.766,456570.4,-1584,104.126,-,0,176,0股,-0.35%,905573.98,50.42%
2020-09-16,基金,纳指ETF(513100.XSHG),多,14400股,14400股,4.802,69148.8,2764.8,4.61,-,0,-129.6,0股,4.16%,905573.98,7.64%
2020-09-16,基金,黄金ETF(518880.XSHG),多,20000股,20000股,4.088,81760,640,4.056,-,0,-240,0股,0.79%,905573.98,9.03%
2020-09-16,股票,长江电力(600900.XSHG),多,4000股,4000股,20.61,82440,1360,20.27,-,0,80,0股,1.68%,905573.98,9.1%
2020-09-16,股票,农业银行(601288.XSHG),多,36600股,36600股,3.17,116022,732,3.15,-,0,366,0股,0.63%,905573.98,12.81%
2020-09-16,,Cash,,,,,5579.78,,,,,,,,0
2020-09-17,基金,豆粕ETF华夏(159985.XSHE),多,87900股,87900股,1.072,94228.8,1933.8,1.05,-,0,175.8,0股,2.1%,900848.18,10.46%
2020-09-17,基金,10年地债(511270.XSHG),多,4400股,4400股,103.6,455840,-2314.4,104.126,-,0,-730.4,0股,-0.51%,900848.18,50.6%
2020-09-17,基金,纳指ETF(513100.XSHG),多,14400股,14400股,4.604,66297.6,-86.4,4.61,-,0,-2851.2,0股,-0.13%,900848.18,7.36%
2020-09-17,基金,黄金ETF(518880.XSHG),多,20000股,20000股,4.06,81200,80,4.056,-,0,-560,0股,0.1%,900848.18,9.01%
2020-09-17,股票,长江电力(600900.XSHG),多,4000股,4000股,20.42,81680,600,20.27,-,0,-760,0股,0.74%,900848.18,9.07%
2020-09-17,股票,农业银行(601288.XSHG),多,36600股,36600股,3.17,116022,732,3.15,-,0,0,0股,0.63%,900848.18,12.88%
2020-09-17,,Cash,,,,,5579.78,,,,,,,,0
2020-09-18,基金,豆粕ETF华夏(159985.XSHE),多,87900股,87900股,1.104,97041.6,4746.6,1.05,-,0,2812.8,0股,5.14%,908759.78,10.68%
2020-09-18,基金,10年地债(511270.XSHG),多,4400股,4400股,103.65,456060,-2094.4,104.126,-,0,220,0股,-0.46%,908759.78,50.18%
2020-09-18,基金,纳指ETF(513100.XSHG),多,14400股,14400股,4.761,68558.4,2174.4,4.61,-,0,2260.8,0股,3.28%,908759.78,7.54%
2020-09-18,基金,黄金ETF(518880.XSHG),多,20000股,20000股,4.078,81560,440,4.056,-,0,360,0股,0.54%,908759.78,8.97%
2020-09-18,股票,长江电力(600900.XSHG),多,4000股,4000股,20.71,82840,1760,20.27,-,0,1160,0股,2.17%,908759.78,9.12%
2020-09-18,股票,农业银行(601288.XSHG),多,36600股,36600股,3.2,117120,1830,3.15,-,0,1098,0股,1.59%,908759.78,12.89%
2020-09-18,,Cash,,,,,5579.78,,,,,,,,0
2020-09-21,基金,豆粕ETF华夏(159985.XSHE),多,87900股,87900股,1.094,96162.6,3867.6,1.05,-,0,-879,0股,4.19%,905701.18,10.62%
2020-09-21,基金,10年地债(511270.XSHG),多,4400股,4400股,103.9,457160,-994.4,104.126,-,0,1100,0股,-0.22%,905701.18,50.48%
2020-09-21,基金,纳指ETF(513100.XSHG),多,14400股,14400股,4.667,67204.8,820.8,4.61,-,0,-1353.6,0股,1.24%,905701.18,7.42%
2020-09-21,基金,黄金ETF(518880.XSHG),多,20000股,20000股,4.078,81560,440,4.056,-,0,0,0股,0.54%,905701.18,9.01%
2020-09-21,股票,长江电力(600900.XSHG),多,4000股,4000股,20.32,81280,200,20.27,-,0,-1560,0股,0.25%,905701.18,8.97%
2020-09-21,股票,农业银行(601288.XSHG),多,36600股,36600股,3.19,116754,1464,3.15,-,0,-366,0股,1.27%,905701.18,12.89%
2020-09-21,,Cash,,,,,5579.78,,,,,,,,0
2020-09-22,基金,豆粕ETF华夏(159985.XSHE),多,87900股,87900股,1.081,95019.9,2724.9,1.05,-,0,-1142.7,0股,2.95%,899820.88,10.56%
2020-09-22,基金,10年地债(511270.XSHG),多,4400股,4400股,103.9,457160,-994.4,104.126,-,0,0,0股,-0.22%,899820.88,50.81%
2020-09-22,基金,纳指ETF(513100.XSHG),多,14400股,14400股,4.593,66139.2,-244.8,4.61,-,0,-1065.6,0股,-0.37%,899820.88,7.35%
2020-09-22,基金,黄金ETF(518880.XSHG),多,20000股,20000股,3.985,79700,-1420,4.056,-,0,-1860,0股,-1.75%,899820.88,8.86%
2020-09-22,股票,长江电力(600900.XSHG),多,4000股,4000股,20.05,80200,-880,20.27,-,0,-1080,0股,-1.09%,899820.88,8.91%
2020-09-22,股票,农业银行(601288.XSHG),多,36600股,36600股,3.17,116022,732,3.15,-,0,-732,0股,0.63%,899820.88,12.89%
2020-09-22,,Cash,,,,,5579.78,,,,,,,,0
2020-09-23,基金,豆粕ETF华夏(159985.XSHE),多,87900股,87900股,1.076,94580.4,2285.4,1.05,-,0,-439.5,0股,2.48%,898979.38,10.52%
2020-09-23,基金,10年地债(511270.XSHG),多,4400股,4400股,103.998,457591.2,-563.2,104.126,-,0,431.2,0股,-0.12%,898979.38,50.9%
2020-09-23,基金,纳指ETF(513100.XSHG),多,14400股,14400股,4.655,67032,648,4.61,-,0,892.8,0股,0.98%,898979.38,7.46%
2020-09-23,基金,黄金ETF(518880.XSHG),多,20000股,20000股,3.925,78500,-2620,4.056,-,0,-1200,0股,-3.23%,898979.38,8.73%
2020-09-23,股票,长江电力(600900.XSHG),多,4000股,4000股,20.01,80040,-1040,20.27,-,0,-160,0股,-1.28%,898979.38,8.9%
2020-09-23,股票,农业银行(601288.XSHG),多,36600股,36600股,3.16,115656,366,3.15,-,0,-366,0股,0.32%,898979.38,12.87%
2020-09-23,,Cash,,,,,5579.78,,,,,,,,0
2020-09-24,基金,豆粕ETF华夏(159985.XSHE),多,87900股,87900股,1.077,94668.3,2373.3,1.05,-,0,87.9,0股,2.57%,893117.68,10.6%
2020-09-24,基金,10年地债(511270.XSHG),多,4400股,4400股,104.053,457833.2,-321.2,104.126,-,0,242,0股,-0.07%,893117.68,51.26%
2020-09-24,基金,纳指ETF(513100.XSHG),多,14400股,14400股,4.481,64526.4,-1857.6,4.61,-,0,-2505.6,0股,-2.8%,893117.68,7.22%
2020-09-24,基金,黄金ETF(518880.XSHG),多,20000股,20000股,3.881,77620,-3500,4.056,-,0,-880,0股,-4.31%,893117.68,8.69%
2020-09-24,股票,长江电力(600900.XSHG),多,4000股,4000股,19.4,77600,-3480,20.27,-,0,-2440,0股,-4.29%,893117.68,8.69%
2020-09-24,股票,农业银行(601288.XSHG),多,36600股,36600股,3.15,115290,0,3.15,-,0,-366,0股,0%,893117.68,12.91%
2020-09-24,,Cash,,,,,5579.78,,,,,,,,0
2020-09-25,基金,豆粕ETF华夏(159985.XSHE),多,87900股,87900股,1.072,94228.8,1933.8,1.05,-,0,-439.5,0股,2.1%,891357.78,10.57%
2020-09-25,基金,10年地债(511270.XSHG),多,4400股,4400股,104.148,458251.2,96.8,104.126,-,0,418,0股,0.02%,891357.78,51.41%
2020-09-25,基金,纳指ETF(513100.XSHG),多,14400股,14400股,4.445,64008,-2376,4.61,-,0,-518.4,0股,-3.58%,891357.78,7.18%
2020-09-25,基金,黄金ETF(518880.XSHG),多,20000股,20000股,3.928,78560,-2560,4.056,-,0,940,0股,-3.16%,891357.78,8.81%
2020-09-25,股票,长江电力(600900.XSHG),多,4000股,4000股,18.86,75440,-5640,20.27,-,0,-2160,0股,-6.96%,891357.78,8.46%
2020-09-25,股票,农业银行(601288.XSHG),多,36600股,36600股,3.15,115290,0,3.15,-,0,0,0股,0%,891357.78,12.93%
2020-09-25,,Cash,,,,,5579.78,,,,,,,,0
2020-09-28,基金,豆粕ETF华夏(159985.XSHE),多,87900股,87900股,1.081,95019.9,2724.9,1.05,-,0,791.1,0股,2.95%,894700.88,10.62%
2020-09-28,基金,10年地债(511270.XSHG),多,4400股,4400股,104.018,457679.2,-475.2,104.126,-,0,-572,0股,-0.1%,894700.88,51.15%
2020-09-28,基金,纳指ETF(513100.XSHG),多,14400股,14400股,4.52,65088,-1296,4.61,-,0,1080,0股,-1.95%,894700.88,7.27%
2020-09-28,基金,黄金ETF(518880.XSHG),多,20000股,20000股,3.919,78380,-2740,4.056,-,0,-180,0股,-3.38%,894700.88,8.76%
2020-09-28,股票,长江电力(600900.XSHG),多,4000股,4000股,19.05,76200,-4880,20.27,-,0,760,0股,-6.02%,894700.88,8.52%
2020-09-28,股票,农业银行(601288.XSHG),多,36600股,36600股,3.19,116754,1464,3.15,-,0,1464,0股,1.27%,894700.88,13.05%
2020-09-28,,Cash,,,,,5579.78,,,,,,,,0
2020-09-29,基金,豆粕ETF华夏(159985.XSHE),多,87900股,87900股,1.072,94228.8,1933.8,1.05,-,0,-791.1,0股,2.1%,894932.98,10.53%
2020-09-29,基金,10年地债(511270.XSHG),多,4400股,4400股,104.1,458040,-114.4,104.126,-,0,360.8,0股,-0.02%,894932.98,51.18%
2020-09-29,基金,纳指ETF(513100.XSHG),多,14400股,14400股,4.546,65462.4,-921.6,4.61,-,0,374.4,0股,-1.39%,894932.98,7.31%
2020-09-29,基金,黄金ETF(518880.XSHG),多,20000股,20000股,3.972,79440,-1680,4.056,-,0,1060,0股,-2.07%,894932.98,8.88%
2020-09-29,股票,长江电力(600900.XSHG),多,4000股,4000股,19.04,76160,-4920,20.27,-,0,-40,0股,-6.07%,894932.98,8.51%
2020-09-29,股票,农业银行(601288.XSHG),多,36600股,36600股,3.17,116022,732,3.15,-,0,-732,0股,0.63%,894932.98,12.96%
2020-09-29,,Cash,,,,,5579.78,,,,,,,,0
2020-09-30,基金,豆粕ETF华夏(159985.XSHE),多,87900股,87900股,1.078,94756.2,2461.2,1.05,-,0,527.4,0股,2.67%,895945.98,10.58%
2020-09-30,基金,10年地债(511270.XSHG),多,4400股,4400股,104.09,457996,-158.4,104.126,-,0,-44,0股,-0.03%,895945.98,51.12%
2020-09-30,基金,纳指ETF(513100.XSHG),多,14400股,14400股,4.555,65592,-792,4.61,-,0,129.6,0股,-1.19%,895945.98,7.32%
2020-09-30,基金,黄金ETF(518880.XSHG),多,20000股,20000股,3.974,79480,-1640,4.056,-,0,40,0股,-2.02%,895945.98,8.87%
2020-09-30,股票,长江电力(600900.XSHG),多,4000股,4000股,19.13,76520,-4560,20.27,-,0,360,0股,-5.62%,895945.98,8.54%
2020-09-30,股票,农业银行(601288.XSHG),多,36600股,36600股,3.17,116022,732,3.15,-,0,0,0股,0.63%,895945.98,12.95%
2020-09-30,,Cash,,,,,5579.78,,,,,,,,0
2020-10-09,基金,豆粕ETF华夏(159985.XSHE),多,87900股,87900股,1.14,100206,7911,1.05,-,0,5449.8,0股,8.57%,900142.18,11.13%
2020-10-09,基金,10年地债(511270.XSHG),多,4400股,4400股,103.682,456200.8,-1953.6,104.126,-,0,-1795.2,0股,-0.43%,900142.18,50.68%
2020-10-09,基金,纳指ETF(513100.XSHG),多,14400股,14400股,4.644,66873.6,489.6,4.61,-,0,1281.6,0股,0.74%,900142.18,7.43%
2020-10-09,基金,黄金ETF(518880.XSHG),多,20000股,20000股,3.971,79420,-1700,4.056,-,0,-60,0股,-2.1%,900142.18,8.82%
2020-10-09,股票,长江电力(600900.XSHG),多,4000股,4000股,18.96,75840,-5240,20.27,-,0,-680,0股,-6.46%,900142.18,8.43%
2020-10-09,股票,农业银行(601288.XSHG),多,36600股,36600股,3.17,116022,732,3.15,-,0,0,0股,0.63%,900142.18,12.89%
2020-10-09,,Cash,,,,,5579.78,,,,,,,,0
2020-10-12,基金,豆粕ETF华夏(159985.XSHE),多,87900股,87900股,1.149,100997.1,8702.1,1.05,-,0,791.1,0股,9.43%,904388.88,11.17%
2020-10-12,基金,10年地债(511270.XSHG),多,4400股,4400股,103.747,456486.8,-1667.6,104.126,-,0,286,0股,-0.36%,904388.88,50.47%
2020-10-12,基金,纳指ETF(513100.XSHG),多,14400股,14400股,4.673,67291.2,907.2,4.61,-,0,417.6,0股,1.37%,904388.88,7.44%
2020-10-12,基金,黄金ETF(518880.XSHG),多,20000股,20000股,4.014,80280,-840,4.056,-,0,860,0股,-1.04%,904388.88,8.88%
2020-10-12,股票,长江电力(600900.XSHG),多,4000股,4000股,19.25,77000,-4080,20.27,-,0,1160,0股,-5.03%,904388.88,8.51%
2020-10-12,股票,农业银行(601288.XSHG),多,36600股,36600股,3.19,116754,1464,3.15,-,0,732,0股,1.27%,904388.88,12.91%
2020-10-12,,Cash,,,,,5579.78,,,,,,,,0
2020-10-13,基金,豆粕ETF华夏(159985.XSHE),多,87900股,87900股,1.129,99239.1,6944.1,1.05,-,0,-1758,0股,7.52%,901793.68,11%
2020-10-13,基金,10年地债(511270.XSHG),多,4400股,4400股,103.54,455576,-2578.4,104.126,-,0,-910.8,0股,-0.56%,901793.68,50.52%
2020-10-13,基金,纳指ETF(513100.XSHG),多,14400股,14400股,4.722,67996.8,1612.8,4.61,-,0,705.6,0股,2.43%,901793.68,7.54%
2020-10-13,基金,黄金ETF(518880.XSHG),多,20000股,20000股,4.003,80060,-1060,4.056,-,0,-220,0股,-1.31%,901793.68,8.88%
2020-10-13,股票,长江电力(600900.XSHG),多,4000股,4000股,19.33,77320,-3760,20.27,-,0,320,0股,-4.64%,901793.68,8.57%
2020-10-13,股票,农业银行(601288.XSHG),多,36600股,36600股,3.17,116022,732,3.15,-,0,-732,0股,0.63%,901793.68,12.87%
2020-10-13,,Cash,,,,,5579.78,,,,,,,,0
2020-10-14,基金,豆粕ETF华夏(159985.XSHE),多,87900股,87900股,1.127,99063.3,6768.3,1.05,-,0,-175.8,0股,7.33%,899811.48,11.01%
2020-10-14,基金,10年地债(511270.XSHG),多,4400股,4400股,103.574,455725.6,-2428.8,104.126,-,0,149.6,0股,-0.53%,899811.48,50.65%
2020-10-14,基金,纳指ETF(513100.XSHG),多,14400股,14400股,4.707,67780.8,1396.8,4.61,-,0,-216,0股,2.1%,899811.48,7.53%
2020-10-14,基金,黄金ETF(518880.XSHG),多,20000股,20000股,3.958,79160,-1960,4.056,-,0,-900,0股,-2.42%,899811.48,8.8%
2020-10-14,股票,长江电力(600900.XSHG),多,4000股,4000股,19.12,76480,-4600,20.27,-,0,-840,0股,-5.67%,899811.48,8.5%
2020-10-14,股票,农业银行(601288.XSHG),多,36600股,36600股,3.17,116022,732,3.15,-,0,0,0股,0.63%,899811.48,12.89%
2020-10-14,,Cash,,,,,5579.78,,,,,,,,0
2020-10-15,基金,豆粕ETF华夏(159985.XSHE),多,87900股,87900股,1.127,99063.3,6768.3,1.05,-,0,0,0股,7.33%,898784.68,11.02%
2020-10-15,基金,10年地债(511270.XSHG),多,4400股,4400股,103.758,456535.2,-1619.2,104.126,-,0,809.6,0股,-0.35%,898784.68,50.79%
2020-10-15,基金,纳指ETF(513100.XSHG),多,14400股,14400股,4.586,66038.4,-345.6,4.61,-,0,-1742.4,0股,-0.52%,898784.68,7.35%
2020-10-15,基金,黄金ETF(518880.XSHG),多,20000股,20000股,3.953,79060,-2060,4.056,-,0,-100,0股,-2.54%,898784.68,8.8%
2020-10-15,股票,长江电力(600900.XSHG),多,4000股,4000股,19.03,76120,-4960,20.27,-,0,-360,0股,-6.12%,898784.68,8.47%
2020-10-15,股票,农业银行(601288.XSHG),多,36600股,36600股,3.18,116388,1098,3.15,-,0,366,0股,0.95%,898784.68,12.95%
2020-10-15,,Cash,,,,,5579.78,,,,,,,,0
2020-10-16,基金,豆粕ETF华夏(159985.XSHE),多,100000股,100000股,1.144,114400,8359.4,1.06,-,0,1591.1,12100股,7.88%,900428.88,12.71%
2020-10-16,基金,10年地债(511270.XSHG),多,4300股,4300股,103.758,446159.4,-1582.4,104.126,-,0,0,0股,-0.35%,900428.88,49.55%
2020-10-16,基金,纳指ETF(513100.XSHG),多,13700股,13700股,4.582,62773.4,-383.6,4.61,-,0,-54.8,0股,-0.61%,900428.88,6.97%
2020-10-16,基金,黄金ETF(518880.XSHG),多,22300股,22300股,3.965,88419.5,-1845.3,4.048,-,0,214.7,2300股,-2.04%,900428.88,9.82%
2020-10-16,股票,长江电力(600900.XSHG),多,3800股,3800股,18.91,71858,-5168,20.27,-,0,-456,0股,-6.71%,900428.88,7.98%
2020-10-16,股票,农业银行(601288.XSHG),多,36600股,36600股,3.19,116754,1464,3.15,-,0,366,0股,1.27%,900428.88,12.97%
2020-10-16,,Cash,,,,,64.58,,,,,,,,0
2020-10-19,基金,豆粕ETF华夏(159985.XSHE),多,100000股,100000股,1.143,114300,8259.4,1.06,-,0,-100,0股,7.79%,900712.88,12.69%
2020-10-19,基金,10年地债(511270.XSHG),多,4300股,4300股,103.569,445346.7,-2395.1,104.126,-,0,-812.7,0股,-0.53%,900712.88,49.44%
2020-10-19,基金,纳指ETF(513100.XSHG),多,13700股,13700股,4.636,63513.2,356.2,4.61,-,0,739.8,0股,0.56%,900712.88,7.05%
2020-10-19,基金,黄金ETF(518880.XSHG),多,22300股,22300股,3.968,88486.4,-1778.4,4.048,-,0,66.9,0股,-1.97%,900712.88,9.82%
2020-10-19,股票,长江电力(600900.XSHG),多,3800股,3800股,18.82,71516,-5510,20.27,-,0,-342,0股,-7.15%,900712.88,7.94%
2020-10-19,股票,农业银行(601288.XSHG),多,36600股,36600股,3.21,117486,2196,3.15,-,0,732,0股,1.9%,900712.88,13.04%
2020-10-19,,Cash,,,,,64.58,,,,,,,,0
2020-10-20,基金,豆粕ETF华夏(159985.XSHE),多,100000股,100000股,1.146,114600,8559.4,1.06,-,0,300,0股,8.07%,899789.88,12.74%
2020-10-20,基金,10年地债(511270.XSHG),多,4300股,4300股,103.704,445927.2,-1814.6,104.126,-,0,580.5,0股,-0.41%,899789.88,49.56%
2020-10-20,基金,纳指ETF(513100.XSHG),多,13700股,13700股,4.605,63088.5,-68.5,4.61,-,0,-424.7,0股,-0.11%,899789.88,7.01%
2020-10-20,基金,黄金ETF(518880.XSHG),多,22300股,22300股,3.952,88129.6,-2135.2,4.048,-,0,-356.8,0股,-2.37%,899789.88,9.79%
2020-10-20,股票,长江电力(600900.XSHG),多,3800股,3800股,18.84,71592,-5434,20.27,-,0,76,0股,-7.05%,899789.88,7.96%
2020-10-20,股票,农业银行(601288.XSHG),多,36600股,36600股,3.18,116388,1098,3.15,-,0,-1098,0股,0.95%,899789.88,12.94%
2020-10-20,,Cash,,,,,64.58,,,,,,,,0
2020-10-21,基金,豆粕ETF华夏(159985.XSHE),多,100000股,100000股,1.145,114500,8459.4,1.06,-,0,-100,0股,7.98%,902154.48,12.69%
2020-10-21,基金,10年地债(511270.XSHG),多,4300股,4300股,103.811,446387.3,-1354.5,104.126,-,0,460.1,0股,-0.3%,902154.48,49.48%
2020-10-21,基金,纳指ETF(513100.XSHG),多,13700股,13700股,4.604,63074.8,-82.2,4.61,-,0,-13.7,0股,-0.13%,902154.48,6.99%
2020-10-21,基金,黄金ETF(518880.XSHG),多,22300股,22300股,3.966,88441.8,-1823,4.048,-,0,312.2,0股,-2.02%,902154.48,9.8%
2020-10-21,股票,长江电力(600900.XSHG),多,3800股,3800股,19,72200,-4826,20.27,-,0,608,0股,-6.27%,902154.48,8%
2020-10-21,股票,农业银行(601288.XSHG),多,36600股,36600股,3.21,117486,2196,3.15,-,0,1098,0股,1.9%,902154.48,13.02%
2020-10-21,,Cash,,,,,64.58,,,,,,,,0
2020-10-22,基金,豆粕ETF华夏(159985.XSHE),多,100000股,100000股,1.145,114500,8459.4,1.06,-,0,0,0股,7.98%,902046.18,12.69%
2020-10-22,基金,10年地债(511270.XSHG),多,4300股,4300股,103.918,446847.4,-894.4,104.126,-,0,460.1,0股,-0.2%,902046.18,49.54%
2020-10-22,基金,纳指ETF(513100.XSHG),多,13700股,13700股,4.556,62417.2,-739.8,4.61,-,0,-657.6,0股,-1.17%,902046.18,6.92%
2020-10-22,基金,黄金ETF(518880.XSHG),多,22300股,22300股,3.97,88531,-1733.8,4.048,-,0,89.2,0股,-1.92%,902046.18,9.81%
2020-10-22,股票,长江电力(600900.XSHG),多,3800股,3800股,19,72200,-4826,20.27,-,0,0,0股,-6.27%,902046.18,8%
2020-10-22,股票,农业银行(601288.XSHG),多,36600股,36600股,3.21,117486,2196,3.15,-,0,0,0股,1.9%,902046.18,13.02%
2020-10-22,,Cash,,,,,64.58,,,,,,,,0
2020-10-23,基金,豆粕ETF华夏(159985.XSHE),多,100000股,100000股,1.131,113100,7059.4,1.06,-,0,-1400,0股,6.66%,899090.78,12.58%
2020-10-23,基金,10年地债(511270.XSHG),多,4300股,4300股,103.847,446542.1,-1199.7,104.126,-,0,-305.3,0股,-0.27%,899090.78,49.67%
2020-10-23,基金,纳指ETF(513100.XSHG),多,13700股,13700股,4.509,61773.3,-1383.7,4.61,-,0,-643.9,0股,-2.19%,899090.78,6.87%
2020-10-23,基金,黄金ETF(518880.XSHG),多,22300股,22300股,3.956,88218.8,-2046,4.048,-,0,-312.2,0股,-2.27%,899090.78,9.81%
2020-10-23,股票,长江电力(600900.XSHG),多,3800股,3800股,18.73,71174,-5852,20.27,-,0,-1026,0股,-7.6%,899090.78,7.92%
2020-10-23,股票,农业银行(601288.XSHG),多,36600股,36600股,3.23,118218,2928,3.15,-,0,732,0股,2.54%,899090.78,13.15%
2020-10-23,,Cash,,,,,64.58,,,,,,,,0
2020-10-26,基金,豆粕ETF华夏(159985.XSHE),多,100000股,100000股,1.139,113900,7859.4,1.06,-,0,800,0股,7.41%,895369.48,12.72%
2020-10-26,基金,10年地债(511270.XSHG),多,4300股,4300股,102.914,442530.2,-5211.6,104.126,-,0,-4011.9,0股,-1.16%,895369.48,49.42%
2020-10-26,基金,纳指ETF(513100.XSHG),多,13700股,13700股,4.429,60677.3,-2479.7,4.61,-,0,-1096,0股,-3.93%,895369.48,6.78%
2020-10-26,基金,黄金ETF(518880.XSHG),多,22300股,22300股,3.938,87817.4,-2447.4,4.048,-,0,-401.4,0股,-2.71%,895369.48,9.81%
2020-10-26,股票,长江电力(600900.XSHG),多,3800股,3800股,18.99,72162,-4864,20.27,-,0,988,0股,-6.31%,895369.48,8.06%
2020-10-26,股票,农业银行(601288.XSHG),多,36600股,36600股,3.23,118218,2928,3.15,-,0,0,0股,2.54%,895369.48,13.2%
2020-10-26,,Cash,,,,,64.58,,,,,,,,0
2020-10-27,基金,豆粕ETF华夏(159985.XSHE),多,100000股,100000股,1.135,113500,7459.4,1.06,-,0,-400,0股,7.03%,899662.68,12.62%
2020-10-27,基金,10年地债(511270.XSHG),多,4300股,4300股,103.997,447187.1,-554.7,104.126,-,0,4656.9,0股,-0.12%,899662.68,49.71%
2020-10-27,基金,纳指ETF(513100.XSHG),多,13700股,13700股,4.402,60307.4,-2849.6,4.61,-,0,-369.9,0股,-4.51%,899662.68,6.7%
2020-10-27,基金,黄金ETF(518880.XSHG),多,22300股,22300股,3.972,88575.6,-1689.2,4.048,-,0,758.2,0股,-1.87%,899662.68,9.85%
2020-10-27,股票,长江电力(600900.XSHG),多,3800股,3800股,19.09,72542,-4484,20.27,-,0,380,0股,-5.82%,899662.68,8.06%
2020-10-27,股票,农业银行(601288.XSHG),多,36600股,36600股,3.21,117486,2196,3.15,-,0,-732,0股,1.9%,899662.68,13.06%
2020-10-27,,Cash,,,,,64.58,,,,,,,,0
2020-10-28,基金,豆粕ETF华夏(159985.XSHE),多,100000股,100000股,1.13,113000,6959.4,1.06,-,0,-500,0股,6.56%,897964.28,12.58%
2020-10-28,基金,10年地债(511270.XSHG),多,4300股,4300股,104.049,447410.7,-331.1,104.126,-,0,223.6,0股,-0.07%,897964.28,49.82%
2020-10-28,基金,纳指ETF(513100.XSHG),多,13700股,13700股,4.364,59786.8,-3370.2,4.61,-,0,-520.6,0股,-5.34%,897964.28,6.66%
2020-10-28,基金,黄金ETF(518880.XSHG),多,22300股,22300股,3.974,88620.2,-1644.6,4.048,-,0,44.6,0股,-1.82%,897964.28,9.87%
2020-10-28,股票,长江电力(600900.XSHG),多,3800股,3800股,19.13,72694,-4332,20.27,-,0,152,0股,-5.62%,897964.28,8.1%
2020-10-28,股票,农业银行(601288.XSHG),多,36600股,36600股,3.18,116388,1098,3.15,-,0,-1098,0股,0.95%,897964.28,12.96%
2020-10-28,,Cash,,,,,64.58,,,,,,,,0
2020-10-29,基金,豆粕ETF华夏(159985.XSHE),多,100000股,100000股,1.119,111900,5859.4,1.06,-,0,-1100,0股,5.53%,893358.38,12.53%
2020-10-29,基金,10年地债(511270.XSHG),多,4300股,4300股,104.138,447793.4,51.6,104.126,-,0,382.7,0股,0.01%,893358.38,50.12%
2020-10-29,基金,纳指ETF(513100.XSHG),多,13700股,13700股,4.312,59074.4,-4082.6,4.61,-,0,-712.4,0股,-6.46%,893358.38,6.61%
2020-10-29,基金,黄金ETF(518880.XSHG),多,22300股,22300股,3.92,87416,-2848.8,4.048,-,0,-1204.2,0股,-3.16%,893358.38,9.79%
2020-10-29,股票,长江电力(600900.XSHG),多,3800股,3800股,18.9,71820,-5206,20.27,-,0,-874,0股,-6.76%,893358.38,8.04%
2020-10-29,股票,农业银行(601288.XSHG),多,36600股,36600股,3.15,115290,0,3.15,-,0,-1098,0股,0%,893358.38,12.91%
2020-10-29,,Cash,,,,,64.58,,,,,,,,0
2020-10-30,基金,豆粕ETF华夏(159985.XSHE),多,100000股,100000股,1.117,111700,5659.4,1.06,-,0,-200,0股,5.34%,892214.08,12.52%
2020-10-30,基金,10年地债(511270.XSHG),多,4300股,4300股,104.179,447969.7,227.9,104.126,-,0,176.3,0股,0.05%,892214.08,50.21%
2020-10-30,基金,纳指ETF(513100.XSHG),多,13700股,13700股,4.251,58238.7,-4918.3,4.61,-,0,-835.7,0股,-7.79%,892214.08,6.53%
2020-10-30,基金,黄金ETF(518880.XSHG),多,22300股,22300股,3.897,86903.1,-3361.7,4.048,-,0,-512.9,0股,-3.72%,892214.08,9.74%
2020-10-30,股票,长江电力(600900.XSHG),多,3800股,3800股,18.96,72048,-4978,20.27,-,0,228,0股,-6.46%,892214.08,8.08%
2020-10-30,股票,农业银行(601288.XSHG),多,36600股,36600股,3.15,115290,0,3.15,-,0,0,0股,0%,892214.08,12.92%
2020-10-30,,Cash,,,,,64.58,,,,,,,,0
2020-11-02,基金,豆粕ETF华夏(159985.XSHE),多,100000股,100000股,1.107,110700,4659.4,1.06,-,0,-1000,0股,4.39%,896426.68,12.35%
2020-11-02,基金,10年地债(511270.XSHG),多,4300股,4300股,104.31,448533,791.2,104.126,-,0,563.3,0股,0.18%,896426.68,50.04%
2020-11-02,基金,纳指ETF(513100.XSHG),多,13700股,13700股,4.253,58266.1,-4890.9,4.61,-,0,27.4,0股,-7.74%,896426.68,6.5%
2020-11-02,基金,黄金ETF(518880.XSHG),多,22300股,22300股,3.93,87639,-2625.8,4.048,-,0,735.9,0股,-2.91%,896426.68,9.78%
2020-11-02,股票,长江电力(600900.XSHG),多,3800股,3800股,19.79,75202,-1824,20.27,-,0,3154,0股,-2.37%,896426.68,8.39%
2020-11-02,股票,农业银行(601288.XSHG),多,36600股,36600股,3.17,116022,732,3.15,-,0,732,0股,0.63%,896426.68,12.94%
2020-11-02,,Cash,,,,,64.58,,,,,,,,0
2020-11-03,基金,豆粕ETF华夏(159985.XSHE),多,100000股,100000股,1.113,111300,5259.4,1.06,-,0,600,0股,4.96%,900975.38,12.35%
2020-11-03,基金,10年地债(511270.XSHG),多,4300股,4300股,104.327,448606.1,864.3,104.126,-,0,73.1,0股,0.19%,900975.38,49.79%
2020-11-03,基金,纳指ETF(513100.XSHG),多,13700股,13700股,4.42,60554,-2603,4.61,-,0,2287.9,0股,-4.12%,900975.38,6.72%
2020-11-03,基金,黄金ETF(518880.XSHG),多,22300股,22300股,3.949,88062.7,-2202.1,4.048,-,0,423.7,0股,-2.44%,900975.38,9.77%
2020-11-03,股票,长江电力(600900.XSHG),多,3800股,3800股,20,76000,-1026,20.27,-,0,798,0股,-1.33%,900975.38,8.44%
2020-11-03,股票,农业银行(601288.XSHG),多,36600股,36600股,3.18,116388,1098,3.15,-,0,366,0股,0.95%,900975.38,12.92%
2020-11-03,,Cash,,,,,64.58,,,,,,,,0
2020-11-04,基金,豆粕ETF华夏(159985.XSHE),多,100000股,100000股,1.122,112200,6159.4,1.06,-,0,900,0股,5.81%,904627.58,12.4%
2020-11-04,基金,10年地债(511270.XSHG),多,4300股,4300股,104.318,448567.4,825.6,104.126,-,0,-38.7,0股,0.18%,904627.58,49.59%
2020-11-04,基金,纳指ETF(513100.XSHG),多,13700股,13700股,4.635,63499.5,342.5,4.61,-,0,2945.5,0股,0.54%,904627.58,7.02%
2020-11-04,基金,黄金ETF(518880.XSHG),多,22300股,22300股,3.967,88464.1,-1800.7,4.048,-,0,401.4,0股,-1.99%,904627.58,9.78%
2020-11-04,股票,长江电力(600900.XSHG),多,3800股,3800股,19.95,75810,-1216,20.27,-,0,-190,0股,-1.58%,904627.58,8.38%
2020-11-04,股票,农业银行(601288.XSHG),多,36600股,36600股,3.17,116022,732,3.15,-,0,-366,0股,0.63%,904627.58,12.83%
2020-11-04,,Cash,,,,,64.58,,,,,,,,0
2020-11-05,基金,豆粕ETF华夏(159985.XSHE),多,100000股,100000股,1.145,114500,8459.4,1.06,-,0,2300,0股,7.98%,908897.08,12.6%
2020-11-05,基金,10年地债(511270.XSHG),多,4300股,4300股,104.3,448490,748.2,104.126,-,0,-77.4,0股,0.17%,908897.08,49.34%
2020-11-05,基金,纳指ETF(513100.XSHG),多,13700股,13700股,4.65,63705,548,4.61,-,0,205.5,0股,0.87%,908897.08,7.01%
2020-11-05,基金,黄金ETF(518880.XSHG),多,22300股,22300股,3.965,88419.5,-1845.3,4.048,-,0,-44.6,0股,-2.04%,908897.08,9.73%
2020-11-05,股票,长江电力(600900.XSHG),多,3800股,3800股,20.35,77330,304,20.27,-,0,1520,0股,0.39%,908897.08,8.51%
2020-11-05,股票,农业银行(601288.XSHG),多,36600股,36600股,3.18,116388,1098,3.15,-,0,366,0股,0.95%,908897.08,12.81%
2020-11-05,,Cash,,,,,64.58,,,,,,,,0
2020-11-06,基金,豆粕ETF华夏(159985.XSHE),多,100000股,100000股,1.145,114500,8459.4,1.06,-,0,0,0股,7.98%,908753.88,12.6%
2020-11-06,基金,10年地债(511270.XSHG),多,4300股,4300股,104.433,449061.9,1320.1,104.126,-,0,571.9,0股,0.29%,908753.88,49.42%
2020-11-06,基金,纳指ETF(513100.XSHG),多,13700股,13700股,4.483,61417.1,-1739.9,4.61,-,0,-2287.9,0股,-2.75%,908753.88,6.76%
2020-11-06,基金,黄金ETF(518880.XSHG),多,22300股,22300股,4.001,89222.3,-1042.5,4.048,-,0,802.8,0股,-1.15%,908753.88,9.82%
2020-11-06,股票,长江电力(600900.XSHG),多,3800股,3800股,20.36,77368,342,20.27,-,0,38,0股,0.44%,908753.88,8.51%
2020-11-06,股票,农业银行(601288.XSHG),多,36600股,36600股,3.2,117120,1830,3.15,-,0,732,0股,1.59%,908753.88,12.89%
2020-11-06,,Cash,,,,,64.58,,,,,,,,0
2020-11-09,基金,豆粕ETF华夏(159985.XSHE),多,112900股,112900股,1.133,127915.7,7246.5,1.069,-,0,-1212.9,12900股,6.01%,909560.58,14.06%
2020-11-09,基金,10年地债(511270.XSHG),多,3900股,3900股,104.509,407585.1,1493.7,104.126,-,0,296.4,0股,0.37%,909560.58,44.81%
2020-11-09,基金,纳指ETF(513100.XSHG),多,14600股,14600股,4.602,67189.2,-59.2,4.606,-,0,1680.7,900股,-0.09%,909560.58,7.39%
2020-11-09,基金,黄金ETF(518880.XSHG),多,24300股,24300股,3.99,96957,-1327.8,4.045,-,0,-285.3,2000股,-1.35%,909560.58,10.66%
2020-11-09,股票,长江电力(600900.XSHG),多,3800股,3800股,20.36,77368,342,20.27,-,0,0,0股,0.44%,909560.58,8.51%
2020-11-09,股票,农业银行(601288.XSHG),多,41200股,36600股,3.21,132252,2196,3.157,-,0,366,4600股,1.69%,909560.58,14.54%
2020-11-09,,Cash,,,,,293.58,,,,,,,,0
2020-11-10,基金,豆粕ETF华夏(159985.XSHE),多,112900股,112900股,1.137,128367.3,7698.1,1.069,-,0,451.6,0股,6.38%,905048.98,14.18%
2020-11-10,基金,10年地债(511270.XSHG),多,3900股,3900股,104.5,407550,1458.6,104.126,-,0,-35.1,0股,0.36%,905048.98,45.03%
2020-11-10,基金,纳指ETF(513100.XSHG),多,14600股,14600股,4.469,65247.4,-2001,4.606,-,0,-1941.8,0股,-2.98%,905048.98,7.21%
2020-11-10,基金,黄金ETF(518880.XSHG),多,24300股,24300股,3.889,94502.7,-3782.1,4.045,-,0,-2454.3,0股,-3.85%,905048.98,10.44%
2020-11-10,股票,长江电力(600900.XSHG),多,3800股,3800股,20.22,76836,-190,20.27,-,0,-532,0股,-0.25%,905048.98,8.49%
2020-11-10,股票,农业银行(601288.XSHG),多,41200股,41200股,3.21,132252,2196,3.157,-,0,0,0股,1.69%,905048.98,14.61%
2020-11-10,,Cash,,,,,293.58,,,,,,,,0
2020-11-11,基金,豆粕ETF华夏(159985.XSHE),多,112900股,112900股,1.173,132431.7,11762.5,1.069,-,0,4064.4,0股,9.75%,910572.48,14.54%
2020-11-11,基金,10年地债(511270.XSHG),多,3900股,3900股,104.633,408068.7,1977.3,104.126,-,0,518.7,0股,0.49%,910572.48,44.81%
2020-11-11,基金,纳指ETF(513100.XSHG),多,14600股,14600股,4.407,64342.2,-2906.2,4.606,-,0,-905.2,0股,-4.32%,910572.48,7.07%
2020-11-11,基金,黄金ETF(518880.XSHG),多,24300股,24300股,3.881,94308.3,-3976.5,4.045,-,0,-194.4,0股,-4.05%,910572.48,10.36%
2020-11-11,股票,长江电力(600900.XSHG),多,3800股,3800股,20.54,78052,1026,20.27,-,0,1216,0股,1.33%,910572.48,8.57%
2020-11-11,股票,农业银行(601288.XSHG),多,41200股,41200股,3.23,133076,3020,3.157,-,0,824,0股,2.32%,910572.48,14.61%
2020-11-11,,Cash,,,,,293.58,,,,,,,,0
2020-11-12,基金,豆粕ETF华夏(159985.XSHE),多,112900股,112900股,1.162,131189.8,10520.6,1.069,-,0,-1241.9,0股,8.72%,909186.28,14.43%
2020-11-12,基金,10年地债(511270.XSHG),多,3900股,3900股,104.744,408501.6,2410.2,104.126,-,0,432.9,0股,0.59%,909186.28,44.93%
2020-11-12,基金,纳指ETF(513100.XSHG),多,14600股,14600股,4.419,64517.4,-2731,4.606,-,0,175.2,0股,-4.06%,909186.28,7.1%
2020-11-12,基金,黄金ETF(518880.XSHG),多,24300股,24300股,3.873,94113.9,-4170.9,4.045,-,0,-194.4,0股,-4.24%,909186.28,10.35%
2020-11-12,股票,长江电力(600900.XSHG),多,3800股,3800股,20.61,78318,1292,20.27,-,0,266,0股,1.68%,909186.28,8.61%
2020-11-12,股票,农业银行(601288.XSHG),多,41200股,41200股,3.21,132252,2196,3.157,-,0,-824,0股,1.69%,909186.28,14.55%
2020-11-12,,Cash,,,,,293.58,,,,,,,,0
2020-11-13,基金,豆粕ETF华夏(159985.XSHE),多,112900股,112900股,1.153,130173.7,9504.5,1.069,-,0,-1016.1,0股,7.88%,905694.18,14.37%
2020-11-13,基金,10年地债(511270.XSHG),多,3900股,3900股,104.691,408294.9,2203.5,104.126,-,0,-206.7,0股,0.54%,905694.18,45.08%
2020-11-13,基金,纳指ETF(513100.XSHG),多,14600股,14600股,4.385,64021,-3227.4,4.606,-,0,-496.4,0股,-4.8%,905694.18,7.07%
2020-11-13,基金,黄金ETF(518880.XSHG),多,24300股,24300股,3.89,94527,-3757.8,4.045,-,0,413.1,0股,-3.82%,905694.18,10.44%
2020-11-13,股票,长江电力(600900.XSHG),多,3800股,3800股,20.36,77368,342,20.27,-,0,-950,0股,0.44%,905694.18,8.54%
2020-11-13,股票,农业银行(601288.XSHG),多,41200股,41200股,3.18,131016,960,3.157,-,0,-1236,0股,0.74%,905694.18,14.47%
2020-11-13,,Cash,,,,,293.58,,,,,,,,0
2020-11-16,基金,豆粕ETF华夏(159985.XSHE),多,112900股,112900股,1.149,129722.1,9052.9,1.069,-,0,-451.6,0股,7.5%,902044.88,14.38%
2020-11-16,基金,10年地债(511270.XSHG),多,3900股,3900股,104.092,405958.8,-132.6,104.126,-,0,-2336.1,0股,-0.03%,902044.88,45%
2020-11-16,基金,纳指ETF(513100.XSHG),多,14600股,14600股,4.4,64240,-3008.4,4.606,-,0,219,0股,-4.47%,902044.88,7.12%
2020-11-16,基金,黄金ETF(518880.XSHG),多,24300股,24300股,3.888,94478.4,-3806.4,4.045,-,0,-48.6,0股,-3.87%,902044.88,10.47%
2020-11-16,股票,长江电力(600900.XSHG),多,3800股,3800股,19.98,75924,-1102,20.27,-,0,-1444,0股,-1.43%,902044.88,8.42%
2020-11-16,股票,农业银行(601288.XSHG),多,41200股,41200股,3.19,131428,1372,3.157,-,0,412,0股,1.05%,902044.88,14.57%
2020-11-16,,Cash,,,,,293.58,,,,,,,,0
2020-11-17,基金,豆粕ETF华夏(159985.XSHE),多,112900股,112900股,1.158,130738.2,10069,1.069,-,0,1016.1,0股,8.34%,900529.48,14.52%
2020-11-17,基金,10年地债(511270.XSHG),多,3900股,3900股,104.19,406341,249.6,104.126,-,0,382.2,0股,0.06%,900529.48,45.12%
2020-11-17,基金,纳指ETF(513100.XSHG),多,14600股,14600股,4.324,63130.4,-4118,4.606,-,0,-1109.6,0股,-6.12%,900529.48,7.01%
2020-11-17,基金,黄金ETF(518880.XSHG),多,24300股,24300股,3.881,94308.3,-3976.5,4.045,-,0,-170.1,0股,-4.05%,900529.48,10.47%
2020-11-17,股票,长江电力(600900.XSHG),多,3800股,3800股,19.55,74290,-2736,20.27,-,0,-1634,0股,-3.55%,900529.48,8.25%
2020-11-17,股票,农业银行(601288.XSHG),多,41200股,41200股,3.19,131428,1372,3.157,-,0,0,0股,1.05%,900529.48,14.59%
2020-11-17,,Cash,,,,,293.58,,,,,,,,0
2020-11-18,基金,豆粕ETF华夏(159985.XSHE),多,112900股,112900股,1.158,130738.2,10069,1.069,-,0,0,0股,8.34%,900873.18,14.51%
2020-11-18,基金,10年地债(511270.XSHG),多,3900股,3900股,104.158,406216.2,124.8,104.126,-,0,-124.8,0股,0.03%,900873.18,45.09%
2020-11-18,基金,纳指ETF(513100.XSHG),多,14600股,14600股,4.284,62546.4,-4702,4.606,-,0,-584,0股,-6.99%,900873.18,6.94%
2020-11-18,基金,黄金ETF(518880.XSHG),多,24300股,24300股,3.856,93700.8,-4584,4.045,-,0,-607.5,0股,-4.66%,900873.18,10.4%
2020-11-18,股票,长江电力(600900.XSHG),多,3800股,3800股,19.77,75126,-1900,20.27,-,0,836,0股,-2.47%,900873.18,8.34%
2020-11-18,股票,农业银行(601288.XSHG),多,41200股,41200股,3.21,132252,2196,3.157,-,0,824,0股,1.69%,900873.18,14.68%
2020-11-18,,Cash,,,,,293.58,,,,,,,,0
2020-11-19,基金,豆粕ETF华夏(159985.XSHE),多,112900股,112900股,1.162,131189.8,10520.6,1.069,-,0,451.6,0股,8.72%,901773.88,14.55%
2020-11-19,基金,10年地债(511270.XSHG),多,3900股,3900股,104.142,406153.8,62.4,104.126,-,0,-62.4,0股,0.02%,901773.88,45.04%
2020-11-19,基金,纳指ETF(513100.XSHG),多,14600股,14600股,4.276,62429.6,-4818.8,4.606,-,0,-116.8,0股,-7.17%,901773.88,6.92%
2020-11-19,基金,黄金ETF(518880.XSHG),多,24300股,24300股,3.837,93239.1,-5045.7,4.045,-,0,-461.7,0股,-5.13%,901773.88,10.34%
2020-11-19,股票,长江电力(600900.XSHG),多,3800股,3800股,19.84,75392,-1634,20.27,-,0,266,0股,-2.12%,901773.88,8.36%
2020-11-19,股票,农业银行(601288.XSHG),多,41200股,41200股,3.23,133076,3020,3.157,-,0,824,0股,2.32%,901773.88,14.76%
2020-11-19,,Cash,,,,,293.58,,,,,,,,0
2020-11-20,基金,豆粕ETF华夏(159985.XSHE),多,112900股,112900股,1.177,132883.3,12214.1,1.069,-,0,1693.5,0股,10.12%,901742.78,14.74%
2020-11-20,基金,10年地债(511270.XSHG),多,3900股,3900股,103.9,405210,-881.4,104.126,-,0,-943.8,0股,-0.22%,901742.78,44.94%
2020-11-20,基金,纳指ETF(513100.XSHG),多,14600股,14600股,4.305,62853,-4395.4,4.606,-,0,423.4,0股,-6.54%,901742.78,6.97%
2020-11-20,基金,黄金ETF(518880.XSHG),多,24300股,24300股,3.843,93384.9,-4899.9,4.045,-,0,145.8,0股,-4.99%,901742.78,10.36%
2020-11-20,股票,长江电力(600900.XSHG),多,3800股,3800股,19.81,75278,-1748,20.27,-,0,-114,0股,-2.27%,901742.78,8.35%
2020-11-20,股票,农业银行(601288.XSHG),多,41200股,41200股,3.2,131840,1784,3.157,-,0,-1236,0股,1.37%,901742.78,14.62%
2020-11-20,,Cash,,,,,293.58,,,,,,,,0
2020-11-23,基金,豆粕ETF华夏(159985.XSHE),多,112900股,112900股,1.192,134576.8,13907.6,1.069,-,0,1693.5,0股,11.53%,905510.38,14.86%
2020-11-23,基金,10年地债(511270.XSHG),多,3900股,3900股,103.999,405596.1,-495.3,104.126,-,0,386.1,0股,-0.12%,905510.38,44.79%
2020-11-23,基金,纳指ETF(513100.XSHG),多,14600股,14600股,4.271,62356.6,-4891.8,4.606,-,0,-496.4,0股,-7.27%,905510.38,6.89%
2020-11-23,基金,黄金ETF(518880.XSHG),多,24300股,24300股,3.851,93579.3,-4705.5,4.045,-,0,194.4,0股,-4.79%,905510.38,10.33%
2020-11-23,股票,长江电力(600900.XSHG),多,3800股,3800股,19.9,75620,-1406,20.27,-,0,342,0股,-1.83%,905510.38,8.35%
2020-11-23,股票,农业银行(601288.XSHG),多,41200股,41200股,3.24,133488,3432,3.157,-,0,1648,0股,2.64%,905510.38,14.74%
2020-11-23,,Cash,,,,,293.58,,,,,,,,0
2020-11-24,基金,豆粕ETF华夏(159985.XSHE),多,112900股,112900股,1.186,133899.4,13230.2,1.069,-,0,-677.4,0股,10.96%,904269.48,14.81%
2020-11-24,基金,10年地债(511270.XSHG),多,3900股,3900股,103.706,404453.4,2262,103.126,-,0,2757.3,0股,0.56%,904269.48,44.73%
2020-11-24,基金,纳指ETF(513100.XSHG),多,14600股,14600股,4.281,62502.6,-4745.8,4.606,-,0,146,0股,-7.06%,904269.48,6.91%
2020-11-24,基金,黄金ETF(518880.XSHG),多,24300股,24300股,3.755,91246.5,-7038.3,4.045,-,0,-2332.8,0股,-7.16%,904269.48,10.09%
2020-11-24,股票,长江电力(600900.XSHG),多,3800股,3800股,19.71,74898,-2128,20.27,-,0,-722,0股,-2.76%,904269.48,8.28%
2020-11-24,股票,农业银行(601288.XSHG),多,41200股,41200股,3.23,133076,3020,3.157,-,0,-412,0股,2.32%,904269.48,14.72%
2020-11-24,,Cash,,,,,4193.58,,,,,,,,0
2020-11-25,基金,豆粕ETF华夏(159985.XSHE),多,112900股,112900股,1.181,133334.9,12665.7,1.069,-,0,-564.5,0股,10.5%,899630.88,14.82%
2020-11-25,基金,10年地债(511270.XSHG),多,3900股,3900股,103.15,402285,93.6,103.126,-,0,-2168.4,0股,0.02%,899630.88,44.72%
2020-11-25,基金,纳指ETF(513100.XSHG),多,14600股,14600股,4.312,62955.2,-4293.2,4.606,-,0,452.6,0股,-6.38%,899630.88,7%
2020-11-25,基金,黄金ETF(518880.XSHG),多,24300股,24300股,3.714,90250.2,-8034.6,4.045,-,0,-996.3,0股,-8.17%,899630.88,10.03%
2020-11-25,股票,长江电力(600900.XSHG),多,3800股,3800股,19.46,73948,-3078,20.27,-,0,-950,0股,-4%,899630.88,8.22%
2020-11-25,股票,农业银行(601288.XSHG),多,41200股,41200股,3.22,132664,2608,3.157,-,0,-412,0股,2.01%,899630.88,14.75%
2020-11-25,,Cash,,,,,4193.58,,,,,,,,0
2020-11-26,基金,豆粕ETF华夏(159985.XSHE),多,112900股,112900股,1.18,133222,12552.8,1.069,-,0,-112.9,0股,10.4%,903493.98,14.75%
2020-11-26,基金,10年地债(511270.XSHG),多,3900股,3900股,103.24,402636,444.6,103.126,-,0,351,0股,0.11%,903493.98,44.56%
2020-11-26,基金,纳指ETF(513100.XSHG),多,14600股,14600股,4.325,63145,-4103.4,4.606,-,0,189.8,0股,-6.1%,903493.98,6.99%
2020-11-26,基金,黄金ETF(518880.XSHG),多,24300股,24300股,3.718,90347.4,-7937.4,4.045,-,0,97.2,0股,-8.08%,903493.98,10%
2020-11-26,股票,长江电力(600900.XSHG),多,3800股,3800股,20.23,76874,-152,20.27,-,0,2926,0股,-0.2%,903493.98,8.51%
2020-11-26,股票,农业银行(601288.XSHG),多,41200股,41200股,3.23,133076,3020,3.157,-,0,412,0股,2.32%,903493.98,14.73%
2020-11-26,,Cash,,,,,4193.58,,,,,,,,0
2020-11-27,基金,豆粕ETF华夏(159985.XSHE),多,112900股,112900股,1.175,132657.5,11988.3,1.069,-,0,-564.5,0股,9.93%,906702.78,14.63%
2020-11-27,基金,10年地债(511270.XSHG),多,3900股,3900股,103.215,402538.5,347.1,103.126,-,0,-97.5,0股,0.09%,906702.78,44.4%
2020-11-27,基金,纳指ETF(513100.XSHG),多,14600股,14600股,4.312,62955.2,-4293.2,4.606,-,0,-189.8,0股,-6.38%,906702.78,6.94%
2020-11-27,基金,黄金ETF(518880.XSHG),多,24300股,24300股,3.72,90396,-7888.8,4.045,-,0,48.6,0股,-8.03%,906702.78,9.97%
2020-11-27,股票,长江电力(600900.XSHG),多,3800股,3800股,20.31,77178,152,20.27,-,0,304,0股,0.2%,906702.78,8.51%
2020-11-27,股票,农业银行(601288.XSHG),多,41200股,41200股,3.32,136784,6728,3.157,-,0,3708,0股,5.17%,906702.78,15.09%
2020-11-27,,Cash,,,,,4193.58,,,,,,,,0
2020-11-30,基金,豆粕ETF华夏(159985.XSHE),多,112900股,112900股,1.181,133334.9,12665.7,1.069,-,0,677.4,0股,10.5%,903202.08,14.76%
2020-11-30,基金,10年地债(511270.XSHG),多,3900股,3900股,103.21,402519,327.6,103.126,-,0,-19.5,0股,0.08%,903202.08,44.57%
2020-11-30,基金,纳指ETF(513100.XSHG),多,14600股,14600股,4.317,63028.2,-4220.2,4.606,-,0,73,0股,-6.28%,903202.08,6.98%
2020-11-30,基金,黄金ETF(518880.XSHG),多,24300股,24300股,3.628,88160.4,-10124.4,4.045,-,0,-2235.6,0股,-10.3%,903202.08,9.76%
2020-11-30,股票,长江电力(600900.XSHG),多,3800股,3800股,20.11,76418,-608,20.27,-,0,-760,0股,-0.79%,903202.08,8.46%
2020-11-30,股票,农业银行(601288.XSHG),多,41200股,41200股,3.29,135548,5492,3.157,-,0,-1236,0股,4.22%,903202.08,15.01%
2020-11-30,,Cash,,,,,4193.58,,,,,,,,0
2020-12-01,基金,豆粕ETF华夏(159985.XSHE),多,112900股,112900股,1.158,130738.2,10069,1.069,-,0,-2596.7,0股,8.34%,905438.78,14.44%
2020-12-01,基金,10年地债(511270.XSHG),多,3900股,3900股,103.193,402452.7,261.3,103.126,-,0,-66.3,0股,0.06%,905438.78,44.45%
2020-12-01,基金,纳指ETF(513100.XSHG),多,14600股,14600股,4.364,63714.4,-3534,4.606,-,0,686.2,0股,-5.26%,905438.78,7.04%
2020-12-01,基金,黄金ETF(518880.XSHG),多,24300股,24300股,3.653,88767.9,-9516.9,4.045,-,0,607.5,0股,-9.68%,905438.78,9.8%
2020-12-01,股票,长江电力(600900.XSHG),多,3800股,3800股,20.3,77140,114,20.27,-,0,722,0股,0.15%,905438.78,8.52%
2020-12-01,股票,农业银行(601288.XSHG),多,41200股,41200股,3.36,138432,8376,3.157,-,0,2884,0股,6.44%,905438.78,15.29%
2020-12-01,,Cash,,,,,4193.58,,,,,,,,0
2020-12-02,基金,豆粕ETF华夏(159985.XSHE),多,112900股,112900股,1.14,128706,8036.8,1.069,-,0,-2032.2,0股,6.66%,905287.98,14.22%
2020-12-02,基金,10年地债(511270.XSHG),多,3900股,3900股,103.641,404199.9,2008.5,103.126,-,0,1747.2,0股,0.5%,905287.98,44.65%
2020-12-02,基金,纳指ETF(513100.XSHG),多,14600股,14600股,4.394,64152.4,-3096,4.606,-,0,438,0股,-4.6%,905287.98,7.09%
2020-12-02,基金,黄金ETF(518880.XSHG),多,24300股,24300股,3.707,90080.1,-8204.7,4.045,-,0,1312.2,0股,-8.35%,905287.98,9.95%
2020-12-02,股票,长江电力(600900.XSHG),多,3800股,3800股,20.2,76760,-266,20.27,-,0,-380,0股,-0.35%,905287.98,8.48%
2020-12-02,股票,农业银行(601288.XSHG),多,41200股,41200股,3.33,137196,7140,3.157,-,0,-1236,0股,5.49%,905287.98,15.15%
2020-12-02,,Cash,,,,,4193.58,,,,,,,,0
2020-12-03,基金,豆粕ETF华夏(159985.XSHE),多,112900股,112900股,1.134,128028.6,7359.4,1.069,-,0,-677.4,0股,6.1%,903327.68,14.17%
2020-12-03,基金,10年地债(511270.XSHG),多,3900股,3900股,103.315,402928.5,737.1,103.126,-,0,-1271.4,0股,0.18%,903327.68,44.6%
2020-12-03,基金,纳指ETF(513100.XSHG),多,14600股,14600股,4.371,63816.6,-3431.8,4.606,-,0,-335.8,0股,-5.1%,903327.68,7.06%
2020-12-03,基金,黄金ETF(518880.XSHG),多,24300股,24300股,3.748,91076.4,-7208.4,4.045,-,0,996.3,0股,-7.33%,903327.68,10.08%
2020-12-03,股票,长江电力(600900.XSHG),多,3800股,3800股,20.24,76912,-114,20.27,-,0,152,0股,-0.15%,903327.68,8.51%
2020-12-03,股票,农业银行(601288.XSHG),多,41200股,41200股,3.31,136372,6316,3.157,-,0,-824,0股,4.86%,903327.68,15.1%
2020-12-03,,Cash,,,,,4193.58,,,,,,,,0
2020-12-04,基金,豆粕ETF华夏(159985.XSHE),多,112900股,112900股,1.142,128931.8,8262.6,1.069,-,0,903.2,0股,6.85%,902520.88,14.29%
2020-12-04,基金,10年地债(511270.XSHG),多,3900股,3900股,103.461,403497.9,1306.5,103.126,-,0,569.4,0股,0.32%,902520.88,44.71%
2020-12-04,基金,纳指ETF(513100.XSHG),多,14600股,14600股,4.349,63495.4,-3753,4.606,-,0,-321.2,0股,-5.58%,902520.88,7.04%
2020-12-04,基金,黄金ETF(518880.XSHG),多,24300股,24300股,3.754,91222.2,-7062.6,4.045,-,0,145.8,0股,-7.19%,902520.88,10.11%
2020-12-04,股票,长江电力(600900.XSHG),多,3800股,3800股,20.12,76456,-570,20.27,-,0,-456,0股,-0.74%,902520.88,8.47%
2020-12-04,股票,农业银行(601288.XSHG),多,41200股,41200股,3.27,134724,4668,3.157,-,0,-1648,0股,3.59%,902520.88,14.93%
2020-12-04,,Cash,,,,,4193.58,,,,,,,,0
2020-12-07,基金,豆粕ETF华夏(159985.XSHE),多,112900股,112900股,1.138,128480.2,7811,1.069,-,0,-451.6,0股,6.47%,899210.68,14.29%
2020-12-07,基金,10年地债(511270.XSHG),多,3900股,3900股,103.6,404040,1848.6,103.126,-,0,542.1,0股,0.46%,899210.68,44.93%
2020-12-07,基金,纳指ETF(513100.XSHG),多,14600股,14600股,4.299,62765.4,-4483,4.606,-,0,-730,0股,-6.67%,899210.68,6.98%
2020-12-07,基金,黄金ETF(518880.XSHG),多,24300股,24300股,3.745,91003.5,-7281.3,4.045,-,0,-218.7,0股,-7.41%,899210.68,10.12%
2020-12-07,股票,长江电力(600900.XSHG),多,3800股,3800股,19.8,75240,-1786,20.27,-,0,-1216,0股,-2.32%,899210.68,8.37%
2020-12-07,股票,农业银行(601288.XSHG),多,41200股,41200股,3.24,133488,3432,3.157,-,0,-1236,0股,2.64%,899210.68,14.85%
2020-12-07,,Cash,,,,,4193.58,,,,,,,,0
2020-12-08,基金,豆粕ETF华夏(159985.XSHE),多,108600股,108600股,1.13,122718,6644.7,1.069,-,0,-868.8,0股,5.72%,900209.28,13.63%
2020-12-08,基金,10年地债(511270.XSHG),多,3800股,3800股,103.966,395070.8,3192,103.126,-,0,1390.8,0股,0.81%,900209.28,43.89%
2020-12-08,基金,纳指ETF(513100.XSHG),多,16100股,16100股,4.293,69117.3,-4569.1,4.577,-,0,-86.1,1500股,-6.2%,900209.28,7.68%
2020-12-08,基金,黄金ETF(518880.XSHG),多,24600股,24600股,3.8,93480,-5943.6,4.042,-,0,1337.7,300股,-5.98%,900209.28,10.38%
2020-12-08,股票,长江电力(600900.XSHG),多,4200股,3800股,19.83,83286,-1680,20.23,-,0,106,400股,-1.98%,900209.28,9.25%
2020-12-08,股票,农业银行(601288.XSHG),多,42400股,41200股,3.22,136528,2584,3.159,-,0,-848,1200股,1.93%,900209.28,15.17%
2020-12-08,,Cash,,,,,9.18,,,,,,,,0
2020-12-09,基金,豆粕ETF华夏(159985.XSHE),多,108600股,108600股,1.131,122826.6,6753.3,1.069,-,0,108.6,0股,5.82%,899545.78,13.65%
2020-12-09,基金,10年地债(511270.XSHG),多,3800股,3800股,103.519,393372.2,1493.4,103.126,-,0,-1698.6,0股,0.38%,899545.78,43.73%
2020-12-09,基金,纳指ETF(513100.XSHG),多,16100股,16100股,4.29,69069,-4617.4,4.577,-,0,-48.3,0股,-6.27%,899545.78,7.68%
2020-12-09,基金,黄金ETF(518880.XSHG),多,24600股,24600股,3.778,92938.8,-6484.8,4.042,-,0,-541.2,0股,-6.52%,899545.78,10.33%
2020-12-09,股票,长江电力(600900.XSHG),多,4200股,4200股,20.09,84378,-588,20.23,-,0,1092,0股,-0.69%,899545.78,9.38%
2020-12-09,股票,农业银行(601288.XSHG),多,42400股,42400股,3.23,136952,3008,3.159,-,0,424,0股,2.25%,899545.78,15.22%
2020-12-09,,Cash,,,,,9.18,,,,,,,,0
2020-12-10,基金,豆粕ETF华夏(159985.XSHE),多,108600股,108600股,1.15,124890,8816.7,1.069,-,0,2063.4,0股,7.6%,897937.18,13.91%
2020-12-10,基金,10年地债(511270.XSHG),多,3800股,3800股,103.25,392350,471.2,103.126,-,0,-1022.2,0股,0.12%,897937.18,43.69%
2020-12-10,基金,纳指ETF(513100.XSHG),多,16100股,16100股,4.22,67942,-5744.4,4.577,-,0,-1127,0股,-7.8%,897937.18,7.57%
2020-12-10,基金,黄金ETF(518880.XSHG),多,24600股,24600股,3.74,92004,-7419.6,4.042,-,0,-934.8,0股,-7.46%,897937.18,10.25%
2020-12-10,股票,长江电力(600900.XSHG),多,4200股,4200股,19.95,83790,-1176,20.23,-,0,-588,0股,-1.38%,897937.18,9.33%
2020-12-10,股票,农业银行(601288.XSHG),多,42400股,42400股,3.23,136952,3008,3.159,-,0,0,0股,2.25%,897937.18,15.25%
2020-12-10,,Cash,,,,,9.18,,,,,,,,0
2020-12-11,基金,豆粕ETF华夏(159985.XSHE),多,108600股,108600股,1.131,122826.6,6753.3,1.069,-,0,-2063.4,0股,5.82%,895688.28,13.71%
2020-12-11,基金,10年地债(511270.XSHG),多,3800股,3800股,103.308,392570.4,691.6,103.126,-,0,220.4,0股,0.18%,895688.28,43.83%
2020-12-11,基金,纳指ETF(513100.XSHG),多,16100股,16100股,4.207,67732.7,-5953.7,4.577,-,0,-209.3,0股,-8.08%,895688.28,7.56%
2020-12-11,基金,黄金ETF(518880.XSHG),多,24600股,24600股,3.739,91979.4,-7444.2,4.042,-,0,-24.6,0股,-7.49%,895688.28,10.27%
2020-12-11,股票,长江电力(600900.XSHG),多,4200股,4200股,20.01,84042,-924,20.23,-,0,252,0股,-1.09%,895688.28,9.38%
2020-12-11,股票,农业银行(601288.XSHG),多,42400股,42400股,3.22,136528,2584,3.159,-,0,-424,0股,1.93%,895688.28,15.24%
2020-12-11,,Cash,,,,,9.18,,,,,,,,0
2020-12-14,基金,豆粕ETF华夏(159985.XSHE),多,108600股,108600股,1.137,123478.2,7404.9,1.069,-,0,651.6,0股,6.38%,894966.18,13.8%
2020-12-14,基金,10年地债(511270.XSHG),多,3800股,3800股,103.218,392228.4,349.6,103.126,-,0,-342,0股,0.09%,894966.18,43.83%
2020-12-14,基金,纳指ETF(513100.XSHG),多,16100股,16100股,4.204,67684.4,-6002,4.577,-,0,-48.3,0股,-8.15%,894966.18,7.56%
2020-12-14,基金,黄金ETF(518880.XSHG),多,24600股,24600股,3.74,92004,-7419.6,4.042,-,0,24.6,0股,-7.46%,894966.18,10.28%
2020-12-14,股票,长江电力(600900.XSHG),多,4200股,4200股,19.77,83034,-1932,20.23,-,0,-1008,0股,-2.27%,894966.18,9.28%
2020-12-14,股票,农业银行(601288.XSHG),多,42400股,42400股,3.22,136528,2584,3.159,-,0,0,0股,1.93%,894966.18,15.26%
2020-12-14,,Cash,,,,,9.18,,,,,,,,0
2020-12-15,基金,豆粕ETF华夏(159985.XSHE),多,108600股,108600股,1.134,123152.4,7079.1,1.069,-,0,-325.8,0股,6.1%,894551.58,13.77%
2020-12-15,基金,10年地债(511270.XSHG),多,3800股,3800股,103.573,393577.4,1698.6,103.126,-,0,1349,0股,0.43%,894551.58,44%
2020-12-15,基金,纳指ETF(513100.XSHG),多,16100股,16100股,4.212,67813.2,-5873.2,4.577,-,0,128.8,0股,-7.97%,894551.58,7.58%
2020-12-15,基金,黄金ETF(518880.XSHG),多,24600股,24600股,3.769,92717.4,-6706.2,4.042,-,0,713.4,0股,-6.75%,894551.58,10.36%
2020-12-15,股票,长江电力(600900.XSHG),多,4200股,4200股,19.53,82026,-2940,20.23,-,0,-1008,0股,-3.46%,894551.58,9.17%
2020-12-15,股票,农业银行(601288.XSHG),多,42400股,42400股,3.19,135256,1312,3.159,-,0,-1272,0股,0.98%,894551.58,15.12%
2020-12-15,,Cash,,,,,9.18,,,,,,,,0
2020-12-16,基金,豆粕ETF华夏(159985.XSHE),多,108600股,108600股,1.149,124781.4,8708.1,1.069,-,0,1629,0股,7.5%,899742.48,13.87%
2020-12-16,基金,10年地债(511270.XSHG),多,3800股,3800股,103.92,394896,3017.2,103.126,-,0,1318.6,0股,0.77%,899742.48,43.89%
2020-12-16,基金,纳指ETF(513100.XSHG),多,16100股,16100股,4.281,68924.1,-4762.3,4.577,-,0,1110.9,0股,-6.46%,899742.48,7.66%
2020-12-16,基金,黄金ETF(518880.XSHG),多,24600股,24600股,3.793,93307.8,-6115.8,4.042,-,0,590.4,0股,-6.15%,899742.48,10.37%
2020-12-16,股票,长江电力(600900.XSHG),多,4200股,4200股,19.76,82992,-1974,20.23,-,0,966,0股,-2.32%,899742.48,9.22%
2020-12-16,股票,农业银行(601288.XSHG),多,42400股,42400股,3.18,134832,888,3.159,-,0,-424,0股,0.66%,899742.48,14.99%
2020-12-16,,Cash,,,,,9.18,,,,,,,,0
2020-12-17,基金,豆粕ETF华夏(159985.XSHE),多,108600股,108600股,1.149,124781.4,8708.1,1.069,-,0,0,0股,7.5%,901558.08,13.84%
2020-12-17,基金,10年地债(511270.XSHG),多,3800股,3800股,104.2,395960,4081.2,103.126,-,0,1064,0股,1.04%,901558.08,43.92%
2020-12-17,基金,纳指ETF(513100.XSHG),多,16100股,16100股,4.283,68956.3,-4730.1,4.577,-,0,32.2,0股,-6.42%,901558.08,7.65%
2020-12-17,基金,黄金ETF(518880.XSHG),多,24600股,24600股,3.812,93775.2,-5648.4,4.042,-,0,467.4,0股,-5.68%,901558.08,10.4%
2020-12-17,股票,长江电力(600900.XSHG),多,4200股,4200股,19.82,83244,-1722,20.23,-,0,252,0股,-2.03%,901558.08,9.23%
2020-12-17,股票,农业银行(601288.XSHG),多,42400股,42400股,3.18,134832,888,3.159,-,0,0,0股,0.66%,901558.08,14.96%
2020-12-17,,Cash,,,,,9.18,,,,,,,,0
2020-12-18,基金,豆粕ETF华夏(159985.XSHE),多,108600股,108600股,1.165,126519,10445.7,1.069,-,0,1737.6,0股,9%,903349.28,14.01%
2020-12-18,基金,10年地债(511270.XSHG),多,3800股,3800股,104.15,395770,3891.2,103.126,-,0,-190,0股,0.99%,903349.28,43.81%
2020-12-18,基金,纳指ETF(513100.XSHG),多,16100股,16100股,4.303,69278.3,-4408.1,4.577,-,0,322,0股,-5.98%,903349.28,7.67%
2020-12-18,基金,黄金ETF(518880.XSHG),多,24600股,24600股,3.838,94414.8,-5008.8,4.042,-,0,639.6,0股,-5.04%,903349.28,10.45%
2020-12-18,股票,长江电力(600900.XSHG),多,4200股,4200股,19.75,82950,-2016,20.23,-,0,-294,0股,-2.37%,903349.28,9.18%
2020-12-18,股票,农业银行(601288.XSHG),多,42400股,42400股,3.17,134408,464,3.159,-,0,-424,0股,0.35%,903349.28,14.88%
2020-12-18,,Cash,,,,,9.18,,,,,,,,0
2020-12-21,基金,豆粕ETF华夏(159985.XSHE),多,108600股,108600股,1.201,130428.6,14355.3,1.069,-,0,3909.6,0股,12.37%,908560.48,14.36%
2020-12-21,基金,10年地债(511270.XSHG),多,3800股,3800股,104.254,396165.2,4286.4,103.126,-,0,395.2,0股,1.09%,908560.48,43.6%
2020-12-21,基金,纳指ETF(513100.XSHG),多,16100股,16100股,4.341,69890.1,-3796.3,4.577,-,0,611.8,0股,-5.15%,908560.48,7.69%
2020-12-21,基金,黄金ETF(518880.XSHG),多,24600股,24600股,3.879,95423.4,-4000.2,4.042,-,0,1008.6,0股,-4.02%,908560.48,10.5%
2020-12-21,股票,长江电力(600900.XSHG),多,4200股,4200股,19.58,82236,-2730,20.23,-,0,-714,0股,-3.21%,908560.48,9.05%
2020-12-21,股票,农业银行(601288.XSHG),多,42400股,42400股,3.17,134408,464,3.159,-,0,0,0股,0.35%,908560.48,14.79%
2020-12-21,,Cash,,,,,9.18,,,,,,,,0
2020-12-22,基金,豆粕ETF华夏(159985.XSHE),多,108600股,108600股,1.211,131514.6,15441.3,1.069,-,0,1086,0股,13.3%,906112.68,14.51%
2020-12-22,基金,10年地债(511270.XSHG),多,3800股,3800股,104.55,397290,5411.2,103.126,-,0,1124.8,0股,1.38%,906112.68,43.85%
2020-12-22,基金,纳指ETF(513100.XSHG),多,16100股,16100股,4.299,69213.9,-4472.5,4.577,-,0,-676.2,0股,-6.07%,906112.68,7.64%
2020-12-22,基金,黄金ETF(518880.XSHG),多,24600股,24600股,3.825,94095,-5328.6,4.042,-,0,-1328.4,0股,-5.36%,906112.68,10.38%
2020-12-22,股票,长江电力(600900.XSHG),多,4200股,4200股,19.15,80430,-4536,20.23,-,0,-1806,0股,-5.34%,906112.68,8.88%
2020-12-22,股票,农业银行(601288.XSHG),多,42400股,42400股,3.15,133560,-384,3.159,-,0,-848,0股,-0.29%,906112.68,14.74%
2020-12-22,,Cash,,,,,9.18,,,,,,,,0
2020-12-23,基金,豆粕ETF华夏(159985.XSHE),多,108600股,108600股,1.213,131731.8,15658.5,1.069,-,0,217.2,0股,13.49%,904431.28,14.57%
2020-12-23,基金,10年地债(511270.XSHG),多,3800股,3800股,104.25,396150,4271.2,103.126,-,0,-1140,0股,1.09%,904431.28,43.8%
2020-12-23,基金,纳指ETF(513100.XSHG),多,16100股,16100股,4.315,69471.5,-4214.9,4.577,-,0,257.6,0股,-5.72%,904431.28,7.68%
2020-12-23,基金,黄金ETF(518880.XSHG),多,24600股,24600股,3.818,93922.8,-5500.8,4.042,-,0,-172.2,0股,-5.53%,904431.28,10.38%
2020-12-23,股票,长江电力(600900.XSHG),多,4200股,4200股,19.05,80010,-4956,20.23,-,0,-420,0股,-5.83%,904431.28,8.85%
2020-12-23,股票,农业银行(601288.XSHG),多,42400股,42400股,3.14,133136,-808,3.159,-,0,-424,0股,-0.6%,904431.28,14.72%
2020-12-23,,Cash,,,,,9.18,,,,,,,,0
2020-12-24,基金,豆粕ETF华夏(159985.XSHE),多,108600股,108600股,1.205,130863,14789.7,1.069,-,0,-868.8,0股,12.74%,905657.18,14.45%
2020-12-24,基金,10年地债(511270.XSHG),多,3800股,3800股,104.86,398468,6589.2,103.126,-,0,2318,0股,1.68%,905657.18,44%
2020-12-24,基金,纳指ETF(513100.XSHG),多,16100股,16100股,4.298,69197.8,-4488.6,4.577,-,0,-273.7,0股,-6.09%,905657.18,7.64%
2020-12-24,基金,黄金ETF(518880.XSHG),多,24600股,24600股,3.832,94267.2,-5156.4,4.042,-,0,344.4,0股,-5.19%,905657.18,10.41%
2020-12-24,股票,长江电力(600900.XSHG),多,4200股,4200股,18.98,79716,-5250,20.23,-,0,-294,0股,-6.18%,905657.18,8.8%
2020-12-24,股票,农业银行(601288.XSHG),多,42400股,42400股,3.14,133136,-808,3.159,-,0,0,0股,-0.6%,905657.18,14.7%
2020-12-24,,Cash,,,,,9.18,,,,,,,,0
2020-12-25,基金,豆粕ETF华夏(159985.XSHE),多,108600股,108600股,1.206,130971.6,14898.3,1.069,-,0,108.6,0股,12.84%,909910.68,14.39%
2020-12-25,基金,10年地债(511270.XSHG),多,3800股,3800股,105.23,399874,7995.2,103.126,-,0,1406,0股,2.04%,909910.68,43.95%
2020-12-25,基金,纳指ETF(513100.XSHG),多,16100股,16100股,4.321,69568.1,-4118.3,4.577,-,0,370.3,0股,-5.59%,909910.68,7.65%
2020-12-25,基金,黄金ETF(518880.XSHG),多,24600股,24600股,3.853,94783.8,-4639.8,4.042,-,0,516.6,0股,-4.67%,909910.68,10.42%
2020-12-25,股票,长江电力(600900.XSHG),多,4200股,4200股,19.32,81144,-3822,20.23,-,0,1428,0股,-4.5%,909910.68,8.92%
2020-12-25,股票,农业银行(601288.XSHG),多,42400股,42400股,3.15,133560,-384,3.159,-,0,424,0股,-0.29%,909910.68,14.68%
2020-12-25,,Cash,,,,,9.18,,,,,,,,0
2020-12-28,基金,豆粕ETF华夏(159985.XSHE),多,108600股,108600股,1.205,130863,14789.7,1.069,-,0,-108.6,0股,12.74%,909181.58,14.39%
2020-12-28,基金,10年地债(511270.XSHG),多,3800股,3800股,105.25,399950,8071.2,103.126,-,0,76,0股,2.06%,909181.58,43.99%
2020-12-28,基金,纳指ETF(513100.XSHG),多,16100股,16100股,4.346,69970.6,-3715.8,4.577,-,0,402.5,0股,-5.04%,909181.58,7.7%
2020-12-28,基金,黄金ETF(518880.XSHG),多,24600股,24600股,3.858,94906.8,-4516.8,4.042,-,0,123,0股,-4.54%,909181.58,10.44%
2020-12-28,股票,长江电力(600900.XSHG),多,4200股,4200股,19.13,80346,-4620,20.23,-,0,-798,0股,-5.44%,909181.58,8.84%
2020-12-28,股票,农业银行(601288.XSHG),多,42400股,42400股,3.14,133136,-808,3.159,-,0,-424,0股,-0.6%,909181.58,14.64%
2020-12-28,,Cash,,,,,9.18,,,,,,,,0
2020-12-29,基金,豆粕ETF华夏(159985.XSHE),多,108600股,108600股,1.196,129885.6,13812.3,1.069,-,0,-977.4,0股,11.9%,907843.28,14.31%
2020-12-29,基金,10年地债(511270.XSHG),多,3800股,3800股,105.3,400140,8261.2,103.126,-,0,190,0股,2.11%,907843.28,44.08%
2020-12-29,基金,纳指ETF(513100.XSHG),多,16100股,16100股,4.383,70566.3,-3120.1,4.577,-,0,595.7,0股,-4.23%,907843.28,7.77%
2020-12-29,基金,黄金ETF(518880.XSHG),多,24600股,24600股,3.837,94390.2,-5033.4,4.042,-,0,-516.6,0股,-5.06%,907843.28,10.4%
2020-12-29,股票,长江电力(600900.XSHG),多,4200股,4200股,18.98,79716,-5250,20.23,-,0,-630,0股,-6.18%,907843.28,8.78%
2020-12-29,股票,农业银行(601288.XSHG),多,42400股,42400股,3.14,133136,-808,3.159,-,0,0,0股,-0.6%,907843.28,14.67%
2020-12-29,,Cash,,,,,9.18,,,,,,,,0
2020-12-30,基金,豆粕ETF华夏(159985.XSHE),多,108600股,108600股,1.229,133469.4,17396.1,1.069,-,0,3583.8,0股,14.99%,911043.58,14.65%
2020-12-30,基金,10年地债(511270.XSHG),多,3800股,3800股,105.292,400109.6,8230.8,103.126,-,0,-30.4,0股,2.1%,911043.58,43.92%
2020-12-30,基金,纳指ETF(513100.XSHG),多,16100股,16100股,4.382,70550.2,-3136.2,4.577,-,0,-16.1,0股,-4.26%,911043.58,7.74%
2020-12-30,基金,黄金ETF(518880.XSHG),多,24600股,24600股,3.832,94267.2,-5156.4,4.042,-,0,-123,0股,-5.19%,911043.58,10.35%
2020-12-30,股票,长江电力(600900.XSHG),多,4200股,4200股,19.03,79926,-5040,20.23,-,0,210,0股,-5.93%,911043.58,8.77%
2020-12-30,股票,农业银行(601288.XSHG),多,42400股,42400股,3.13,132712,-1232,3.159,-,0,-424,0股,-0.92%,911043.58,14.57%
2020-12-30,,Cash,,,,,9.18,,,,,,,,0
2020-12-31,基金,豆粕ETF华夏(159985.XSHE),多,108600股,108600股,1.271,138030.6,21957.3,1.069,-,0,4561.2,0股,18.92%,916593.28,15.06%
2020-12-31,基金,10年地债(511270.XSHG),多,3800股,3800股,105.21,399798,7919.2,103.126,-,0,-311.6,0股,2.02%,916593.28,43.62%
2020-12-31,基金,纳指ETF(513100.XSHG),多,16100股,16100股,4.375,70437.5,-3248.9,4.577,-,0,-112.7,0股,-4.41%,916593.28,7.68%
2020-12-31,基金,黄金ETF(518880.XSHG),多,24600股,24600股,3.85,94710,-4713.6,4.042,-,0,442.8,0股,-4.74%,916593.28,10.33%
2020-12-31,股票,长江电力(600900.XSHG),多,4200股,4200股,19.16,80472,-4494,20.23,-,0,546,0股,-5.29%,916593.28,8.78%
2020-12-31,股票,农业银行(601288.XSHG),多,42400股,42400股,3.14,133136,-808,3.159,-,0,424,0股,-0.6%,916593.28,14.53%
2020-12-31,,Cash,,,,,9.18,,,,,,,,0
2021-01-04,基金,豆粕ETF华夏(159985.XSHE),多,108600股,108600股,1.277,138682.2,22608.9,1.069,-,0,651.6,0股,19.48%,916217.88,15.14%
2021-01-04,基金,10年地债(511270.XSHG),多,3800股,3800股,105.18,399684,7805.2,103.126,-,0,-114,0股,1.99%,916217.88,43.62%
2021-01-04,基金,纳指ETF(513100.XSHG),多,16100股,16100股,4.333,69761.3,-3925.1,4.577,-,0,-676.2,0股,-5.33%,916217.88,7.61%
2021-01-04,基金,黄金ETF(518880.XSHG),多,24600股,24600股,3.902,95989.2,-3434.4,4.042,-,0,1279.2,0股,-3.45%,916217.88,10.48%
2021-01-04,股票,长江电力(600900.XSHG),多,4200股,4200股,18.9,79380,-5586,20.23,-,0,-1092,0股,-6.57%,916217.88,8.66%
2021-01-04,股票,农业银行(601288.XSHG),多,42400股,42400股,3.13,132712,-1232,3.159,-,0,-424,0股,-0.92%,916217.88,14.48%
2021-01-04,,Cash,,,,,9.18,,,,,,,,0
2021-01-05,基金,豆粕ETF华夏(159985.XSHE),多,108600股,108600股,1.279,138899.4,22826.1,1.069,-,0,217.2,0股,19.67%,915666.48,15.17%
2021-01-05,基金,10年地债(511270.XSHG),多,3800股,3800股,105.118,399448.4,7569.6,103.126,-,0,-235.6,0股,1.93%,915666.48,43.62%
2021-01-05,基金,纳指ETF(513100.XSHG),多,16100股,16100股,4.275,68827.5,-4858.9,4.577,-,0,-933.8,0股,-6.59%,915666.48,7.52%
2021-01-05,基金,黄金ETF(518880.XSHG),多,24600股,24600股,3.92,96432,-2991.6,4.042,-,0,442.8,0股,-3.01%,915666.48,10.53%
2021-01-05,股票,长江电力(600900.XSHG),多,4200股,4200股,18.89,79338,-5628,20.23,-,0,-42,0股,-6.62%,915666.48,8.66%
2021-01-05,股票,农业银行(601288.XSHG),多,42400股,42400股,3.13,132712,-1232,3.159,-,0,0,0股,-0.92%,915666.48,14.49%
2021-01-05,,Cash,,,,,9.18,,,,,,,,0
2021-01-06,基金,豆粕ETF华夏(159985.XSHE),多,108600股,108600股,1.29,140094,24020.7,1.069,-,0,1194.6,0股,20.69%,918473.78,15.25%
2021-01-06,基金,10年地债(511270.XSHG),多,3800股,3800股,105.198,399752.4,7873.6,103.126,-,0,304,0股,2.01%,918473.78,43.52%
2021-01-06,基金,纳指ETF(513100.XSHG),多,16100股,16100股,4.256,68521.6,-5164.8,4.577,-,0,-305.9,0股,-7.01%,918473.78,7.46%
2021-01-06,基金,黄金ETF(518880.XSHG),多,24600股,24600股,3.931,96702.6,-2721,4.042,-,0,270.6,0股,-2.74%,918473.78,10.53%
2021-01-06,股票,长江电力(600900.XSHG),多,4200股,4200股,19.21,80682,-4284,20.23,-,0,1344,0股,-5.04%,918473.78,8.78%
2021-01-06,股票,农业银行(601288.XSHG),多,42400股,42400股,3.13,132712,-1232,3.159,-,0,0,0股,-0.92%,918473.78,14.45%
2021-01-06,,Cash,,,,,9.18,,,,,,,,0
2021-01-07,基金,豆粕ETF华夏(159985.XSHE),多,108600股,108600股,1.286,139659.6,23586.3,1.069,-,0,-434.4,0股,20.32%,917713.88,15.22%
2021-01-07,基金,10年地债(511270.XSHG),多,3800股,3800股,105.215,399817,7938.2,103.126,-,0,64.6,0股,2.03%,917713.88,43.57%
2021-01-07,基金,纳指ETF(513100.XSHG),多,16100股,16100股,4.243,68312.3,-5374.1,4.577,-,0,-209.3,0股,-7.29%,917713.88,7.44%
2021-01-07,基金,黄金ETF(518880.XSHG),多,24600股,24600股,3.903,96013.8,-3409.8,4.042,-,0,-688.8,0股,-3.43%,917713.88,10.46%
2021-01-07,股票,长江电力(600900.XSHG),多,4200股,4200股,19.23,80766,-4200,20.23,-,0,84,0股,-4.94%,917713.88,8.8%
2021-01-07,股票,农业银行(601288.XSHG),多,42400股,42400股,3.14,133136,-808,3.159,-,0,424,0股,-0.6%,917713.88,14.51%
2021-01-07,,Cash,,,,,9.18,,,,,,,,0
2021-01-08,基金,豆粕ETF华夏(159985.XSHE),多,108600股,108600股,1.291,140202.6,24129.3,1.069,-,0,543,0股,20.79%,916841.38,15.29%
2021-01-08,基金,10年地债(511270.XSHG),多,3800股,3800股,104.565,397347,5468.2,103.126,-,0,-2470,0股,1.4%,916841.38,43.34%
2021-01-08,基金,纳指ETF(513100.XSHG),多,16100股,16100股,4.318,69519.8,-4166.6,4.577,-,0,1207.5,0股,-5.65%,916841.38,7.58%
2021-01-08,基金,黄金ETF(518880.XSHG),多,24600股,24600股,3.878,95398.8,-4024.8,4.042,-,0,-615,0股,-4.05%,916841.38,10.41%
2021-01-08,股票,长江电力(600900.XSHG),多,4200股,4200股,19.34,81228,-3738,20.23,-,0,462,0股,-4.4%,916841.38,8.86%
2021-01-08,股票,农业银行(601288.XSHG),多,42400股,42400股,3.14,133136,-808,3.159,-,0,0,0股,-0.6%,916841.38,14.52%
2021-01-08,,Cash,,,,,9.18,,,,,,,,0
2021-01-11,基金,豆粕ETF华夏(159985.XSHE),多,82000股,82000股,1.322,108404,20761.18,1.069,-,0,2542,0股,23.69%,915374.83,11.84%
2021-01-11,基金,10年地债(511270.XSHG),多,3600股,3600股,104.081,374691.6,3438,103.126,-,0,-1742.4,0股,0.93%,915374.83,40.93%
2021-01-11,基金,纳指ETF(513100.XSHG),多,15200股,15200股,4.331,65831.2,-3736.08,4.577,-,0,197.6,0股,-5.37%,915374.83,7.19%
2021-01-11,基金,黄金ETF(518880.XSHG),多,23400股,23400股,3.777,88381.8,-6191.87,4.042,-,0,-2363.4,0股,-6.55%,915374.83,9.66%
2021-01-11,股票,长江电力(600900.XSHG),多,4400股,4200股,19.1,84040,-4784,20.187,-,0,-1046,200股,-5.39%,915374.83,9.18%
2021-01-11,股票,农业银行(601288.XSHG),多,61600股,42400股,3.15,194040,-384,3.156,-,0,424,19200股,-0.2%,915374.83,21.2%
2021-01-11,,Cash,,,,,-13.77,,,,,,,,0
2021-01-12,基金,豆粕ETF华夏(159985.XSHE),多,82000股,82000股,1.326,108732,21089.18,1.069,-,0,328,0股,24.06%,915840.43,11.87%
2021-01-12,基金,10年地债(511270.XSHG),多,3600股,3600股,103.999,374396.4,3142.8,103.126,-,0,-295.2,0股,0.85%,915840.43,40.88%
2021-01-12,基金,纳指ETF(513100.XSHG),多,15200股,15200股,4.299,65344.8,-4222.48,4.577,-,0,-486.4,0股,-6.07%,915840.43,7.13%
2021-01-12,基金,黄金ETF(518880.XSHG),多,23400股,23400股,3.805,89037,-5536.67,4.042,-,0,655.2,0股,-5.85%,915840.43,9.72%
2021-01-12,股票,长江电力(600900.XSHG),多,4400股,4400股,19.16,84304,-4520,20.187,-,0,264,0股,-5.09%,915840.43,9.21%
2021-01-12,股票,农业银行(601288.XSHG),多,61600股,61600股,3.15,194040,-384,3.156,-,0,0,0股,-0.2%,915840.43,21.19%
2021-01-12,,Cash,,,,,-13.77,,,,,,,,0
2021-01-13,基金,豆粕ETF华夏(159985.XSHE),多,82000股,82000股,1.385,113570,25927.18,1.069,-,0,4838,0股,29.58%,924141.23,12.29%
2021-01-13,基金,10年地债(511270.XSHG),多,3600股,3600股,104.6,376560,5306.4,103.126,-,0,2163.6,0股,1.43%,924141.23,40.75%
2021-01-13,基金,纳指ETF(513100.XSHG),多,15200股,15200股,4.281,65071.2,-4496.08,4.577,-,0,-273.6,0股,-6.46%,924141.23,7.04%
2021-01-13,基金,黄金ETF(518880.XSHG),多,23400股,23400股,3.797,88849.8,-5723.87,4.042,-,0,-187.2,0股,-6.05%,924141.23,9.61%
2021-01-13,股票,长江电力(600900.XSHG),多,4400股,4400股,19.42,85448,-3376,20.187,-,0,1144,0股,-3.8%,924141.23,9.25%
2021-01-13,股票,农业银行(601288.XSHG),多,61600股,61600股,3.16,194656,232,3.156,-,0,616,0股,0.12%,924141.23,21.06%
2021-01-13,,Cash,,,,,-13.77,,,,,,,,0
2021-01-14,基金,豆粕ETF华夏(159985.XSHE),多,82000股,82000股,1.37,112340,24697.18,1.069,-,0,-1230,0股,28.18%,922705.83,12.18%
2021-01-14,基金,10年地债(511270.XSHG),多,3600股,3600股,104.589,376520.4,5266.8,103.126,-,0,-39.6,0股,1.42%,922705.83,40.81%
2021-01-14,基金,纳指ETF(513100.XSHG),多,15200股,15200股,4.297,65314.4,-4252.88,4.577,-,0,243.2,0股,-6.11%,922705.83,7.08%
2021-01-14,基金,黄金ETF(518880.XSHG),多,23400股,23400股,3.772,88264.8,-6308.87,4.042,-,0,-585,0股,-6.67%,922705.83,9.57%
2021-01-14,股票,长江电力(600900.XSHG),多,4400股,4400股,19.18,84392,-4432,20.187,-,0,-1056,0股,-4.99%,922705.83,9.15%
2021-01-14,股票,农业银行(601288.XSHG),多,61600股,61600股,3.18,195888,1464,3.156,-,0,1232,0股,0.75%,922705.83,21.23%
2021-01-14,,Cash,,,,,-13.77,,,,,,,,0
2021-01-15,基金,豆粕ETF华夏(159985.XSHE),多,82000股,82000股,1.364,111848,24205.18,1.069,-,0,-492,0股,27.62%,923296.43,12.11%
2021-01-15,基金,10年地债(511270.XSHG),多,3600股,3600股,104.561,376419.6,5166,103.126,-,0,-100.8,0股,1.39%,923296.43,40.77%
2021-01-15,基金,纳指ETF(513100.XSHG),多,15200股,15200股,4.268,64873.6,-4693.68,4.577,-,0,-440.8,0股,-6.75%,923296.43,7.03%
2021-01-15,基金,黄金ETF(518880.XSHG),多,23400股,23400股,3.785,88569,-6004.67,4.042,-,0,304.2,0股,-6.35%,923296.43,9.59%
2021-01-15,股票,长江电力(600900.XSHG),多,4400股,4400股,19.2,84480,-4344,20.187,-,0,88,0股,-4.89%,923296.43,9.15%
2021-01-15,股票,农业银行(601288.XSHG),多,61600股,61600股,3.2,197120,2696,3.156,-,0,1232,0股,1.39%,923296.43,21.35%
2021-01-15,,Cash,,,,,-13.77,,,,,,,,0
2021-01-18,基金,豆粕ETF华夏(159985.XSHE),多,82000股,82000股,1.34,109880,22237.18,1.069,-,0,-1968,0股,25.37%,919860.83,11.95%
2021-01-18,基金,10年地债(511270.XSHG),多,3600股,3600股,104.613,376606.8,5353.2,103.126,-,0,187.2,0股,1.44%,919860.83,40.94%
2021-01-18,基金,纳指ETF(513100.XSHG),多,15200股,15200股,4.244,64508.8,-5058.48,4.577,-,0,-364.8,0股,-7.27%,919860.83,7.01%
2021-01-18,基金,黄金ETF(518880.XSHG),多,23400股,23400股,3.775,88335,-6238.67,4.042,-,0,-234,0股,-6.6%,919860.83,9.6%
2021-01-18,股票,长江电力(600900.XSHG),多,4400股,4400股,19.1,84040,-4784,20.187,-,0,-440,0股,-5.39%,919860.83,9.14%
2021-01-18,股票,农业银行(601288.XSHG),多,61600股,61600股,3.19,196504,2080,3.156,-,0,-616,0股,1.07%,919860.83,21.36%
2021-01-18,,Cash,,,,,-13.77,,,,,,,,0
2021-01-19,基金,豆粕ETF华夏(159985.XSHE),多,82000股,82000股,1.337,109634,21991.18,1.069,-,0,-246,0股,25.09%,922420.03,11.89%
2021-01-19,基金,10年地债(511270.XSHG),多,3600股,3600股,104.63,376668,5414.4,103.126,-,0,61.2,0股,1.46%,922420.03,40.83%
2021-01-19,基金,纳指ETF(513100.XSHG),多,15200股,15200股,4.291,65223.2,-4344.08,4.577,-,0,714.4,0股,-6.24%,922420.03,7.07%
2021-01-19,基金,黄金ETF(518880.XSHG),多,23400股,23400股,3.779,88428.6,-6145.07,4.042,-,0,93.6,0股,-6.5%,922420.03,9.59%
2021-01-19,股票,长江电力(600900.XSHG),多,4400股,4400股,19.4,85360,-3464,20.187,-,0,1320,0股,-3.9%,922420.03,9.25%
2021-01-19,股票,农业银行(601288.XSHG),多,61600股,61600股,3.2,197120,2696,3.156,-,0,616,0股,1.39%,922420.03,21.37%
2021-01-19,,Cash,,,,,-13.77,,,,,,,,0
2021-01-20,基金,豆粕ETF华夏(159985.XSHE),多,82000股,82000股,1.296,106272,18629.18,1.069,-,0,-3362,0股,21.26%,917673.63,11.58%
2021-01-20,基金,10年地债(511270.XSHG),多,3600股,3600股,104.75,377100,5846.4,103.126,-,0,432,0股,1.57%,917673.63,41.09%
2021-01-20,基金,纳指ETF(513100.XSHG),多,15200股,15200股,4.324,65724.8,-3842.48,4.577,-,0,501.6,0股,-5.52%,917673.63,7.16%
2021-01-20,基金,黄金ETF(518880.XSHG),多,23400股,23400股,3.789,88662.6,-5911.07,4.042,-,0,234,0股,-6.25%,917673.63,9.66%
2021-01-20,股票,长江电力(600900.XSHG),多,4400股,4400股,19.1,84040,-4784,20.187,-,0,-1320,0股,-5.39%,917673.63,9.16%
2021-01-20,股票,农业银行(601288.XSHG),多,61600股,61600股,3.18,195888,1464,3.156,-,0,-1232,0股,0.75%,917673.63,21.35%
2021-01-20,,Cash,,,,,-13.77,,,,,,,,0
2021-01-21,基金,豆粕ETF华夏(159985.XSHE),多,82000股,82000股,1.306,107092,19449.18,1.069,-,0,820,0股,22.19%,920722.43,11.63%
2021-01-21,基金,10年地债(511270.XSHG),多,3600股,3600股,103.972,374299.2,6645.6,102.126,-,0,799.2,0股,1.81%,920722.43,40.65%
2021-01-21,基金,纳指ETF(513100.XSHG),多,15200股,15200股,4.435,67412,-2155.28,4.577,-,0,1687.2,0股,-3.1%,920722.43,7.32%
2021-01-21,基金,黄金ETF(518880.XSHG),多,23400股,23400股,3.825,89505,-5068.67,4.042,-,0,842.4,0股,-5.36%,920722.43,9.72%
2021-01-21,股票,长江电力(600900.XSHG),多,4400股,4400股,19.13,84172,-4652,20.187,-,0,132,0股,-5.24%,920722.43,9.14%
2021-01-21,股票,农业银行(601288.XSHG),多,61600股,61600股,3.16,194656,232,3.156,-,0,-1232,0股,0.12%,920722.43,21.14%
2021-01-21,,Cash,,,,,3586.23,,,,,,,,0
2021-01-22,基金,豆粕ETF华夏(159985.XSHE),多,82000股,82000股,1.274,104468,16825.18,1.069,-,0,-2624,0股,19.2%,914717.03,11.42%
2021-01-22,基金,10年地债(511270.XSHG),多,3600股,3600股,103.78,373608,5954.4,102.126,-,0,-691.2,0股,1.62%,914717.03,40.84%
2021-01-22,基金,纳指ETF(513100.XSHG),多,15200股,15200股,4.432,67366.4,-2200.88,4.577,-,0,-45.6,0股,-3.16%,914717.03,7.36%
2021-01-22,基金,黄金ETF(518880.XSHG),多,23400股,23400股,3.806,89060.4,-5513.27,4.042,-,0,-444.6,0股,-5.83%,914717.03,9.74%
2021-01-22,股票,长江电力(600900.XSHG),多,4400股,4400股,18.91,83204,-5620,20.187,-,0,-968,0股,-6.33%,914717.03,9.1%
2021-01-22,股票,农业银行(601288.XSHG),多,61600股,61600股,3.14,193424,-1000,3.156,-,0,-1232,0股,-0.51%,914717.03,21.15%
2021-01-22,,Cash,,,,,3586.23,,,,,,,,0
2021-01-25,基金,豆粕ETF华夏(159985.XSHE),多,82000股,82000股,1.253,102746,15103.18,1.069,-,0,-1722,0股,17.23%,913126.23,11.25%
2021-01-25,基金,10年地债(511270.XSHG),多,3600股,3600股,103.781,373611.6,5958,102.126,-,0,3.6,0股,1.62%,913126.23,40.92%
2021-01-25,基金,纳指ETF(513100.XSHG),多,15200股,15200股,4.471,67959.2,-1608.08,4.577,-,0,592.8,0股,-2.31%,913126.23,7.44%
2021-01-25,基金,黄金ETF(518880.XSHG),多,23400股,23400股,3.788,88639.2,-5934.47,4.042,-,0,-421.2,0股,-6.27%,913126.23,9.71%
2021-01-25,股票,长江电力(600900.XSHG),多,4400股,4400股,18.9,83160,-5664,20.187,-,0,-44,0股,-6.38%,913126.23,9.11%
2021-01-25,股票,农业银行(601288.XSHG),多,61600股,61600股,3.14,193424,-1000,3.156,-,0,0,0股,-0.51%,913126.23,21.18%
2021-01-25,,Cash,,,,,3586.23,,,,,,,,0
2021-01-26,基金,豆粕ETF华夏(159985.XSHE),多,82000股,82000股,1.257,103074,15431.18,1.069,-,0,328,0股,17.61%,911604.43,11.31%
2021-01-26,基金,10年地债(511270.XSHG),多,3600股,3600股,103.375,372150,4496.4,102.126,-,0,-1461.6,0股,1.22%,911604.43,40.82%
2021-01-26,基金,纳指ETF(513100.XSHG),多,15200股,15200股,4.443,67533.6,-2033.68,4.577,-,0,-425.6,0股,-2.92%,911604.43,7.41%
2021-01-26,基金,黄金ETF(518880.XSHG),多,23400股,23400股,3.799,88896.6,-5677.07,4.042,-,0,257.4,0股,-6%,911604.43,9.75%
2021-01-26,股票,长江电力(600900.XSHG),多,4400股,4400股,18.99,83556,-5268,20.187,-,0,396,0股,-5.93%,911604.43,9.17%
2021-01-26,股票,农业银行(601288.XSHG),多,61600股,61600股,3.13,192808,-1616,3.156,-,0,-616,0股,-0.83%,911604.43,21.15%
2021-01-26,,Cash,,,,,3586.23,,,,,,,,0
2021-01-27,基金,豆粕ETF华夏(159985.XSHE),多,82000股,82000股,1.291,105862,18219.18,1.069,-,0,2788,0股,20.79%,916108.03,11.56%
2021-01-27,基金,10年地债(511270.XSHG),多,3600股,3600股,103.136,371289.6,3636,102.126,-,0,-860.4,0股,0.99%,916108.03,40.53%
2021-01-27,基金,纳指ETF(513100.XSHG),多,15200股,15200股,4.513,68597.6,-969.68,4.577,-,0,1064,0股,-1.39%,916108.03,7.49%
2021-01-27,基金,黄金ETF(518880.XSHG),多,23400股,23400股,3.779,88428.6,-6145.07,4.042,-,0,-468,0股,-6.5%,916108.03,9.65%
2021-01-27,股票,长江电力(600900.XSHG),多,4400股,4400股,19.16,84304,-4520,20.187,-,0,748,0股,-5.09%,916108.03,9.2%
2021-01-27,股票,农业银行(601288.XSHG),多,61600股,61600股,3.15,194040,-384,3.156,-,0,1232,0股,-0.2%,916108.03,21.18%
2021-01-27,,Cash,,,,,3586.23,,,,,,,,0
2021-01-28,基金,豆粕ETF华夏(159985.XSHE),多,82000股,82000股,1.275,104550,16907.18,1.069,-,0,-1312,0股,19.29%,914798.03,11.43%
2021-01-28,基金,10年地债(511270.XSHG),多,3600股,3600股,103.158,371368.8,3715.2,102.126,-,0,79.2,0股,1.01%,914798.03,40.6%
2021-01-28,基金,纳指ETF(513100.XSHG),多,15200股,15200股,4.333,65861.6,-3705.68,4.577,-,0,-2736,0股,-5.33%,914798.03,7.2%
2021-01-28,基金,黄金ETF(518880.XSHG),多,23400股,23400股,3.761,88007.4,-6566.27,4.042,-,0,-421.2,0股,-6.94%,914798.03,9.62%
2021-01-28,股票,长江电力(600900.XSHG),多,4400股,4400股,20,88000,-824,20.187,-,0,3696,0股,-0.93%,914798.03,9.62%
2021-01-28,股票,农业银行(601288.XSHG),多,61600股,61600股,3.14,193424,-1000,3.156,-,0,-616,0股,-0.51%,914798.03,21.14%
2021-01-28,,Cash,,,,,3586.23,,,,,,,,0
2021-01-29,基金,豆粕ETF华夏(159985.XSHE),多,82000股,82000股,1.276,104632,16989.18,1.069,-,0,82,0股,19.38%,913800.63,11.45%
2021-01-29,基金,10年地债(511270.XSHG),多,3600股,3600股,102.993,370774.8,3121.2,102.126,-,0,-594,0股,0.85%,913800.63,40.58%
2021-01-29,基金,纳指ETF(513100.XSHG),多,15200股,15200股,4.327,65770.4,-3796.88,4.577,-,0,-91.2,0股,-5.46%,913800.63,7.2%
2021-01-29,基金,黄金ETF(518880.XSHG),多,23400股,23400股,3.778,88405.2,-6168.47,4.042,-,0,397.8,0股,-6.52%,913800.63,9.67%
2021-01-29,股票,长江电力(600900.XSHG),多,4400股,4400股,19.68,86592,-2232,20.187,-,0,-1408,0股,-2.51%,913800.63,9.48%
2021-01-29,股票,农业银行(601288.XSHG),多,61600股,61600股,3.15,194040,-384,3.156,-,0,616,0股,-0.2%,913800.63,21.23%
2021-01-29,,Cash,,,,,3586.23,,,,,,,,0
2021-02-01,基金,豆粕ETF华夏(159985.XSHE),多,82000股,82000股,1.275,104550,16907.18,1.069,-,0,-82,0股,19.29%,913225.03,11.45%
2021-02-01,基金,10年地债(511270.XSHG),多,3600股,3600股,102.618,369424.8,1771.2,102.126,-,0,-1350,0股,0.48%,913225.03,40.45%
2021-02-01,基金,纳指ETF(513100.XSHG),多,15200股,15200股,4.31,65512,-4055.28,4.577,-,0,-258.4,0股,-5.83%,913225.03,7.17%
2021-02-01,基金,黄金ETF(518880.XSHG),多,23400股,23400股,3.82,89388,-5185.67,4.042,-,0,982.8,0股,-5.48%,913225.03,9.79%
2021-02-01,股票,长江电力(600900.XSHG),多,4400股,4400股,19.43,85492,-3332,20.187,-,0,-1100,0股,-3.75%,913225.03,9.36%
2021-02-01,股票,农业银行(601288.XSHG),多,61600股,61600股,3.17,195272,848,3.156,-,0,1232,0股,0.44%,913225.03,21.38%
2021-02-01,,Cash,,,,,3586.23,,,,,,,,0
2021-02-02,基金,豆粕ETF华夏(159985.XSHE),多,82000股,82000股,1.25,102500,14857.18,1.069,-,0,-2050,0股,16.95%,912216.03,11.24%
2021-02-02,基金,10年地债(511270.XSHG),多,3600股,3600股,102.8,370080,2426.4,102.126,-,0,655.2,0股,0.66%,912216.03,40.57%
2021-02-02,基金,纳指ETF(513100.XSHG),多,15200股,15200股,4.441,67503.2,-2064.08,4.577,-,0,1991.2,0股,-2.97%,912216.03,7.4%
2021-02-02,基金,黄金ETF(518880.XSHG),多,23400股,23400股,3.789,88662.6,-5911.07,4.042,-,0,-725.4,0股,-6.25%,912216.03,9.72%
2021-02-02,股票,长江电力(600900.XSHG),多,4400股,4400股,19.51,85844,-2980,20.187,-,0,352,0股,-3.35%,912216.03,9.41%
2021-02-02,股票,农业银行(601288.XSHG),多,61600股,61600股,3.15,194040,-384,3.156,-,0,-1232,0股,-0.2%,912216.03,21.27%
2021-02-02,,Cash,,,,,3586.23,,,,,,,,0
2021-02-03,基金,豆粕ETF华夏(159985.XSHE),多,82000股,82000股,1.248,102336,14693.18,1.069,-,0,-164,0股,16.76%,911358.23,11.23%
2021-02-03,基金,10年地债(511270.XSHG),多,3600股,3600股,102.849,370256.4,2602.8,102.126,-,0,176.4,0股,0.71%,911358.23,40.63%
2021-02-03,基金,纳指ETF(513100.XSHG),多,15200股,15200股,4.493,68293.6,-1273.68,4.577,-,0,790.4,0股,-1.83%,911358.23,7.49%
2021-02-03,基金,黄金ETF(518880.XSHG),多,23400股,23400股,3.75,87750,-6823.67,4.042,-,0,-912.6,0股,-7.22%,911358.23,9.63%
2021-02-03,股票,长江电力(600900.XSHG),多,4400股,4400股,19.48,85712,-3112,20.187,-,0,-132,0股,-3.5%,911358.23,9.4%
2021-02-03,股票,农业银行(601288.XSHG),多,61600股,61600股,3.14,193424,-1000,3.156,-,0,-616,0股,-0.51%,911358.23,21.22%
2021-02-03,,Cash,,,,,3586.23,,,,,,,,0
2021-02-04,基金,豆粕ETF华夏(159985.XSHE),多,82000股,82000股,1.276,104632,16989.18,1.069,-,0,2296,0股,19.38%,914416.43,11.44%
2021-02-04,基金,10年地债(511270.XSHG),多,3600股,3600股,103.202,371527.2,3873.6,102.126,-,0,1270.8,0股,1.05%,914416.43,40.63%
2021-02-04,基金,纳指ETF(513100.XSHG),多,15200股,15200股,4.449,67624.8,-1942.48,4.577,-,0,-668.8,0股,-2.79%,914416.43,7.4%
2021-02-04,基金,黄金ETF(518880.XSHG),多,23400股,23400股,3.723,87118.2,-7455.47,4.042,-,0,-631.8,0股,-7.88%,914416.43,9.53%
2021-02-04,股票,长江电力(600900.XSHG),多,4400股,4400股,19.52,85888,-2936,20.187,-,0,176,0股,-3.31%,914416.43,9.39%
2021-02-04,股票,农业银行(601288.XSHG),多,61600股,61600股,3.15,194040,-384,3.156,-,0,616,0股,-0.2%,914416.43,21.22%
2021-02-04,,Cash,,,,,3586.23,,,,,,,,0
2021-02-05,基金,豆粕ETF华夏(159985.XSHE),多,82000股,82000股,1.29,105780,18137.18,1.069,-,0,1148,0股,20.69%,917002.83,11.54%
2021-02-05,基金,10年地债(511270.XSHG),多,3600股,3600股,103.051,370983.6,3330,102.126,-,0,-543.6,0股,0.91%,917002.83,40.46%
2021-02-05,基金,纳指ETF(513100.XSHG),多,15200股,15200股,4.508,68521.6,-1045.68,4.577,-,0,896.8,0股,-1.5%,917002.83,7.47%
2021-02-05,基金,黄金ETF(518880.XSHG),多,23400股,23400股,3.681,86135.4,-8438.27,4.042,-,0,-982.8,0股,-8.92%,917002.83,9.39%
2021-02-05,股票,长江电力(600900.XSHG),多,4400股,4400股,19.43,85492,-3332,20.187,-,0,-396,0股,-3.75%,917002.83,9.32%
2021-02-05,股票,农业银行(601288.XSHG),多,61600股,61600股,3.19,196504,2080,3.156,-,0,2464,0股,1.07%,917002.83,21.43%
2021-02-05,,Cash,,,,,3586.23,,,,,,,,0
2021-02-08,基金,豆粕ETF华夏(159985.XSHE),多,74900股,74900股,1.267,94898.3,14844.07,1.069,-,0,-1722.7,0股,18.54%,916421.23,10.36%
2021-02-08,基金,10年地债(511270.XSHG),多,3500股,3500股,103.175,361112.5,3671.5,102.126,-,0,434,0股,1.03%,916421.23,39.4%
2021-02-08,基金,纳指ETF(513100.XSHG),多,14400股,14400股,4.537,65332.8,-573.05,4.577,-,0,417.6,0股,-0.87%,916421.23,7.13%
2021-02-08,基金,黄金ETF(518880.XSHG),多,28000股,28000股,3.712,103936,-7703.67,3.987,-,0,734.6,4600股,-6.9%,916421.23,11.34%
2021-02-08,股票,长江电力(600900.XSHG),多,4500股,4400股,19.5,87750,-3048,20.177,-,0,284,100股,-3.36%,916421.23,9.58%
2021-02-08,股票,农业银行(601288.XSHG),多,63900股,61600股,3.18,203202,1441,3.157,-,0,-639,2300股,0.71%,916421.23,22.17%
2021-02-08,,Cash,,,,,189.63,,,,,,,,0
2021-02-09,基金,豆粕ETF华夏(159985.XSHE),多,74900股,74900股,1.289,96546.1,16491.87,1.069,-,0,1647.8,0股,20.6%,916504.13,10.53%
2021-02-09,基金,10年地债(511270.XSHG),多,3500股,3500股,103.06,360710,3269,102.126,-,0,-402.5,0股,0.91%,916504.13,39.36%
2021-02-09,基金,纳指ETF(513100.XSHG),多,14400股,14400股,4.536,65318.4,-587.45,4.577,-,0,-14.4,0股,-0.89%,916504.13,7.13%
2021-02-09,基金,黄金ETF(518880.XSHG),多,28000股,28000股,3.752,105056,-6583.67,3.987,-,0,1120,0股,-5.9%,916504.13,11.46%
2021-02-09,股票,长江电力(600900.XSHG),多,4500股,4500股,19.28,86760,-4038,20.177,-,0,-990,0股,-4.45%,916504.13,9.47%
2021-02-09,股票,农业银行(601288.XSHG),多,63900股,63900股,3.16,201924,163,3.157,-,0,-1278,0股,0.08%,916504.13,22.03%
2021-02-09,,Cash,,,,,189.63,,,,,,,,0
2021-02-10,基金,豆粕ETF华夏(159985.XSHE),多,74900股,74900股,1.272,95272.8,15218.57,1.069,-,0,-1273.3,0股,19.01%,920417.63,10.35%
2021-02-10,基金,10年地债(511270.XSHG),多,3500股,3500股,103,360500,3059,102.126,-,0,-210,0股,0.86%,920417.63,39.17%
2021-02-10,基金,纳指ETF(513100.XSHG),多,14400股,14400股,4.553,65563.2,-342.65,4.577,-,0,244.8,0股,-0.52%,920417.63,7.12%
2021-02-10,基金,黄金ETF(518880.XSHG),多,28000股,28000股,3.756,105168,-6471.67,3.987,-,0,112,0股,-5.8%,920417.63,11.43%
2021-02-10,股票,长江电力(600900.XSHG),多,4500股,4500股,19.69,88605,-2193,20.177,-,0,1845,0股,-2.42%,920417.63,9.63%
2021-02-10,股票,农业银行(601288.XSHG),多,63900股,63900股,3.21,205119,3358,3.157,-,0,3195,0股,1.66%,920417.63,22.29%
2021-02-10,,Cash,,,,,189.63,,,,,,,,0
2021-02-18,基金,豆粕ETF华夏(159985.XSHE),多,74900股,74900股,1.279,95797.1,15742.87,1.069,-,0,524.3,0股,19.67%,916840.03,10.45%
2021-02-18,基金,10年地债(511270.XSHG),多,3500股,3500股,102.657,359299.5,1858.5,102.126,-,0,-1200.5,0股,0.52%,916840.03,39.19%
2021-02-18,基金,纳指ETF(513100.XSHG),多,14400股,14400股,4.532,65260.8,-645.05,4.577,-,0,-302.4,0股,-0.98%,916840.03,7.12%
2021-02-18,基金,黄金ETF(518880.XSHG),多,28000股,28000股,3.65,102200,-9439.67,3.987,-,0,-2968,0股,-8.46%,916840.03,11.15%
2021-02-18,股票,长江电力(600900.XSHG),多,4500股,4500股,19.63,88335,-2463,20.177,-,0,-270,0股,-2.71%,916840.03,9.63%
2021-02-18,股票,农业银行(601288.XSHG),多,63900股,63900股,3.22,205758,3997,3.157,-,0,639,0股,1.98%,916840.03,22.44%
2021-02-18,,Cash,,,,,189.63,,,,,,,,0
2021-02-19,基金,豆粕ETF华夏(159985.XSHE),多,74900股,74900股,1.267,94898.3,14844.07,1.069,-,0,-898.8,0股,18.54%,916277.23,10.36%
2021-02-19,基金,10年地债(511270.XSHG),多,3500股,3500股,102.269,357941.5,500.5,102.126,-,0,-1358,0股,0.14%,916277.23,39.06%
2021-02-19,基金,纳指ETF(513100.XSHG),多,14400股,14400股,4.527,65188.8,-717.05,4.577,-,0,-72,0股,-1.09%,916277.23,7.11%
2021-02-19,基金,黄金ETF(518880.XSHG),多,28000股,28000股,3.634,101752,-9887.67,3.987,-,0,-448,0股,-8.86%,916277.23,11.1%
2021-02-19,股票,长江电力(600900.XSHG),多,4500股,4500股,19.98,89910,-888,20.177,-,0,1575,0股,-0.98%,916277.23,9.81%
2021-02-19,股票,农业银行(601288.XSHG),多,63900股,63900股,3.23,206397,4636,3.157,-,0,639,0股,2.3%,916277.23,22.53%
2021-02-19,,Cash,,,,,189.63,,,,,,,,0
2021-02-22,基金,豆粕ETF华夏(159985.XSHE),多,74900股,74900股,1.285,96246.5,16192.27,1.069,-,0,1348.2,0股,20.23%,918637.43,10.48%
2021-02-22,基金,10年地债(511270.XSHG),多,3500股,3500股,102.387,358354.5,913.5,102.126,-,0,413,0股,0.26%,918637.43,39.01%
2021-02-22,基金,纳指ETF(513100.XSHG),多,14400股,14400股,4.487,64612.8,-1293.05,4.577,-,0,-576,0股,-1.96%,918637.43,7.03%
2021-02-22,基金,黄金ETF(518880.XSHG),多,28000股,28000股,3.675,102900,-8739.67,3.987,-,0,1148,0股,-7.83%,918637.43,11.2%
2021-02-22,股票,长江电力(600900.XSHG),多,4500股,4500股,19.56,88020,-2778,20.177,-,0,-1890,0股,-3.06%,918637.43,9.58%
2021-02-22,股票,农业银行(601288.XSHG),多,63900股,63900股,3.26,208314,6553,3.157,-,0,1917,0股,3.25%,918637.43,22.68%
2021-02-22,,Cash,,,,,189.63,,,,,,,,0
2021-02-23,基金,豆粕ETF华夏(159985.XSHE),多,74900股,74900股,1.318,98718.2,18663.97,1.069,-,0,2471.7,0股,23.31%,922372.23,10.7%
2021-02-23,基金,10年地债(511270.XSHG),多,3500股,3500股,102.7,359450,2009,102.126,-,0,1095.5,0股,0.56%,922372.23,38.97%
2021-02-23,基金,纳指ETF(513100.XSHG),多,14400股,14400股,4.416,63590.4,-2315.45,4.577,-,0,-1022.4,0股,-3.51%,922372.23,6.89%
2021-02-23,基金,黄金ETF(518880.XSHG),多,28000股,28000股,3.713,103964,-7675.67,3.987,-,0,1064,0股,-6.88%,922372.23,11.27%
2021-02-23,股票,长江电力(600900.XSHG),多,4500股,4500股,19.73,88785,-2013,20.177,-,0,765,0股,-2.22%,922372.23,9.63%
2021-02-23,股票,农业银行(601288.XSHG),多,63900股,63900股,3.25,207675,5914,3.157,-,0,-639,0股,2.93%,922372.23,22.52%
2021-02-23,,Cash,,,,,189.63,,,,,,,,0
2021-02-24,基金,豆粕ETF华夏(159985.XSHE),多,74900股,74900股,1.317,98643.3,18589.07,1.069,-,0,-74.9,0股,23.22%,918815.53,10.74%
2021-02-24,基金,10年地债(511270.XSHG),多,3500股,3500股,102.788,359758,2317,102.126,-,0,308,0股,0.65%,918815.53,39.15%
2021-02-24,基金,纳指ETF(513100.XSHG),多,14400股,14400股,4.339,62481.6,-3424.25,4.577,-,0,-1108.8,0股,-5.2%,918815.53,6.8%
2021-02-24,基金,黄金ETF(518880.XSHG),多,28000股,28000股,3.705,103740,-7899.67,3.987,-,0,-224,0股,-7.08%,918815.53,11.29%
2021-02-24,股票,长江电力(600900.XSHG),多,4500股,4500股,19.61,88245,-2553,20.177,-,0,-540,0股,-2.81%,918815.53,9.6%
2021-02-24,股票,农业银行(601288.XSHG),多,63900股,63900股,3.22,205758,3997,3.157,-,0,-1917,0股,1.98%,918815.53,22.39%
2021-02-24,,Cash,,,,,189.63,,,,,,,,0
2021-02-25,基金,豆粕ETF华夏(159985.XSHE),多,74900股,74900股,1.311,98193.9,18139.67,1.069,-,0,-449.4,0股,22.66%,923047.83,10.64%
2021-02-25,基金,10年地债(511270.XSHG),多,3500股,3500股,102.907,360174.5,2733.5,102.126,-,0,416.5,0股,0.76%,923047.83,39.02%
2021-02-25,基金,纳指ETF(513100.XSHG),多,14400股,14400股,4.422,63676.8,-2229.05,4.577,-,0,1195.2,0股,-3.38%,923047.83,6.9%
2021-02-25,基金,黄金ETF(518880.XSHG),多,28000股,28000股,3.67,102760,-8879.67,3.987,-,0,-980,0股,-7.95%,923047.83,11.13%
2021-02-25,股票,长江电力(600900.XSHG),多,4500股,4500股,19.8,89100,-1698,20.177,-,0,855,0股,-1.87%,923047.83,9.65%
2021-02-25,股票,农业银行(601288.XSHG),多,63900股,63900股,3.27,208953,7192,3.157,-,0,3195,0股,3.56%,923047.83,22.64%
2021-02-25,,Cash,,,,,189.63,,,,,,,,0
2021-02-26,基金,豆粕ETF华夏(159985.XSHE),多,74900股,74900股,1.255,93999.5,13945.27,1.069,-,0,-4194.4,0股,17.42%,913026.03,10.3%
2021-02-26,基金,10年地债(511270.XSHG),多,3500股,3500股,102.669,359341.5,1900.5,102.126,-,0,-833,0股,0.53%,913026.03,39.36%
2021-02-26,基金,纳指ETF(513100.XSHG),多,14400股,14400股,4.246,61142.4,-4763.45,4.577,-,0,-2534.4,0股,-7.23%,913026.03,6.7%
2021-02-26,基金,黄金ETF(518880.XSHG),多,28000股,28000股,3.613,101164,-10475.67,3.987,-,0,-1596,0股,-9.38%,913026.03,11.08%
2021-02-26,股票,长江电力(600900.XSHG),多,4500股,4500股,19.75,88875,-1923,20.177,-,0,-225,0股,-2.12%,913026.03,9.73%
2021-02-26,股票,农业银行(601288.XSHG),多,63900股,63900股,3.26,208314,6553,3.157,-,0,-639,0股,3.25%,913026.03,22.82%
2021-02-26,,Cash,,,,,189.63,,,,,,,,0
2021-03-01,基金,豆粕ETF华夏(159985.XSHE),多,74900股,74900股,1.256,94074.4,14020.17,1.069,-,0,74.9,0股,17.51%,913578.83,10.3%
2021-03-01,基金,10年地债(511270.XSHG),多,3500股,3500股,102.84,359940,2499,102.126,-,0,598.5,0股,0.7%,913578.83,39.4%
2021-03-01,基金,纳指ETF(513100.XSHG),多,14400股,14400股,4.342,62524.8,-3381.05,4.577,-,0,1382.4,0股,-5.13%,913578.83,6.84%
2021-03-01,基金,黄金ETF(518880.XSHG),多,28000股,28000股,3.595,100660,-10979.67,3.987,-,0,-504,0股,-9.83%,913578.83,11.02%
2021-03-01,股票,长江电力(600900.XSHG),多,4500股,4500股,19.67,88515,-2283,20.177,-,0,-360,0股,-2.51%,913578.83,9.69%
2021-03-01,股票,农业银行(601288.XSHG),多,63900股,63900股,3.25,207675,5914,3.157,-,0,-639,0股,2.93%,913578.83,22.73%
2021-03-01,,Cash,,,,,189.63,,,,,,,,0
2021-03-02,基金,豆粕ETF华夏(159985.XSHE),多,74900股,74900股,1.226,91827.4,11773.17,1.069,-,0,-2247,0股,14.71%,908635.93,10.11%
2021-03-02,基金,10年地债(511270.XSHG),多,3500股,3500股,102.947,360314.5,2873.5,102.126,-,0,374.5,0股,0.8%,908635.93,39.65%
2021-03-02,基金,纳指ETF(513100.XSHG),多,14400股,14400股,4.396,63302.4,-2603.45,4.577,-,0,777.6,0股,-3.95%,908635.93,6.97%
2021-03-02,基金,黄金ETF(518880.XSHG),多,28000股,28000股,3.536,99008,-12631.67,3.987,-,0,-1652,0股,-11.31%,908635.93,10.9%
2021-03-02,股票,长江电力(600900.XSHG),多,4500股,4500股,19.75,88875,-1923,20.177,-,0,360,0股,-2.12%,908635.93,9.78%
2021-03-02,股票,农业银行(601288.XSHG),多,63900股,63900股,3.21,205119,3358,3.157,-,0,-2556,0股,1.66%,908635.93,22.57%
2021-03-02,,Cash,,,,,189.63,,,,,,,,0
2021-03-03,基金,豆粕ETF华夏(159985.XSHE),多,74900股,74900股,1.246,93325.4,13271.17,1.069,-,0,1498,0股,16.58%,915778.43,10.19%
2021-03-03,基金,10年地债(511270.XSHG),多,3500股,3500股,102.9,360150,2709,102.126,-,0,-164.5,0股,0.76%,915778.43,39.33%
2021-03-03,基金,纳指ETF(513100.XSHG),多,14400股,14400股,4.376,63014.4,-2891.45,4.577,-,0,-288,0股,-4.39%,915778.43,6.88%
2021-03-03,基金,黄金ETF(518880.XSHG),多,28000股,28000股,3.549,99372,-12267.67,3.987,-,0,364,0股,-10.99%,915778.43,10.85%
2021-03-03,股票,长江电力(600900.XSHG),多,4500股,4500股,20.03,90135,-663,20.177,-,0,1260,0股,-0.73%,915778.43,9.84%
2021-03-03,股票,农业银行(601288.XSHG),多,63900股,63900股,3.28,209592,7831,3.157,-,0,4473,0股,3.88%,915778.43,22.89%
2021-03-03,,Cash,,,,,189.63,,,,,,,,0
2021-03-04,基金,豆粕ETF华夏(159985.XSHE),多,74900股,74900股,1.227,91902.3,11848.07,1.069,-,0,-1423.1,0股,14.8%,913443.53,10.06%
2021-03-04,基金,10年地债(511270.XSHG),多,3500股,3500股,102.83,359905,2464,102.126,-,0,-245,0股,0.69%,913443.53,39.4%
2021-03-04,基金,纳指ETF(513100.XSHG),多,14400股,14400股,4.234,60969.6,-4936.25,4.577,-,0,-2044.8,0股,-7.49%,913443.53,6.67%
2021-03-04,基金,黄金ETF(518880.XSHG),多,28000股,28000股,3.514,98392,-13247.67,3.987,-,0,-980,0股,-11.87%,913443.53,10.77%
2021-03-04,股票,长江电力(600900.XSHG),多,4500股,4500股,20.27,91215,417,20.177,-,0,1080,0股,0.46%,913443.53,9.99%
2021-03-04,股票,农业银行(601288.XSHG),多,63900股,63900股,3.3,210870,9109,3.157,-,0,1278,0股,4.51%,913443.53,23.09%
2021-03-04,,Cash,,,,,189.63,,,,,,,,0
2021-03-05,基金,豆粕ETF华夏(159985.XSHE),多,74900股,74900股,1.23,92127,12072.77,1.069,-,0,224.7,0股,15.08%,914623.43,10.07%
2021-03-05,基金,10年地债(511270.XSHG),多,3500股,3500股,102.75,359625,2184,102.126,-,0,-280,0股,0.61%,914623.43,39.32%
2021-03-05,基金,纳指ETF(513100.XSHG),多,14400股,14400股,4.182,60220.8,-5685.05,4.577,-,0,-748.8,0股,-8.63%,914623.43,6.58%
2021-03-05,基金,黄金ETF(518880.XSHG),多,28000股,28000股,3.482,97496,-14143.67,3.987,-,0,-896,0股,-12.67%,914623.43,10.66%
2021-03-05,股票,长江电力(600900.XSHG),多,4500股,4500股,20.2,90900,102,20.177,-,0,-315,0股,0.11%,914623.43,9.94%
2021-03-05,股票,农业银行(601288.XSHG),多,63900股,63900股,3.35,214065,12304,3.157,-,0,3195,0股,6.1%,914623.43,23.4%
2021-03-05,,Cash,,,,,189.63,,,,,,,,0
2021-03-08,基金,豆粕ETF华夏(159985.XSHE),多,64100股,64100股,1.253,80317.3,11806.27,1.069,-,0,1474.3,0股,17.23%,917779.3,8.75%
2021-03-08,基金,10年地债(511270.XSHG),多,3500股,3500股,102.67,359345,1904,102.126,-,0,-280,0股,0.53%,917779.3,39.15%
2021-03-08,基金,纳指ETF(513100.XSHG),多,15600股,15600股,4.189,65348.4,-5656.25,4.552,-,0,28.8,1200股,-7.97%,917779.3,7.12%
2021-03-08,基金,黄金ETF(518880.XSHG),多,29300股,29300股,3.519,103106.7,-13121.97,3.967,-,0,1021.7,1300股,-11.29%,917779.3,11.23%
2021-03-08,股票,长江电力(600900.XSHG),多,4500股,4500股,20.2,90900,102,20.177,-,0,0,0股,0.11%,917779.3,9.9%
2021-03-08,股票,农业银行(601288.XSHG),多,62200股,62200股,3.36,208992,12598.66,3.157,-,0,622,0股,6.42%,917779.3,22.77%
2021-03-08,,Cash,,,,,9769.9,,,,,,,,0
2021-03-09,基金,豆粕ETF华夏(159985.XSHE),多,64100股,64100股,1.229,78778.9,10267.87,1.069,-,0,-1538.4,0股,14.99%,914252.4,8.62%
2021-03-09,基金,10年地债(511270.XSHG),多,3500股,3500股,102.84,359940,2499,102.126,-,0,595,0股,0.7%,914252.4,39.37%
2021-03-09,基金,纳指ETF(513100.XSHG),多,15600股,15600股,4.153,64786.8,-6217.85,4.552,-,0,-561.6,0股,-8.76%,914252.4,7.09%
2021-03-09,基金,黄金ETF(518880.XSHG),多,29300股,29300股,3.506,102725.8,-13502.87,3.967,-,0,-380.9,0股,-11.62%,914252.4,11.24%
2021-03-09,股票,长江电力(600900.XSHG),多,4500股,4500股,20.25,91125,327,20.177,-,0,225,0股,0.36%,914252.4,9.97%
2021-03-09,股票,农业银行(601288.XSHG),多,62200股,62200股,3.33,207126,10732.66,3.157,-,0,-1866,0股,5.46%,914252.4,22.66%
2021-03-09,,Cash,,,,,9769.9,,,,,,,,0
2021-03-10,基金,豆粕ETF华夏(159985.XSHE),多,64100股,64100股,1.196,76663.6,8152.57,1.069,-,0,-2115.3,0股,11.9%,914502.7,8.38%
2021-03-10,基金,10年地债(511270.XSHG),多,3500股,3500股,102.65,359275,1834,102.126,-,0,-665,0股,0.51%,914502.7,39.29%
2021-03-10,基金,纳指ETF(513100.XSHG),多,15600股,15600股,4.261,66471.6,-4533.05,4.552,-,0,1684.8,0股,-6.38%,914502.7,7.27%
2021-03-10,基金,黄金ETF(518880.XSHG),多,29300股,29300股,3.542,103780.6,-12448.07,3.967,-,0,1054.8,0股,-10.71%,914502.7,11.35%
2021-03-10,股票,长江电力(600900.XSHG),多,4500股,4500股,19.9,89550,-1248,20.177,-,0,-1575,0股,-1.37%,914502.7,9.79%
2021-03-10,股票,农业银行(601288.XSHG),多,62200股,62200股,3.36,208992,12598.66,3.157,-,0,1866,0股,6.42%,914502.7,22.85%
2021-03-10,,Cash,,,,,9769.9,,,,,,,,0
2021-03-11,基金,豆粕ETF华夏(159985.XSHE),多,64100股,64100股,1.172,75125.2,6614.17,1.069,-,0,-1538.4,0股,9.65%,917206.7,8.19%
2021-03-11,基金,10年地债(511270.XSHG),多,3500股,3500股,102.701,359453.5,2012.5,102.126,-,0,178.5,0股,0.56%,917206.7,39.19%
2021-03-11,基金,纳指ETF(513100.XSHG),多,15600股,15600股,4.297,67033.2,-3971.45,4.552,-,0,561.6,0股,-5.59%,917206.7,7.31%
2021-03-11,基金,黄金ETF(518880.XSHG),多,29300股,29300股,3.573,104688.9,-11539.77,3.967,-,0,908.3,0股,-9.93%,917206.7,11.41%
2021-03-11,股票,长江电力(600900.XSHG),多,4500股,4500股,20.2,90900,102,20.177,-,0,1350,0股,0.11%,917206.7,9.91%
2021-03-11,股票,农业银行(601288.XSHG),多,62200股,62200股,3.38,210236,13842.66,3.157,-,0,1244,0股,7.05%,917206.7,22.92%
2021-03-11,,Cash,,,,,9769.9,,,,,,,,0
2021-03-12,基金,豆粕ETF华夏(159985.XSHE),多,64100股,64100股,1.172,75125.2,6614.17,1.069,-,0,0,0股,9.65%,921694.2,8.15%
2021-03-12,基金,10年地债(511270.XSHG),多,3500股,3500股,102.833,359915.5,2474.5,102.126,-,0,462,0股,0.69%,921694.2,39.05%
2021-03-12,基金,纳指ETF(513100.XSHG),多,15600股,15600股,4.324,67454.4,-3550.25,4.552,-,0,421.2,0股,-5%,921694.2,7.32%
2021-03-12,基金,黄金ETF(518880.XSHG),多,29300股,29300股,3.524,103253.2,-12975.47,3.967,-,0,-1435.7,0股,-11.16%,921694.2,11.2%
2021-03-12,股票,长江电力(600900.XSHG),多,4500股,4500股,21.32,95940,5142,20.177,-,0,5040,0股,5.66%,921694.2,10.41%
2021-03-12,股票,农业银行(601288.XSHG),多,62200股,62200股,3.38,210236,13842.66,3.157,-,0,0,0股,7.05%,921694.2,22.81%
2021-03-12,,Cash,,,,,9769.9,,,,,,,,0
2021-03-15,基金,豆粕ETF华夏(159985.XSHE),多,64100股,64100股,1.177,75445.7,6934.67,1.069,-,0,320.5,0股,10.12%,923026,8.17%
2021-03-15,基金,10年地债(511270.XSHG),多,3500股,3500股,102.712,359492,2051,102.126,-,0,-423.5,0股,0.57%,923026,38.95%
2021-03-15,基金,纳指ETF(513100.XSHG),多,15600股,15600股,4.306,67173.6,-3831.05,4.552,-,0,-280.8,0股,-5.4%,923026,7.28%
2021-03-15,基金,黄金ETF(518880.XSHG),多,29300股,29300股,3.556,104190.8,-12037.87,3.967,-,0,937.6,0股,-10.36%,923026,11.29%
2021-03-15,股票,长江电力(600900.XSHG),多,4500股,4500股,20.94,94230,3432,20.177,-,0,-1710,0股,3.78%,923026,10.21%
2021-03-15,股票,农业银行(601288.XSHG),多,62200股,62200股,3.42,212724,16330.66,3.157,-,0,2488,0股,8.32%,923026,23.05%
2021-03-15,,Cash,,,,,9769.9,,,,,,,,0
2021-03-16,基金,豆粕ETF华夏(159985.XSHE),多,64100股,64100股,1.183,75830.3,7319.27,1.069,-,0,384.6,0股,10.68%,924709,8.2%
2021-03-16,基金,10年地债(511270.XSHG),多,3500股,3500股,102.888,360108,2667,102.126,-,0,616,0股,0.75%,924709,38.94%
2021-03-16,基金,纳指ETF(513100.XSHG),多,15600股,15600股,4.387,68437.2,-2567.45,4.552,-,0,1263.6,0股,-3.62%,924709,7.4%
2021-03-16,基金,黄金ETF(518880.XSHG),多,29300股,29300股,3.562,104366.6,-11862.07,3.967,-,0,175.8,0股,-10.21%,924709,11.29%
2021-03-16,股票,长江电力(600900.XSHG),多,4500股,4500股,20.91,94095,3297,20.177,-,0,-135,0股,3.63%,924709,10.18%
2021-03-16,股票,农业银行(601288.XSHG),多,62200股,62200股,3.41,212102,15708.66,3.157,-,0,-622,0股,8%,924709,22.94%
2021-03-16,,Cash,,,,,9769.9,,,,,,,,0
2021-03-17,基金,豆粕ETF华夏(159985.XSHE),多,64100股,64100股,1.195,76599.5,8088.47,1.069,-,0,769.2,0股,11.81%,922677,8.3%
2021-03-17,基金,10年地债(511270.XSHG),多,3500股,3500股,102.801,359803.5,2362.5,102.126,-,0,-304.5,0股,0.66%,922677,39%
2021-03-17,基金,纳指ETF(513100.XSHG),多,15600股,15600股,4.38,68328,-2676.65,4.552,-,0,-109.2,0股,-3.77%,922677,7.41%
2021-03-17,基金,黄金ETF(518880.XSHG),多,29300股,29300股,3.577,104806.1,-11422.57,3.967,-,0,439.5,0股,-9.83%,922677,11.36%
2021-03-17,股票,长江电力(600900.XSHG),多,4500股,4500股,20.42,91890,1092,20.177,-,0,-2205,0股,1.2%,922677,9.96%
2021-03-17,股票,农业银行(601288.XSHG),多,62200股,62200股,3.4,211480,15086.66,3.157,-,0,-622,0股,7.68%,922677,22.92%
2021-03-17,,Cash,,,,,9769.9,,,,,,,,0
2021-03-18,基金,豆粕ETF华夏(159985.XSHE),多,64100股,64100股,1.19,76279,7767.97,1.069,-,0,-320.5,0股,11.34%,922931.4,8.26%
2021-03-18,基金,10年地债(511270.XSHG),多,3500股,3500股,102.757,359649.5,2208.5,102.126,-,0,-154,0股,0.62%,922931.4,38.97%
2021-03-18,基金,纳指ETF(513100.XSHG),多,15600股,15600股,4.413,68842.8,-2161.85,4.552,-,0,514.8,0股,-3.04%,922931.4,7.46%
2021-03-18,基金,黄金ETF(518880.XSHG),多,29300股,29300股,3.604,105597.2,-10631.47,3.967,-,0,791.1,0股,-9.15%,922931.4,11.44%
2021-03-18,股票,长江电力(600900.XSHG),多,4500股,4500股,20.43,91935,1137,20.177,-,0,45,0股,1.25%,922931.4,9.96%
2021-03-18,股票,农业银行(601288.XSHG),多,62200股,62200股,3.39,210858,14464.66,3.157,-,0,-622,0股,7.37%,922931.4,22.85%
2021-03-18,,Cash,,,,,9769.9,,,,,,,,0
2021-03-19,基金,豆粕ETF华夏(159985.XSHE),多,64100股,64100股,1.191,76343.1,7832.07,1.069,-,0,64.1,0股,11.43%,917498.9,8.32%
2021-03-19,基金,10年地债(511270.XSHG),多,3500股,3500股,102.8,359800,2359,102.126,-,0,150.5,0股,0.66%,917498.9,39.22%
2021-03-19,基金,纳指ETF(513100.XSHG),多,15600股,15600股,4.267,66565.2,-4439.45,4.552,-,0,-2277.6,0股,-6.25%,917498.9,7.26%
2021-03-19,基金,黄金ETF(518880.XSHG),多,29300股,29300股,3.589,105157.7,-11070.97,3.967,-,0,-439.5,0股,-9.53%,917498.9,11.46%
2021-03-19,股票,长江电力(600900.XSHG),多,4500股,4500股,20.47,92115,1317,20.177,-,0,180,0股,1.45%,917498.9,10.04%
2021-03-19,股票,农业银行(601288.XSHG),多,62200股,62200股,3.34,207748,11354.66,3.157,-,0,-3110,0股,5.78%,917498.9,22.64%
2021-03-19,,Cash,,,,,9769.9,,,,,,,,0
2021-03-22,基金,豆粕ETF华夏(159985.XSHE),多,64100股,64100股,1.205,77240.5,8729.47,1.069,-,0,897.4,0股,12.74%,925129.2,8.35%
2021-03-22,基金,10年地债(511270.XSHG),多,3500股,3500股,102.86,360010,2569,102.126,-,0,210,0股,0.72%,925129.2,38.91%
2021-03-22,基金,纳指ETF(513100.XSHG),多,15600股,15600股,4.308,67204.8,-3799.85,4.552,-,0,639.6,0股,-5.35%,925129.2,7.26%
2021-03-22,基金,黄金ETF(518880.XSHG),多,29300股,29300股,3.57,104601,-11627.67,3.967,-,0,-556.7,0股,-10%,925129.2,11.31%
2021-03-22,股票,长江电力(600900.XSHG),多,4500股,4500股,21.21,95445,4647,20.177,-,0,3330,0股,5.12%,925129.2,10.32%
2021-03-22,股票,农业银行(601288.XSHG),多,62200股,62200股,3.39,210858,14464.66,3.157,-,0,3110,0股,7.37%,925129.2,22.79%
2021-03-22,,Cash,,,,,9769.9,,,,,,,,0
2021-03-23,基金,豆粕ETF华夏(159985.XSHE),多,64100股,64100股,1.195,76599.5,8088.47,1.069,-,0,-641,0股,11.81%,924760.3,8.28%
2021-03-23,基金,10年地债(511270.XSHG),多,3500股,3500股,102.938,360283,2842,102.126,-,0,273,0股,0.8%,924760.3,38.96%
2021-03-23,基金,纳指ETF(513100.XSHG),多,15600股,15600股,4.349,67844.4,-3160.25,4.552,-,0,639.6,0股,-4.45%,924760.3,7.34%
2021-03-23,基金,黄金ETF(518880.XSHG),多,29300股,29300股,3.585,105040.5,-11188.17,3.967,-,0,439.5,0股,-9.63%,924760.3,11.36%
2021-03-23,股票,长江电力(600900.XSHG),多,4500股,4500股,20.97,94365,3567,20.177,-,0,-1080,0股,3.93%,924760.3,10.2%
2021-03-23,股票,农业银行(601288.XSHG),多,62200股,62200股,3.39,210858,14464.66,3.157,-,0,0,0股,7.37%,924760.3,22.8%
2021-03-23,,Cash,,,,,9769.9,,,,,,,,0
2021-03-24,基金,豆粕ETF华夏(159985.XSHE),多,64100股,64100股,1.212,77689.2,9178.17,1.069,-,0,1089.7,0股,13.4%,925075.6,8.4%
2021-03-24,基金,10年地债(511270.XSHG),多,3500股,3500股,102.833,359915.5,2474.5,102.126,-,0,-367.5,0股,0.69%,925075.6,38.91%
2021-03-24,基金,纳指ETF(513100.XSHG),多,15600股,15600股,4.351,67875.6,-3129.05,4.552,-,0,31.2,0股,-4.41%,925075.6,7.34%
2021-03-24,基金,黄金ETF(518880.XSHG),多,29300股,29300股,3.578,104835.4,-11393.27,3.967,-,0,-205.1,0股,-9.8%,925075.6,11.33%
2021-03-24,股票,长江电力(600900.XSHG),多,4500股,4500股,20.78,93510,2712,20.177,-,0,-855,0股,2.99%,925075.6,10.11%
2021-03-24,股票,农业银行(601288.XSHG),多,62200股,62200股,3.4,211480,15086.66,3.157,-,0,622,0股,7.68%,925075.6,22.86%
2021-03-24,,Cash,,,,,9769.9,,,,,,,,0
2021-03-25,基金,豆粕ETF华夏(159985.XSHE),多,64100股,64100股,1.213,77753.3,9242.27,1.069,-,0,64.1,0股,13.49%,922282.4,8.43%
2021-03-25,基金,10年地债(511270.XSHG),多,3500股,3500股,102.925,360237.5,2796.5,102.126,-,0,322,0股,0.78%,922282.4,39.06%
2021-03-25,基金,纳指ETF(513100.XSHG),多,15600股,15600股,4.285,66846,-4158.65,4.552,-,0,-1029.6,0股,-5.86%,922282.4,7.25%
2021-03-25,基金,黄金ETF(518880.XSHG),多,29300股,29300股,3.589,105157.7,-11070.97,3.967,-,0,322.3,0股,-9.53%,922282.4,11.4%
2021-03-25,股票,长江电力(600900.XSHG),多,4500股,4500股,21.06,94770,3972,20.177,-,0,1260,0股,4.37%,922282.4,10.28%
2021-03-25,股票,农业银行(601288.XSHG),多,62200股,62200股,3.34,207748,11354.66,3.157,-,0,-3732,0股,5.78%,922282.4,22.53%
2021-03-25,,Cash,,,,,9769.9,,,,,,,,0
2021-03-26,基金,豆粕ETF华夏(159985.XSHE),多,64100股,64100股,1.23,78843,10331.97,1.069,-,0,1089.7,0股,15.08%,922226.8,8.55%
2021-03-26,基金,10年地债(511270.XSHG),多,3500股,3500股,102.99,360465,3024,102.126,-,0,227.5,0股,0.85%,922226.8,39.09%
2021-03-26,基金,纳指ETF(513100.XSHG),多,15600股,15600股,4.322,67423.2,-3581.45,4.552,-,0,577.2,0股,-5.04%,922226.8,7.31%
2021-03-26,基金,黄金ETF(518880.XSHG),多,29300股,29300股,3.579,104864.7,-11363.97,3.967,-,0,-293,0股,-9.78%,922226.8,11.37%
2021-03-26,股票,长江电力(600900.XSHG),多,4500股,4500股,20.83,93735,2937,20.177,-,0,-1035,0股,3.23%,922226.8,10.16%
2021-03-26,股票,农业银行(601288.XSHG),多,62200股,62200股,3.33,207126,10732.66,3.157,-,0,-622,0股,5.46%,922226.8,22.46%
2021-03-26,,Cash,,,,,9769.9,,,,,,,,0
2021-03-29,基金,豆粕ETF华夏(159985.XSHE),多,64100股,64100股,1.214,77817.4,9306.37,1.069,-,0,-1025.6,0股,13.58%,925948.7,8.4%
2021-03-29,基金,10年地债(511270.XSHG),多,3500股,3500股,102.905,360167.5,2726.5,102.126,-,0,-297.5,0股,0.76%,925948.7,38.9%
2021-03-29,基金,纳指ETF(513100.XSHG),多,15600股,15600股,4.322,67423.2,-3581.45,4.552,-,0,0,0股,-5.04%,925948.7,7.28%
2021-03-29,基金,黄金ETF(518880.XSHG),多,29300股,29300股,3.579,104864.7,-11363.97,3.967,-,0,0,0股,-9.78%,925948.7,11.33%
2021-03-29,股票,长江电力(600900.XSHG),多,4500股,4500股,21.26,95670,4872,20.177,-,0,1935,0股,5.37%,925948.7,10.33%
2021-03-29,股票,农业银行(601288.XSHG),多,62200股,62200股,3.38,210236,13842.66,3.157,-,0,3110,0股,7.05%,925948.7,22.7%
2021-03-29,,Cash,,,,,9769.9,,,,,,,,0
2021-03-30,基金,豆粕ETF华夏(159985.XSHE),多,64100股,64100股,1.214,77817.4,9306.37,1.069,-,0,0,0股,13.58%,925660.2,8.41%
2021-03-30,基金,10年地债(511270.XSHG),多,3500股,3500股,102.911,360188.5,2747.5,102.126,-,0,21,0股,0.77%,925660.2,38.91%
2021-03-30,基金,纳指ETF(513100.XSHG),多,15600股,15600股,4.331,67563.6,-3441.05,4.552,-,0,140.4,0股,-4.85%,925660.2,7.3%
2021-03-30,基金,黄金ETF(518880.XSHG),多,29300股,29300股,3.536,103604.8,-12623.87,3.967,-,0,-1259.9,0股,-10.86%,925660.2,11.19%
2021-03-30,股票,长江电力(600900.XSHG),多,4500股,4500股,21.44,96480,5682,20.177,-,0,810,0股,6.26%,925660.2,10.42%
2021-03-30,股票,农业银行(601288.XSHG),多,62200股,62200股,3.38,210236,13842.66,3.157,-,0,0,0股,7.05%,925660.2,22.71%
2021-03-30,,Cash,,,,,9769.9,,,,,,,,0
2021-03-31,基金,豆粕ETF华夏(159985.XSHE),多,64100股,64100股,1.208,77432.8,8921.77,1.069,-,0,-384.6,0股,13.02%,925721.1,8.36%
2021-03-31,基金,10年地债(511270.XSHG),多,3500股,3500股,103.035,360622.5,3181.5,102.126,-,0,434,0股,0.89%,925721.1,38.96%
2021-03-31,基金,纳指ETF(513100.XSHG),多,15600股,15600股,4.329,67532.4,-3472.25,4.552,-,0,-31.2,0股,-4.89%,925721.1,7.3%
2021-03-31,基金,黄金ETF(518880.XSHG),多,29300股,29300股,3.495,102403.5,-13825.17,3.967,-,0,-1201.3,0股,-11.89%,925721.1,11.06%
2021-03-31,股票,长江电力(600900.XSHG),多,4500股,4500股,21.44,96480,5682,20.177,-,0,0,0股,6.26%,925721.1,10.42%
2021-03-31,股票,农业银行(601288.XSHG),多,62200股,62200股,3.4,211480,15086.66,3.157,-,0,1244,0股,7.68%,925721.1,22.84%
2021-03-31,,Cash,,,,,9769.9,,,,,,,,0
2021-04-01,基金,豆粕ETF华夏(159985.XSHE),多,64100股,64100股,1.26,80766,12254.97,1.069,-,0,3333.2,0股,17.89%,932309.4,8.66%
2021-04-01,基金,10年地债(511270.XSHG),多,3500股,3500股,103.04,360640,3199,102.126,-,0,17.5,0股,0.89%,932309.4,38.68%
2021-04-01,基金,纳指ETF(513100.XSHG),多,15600股,15600股,4.43,69108,-1896.65,4.552,-,0,1575.6,0股,-2.67%,932309.4,7.41%
2021-04-01,基金,黄金ETF(518880.XSHG),多,29300股,29300股,3.565,104454.5,-11774.17,3.967,-,0,2051,0股,-10.13%,932309.4,11.2%
2021-04-01,股票,长江电力(600900.XSHG),多,4500股,4500股,21.63,97335,6537,20.177,-,0,855,0股,7.2%,932309.4,10.44%
2021-04-01,股票,农业银行(601288.XSHG),多,62200股,62200股,3.38,210236,13842.66,3.157,-,0,-1244,0股,7.05%,932309.4,22.55%
2021-04-01,,Cash,,,,,9769.9,,,,,,,,0
2021-04-02,基金,豆粕ETF华夏(159985.XSHE),多,64100股,64100股,1.251,80189.1,11678.07,1.069,-,0,-576.9,0股,17.05%,930497,8.62%
2021-04-02,基金,10年地债(511270.XSHG),多,3500股,3500股,103.264,361424,3983,102.126,-,0,784,0股,1.11%,930497,38.84%
2021-04-02,基金,纳指ETF(513100.XSHG),多,15600股,15600股,4.479,69872.4,-1132.25,4.552,-,0,764.4,0股,-1.59%,930497,7.51%
2021-04-02,基金,黄金ETF(518880.XSHG),多,29300股,29300股,3.612,105831.6,-10397.07,3.967,-,0,1377.1,0股,-8.95%,930497,11.37%
2021-04-02,股票,长江电力(600900.XSHG),多,4500股,4500股,21.12,95040,4242,20.177,-,0,-2295,0股,4.67%,930497,10.21%
2021-04-02,股票,农业银行(601288.XSHG),多,62200股,62200股,3.35,208370,11976.66,3.157,-,0,-1866,0股,6.1%,930497,22.39%
2021-04-02,,Cash,,,,,9769.9,,,,,,,,0
2021-04-06,基金,豆粕ETF华夏(159985.XSHE),多,64100股,64100股,1.249,80060.9,11549.87,1.069,-,0,-128.2,0股,16.86%,929164.5,8.62%
2021-04-06,基金,10年地债(511270.XSHG),多,3500股,3500股,103.18,361130,3689,102.126,-,0,-294,0股,1.03%,929164.5,38.87%
2021-04-06,基金,纳指ETF(513100.XSHG),多,15600股,15600股,4.549,70964.4,-40.25,4.552,-,0,1092,0股,-0.06%,929164.5,7.64%
2021-04-06,基金,黄金ETF(518880.XSHG),多,29300股,29300股,3.591,105216.3,-11012.37,3.967,-,0,-615.3,0股,-9.47%,929164.5,11.32%
2021-04-06,股票,长江电力(600900.XSHG),多,4500股,4500股,20.95,94275,3477,20.177,-,0,-765,0股,3.83%,929164.5,10.15%
2021-04-06,股票,农业银行(601288.XSHG),多,62200股,62200股,3.34,207748,11354.66,3.157,-,0,-622,0股,5.78%,929164.5,22.36%
2021-04-06,,Cash,,,,,9769.9,,,,,,,,0
2021-04-07,基金,豆粕ETF华夏(159985.XSHE),多,64100股,64100股,1.268,81278.8,12767.77,1.069,-,0,1217.9,0股,18.64%,932010.8,8.72%
2021-04-07,基金,10年地债(511270.XSHG),多,3500股,3500股,103.12,360920,3479,102.126,-,0,-210,0股,0.97%,932010.8,38.72%
2021-04-07,基金,纳指ETF(513100.XSHG),多,15600股,15600股,4.545,70902,-102.65,4.552,-,0,-62.4,0股,-0.14%,932010.8,7.61%
2021-04-07,基金,黄金ETF(518880.XSHG),多,29300股,29300股,3.607,105685.1,-10543.57,3.967,-,0,468.8,0股,-9.07%,932010.8,11.34%
2021-04-07,股票,长江电力(600900.XSHG),多,4500股,4500股,21.13,95085,4287,20.177,-,0,810,0股,4.72%,932010.8,10.2%
2021-04-07,股票,农业银行(601288.XSHG),多,62200股,62200股,3.35,208370,11976.66,3.157,-,0,622,0股,6.1%,932010.8,22.36%
2021-04-07,,Cash,,,,,9769.9,,,,,,,,0
2021-04-08,基金,豆粕ETF华夏(159985.XSHE),多,64100股,64100股,1.259,80701.9,12190.87,1.069,-,0,-576.9,0股,17.79%,930468.7,8.67%
2021-04-08,基金,10年地债(511270.XSHG),多,3500股,3500股,103.101,360853.5,3412.5,102.126,-,0,-66.5,0股,0.95%,930468.7,38.78%
2021-04-08,基金,纳指ETF(513100.XSHG),多,15600股,15600股,4.592,71635.2,630.55,4.552,-,0,733.2,0股,0.89%,930468.7,7.7%
2021-04-08,基金,黄金ETF(518880.XSHG),多,29300股,29300股,3.614,105890.2,-10338.47,3.967,-,0,205.1,0股,-8.89%,930468.7,11.38%
2021-04-08,股票,长江电力(600900.XSHG),多,4500股,4500股,20.86,93870,3072,20.177,-,0,-1215,0股,3.38%,930468.7,10.09%
2021-04-08,股票,农业银行(601288.XSHG),多,62200股,62200股,3.34,207748,11354.66,3.157,-,0,-622,0股,5.78%,930468.7,22.33%
2021-04-08,,Cash,,,,,9769.9,,,,,,,,0
2021-04-09,基金,豆粕ETF华夏(159985.XSHE),多,62300股,62300股,1.263,78684.9,12097.73,1.069,-,0,249.2,0股,18.17%,932549.89,8.44%
2021-04-09,基金,10年地债(511270.XSHG),多,3600股,3600股,103.19,371484,3728,102.154,-,0,315.5,100股,1.01%,932549.89,39.84%
2021-04-09,基金,纳指ETF(513100.XSHG),多,19600股,19600股,4.605,90258,745.35,4.567,-,0,114.8,4000股,0.83%,932549.89,9.68%
2021-04-09,基金,黄金ETF(518880.XSHG),多,30000股,30000股,3.631,108930,-9849.47,3.959,-,0,489,700股,-8.29%,932549.89,11.68%
2021-04-09,股票,长江电力(600900.XSHG),多,4800股,4500股,20.85,100080,3000,20.225,-,0,-72,300股,3.09%,932549.89,10.73%
2021-04-09,股票,农业银行(601288.XSHG),多,52500股,52500股,3.36,176400,10633.92,3.157,-,0,1050,0股,6.42%,932549.89,18.92%
2021-04-09,,Cash,,,,,6712.99,,,,,,,,0
2021-04-12,基金,豆粕ETF华夏(159985.XSHE),多,62300股,62300股,1.235,76940.5,10353.33,1.069,-,0,-1744.4,0股,15.55%,934749.89,8.23%
2021-04-12,基金,10年地债(511270.XSHG),多,3600股,3600股,103.244,371678.4,3922.4,102.154,-,0,194.4,0股,1.07%,934749.89,39.76%
2021-04-12,基金,纳指ETF(513100.XSHG),多,19600股,19600股,4.635,90846,1333.35,4.567,-,0,588,0股,1.49%,934749.89,9.72%
2021-04-12,基金,黄金ETF(518880.XSHG),多,30000股,30000股,3.612,108360,-10419.47,3.959,-,0,-570,0股,-8.77%,934749.89,11.59%
2021-04-12,股票,长江电力(600900.XSHG),多,4800股,4800股,21.19,101712,4632,20.225,-,0,1632,0股,4.77%,934749.89,10.88%
2021-04-12,股票,农业银行(601288.XSHG),多,52500股,52500股,3.4,178500,12733.92,3.157,-,0,2100,0股,7.68%,934749.89,19.1%
2021-04-12,,Cash,,,,,6712.99,,,,,,,,0
2021-04-13,基金,豆粕ETF华夏(159985.XSHE),多,62300股,62300股,1.232,76753.6,10166.43,1.069,-,0,-186.9,0股,15.27%,932117.59,8.23%
2021-04-13,基金,10年地债(511270.XSHG),多,3600股,3600股,103.3,371880,4124,102.154,-,0,201.6,0股,1.12%,932117.59,39.9%
2021-04-13,基金,纳指ETF(513100.XSHG),多,19600股,19600股,4.625,90650,1137.35,4.567,-,0,-196,0股,1.27%,932117.59,9.73%
2021-04-13,基金,黄金ETF(518880.XSHG),多,30000股,30000股,3.575,107250,-11529.47,3.959,-,0,-1110,0股,-9.71%,932117.59,11.51%
2021-04-13,股票,长江电力(600900.XSHG),多,4800股,4800股,21.02,100896,3816,20.225,-,0,-816,0股,3.93%,932117.59,10.82%
2021-04-13,股票,农业银行(601288.XSHG),多,52500股,52500股,3.39,177975,12208.92,3.157,-,0,-525,0股,7.37%,932117.59,19.09%
2021-04-13,,Cash,,,,,6712.99,,,,,,,,0
2021-04-14,基金,豆粕ETF华夏(159985.XSHE),多,62300股,62300股,1.226,76379.8,9792.63,1.069,-,0,-373.8,0股,14.71%,931484.59,8.2%
2021-04-14,基金,10年地债(511270.XSHG),多,3600股,3600股,103.498,372592.8,4836.8,102.154,-,0,712.8,0股,1.32%,931484.59,40%
2021-04-14,基金,纳指ETF(513100.XSHG),多,19600股,19600股,4.685,91826,2313.35,4.567,-,0,1176,0股,2.58%,931484.59,9.86%
2021-04-14,基金,黄金ETF(518880.XSHG),多,30000股,30000股,3.615,108450,-10329.47,3.959,-,0,1200,0股,-8.7%,931484.59,11.64%
2021-04-14,股票,长江电力(600900.XSHG),多,4800股,4800股,20.76,99648,2568,20.225,-,0,-1248,0股,2.65%,931484.59,10.7%
2021-04-14,股票,农业银行(601288.XSHG),多,52500股,52500股,3.35,175875,10108.92,3.157,-,0,-2100,0股,6.1%,931484.59,18.88%
2021-04-14,,Cash,,,,,6712.99,,,,,,,,0
2021-04-15,基金,豆粕ETF华夏(159985.XSHE),多,62300股,62300股,1.244,77501.2,10914.03,1.069,-,0,1121.4,0股,16.39%,929835.59,8.33%
2021-04-15,基金,10年地债(511270.XSHG),多,3600股,3600股,103.596,372945.6,5189.6,102.154,-,0,352.8,0股,1.41%,929835.59,40.11%
2021-04-15,基金,纳指ETF(513100.XSHG),多,19600股,19600股,4.638,90904.8,1392.15,4.567,-,0,-921.2,0股,1.56%,929835.59,9.78%
2021-04-15,基金,黄金ETF(518880.XSHG),多,30000股,30000股,3.612,108360,-10419.47,3.959,-,0,-90,0股,-8.77%,929835.59,11.65%
2021-04-15,股票,长江电力(600900.XSHG),多,4800股,4800股,20.32,97536,456,20.225,-,0,-2112,0股,0.47%,929835.59,10.49%
2021-04-15,股票,农业银行(601288.XSHG),多,52500股,52500股,3.35,175875,10108.92,3.157,-,0,0,0股,6.1%,929835.59,18.91%
2021-04-15,,Cash,,,,,6712.99,,,,,,,,0
2021-04-16,基金,豆粕ETF华夏(159985.XSHE),多,62300股,62300股,1.261,78560.3,11973.13,1.069,-,0,1059.1,0股,17.98%,933365.89,8.42%
2021-04-16,基金,10年地债(511270.XSHG),多,3600股,3600股,103.59,372924,5168,102.154,-,0,-21.6,0股,1.41%,933365.89,39.95%
2021-04-16,基金,纳指ETF(513100.XSHG),多,19600股,19600股,4.681,91747.6,2234.95,4.567,-,0,842.8,0股,2.5%,933365.89,9.83%
2021-04-16,基金,黄金ETF(518880.XSHG),多,30000股,30000股,3.643,109290,-9489.47,3.959,-,0,930,0股,-7.99%,933365.89,11.71%
2021-04-16,股票,长江电力(600900.XSHG),多,4800股,4800股,20.47,98256,1176,20.225,-,0,720,0股,1.21%,933365.89,10.53%
2021-04-16,股票,农业银行(601288.XSHG),多,52500股,52500股,3.35,175875,10108.92,3.157,-,0,0,0股,6.1%,933365.89,18.84%
2021-04-16,,Cash,,,,,6712.99,,,,,,,,0
2021-04-19,基金,豆粕ETF华夏(159985.XSHE),多,62300股,62300股,1.26,78498,11910.83,1.069,-,0,-62.3,0股,17.89%,934157.99,8.4%
2021-04-19,基金,10年地债(511270.XSHG),多,3600股,3600股,103.5,372600,4844,102.154,-,0,-324,0股,1.32%,934157.99,39.89%
2021-04-19,基金,纳指ETF(513100.XSHG),多,19600股,19600股,4.69,91924,2411.35,4.567,-,0,176.4,0股,2.69%,934157.99,9.84%
2021-04-19,基金,黄金ETF(518880.XSHG),多,30000股,30000股,3.67,110100,-8679.47,3.959,-,0,810,0股,-7.31%,934157.99,11.79%
2021-04-19,股票,长江电力(600900.XSHG),多,4800股,4800股,20.51,98448,1368,20.225,-,0,192,0股,1.41%,934157.99,10.54%
2021-04-19,股票,农业银行(601288.XSHG),多,52500股,52500股,3.35,175875,10108.92,3.157,-,0,0,0股,6.1%,934157.99,18.83%
2021-04-19,,Cash,,,,,6712.99,,,,,,,,0
2021-04-20,基金,豆粕ETF华夏(159985.XSHE),多,62300股,62300股,1.28,79744,13156.83,1.069,-,0,1246,0股,19.76%,932411.99,8.55%
2021-04-20,基金,10年地债(511270.XSHG),多,3600股,3600股,103.5,372600,4844,102.154,-,0,0,0股,1.32%,932411.99,39.96%
2021-04-20,基金,纳指ETF(513100.XSHG),多,19600股,19600股,4.62,90552,1039.35,4.567,-,0,-1372,0股,1.16%,932411.99,9.71%
2021-04-20,基金,黄金ETF(518880.XSHG),多,30000股,30000股,3.635,109050,-9729.47,3.959,-,0,-1050,0股,-8.19%,932411.99,11.7%
2021-04-20,股票,长江电力(600900.XSHG),多,4800股,4800股,20.61,98928,1848,20.225,-,0,480,0股,1.9%,932411.99,10.61%
2021-04-20,股票,农业银行(601288.XSHG),多,52500股,52500股,3.33,174825,9058.92,3.157,-,0,-1050,0股,5.46%,932411.99,18.75%
2021-04-20,,Cash,,,,,6712.99,,,,,,,,0
2021-04-21,基金,豆粕ETF华夏(159985.XSHE),多,62300股,62300股,1.284,79993.2,13406.03,1.069,-,0,249.2,0股,20.13%,933347.99,8.57%
2021-04-21,基金,10年地债(511270.XSHG),多,3600股,3600股,103.578,372880.8,5124.8,102.154,-,0,280.8,0股,1.39%,933347.99,39.95%
2021-04-21,基金,纳指ETF(513100.XSHG),多,19600股,19600股,4.585,89866,353.35,4.567,-,0,-686,0股,0.39%,933347.99,9.63%
2021-04-21,基金,黄金ETF(518880.XSHG),多,30000股,30000股,3.673,110190,-8589.47,3.959,-,0,1140,0股,-7.23%,933347.99,11.81%
2021-04-21,股票,长江电力(600900.XSHG),多,4800股,4800股,20.6,98880,1800,20.225,-,0,-48,0股,1.85%,933347.99,10.59%
2021-04-21,股票,农业银行(601288.XSHG),多,52500股,52500股,3.33,174825,9058.92,3.157,-,0,0,0股,5.46%,933347.99,18.73%
2021-04-21,,Cash,,,,,6712.99,,,,,,,,0
2021-04-22,基金,豆粕ETF华夏(159985.XSHE),多,62300股,62300股,1.302,81114.6,14527.43,1.069,-,0,1121.4,0股,21.82%,933034.79,8.69%
2021-04-22,基金,10年地债(511270.XSHG),多,3600股,3600股,103.63,373068,5312,102.154,-,0,187.2,0股,1.44%,933034.79,39.98%
2021-04-22,基金,纳指ETF(513100.XSHG),多,19600股,19600股,4.627,90689.2,1176.55,4.567,-,0,823.2,0股,1.31%,933034.79,9.72%
2021-04-22,基金,黄金ETF(518880.XSHG),多,30000股,30000股,3.676,110280,-8499.47,3.959,-,0,90,0股,-7.16%,933034.79,11.82%
2021-04-22,股票,长江电力(600900.XSHG),多,4800股,4800股,20.4,97920,840,20.225,-,0,-960,0股,0.87%,933034.79,10.49%
2021-04-22,股票,农业银行(601288.XSHG),多,52500股,52500股,3.3,173250,7483.92,3.157,-,0,-1575,0股,4.51%,933034.79,18.57%
2021-04-22,,Cash,,,,,6712.99,,,,,,,,0
2021-04-23,基金,豆粕ETF华夏(159985.XSHE),多,62300股,62300股,1.308,81488.4,14901.23,1.069,-,0,373.8,0股,22.38%,929894.59,8.76%
2021-04-23,基金,10年地债(511270.XSHG),多,3600股,3600股,103.63,373068,5312,102.154,-,0,0,0股,1.44%,929894.59,40.12%
2021-04-23,基金,纳指ETF(513100.XSHG),多,19600股,19600股,4.572,89611.2,98.55,4.567,-,0,-1078,0股,0.11%,929894.59,9.64%
2021-04-23,基金,黄金ETF(518880.XSHG),多,30000股,30000股,3.668,110040,-8739.47,3.959,-,0,-240,0股,-7.36%,929894.59,11.83%
2021-04-23,股票,长江电力(600900.XSHG),多,4800股,4800股,20.38,97824,744,20.225,-,0,-96,0股,0.77%,929894.59,10.52%
2021-04-23,股票,农业银行(601288.XSHG),多,52500股,52500股,3.26,171150,5383.92,3.157,-,0,-2100,0股,3.25%,929894.59,18.41%
2021-04-23,,Cash,,,,,6712.99,,,,,,,,0
2021-04-26,基金,豆粕ETF华夏(159985.XSHE),多,62300股,62300股,1.312,81737.6,15150.43,1.069,-,0,249.2,0股,22.75%,928450.19,8.8%
2021-04-26,基金,10年地债(511270.XSHG),多,3600股,3600股,103.647,373129.2,5373.2,102.154,-,0,61.2,0股,1.46%,928450.19,40.19%
2021-04-26,基金,纳指ETF(513100.XSHG),多,19600股,19600股,4.619,90532.4,1019.75,4.567,-,0,921.2,0股,1.14%,928450.19,9.75%
2021-04-26,基金,黄金ETF(518880.XSHG),多,30000股,30000股,3.649,109470,-9309.47,3.959,-,0,-570,0股,-7.84%,928450.19,11.79%
2021-04-26,股票,长江电力(600900.XSHG),多,4800股,4800股,20.16,96768,-312,20.225,-,0,-1056,0股,-0.32%,928450.19,10.42%
2021-04-26,股票,农业银行(601288.XSHG),多,52500股,52500股,3.24,170100,4333.92,3.157,-,0,-1050,0股,2.61%,928450.19,18.32%
2021-04-26,,Cash,,,,,6712.99,,,,,,,,0
2021-04-27,基金,豆粕ETF华夏(159985.XSHE),多,62300股,62300股,1.325,82547.5,15960.33,1.069,-,0,809.9,0股,23.97%,929733.89,8.88%
2021-04-27,基金,10年地债(511270.XSHG),多,3600股,3600股,103.743,373474.8,5718.8,102.154,-,0,345.6,0股,1.56%,929733.89,40.17%
2021-04-27,基金,纳指ETF(513100.XSHG),多,19600股,19600股,4.656,91257.6,1744.95,4.567,-,0,725.2,0股,1.95%,929733.89,9.82%
2021-04-27,基金,黄金ETF(518880.XSHG),多,30000股,30000股,3.653,109590,-9189.47,3.959,-,0,120,0股,-7.74%,929733.89,11.79%
2021-04-27,股票,长江电力(600900.XSHG),多,4800股,4800股,20.12,96576,-504,20.225,-,0,-192,0股,-0.52%,929733.89,10.39%
2021-04-27,股票,农业银行(601288.XSHG),多,52500股,52500股,3.23,169575,3808.92,3.157,-,0,-525,0股,2.3%,929733.89,18.24%
2021-04-27,,Cash,,,,,6712.99,,,,,,,,0
2021-04-28,基金,豆粕ETF华夏(159985.XSHE),多,62300股,62300股,1.296,80740.8,14153.63,1.069,-,0,-1806.7,0股,21.26%,926606.19,8.71%
2021-04-28,基金,10年地债(511270.XSHG),多,3600股,3600股,103.784,373622.4,5866.4,102.154,-,0,147.6,0股,1.6%,926606.19,40.32%
2021-04-28,基金,纳指ETF(513100.XSHG),多,19600股,19600股,4.64,90944,1431.35,4.567,-,0,-313.6,0股,1.6%,926606.19,9.81%
2021-04-28,基金,黄金ETF(518880.XSHG),多,30000股,30000股,3.632,108960,-9819.47,3.959,-,0,-630,0股,-8.27%,926606.19,11.76%
2021-04-28,股票,长江电力(600900.XSHG),多,4800股,4800股,20.12,96576,-504,20.225,-,0,0,0股,-0.52%,926606.19,10.42%
2021-04-28,股票,农业银行(601288.XSHG),多,52500股,52500股,3.22,169050,3283.92,3.157,-,0,-525,0股,1.98%,926606.19,18.24%
2021-04-28,,Cash,,,,,6712.99,,,,,,,,0
2021-04-29,基金,豆粕ETF华夏(159985.XSHE),多,62300股,62300股,1.284,79993.2,13406.03,1.069,-,0,-747.6,0股,20.13%,927959.59,8.62%
2021-04-29,基金,10年地债(511270.XSHG),多,3600股,3600股,104.046,374565.6,6809.6,102.154,-,0,943.2,0股,1.85%,927959.59,40.36%
2021-04-29,基金,纳指ETF(513100.XSHG),多,19600股,19600股,4.653,91198.8,1686.15,4.567,-,0,254.8,0股,1.88%,927959.59,9.83%
2021-04-29,基金,黄金ETF(518880.XSHG),多,30000股,30000股,3.643,109290,-9489.47,3.959,-,0,330,0股,-7.99%,927959.59,11.78%
2021-04-29,股票,长江电力(600900.XSHG),多,4800股,4800股,20.13,96624,-456,20.225,-,0,48,0股,-0.47%,927959.59,10.41%
2021-04-29,股票,农业银行(601288.XSHG),多,52500股,52500股,3.23,169575,3808.92,3.157,-,0,525,0股,2.3%,927959.59,18.27%
2021-04-29,,Cash,,,,,6712.99,,,,,,,,0
2021-04-30,基金,豆粕ETF华夏(159985.XSHE),多,62300股,62300股,1.274,79370.2,12783.03,1.069,-,0,-623,0股,19.2%,924877.99,8.58%
2021-04-30,基金,10年地债(511270.XSHG),多,3600股,3600股,104.349,375656.4,7900.4,102.154,-,0,1090.8,0股,2.15%,924877.99,40.62%
2021-04-30,基金,纳指ETF(513100.XSHG),多,19600股,19600股,4.619,90532.4,1019.75,4.567,-,0,-666.4,0股,1.14%,924877.99,9.79%
2021-04-30,基金,黄金ETF(518880.XSHG),多,30000股,30000股,3.625,108750,-10029.47,3.959,-,0,-540,0股,-8.44%,924877.99,11.76%
2021-04-30,股票,长江电力(600900.XSHG),多,4800股,4800股,19.97,95856,-1224,20.225,-,0,-768,0股,-1.26%,924877.99,10.36%
2021-04-30,股票,农业银行(601288.XSHG),多,52500股,52500股,3.2,168000,2233.92,3.157,-,0,-1575,0股,1.35%,924877.99,18.16%
2021-04-30,,Cash,,,,,6712.99,,,,,,,,0
2021-05-06,基金,豆粕ETF华夏(159985.XSHE),多,62300股,62300股,1.313,81799.9,15212.73,1.069,-,0,2429.7,0股,22.85%,927921.89,8.82%
2021-05-06,基金,10年地债(511270.XSHG),多,3600股,3600股,104.638,376696.8,8940.8,102.154,-,0,1040.4,0股,2.43%,927921.89,40.6%
2021-05-06,基金,纳指ETF(513100.XSHG),多,19600股,19600股,4.512,88435.2,-1077.45,4.567,-,0,-2097.2,0股,-1.2%,927921.89,9.53%
2021-05-06,基金,黄金ETF(518880.XSHG),多,30000股,30000股,3.676,110280,-8499.47,3.959,-,0,1530,0股,-7.16%,927921.89,11.88%
2021-05-06,股票,长江电力(600900.XSHG),多,4800股,4800股,19.89,95472,-1608,20.225,-,0,-384,0股,-1.66%,927921.89,10.29%
2021-05-06,股票,农业银行(601288.XSHG),多,52500股,52500股,3.21,168525,2758.92,3.157,-,0,525,0股,1.66%,927921.89,18.16%
2021-05-06,,Cash,,,,,6712.99,,,,,,,,0
2021-05-07,基金,豆粕ETF华夏(159985.XSHE),多,62300股,62300股,1.33,82859,16271.83,1.069,-,0,1059.1,0股,24.44%,931134.59,8.9%
2021-05-07,基金,10年地债(511270.XSHG),多,3600股,3600股,104.539,376340.4,8584.4,102.154,-,0,-356.4,0股,2.33%,931134.59,40.42%
2021-05-07,基金,纳指ETF(513100.XSHG),多,19600股,19600股,4.502,88239.2,-1273.45,4.567,-,0,-196,0股,-1.42%,931134.59,9.48%
2021-05-07,基金,黄金ETF(518880.XSHG),多,30000股,30000股,3.717,111510,-7269.47,3.959,-,0,1230,0股,-6.12%,931134.59,11.98%
2021-05-07,股票,长江电力(600900.XSHG),多,4800股,4800股,19.76,94848,-2232,20.225,-,0,-624,0股,-2.3%,931134.59,10.19%
2021-05-07,股票,农业银行(601288.XSHG),多,52500股,52500股,3.25,170625,4858.92,3.157,-,0,2100,0股,2.93%,931134.59,18.32%
2021-05-07,,Cash,,,,,6712.99,,,,,,,,0
2021-05-10,基金,豆粕ETF华夏(159985.XSHE),多,62300股,62300股,1.321,82298.3,15711.13,1.069,-,0,-560.7,0股,23.59%,930876.49,8.84%
2021-05-10,基金,10年地债(511270.XSHG),多,3600股,3600股,104.59,376524,8768,102.154,-,0,183.6,0股,2.38%,930876.49,40.45%
2021-05-10,基金,纳指ETF(513100.XSHG),多,19600股,19600股,4.537,88925.2,-587.45,4.567,-,0,686,0股,-0.66%,930876.49,9.55%
2021-05-10,基金,黄金ETF(518880.XSHG),多,30000股,30000股,3.73,111900,-6879.47,3.959,-,0,390,0股,-5.79%,930876.49,12.02%
2021-05-10,股票,长江电力(600900.XSHG),多,4800股,4800股,19.67,94416,-2664,20.225,-,0,-432,0股,-2.74%,930876.49,10.14%
2021-05-10,股票,农业银行(601288.XSHG),多,52500股,52500股,3.24,170100,4333.92,3.157,-,0,-525,0股,2.61%,930876.49,18.27%
2021-05-10,,Cash,,,,,6712.99,,,,,,,,0
2021-05-11,基金,豆粕ETF华夏(159985.XSHE),多,62300股,62300股,1.315,81924.5,15337.33,1.069,-,0,-373.8,0股,23.03%,929709.49,8.81%
2021-05-11,基金,10年地债(511270.XSHG),多,3600股,3600股,104.545,376362,8606,102.154,-,0,-162,0股,2.34%,929709.49,40.48%
2021-05-11,基金,纳指ETF(513100.XSHG),多,19600股,19600股,4.405,86338,-3174.65,4.567,-,0,-2587.2,0股,-3.55%,929709.49,9.29%
2021-05-11,基金,黄金ETF(518880.XSHG),多,30000股,30000股,3.725,111750,-7029.47,3.959,-,0,-150,0股,-5.92%,929709.49,12.02%
2021-05-11,股票,长江电力(600900.XSHG),多,4800股,4800股,19.89,95472,-1608,20.225,-,0,1056,0股,-1.66%,929709.49,10.27%
2021-05-11,股票,农业银行(601288.XSHG),多,52500股,52500股,3.26,171150,5383.92,3.157,-,0,1050,0股,3.25%,929709.49,18.41%
2021-05-11,,Cash,,,,,6712.99,,,,,,,,0
2021-05-12,基金,豆粕ETF华夏(159985.XSHE),多,62300股,62300股,1.354,84354.2,17767.03,1.069,-,0,2429.7,0股,26.68%,932011.79,9.05%
2021-05-12,基金,10年地债(511270.XSHG),多,3600股,3600股,104.46,376056,8300,102.154,-,0,-306,0股,2.26%,932011.79,40.35%
2021-05-12,基金,纳指ETF(513100.XSHG),多,19600股,19600股,4.406,86357.6,-3155.05,4.567,-,0,19.6,0股,-3.52%,932011.79,9.27%
2021-05-12,基金,黄金ETF(518880.XSHG),多,30000股,30000股,3.732,111960,-6819.47,3.959,-,0,210,0股,-5.74%,932011.79,12.01%
2021-05-12,股票,长江电力(600900.XSHG),多,4800股,4800股,19.77,94896,-2184,20.225,-,0,-576,0股,-2.25%,932011.79,10.18%
2021-05-12,股票,农业银行(601288.XSHG),多,52500股,52500股,3.27,171675,5908.92,3.157,-,0,525,0股,3.56%,932011.79,18.42%
2021-05-12,,Cash,,,,,6712.99,,,,,,,,0
2021-05-13,基金,豆粕ETF华夏(159985.XSHE),多,54900股,54900股,1.322,72577.8,13875.34,1.069,-,0,-1752.8,100股,23.64%,926861.47,7.83%
2021-05-13,基金,10年地债(511270.XSHG),多,3900股,3900股,104.1,405990,6988.7,102.308,-,0,-1311.3,300股,1.75%,926861.47,43.8%
2021-05-13,基金,纳指ETF(513100.XSHG),多,20800股,20800股,4.346,90396.8,-4316.65,4.554,-,0,-1161.6,1200股,-4.56%,926861.47,9.75%
2021-05-13,基金,黄金ETF(518880.XSHG),多,29400股,29400股,3.717,109279.8,-7124.08,3.959,-,0,-441,0股,-6.12%,926861.47,11.79%
2021-05-13,股票,长江电力(600900.XSHG),多,4700股,4700股,19.76,92872,-2185.5,20.225,-,0,-47,0股,-2.3%,926861.47,10.02%
2021-05-13,股票,农业银行(601288.XSHG),多,47000股,47000股,3.27,153690,5289.89,3.157,-,0,0,0股,3.56%,926861.47,16.58%
2021-05-13,,Cash,,,,,2055.07,,,,,,,,0
2021-05-14,基金,豆粕ETF华夏(159985.XSHE),多,54900股,54900股,1.29,70821,12118.54,1.069,-,0,-1756.8,0股,20.64%,925807.87,7.65%
2021-05-14,基金,10年地债(511270.XSHG),多,3900股,3900股,103.75,404625,5623.7,102.308,-,0,-1365,0股,1.41%,925807.87,43.71%
2021-05-14,基金,纳指ETF(513100.XSHG),多,20800股,20800股,4.394,91395.2,-3318.25,4.554,-,0,998.4,0股,-3.5%,925807.87,9.87%
2021-05-14,基金,黄金ETF(518880.XSHG),多,29400股,29400股,3.739,109926.6,-6477.28,3.959,-,0,646.8,0股,-5.56%,925807.87,11.87%
2021-05-14,股票,长江电力(600900.XSHG),多,4700股,4700股,19.65,92355,-2702.5,20.225,-,0,-517,0股,-2.84%,925807.87,9.98%
2021-05-14,股票,农业银行(601288.XSHG),多,47000股,47000股,3.29,154630,6229.89,3.157,-,0,940,0股,4.2%,925807.87,16.7%
2021-05-14,,Cash,,,,,2055.07,,,,,,,,0
2021-05-17,基金,豆粕ETF华夏(159985.XSHE),多,54900股,54900股,1.3,71370,12667.54,1.069,-,0,549,0股,21.58%,928084.57,7.69%
2021-05-17,基金,10年地债(511270.XSHG),多,3900股,3900股,103.775,404722.5,5721.2,102.308,-,0,97.5,0股,1.43%,928084.57,43.61%
2021-05-17,基金,纳指ETF(513100.XSHG),多,20800股,20800股,4.439,92331.2,-2382.25,4.554,-,0,936,0股,-2.52%,928084.57,9.95%
2021-05-17,基金,黄金ETF(518880.XSHG),多,29400股,29400股,3.777,111043.8,-5360.08,3.959,-,0,1117.2,0股,-4.6%,928084.57,11.96%
2021-05-17,股票,长江电力(600900.XSHG),多,4700股,4700股,19.76,92872,-2185.5,20.225,-,0,517,0股,-2.3%,928084.57,10.01%
2021-05-17,股票,农业银行(601288.XSHG),多,47000股,47000股,3.27,153690,5289.89,3.157,-,0,-940,0股,3.56%,928084.57,16.56%
2021-05-17,,Cash,,,,,2055.07,,,,,,,,0
2021-05-18,基金,豆粕ETF华夏(159985.XSHE),多,54900股,54900股,1.298,71260.2,12557.74,1.069,-,0,-109.8,0股,21.39%,928096.67,7.68%
2021-05-18,基金,10年地债(511270.XSHG),多,3900股,3900股,103.748,404617.2,5615.9,102.308,-,0,-105.3,0股,1.41%,928096.67,43.6%
2021-05-18,基金,纳指ETF(513100.XSHG),多,20800股,20800股,4.453,92622.4,-2091.05,4.554,-,0,291.2,0股,-2.21%,928096.67,9.98%
2021-05-18,基金,黄金ETF(518880.XSHG),多,29400股,29400股,3.802,111778.8,-4625.08,3.959,-,0,735,0股,-3.97%,928096.67,12.04%
2021-05-18,股票,长江电力(600900.XSHG),多,4700股,4700股,19.79,93013,-2044.5,20.225,-,0,141,0股,-2.15%,928096.67,10.02%
2021-05-18,股票,农业银行(601288.XSHG),多,47000股,47000股,3.25,152750,4349.89,3.157,-,0,-940,0股,2.93%,928096.67,16.46%
2021-05-18,,Cash,,,,,2055.07,,,,,,,,0
2021-05-19,基金,豆粕ETF华夏(159985.XSHE),多,54900股,54900股,1.279,70217.1,11514.64,1.069,-,0,-1043.1,0股,19.62%,923971.07,7.6%
2021-05-19,基金,10年地债(511270.XSHG),多,3900股,3900股,102.907,401337.3,5261,101.558,-,0,-354.9,0股,1.33%,923971.07,43.44%
2021-05-19,基金,纳指ETF(513100.XSHG),多,20800股,20800股,4.371,90916.8,-3796.65,4.554,-,0,-1705.6,0股,-4.01%,923971.07,9.84%
2021-05-19,基金,黄金ETF(518880.XSHG),多,29400股,29400股,3.812,112072.8,-4331.08,3.959,-,0,294,0股,-3.72%,923971.07,12.13%
2021-05-19,股票,长江电力(600900.XSHG),多,4700股,4700股,19.61,92167,-2890.5,20.225,-,0,-846,0股,-3.04%,923971.07,9.98%
2021-05-19,股票,农业银行(601288.XSHG),多,47000股,47000股,3.24,152280,3879.89,3.157,-,0,-470,0股,2.61%,923971.07,16.48%
2021-05-19,,Cash,,,,,4980.07,,,,,,,,0
2021-05-20,基金,豆粕ETF华夏(159985.XSHE),多,54900股,54900股,1.278,70162.2,11459.74,1.069,-,0,-54.9,0股,19.52%,923907.27,7.59%
2021-05-20,基金,10年地债(511270.XSHG),多,3900股,3900股,102.95,401505,5428.7,101.558,-,0,167.7,0股,1.37%,923907.27,43.46%
2021-05-20,基金,纳指ETF(513100.XSHG),多,20800股,20800股,4.382,91145.6,-3567.85,4.554,-,0,228.8,0股,-3.77%,923907.27,9.87%
2021-05-20,基金,黄金ETF(518880.XSHG),多,29400股,29400股,3.811,112043.4,-4360.48,3.959,-,0,-29.4,0股,-3.75%,923907.27,12.13%
2021-05-20,股票,长江电力(600900.XSHG),多,4700股,4700股,19.43,91321,-3736.5,20.225,-,0,-846,0股,-3.93%,923907.27,9.88%
2021-05-20,股票,农业银行(601288.XSHG),多,47000股,47000股,3.25,152750,4349.89,3.157,-,0,470,0股,2.93%,923907.27,16.53%
2021-05-20,,Cash,,,,,4980.07,,,,,,,,0
2021-05-21,基金,豆粕ETF华夏(159985.XSHE),多,54900股,54900股,1.264,69393.6,10691.14,1.069,-,0,-768.6,0股,18.21%,925757.07,7.5%
2021-05-21,基金,10年地债(511270.XSHG),多,3900股,3900股,103.03,401817,5740.7,101.558,-,0,312,0股,1.45%,925757.07,43.4%
2021-05-21,基金,纳指ETF(513100.XSHG),多,20800股,20800股,4.47,92976,-1737.45,4.554,-,0,1830.4,0股,-1.83%,925757.07,10.04%
2021-05-21,基金,黄金ETF(518880.XSHG),多,29400股,29400股,3.816,112190.4,-4213.48,3.959,-,0,147,0股,-3.62%,925757.07,12.12%
2021-05-21,股票,长江电力(600900.XSHG),多,4700股,4700股,19.6,92120,-2937.5,20.225,-,0,799,0股,-3.09%,925757.07,9.95%
2021-05-21,股票,农业银行(601288.XSHG),多,47000股,47000股,3.24,152280,3879.89,3.157,-,0,-470,0股,2.61%,925757.07,16.45%
2021-05-21,,Cash,,,,,4980.07,,,,,,,,0
2021-05-24,基金,豆粕ETF华夏(159985.XSHE),多,54900股,54900股,1.266,69503.4,10800.94,1.069,-,0,109.8,0股,18.4%,925001.07,7.51%
2021-05-24,基金,10年地债(511270.XSHG),多,3900股,3900股,103.1,402090,6013.7,101.558,-,0,273,0股,1.52%,925001.07,43.47%
2021-05-24,基金,纳指ETF(513100.XSHG),多,20800股,20800股,4.448,92518.4,-2195.05,4.554,-,0,-457.6,0股,-2.32%,925001.07,10%
2021-05-24,基金,黄金ETF(518880.XSHG),多,29400股,29400股,3.828,112543.2,-3860.68,3.959,-,0,352.8,0股,-3.32%,925001.07,12.17%
2021-05-24,股票,长江电力(600900.XSHG),多,4700股,4700股,19.38,91086,-3971.5,20.225,-,0,-1034,0股,-4.18%,925001.07,9.85%
2021-05-24,股票,农业银行(601288.XSHG),多,47000股,47000股,3.24,152280,3879.89,3.157,-,0,0,0股,2.61%,925001.07,16.46%
2021-05-24,,Cash,,,,,4980.07,,,,,,,,0
2021-05-25,基金,豆粕ETF华夏(159985.XSHE),多,54900股,54900股,1.271,69777.9,11075.44,1.069,-,0,274.5,0股,18.87%,929845.57,7.5%
2021-05-25,基金,10年地债(511270.XSHG),多,3900股,3900股,103.15,402285,6208.7,101.558,-,0,195,0股,1.57%,929845.57,43.26%
2021-05-25,基金,纳指ETF(513100.XSHG),多,20800股,20800股,4.516,93932.8,-780.65,4.554,-,0,1414.4,0股,-0.82%,929845.57,10.1%
2021-05-25,基金,黄金ETF(518880.XSHG),多,29400股,29400股,3.812,112072.8,-4331.08,3.959,-,0,-470.4,0股,-3.72%,929845.57,12.05%
2021-05-25,股票,长江电力(600900.XSHG),多,4700股,4700股,19.81,93107,-1950.5,20.225,-,0,2021,0股,-2.05%,929845.57,10.01%
2021-05-25,股票,农业银行(601288.XSHG),多,47000股,47000股,3.27,153690,5289.89,3.157,-,0,1410,0股,3.56%,929845.57,16.53%
2021-05-25,,Cash,,,,,4980.07,,,,,,,,0
2021-05-26,基金,豆粕ETF华夏(159985.XSHE),多,54900股,54900股,1.26,69174,10471.54,1.069,-,0,-603.9,0股,17.84%,929659.17,7.44%
2021-05-26,基金,10年地债(511270.XSHG),多,3900股,3900股,103.337,403014.3,6938,101.558,-,0,729.3,0股,1.75%,929659.17,43.35%
2021-05-26,基金,纳指ETF(513100.XSHG),多,20800股,20800股,4.51,93808,-905.45,4.554,-,0,-124.8,0股,-0.96%,929659.17,10.09%
2021-05-26,基金,黄金ETF(518880.XSHG),多,29400股,29400股,3.852,113248.8,-3155.08,3.959,-,0,1176,0股,-2.71%,929659.17,12.18%
2021-05-26,股票,长江电力(600900.XSHG),多,4700股,4700股,19.42,91274,-3783.5,20.225,-,0,-1833,0股,-3.98%,929659.17,9.82%
2021-05-26,股票,农业银行(601288.XSHG),多,47000股,47000股,3.28,154160,5759.89,3.157,-,0,470,0股,3.88%,929659.17,16.58%
2021-05-26,,Cash,,,,,4980.07,,,,,,,,0
2021-05-27,基金,豆粕ETF华夏(159985.XSHE),多,54900股,54900股,1.248,68515.2,9812.74,1.069,-,0,-658.8,0股,16.72%,927478.87,7.39%
2021-05-27,基金,10年地债(511270.XSHG),多,3900股,3900股,103.35,403065,6988.7,101.558,-,0,50.7,0股,1.76%,927478.87,43.46%
2021-05-27,基金,纳指ETF(513100.XSHG),多,20800股,20800股,4.485,93288,-1425.45,4.554,-,0,-520,0股,-1.51%,927478.87,10.06%
2021-05-27,基金,黄金ETF(518880.XSHG),多,29400股,29400股,3.829,112572.6,-3831.28,3.959,-,0,-676.2,0股,-3.29%,927478.87,12.14%
2021-05-27,股票,长江电力(600900.XSHG),多,4700股,4700股,19.44,91368,-3689.5,20.225,-,0,94,0股,-3.88%,927478.87,9.85%
2021-05-27,股票,农业银行(601288.XSHG),多,47000股,47000股,3.27,153690,5289.89,3.157,-,0,-470,0股,3.56%,927478.87,16.57%
2021-05-27,,Cash,,,,,4980.07,,,,,,,,0
2021-05-28,基金,豆粕ETF华夏(159985.XSHE),多,54900股,54900股,1.266,69503.4,10800.94,1.069,-,0,988.2,0股,18.4%,929123.87,7.48%
2021-05-28,基金,10年地债(511270.XSHG),多,3900股,3900股,103.35,403065,6988.7,101.558,-,0,0,0股,1.76%,929123.87,43.38%
2021-05-28,基金,纳指ETF(513100.XSHG),多,20800股,20800股,4.483,93246.4,-1467.05,4.554,-,0,-41.6,0股,-1.55%,929123.87,10.04%
2021-05-28,基金,黄金ETF(518880.XSHG),多,29400股,29400股,3.8,111720,-4683.88,3.959,-,0,-852.6,0股,-4.02%,929123.87,12.02%
2021-05-28,股票,长江电力(600900.XSHG),多,4700股,4700股,19.67,92449,-2608.5,20.225,-,0,1081,0股,-2.74%,929123.87,9.95%
2021-05-28,股票,农业银行(601288.XSHG),多,47000股,47000股,3.28,154160,5759.89,3.157,-,0,470,0股,3.88%,929123.87,16.59%
2021-05-28,,Cash,,,,,4980.07,,,,,,,,0
2021-05-31,基金,豆粕ETF华夏(159985.XSHE),多,54900股,54900股,1.263,69338.7,10636.24,1.069,-,0,-164.7,0股,18.12%,929572.87,7.46%
2021-05-31,基金,10年地债(511270.XSHG),多,3900股,3900股,103.351,403068.9,6992.6,101.558,-,0,3.9,0股,1.77%,929572.87,43.36%
2021-05-31,基金,纳指ETF(513100.XSHG),多,20800股,20800股,4.475,93080,-1633.45,4.554,-,0,-166.4,0股,-1.72%,929572.87,10.01%
2021-05-31,基金,黄金ETF(518880.XSHG),多,29400股,29400股,3.828,112543.2,-3860.68,3.959,-,0,823.2,0股,-3.32%,929572.87,12.11%
2021-05-31,股票,长江电力(600900.XSHG),多,4700股,4700股,19.86,93342,-1715.5,20.225,-,0,893,0股,-1.8%,929572.87,10.04%
2021-05-31,股票,农业银行(601288.XSHG),多,47000股,47000股,3.26,153220,4819.89,3.157,-,0,-940,0股,3.25%,929572.87,16.48%
2021-05-31,,Cash,,,,,4980.07,,,,,,,,0
2021-06-01,基金,豆粕ETF华夏(159985.XSHE),多,54900股,54900股,1.268,69613.2,10910.74,1.069,-,0,274.5,0股,18.59%,931173.27,7.48%
2021-06-01,基金,10年地债(511270.XSHG),多,3900股,3900股,103.496,403634.4,7558.1,101.558,-,0,565.5,0股,1.91%,931173.27,43.35%
2021-06-01,基金,纳指ETF(513100.XSHG),多,20800股,20800股,4.483,93246.4,-1467.05,4.554,-,0,166.4,0股,-1.55%,931173.27,10.01%
2021-06-01,基金,黄金ETF(518880.XSHG),多,29400股,29400股,3.853,113278.2,-3125.68,3.959,-,0,735,0股,-2.69%,931173.27,12.17%
2021-06-01,股票,长江电力(600900.XSHG),多,4700股,4700股,19.93,93671,-1386.5,20.225,-,0,329,0股,-1.46%,931173.27,10.06%
2021-06-01,股票,农业银行(601288.XSHG),多,47000股,47000股,3.25,152750,4349.89,3.157,-,0,-470,0股,2.93%,931173.27,16.4%
2021-06-01,,Cash,,,,,4980.07,,,,,,,,0
2021-06-02,基金,豆粕ETF华夏(159985.XSHE),多,54900股,54900股,1.279,70217.1,11514.64,1.069,-,0,603.9,0股,19.62%,930600.07,7.55%
2021-06-02,基金,10年地债(511270.XSHG),多,3900股,3900股,103.409,403295.1,7218.8,101.558,-,0,-339.3,0股,1.82%,930600.07,43.34%
2021-06-02,基金,纳指ETF(513100.XSHG),多,20800股,20800股,4.462,92809.6,-1903.85,4.554,-,0,-436.8,0股,-2.01%,930600.07,9.97%
2021-06-02,基金,黄金ETF(518880.XSHG),多,29400股,29400股,3.793,111514.2,-4889.68,3.959,-,0,-1764,0股,-4.2%,930600.07,11.98%
2021-06-02,股票,长江电力(600900.XSHG),多,4700股,4700股,19.82,93154,-1903.5,20.225,-,0,-517,0股,-2%,930600.07,10.01%
2021-06-02,股票,农业银行(601288.XSHG),多,47000股,47000股,3.29,154630,6229.89,3.157,-,0,1880,0股,4.2%,930600.07,16.62%
2021-06-02,,Cash,,,,,4980.07,,,,,,,,0
2021-06-03,基金,豆粕ETF华夏(159985.XSHE),多,54900股,54900股,1.289,70766.1,12063.64,1.069,-,0,549,0股,20.55%,931214.77,7.6%
2021-06-03,基金,10年地债(511270.XSHG),多,3900股,3900股,103.414,403314.6,7238.3,101.558,-,0,19.5,0股,1.83%,931214.77,43.31%
2021-06-03,基金,纳指ETF(513100.XSHG),多,20800股,20800股,4.473,93038.4,-1675.05,4.554,-,0,228.8,0股,-1.77%,931214.77,9.99%
2021-06-03,基金,黄金ETF(518880.XSHG),多,29400股,29400股,3.774,110955.6,-5448.28,3.959,-,0,-558.6,0股,-4.68%,931214.77,11.92%
2021-06-03,股票,长江电力(600900.XSHG),多,4700股,4700股,19.9,93530,-1527.5,20.225,-,0,376,0股,-1.61%,931214.77,10.04%
2021-06-03,股票,农业银行(601288.XSHG),多,47000股,47000股,3.29,154630,6229.89,3.157,-,0,0,0股,4.2%,931214.77,16.61%
2021-06-03,,Cash,,,,,4980.07,,,,,,,,0
2021-06-04,基金,豆粕ETF华夏(159985.XSHE),多,54900股,54900股,1.269,69668.1,10965.64,1.069,-,0,-1098,0股,18.68%,929003.07,7.5%
2021-06-04,基金,10年地债(511270.XSHG),多,3900股,3900股,103.301,402873.9,6797.6,101.558,-,0,-440.7,0股,1.72%,929003.07,43.37%
2021-06-04,基金,纳指ETF(513100.XSHG),多,20800股,20800股,4.439,92331.2,-2382.25,4.554,-,0,-707.2,0股,-2.52%,929003.07,9.94%
2021-06-04,基金,黄金ETF(518880.XSHG),多,29400股,29400股,3.732,109720.8,-6683.08,3.959,-,0,-1234.8,0股,-5.74%,929003.07,11.81%
2021-06-04,股票,长江电力(600900.XSHG),多,4700股,4700股,19.87,93389,-1668.5,20.225,-,0,-141,0股,-1.76%,929003.07,10.05%
2021-06-04,股票,农业银行(601288.XSHG),多,47000股,47000股,3.32,156040,7639.89,3.157,-,0,1410,0股,5.15%,929003.07,16.8%
2021-06-04,,Cash,,,,,4980.07,,,,,,,,0
2021-06-07,基金,豆粕ETF华夏(159985.XSHE),多,54900股,54900股,1.3,71370,12667.54,1.069,-,0,1701.9,0股,21.58%,931833.87,7.66%
2021-06-07,基金,10年地债(511270.XSHG),多,3900股,3900股,103.228,402589.2,6512.9,101.558,-,0,-284.7,0股,1.64%,931833.87,43.2%
2021-06-07,基金,纳指ETF(513100.XSHG),多,20800股,20800股,4.501,93620.8,-1092.65,4.554,-,0,1289.6,0股,-1.15%,931833.87,10.05%
2021-06-07,基金,黄金ETF(518880.XSHG),多,29400股,29400股,3.757,110455.8,-5948.08,3.959,-,0,735,0股,-5.11%,931833.87,11.85%
2021-06-07,股票,长江电力(600900.XSHG),多,4700股,4700股,19.74,92778,-2279.5,20.225,-,0,-611,0股,-2.4%,931833.87,9.96%
2021-06-07,股票,农业银行(601288.XSHG),多,47000股,47000股,3.32,156040,7639.89,3.157,-,0,0,0股,5.15%,931833.87,16.75%
2021-06-07,,Cash,,,,,4980.07,,,,,,,,0
2021-06-08,基金,豆粕ETF华夏(159985.XSHE),多,51000股,51000股,1.299,66249,11716.66,1.069,-,0,-51,0股,21.49%,935476.39,7.08%
2021-06-08,基金,10年地债(511270.XSHG),多,4100股,4100股,103.503,424362.3,7630.4,101.642,-,0,1117.5,200股,1.83%,935476.39,45.36%
2021-06-08,基金,纳指ETF(513100.XSHG),多,19000股,19000股,4.517,85823,-694.09,4.554,-,0,304,0股,-0.8%,935476.39,9.17%
2021-06-08,基金,黄金ETF(518880.XSHG),多,30900股,30900股,3.778,116740.2,-5342.68,3.951,-,0,605.4,1500股,-4.38%,935476.39,12.48%
2021-06-08,股票,长江电力(600900.XSHG),多,4500股,4500股,19.82,89190,-1822.5,20.225,-,0,360,0股,-2%,935476.39,9.53%
2021-06-08,股票,农业银行(601288.XSHG),多,44100股,44100股,3.35,147735,8491.49,3.157,-,0,1323,0股,6.1%,935476.39,15.79%
2021-06-08,,Cash,,,,,5376.89,,,,,,,,0
2021-06-09,基金,豆粕ETF华夏(159985.XSHE),多,51000股,51000股,1.298,66198,11665.66,1.069,-,0,-51,0股,21.39%,936872.59,7.07%
2021-06-09,基金,10年地债(511270.XSHG),多,4100股,4100股,103.302,423538.2,6806.3,101.642,-,0,-824.1,0股,1.63%,936872.59,45.21%
2021-06-09,基金,纳指ETF(513100.XSHG),多,19000股,19000股,4.523,85937,-580.09,4.554,-,0,114,0股,-0.67%,936872.59,9.17%
2021-06-09,基金,黄金ETF(518880.XSHG),多,30900股,30900股,3.775,116647.5,-5435.38,3.951,-,0,-92.7,0股,-4.45%,936872.59,12.45%
2021-06-09,股票,长江电力(600900.XSHG),多,4500股,4500股,20.32,91440,427.5,20.225,-,0,2250,0股,0.47%,936872.59,9.76%
2021-06-09,股票,农业银行(601288.XSHG),多,44100股,44100股,3.35,147735,8491.49,3.157,-,0,0,0股,6.1%,936872.59,15.77%
2021-06-09,,Cash,,,,,5376.89,,,,,,,,0
2021-06-10,基金,豆粕ETF华夏(159985.XSHE),多,51000股,51000股,1.299,66249,11716.66,1.069,-,0,51,0股,21.49%,935023.39,7.09%
2021-06-10,基金,10年地债(511270.XSHG),多,4100股,4100股,103.309,423566.9,6835,101.642,-,0,28.7,0股,1.64%,935023.39,45.3%
2021-06-10,基金,纳指ETF(513100.XSHG),多,19000股,19000股,4.509,85671,-846.09,4.554,-,0,-266,0股,-0.98%,935023.39,9.16%
2021-06-10,基金,黄金ETF(518880.XSHG),多,30900股,30900股,3.764,116307.6,-5775.28,3.951,-,0,-339.9,0股,-4.73%,935023.39,12.44%
2021-06-10,股票,长江电力(600900.XSHG),多,4500股,4500股,20.32,91440,427.5,20.225,-,0,0,0股,0.47%,935023.39,9.78%
2021-06-10,股票,农业银行(601288.XSHG),多,44100股,44100股,3.32,146412,7168.49,3.157,-,0,-1323,0股,5.15%,935023.39,15.66%
2021-06-10,,Cash,,,,,5376.89,,,,,,,,0
2021-06-11,基金,豆粕ETF华夏(159985.XSHE),多,51000股,51000股,1.305,66555,12022.66,1.069,-,0,306,0股,22.05%,940171.39,7.08%
2021-06-11,基金,10年地债(511270.XSHG),多,4100股,4100股,103.6,424760,8028.1,101.642,-,0,1193.1,0股,1.93%,940171.39,45.18%
2021-06-11,基金,纳指ETF(513100.XSHG),多,19000股,19000股,4.563,86697,179.91,4.554,-,0,1026,0股,0.21%,940171.39,9.22%
2021-06-11,基金,黄金ETF(518880.XSHG),多,30900股,30900股,3.795,117265.5,-4817.38,3.951,-,0,957.9,0股,-3.95%,940171.39,12.47%
2021-06-11,股票,长江电力(600900.XSHG),多,4500股,4500股,20.69,93105,2092.5,20.225,-,0,1665,0股,2.3%,940171.39,9.9%
2021-06-11,股票,农业银行(601288.XSHG),多,44100股,44100股,3.32,146412,7168.49,3.157,-,0,0,0股,5.15%,940171.39,15.57%
2021-06-11,,Cash,,,,,5376.89,,,,,,,,0
2021-06-15,基金,豆粕ETF华夏(159985.XSHE),多,51000股,51000股,1.252,63852,9319.66,1.069,-,0,-2703,0股,17.09%,934073.19,6.84%
2021-06-15,基金,10年地债(511270.XSHG),多,4100股,4100股,103.653,424977.3,8245.4,101.642,-,0,217.3,0股,1.98%,934073.19,45.5%
2021-06-15,基金,纳指ETF(513100.XSHG),多,19000股,19000股,4.633,88027,1509.91,4.554,-,0,1330,0股,1.75%,934073.19,9.42%
2021-06-15,基金,黄金ETF(518880.XSHG),多,30900股,30900股,3.73,115257,-6825.88,3.951,-,0,-2008.5,0股,-5.59%,934073.19,12.34%
2021-06-15,股票,长江电力(600900.XSHG),多,4500股,4500股,20.43,91935,922.5,20.225,-,0,-1170,0股,1.01%,934073.19,9.84%
2021-06-15,股票,农业银行(601288.XSHG),多,44100股,44100股,3.28,144648,5404.49,3.157,-,0,-1764,0股,3.88%,934073.19,15.49%
2021-06-15,,Cash,,,,,5376.89,,,,,,,,0
2021-06-16,基金,豆粕ETF华夏(159985.XSHE),多,51000股,51000股,1.244,63444,8911.66,1.069,-,0,-408,0股,16.34%,933710.09,6.79%
2021-06-16,基金,10年地债(511270.XSHG),多,4100股,4100股,103.951,426199.1,9467.2,101.642,-,0,1221.8,0股,2.27%,933710.09,45.65%
2021-06-16,基金,纳指ETF(513100.XSHG),多,19000股,19000股,4.603,87457,939.91,4.554,-,0,-570,0股,1.09%,933710.09,9.37%
2021-06-16,基金,黄金ETF(518880.XSHG),多,30900股,30900股,3.729,115226.1,-6856.78,3.951,-,0,-30.9,0股,-5.62%,933710.09,12.34%
2021-06-16,股票,长江电力(600900.XSHG),多,4500股,4500股,20.4,91800,787.5,20.225,-,0,-135,0股,0.87%,933710.09,9.83%
2021-06-16,股票,农业银行(601288.XSHG),多,44100股,44100股,3.27,144207,4963.49,3.157,-,0,-441,0股,3.56%,933710.09,15.44%
2021-06-16,,Cash,,,,,5376.89,,,,,,,,0
2021-06-17,基金,豆粕ETF华夏(159985.XSHE),多,51000股,51000股,1.236,63036,8503.66,1.069,-,0,-408,0股,15.59%,929990.62,6.78%
2021-06-17,基金,10年地债(511270.XSHG),多,4100股,4100股,104.131,426937.1,10205.2,101.642,-,0,738,0股,2.45%,929990.62,45.91%
2021-06-17,基金,纳指ETF(513100.XSHG),多,19000股,19000股,4.588,87172,654.91,4.554,-,0,-285,0股,0.76%,929990.62,9.37%
2021-06-17,基金,黄金ETF(518880.XSHG),多,30900股,30900股,3.667,113310.3,-8772.58,3.951,-,0,-1915.8,0股,-7.19%,929990.62,12.18%
2021-06-17,股票,长江电力(600900.XSHG),多,4500股,4500股,20.4,91800,787.5,20.225,-,0,0,0股,0.87%,929990.62,9.87%
2021-06-17,股票,农业银行(601288.XSHG),多,44100股,44100股,3.08,135828,4747.4,2.972,-,0,-216.09,0股,3.62%,929990.62,14.61%
2021-06-17,,Cash,,,,,11907.22,,,,,,,,0
2021-06-18,基金,豆粕ETF华夏(159985.XSHE),多,51000股,51000股,1.21,61710,7177.66,1.069,-,0,-1326,0股,13.16%,927809.52,6.65%
2021-06-18,基金,10年地债(511270.XSHG),多,4100股,4100股,104.468,428318.8,11586.9,101.642,-,0,1381.7,0股,2.78%,927809.52,46.16%
2021-06-18,基金,纳指ETF(513100.XSHG),多,19000股,19000股,4.684,88996,2478.91,4.554,-,0,1824,0股,2.87%,927809.52,9.59%
2021-06-18,基金,黄金ETF(518880.XSHG),多,30900股,30900股,3.625,112012.5,-10070.38,3.951,-,0,-1297.8,0股,-8.25%,927809.52,12.07%
2021-06-18,股票,长江电力(600900.XSHG),多,4500股,4500股,20.08,90360,-652.5,20.225,-,0,-1440,0股,-0.72%,927809.52,9.74%
2021-06-18,股票,农业银行(601288.XSHG),多,44100股,44100股,3.05,134505,3424.4,2.972,-,0,-1323,0股,2.61%,927809.52,14.5%
2021-06-18,,Cash,,,,,11907.22,,,,,,,,0
2021-06-21,基金,豆粕ETF华夏(159985.XSHE),多,51000股,51000股,1.217,62067,7534.66,1.069,-,0,357,0股,13.82%,925430.02,6.71%
2021-06-21,基金,10年地债(511270.XSHG),多,4100股,4100股,104.346,427818.6,11086.7,101.642,-,0,-500.2,0股,2.66%,925430.02,46.23%
2021-06-21,基金,纳指ETF(513100.XSHG),多,19000股,19000股,4.641,88179,1661.91,4.554,-,0,-817,0股,1.92%,925430.02,9.53%
2021-06-21,基金,黄金ETF(518880.XSHG),多,30900股,30900股,3.628,112105.2,-9977.68,3.951,-,0,92.7,0股,-8.17%,925430.02,12.11%
2021-06-21,股票,长江电力(600900.XSHG),多,4500股,4500股,19.94,89730,-1282.5,20.225,-,0,-630,0股,-1.41%,925430.02,9.7%
2021-06-21,股票,农业银行(601288.XSHG),多,44100股,44100股,3.03,133623,2542.4,2.972,-,0,-882,0股,1.94%,925430.02,14.44%
2021-06-21,,Cash,,,,,11907.22,,,,,,,,0
2021-06-22,基金,豆粕ETF华夏(159985.XSHE),多,51000股,51000股,1.218,62118,7585.66,1.069,-,0,51,0股,13.91%,928084.72,6.69%
2021-06-22,基金,10年地债(511270.XSHG),多,4100股,4100股,104.406,428064.6,11332.7,101.642,-,0,246,0股,2.72%,928084.72,46.12%
2021-06-22,基金,纳指ETF(513100.XSHG),多,19000股,19000股,4.671,88749,2231.91,4.554,-,0,570,0股,2.58%,928084.72,9.56%
2021-06-22,基金,黄金ETF(518880.XSHG),多,30900股,30900股,3.641,112506.9,-9575.98,3.951,-,0,401.7,0股,-7.84%,928084.72,12.12%
2021-06-22,股票,长江电力(600900.XSHG),多,4500股,4500股,20.15,90675,-337.5,20.225,-,0,945,0股,-0.37%,928084.72,9.77%
2021-06-22,股票,农业银行(601288.XSHG),多,44100股,44100股,3.04,134064,2983.4,2.972,-,0,441,0股,2.28%,928084.72,14.45%
2021-06-22,,Cash,,,,,11907.22,,,,,,,,0
2021-06-23,基金,豆粕ETF华夏(159985.XSHE),多,51000股,51000股,1.214,61914,7381.66,1.069,-,0,-204,0股,13.54%,930912.72,6.65%
2021-06-23,基金,10年地债(511270.XSHG),多,4100股,4100股,104.65,429065,12333.1,101.642,-,0,1000.4,0股,2.96%,930912.72,46.09%
2021-06-23,基金,纳指ETF(513100.XSHG),多,19000股,19000股,4.743,90117,3599.91,4.554,-,0,1368,0股,4.16%,930912.72,9.68%
2021-06-23,基金,黄金ETF(518880.XSHG),多,30900股,30900股,3.645,112630.5,-9452.38,3.951,-,0,123.6,0股,-7.74%,930912.72,12.1%
2021-06-23,股票,长江电力(600900.XSHG),多,4500股,4500股,20.27,91215,202.5,20.225,-,0,540,0股,0.22%,930912.72,9.8%
2021-06-23,股票,农业银行(601288.XSHG),多,44100股,44100股,3.04,134064,2983.4,2.972,-,0,0,0股,2.28%,930912.72,14.4%
2021-06-23,,Cash,,,,,11907.22,,,,,,,,0
2021-06-24,基金,豆粕ETF华夏(159985.XSHE),多,51000股,51000股,1.218,62118,7585.66,1.069,-,0,204,0股,13.91%,930030.42,6.68%
2021-06-24,基金,10年地债(511270.XSHG),多,4100股,4100股,104.16,427056,10324.1,101.642,-,0,-2009,0股,2.48%,930030.42,45.92%
2021-06-24,基金,纳指ETF(513100.XSHG),多,19000股,19000股,4.742,90098,3580.91,4.554,-,0,-19,0股,4.14%,930030.42,9.69%
2021-06-24,基金,黄金ETF(518880.XSHG),多,30900股,30900股,3.628,112105.2,-9977.68,3.951,-,0,-525.3,0股,-8.17%,930030.42,12.05%
2021-06-24,股票,长江电力(600900.XSHG),多,4500股,4500股,20.4,91800,787.5,20.225,-,0,585,0股,0.87%,930030.42,9.87%
2021-06-24,股票,农业银行(601288.XSHG),多,44100股,44100股,3.06,134946,3865.4,2.972,-,0,882,0股,2.95%,930030.42,14.51%
2021-06-24,,Cash,,,,,11907.22,,,,,,,,0
2021-06-25,基金,豆粕ETF华夏(159985.XSHE),多,51000股,51000股,1.221,62271,7738.66,1.069,-,0,153,0股,14.19%,932133.82,6.68%
2021-06-25,基金,10年地债(511270.XSHG),多,4100股,4100股,104.23,427343,10611.1,101.642,-,0,287,0股,2.55%,932133.82,45.85%
2021-06-25,基金,纳指ETF(513100.XSHG),多,19000股,19000股,4.756,90364,3846.91,4.554,-,0,266,0股,4.45%,932133.82,9.69%
2021-06-25,基金,黄金ETF(518880.XSHG),多,30900股,30900股,3.624,111981.6,-10101.28,3.951,-,0,-123.6,0股,-8.27%,932133.82,12.01%
2021-06-25,股票,长江电力(600900.XSHG),多,4500股,4500股,20.64,92880,1867.5,20.225,-,0,1080,0股,2.05%,932133.82,9.96%
2021-06-25,股票,农业银行(601288.XSHG),多,44100股,44100股,3.07,135387,4306.4,2.972,-,0,441,0股,3.29%,932133.82,14.52%
2021-06-25,,Cash,,,,,11907.22,,,,,,,,0
2021-06-28,基金,豆粕ETF华夏(159985.XSHE),多,51000股,51000股,1.239,63189,8656.66,1.069,-,0,918,0股,15.87%,934514.42,6.76%
2021-06-28,基金,10年地债(511270.XSHG),多,4100股,4100股,104.351,427839.1,11107.2,101.642,-,0,496.1,0股,2.67%,934514.42,45.78%
2021-06-28,基金,纳指ETF(513100.XSHG),多,19000股,19000股,4.767,90573,4055.91,4.554,-,0,209,0股,4.69%,934514.42,9.69%
2021-06-28,基金,黄金ETF(518880.XSHG),多,30900股,30900股,3.629,112136.1,-9946.78,3.951,-,0,154.5,0股,-8.15%,934514.42,12%
2021-06-28,股票,长江电力(600900.XSHG),多,4500股,4500股,20.97,94365,3352.5,20.225,-,0,1485,0股,3.68%,934514.42,10.1%
2021-06-28,股票,农业银行(601288.XSHG),多,44100股,44100股,3.05,134505,3424.4,2.972,-,0,-882,0股,2.61%,934514.42,14.39%
2021-06-28,,Cash,,,,,11907.22,,,,,,,,0
2021-06-29,基金,豆粕ETF华夏(159985.XSHE),多,51000股,51000股,1.243,63393,8860.66,1.069,-,0,204,0股,16.25%,931712.62,6.8%
2021-06-29,基金,10年地债(511270.XSHG),多,4100股,4100股,104.28,427548,10816.1,101.642,-,0,-291.1,0股,2.6%,931712.62,45.89%
2021-06-29,基金,纳指ETF(513100.XSHG),多,19000股,19000股,4.803,91257,4739.91,4.554,-,0,684,0股,5.48%,931712.62,9.79%
2021-06-29,基金,黄金ETF(518880.XSHG),多,30900股,30900股,3.616,111734.4,-10348.48,3.951,-,0,-401.7,0股,-8.48%,931712.62,11.99%
2021-06-29,股票,长江电力(600900.XSHG),多,4500股,4500股,20.5,92250,1237.5,20.225,-,0,-2115,0股,1.36%,931712.62,9.9%
2021-06-29,股票,农业银行(601288.XSHG),多,44100股,44100股,3.03,133623,2542.4,2.972,-,0,-882,0股,1.94%,931712.62,14.34%
2021-06-29,,Cash,,,,,11907.22,,,,,,,,0
2021-06-30,基金,豆粕ETF华夏(159985.XSHE),多,51000股,51000股,1.253,63903,9370.66,1.069,-,0,510,0股,17.18%,933477.42,6.85%
2021-06-30,基金,10年地债(511270.XSHG),多,4100股,4100股,104.516,428515.6,11783.7,101.642,-,0,967.6,0股,2.83%,933477.42,45.91%
2021-06-30,基金,纳指ETF(513100.XSHG),多,19000股,19000股,4.837,91903,5385.91,4.554,-,0,646,0股,6.23%,933477.42,9.85%
2021-06-30,基金,黄金ETF(518880.XSHG),多,30900股,30900股,3.584,110745.6,-11337.28,3.951,-,0,-988.8,0股,-9.29%,933477.42,11.86%
2021-06-30,股票,长江电力(600900.XSHG),多,4500股,4500股,20.64,92880,1867.5,20.225,-,0,630,0股,2.05%,933477.42,9.95%
2021-06-30,股票,农业银行(601288.XSHG),多,44100股,44100股,3.03,133623,2542.4,2.972,-,0,0,0股,1.94%,933477.42,14.31%
2021-06-30,,Cash,,,,,11907.22,,,,,,,,0
2021-07-01,基金,豆粕ETF华夏(159985.XSHE),多,51000股,51000股,1.306,66606,12073.66,1.069,-,0,2703,0股,22.14%,938061.32,7.1%
2021-07-01,基金,10年地债(511270.XSHG),多,4100股,4100股,104.3,427630,10898.1,101.642,-,0,-885.6,0股,2.62%,938061.32,45.59%
2021-07-01,基金,纳指ETF(513100.XSHG),多,19000股,19000股,4.827,91713,5195.91,4.554,-,0,-190,0股,6.01%,938061.32,9.78%
2021-07-01,基金,黄金ETF(518880.XSHG),多,30900股,30900股,3.629,112136.1,-9946.78,3.951,-,0,1390.5,0股,-8.15%,938061.32,11.95%
2021-07-01,股票,长江电力(600900.XSHG),多,4500股,4500股,20.89,94005,2992.5,20.225,-,0,1125,0股,3.29%,938061.32,10.02%
2021-07-01,股票,农业银行(601288.XSHG),多,44100股,44100股,3.04,134064,2983.4,2.972,-,0,441,0股,2.28%,938061.32,14.29%
2021-07-01,,Cash,,,,,11907.22,,,,,,,,0
2021-07-02,基金,豆粕ETF华夏(159985.XSHE),多,51000股,51000股,1.329,67779,13246.66,1.069,-,0,1173,0股,24.29%,936660.02,7.24%
2021-07-02,基金,10年地债(511270.XSHG),多,4100股,4100股,104.4,428040,11308.1,101.642,-,0,410,0股,2.71%,936660.02,45.7%
2021-07-02,基金,纳指ETF(513100.XSHG),多,19000股,19000股,4.828,91732,5214.91,4.554,-,0,19,0股,6.03%,936660.02,9.79%
2021-07-02,基金,黄金ETF(518880.XSHG),多,30900股,30900股,3.632,112228.8,-9854.08,3.951,-,0,92.7,0股,-8.07%,936660.02,11.98%
2021-07-02,股票,长江电力(600900.XSHG),多,4500股,4500股,20.3,91350,337.5,20.225,-,0,-2655,0股,0.37%,936660.02,9.75%
2021-07-02,股票,农业银行(601288.XSHG),多,44100股,44100股,3.03,133623,2542.4,2.972,-,0,-441,0股,1.94%,936660.02,14.27%
2021-07-02,,Cash,,,,,11907.22,,,,,,,,0
2021-07-05,基金,豆粕ETF华夏(159985.XSHE),多,51000股,51000股,1.312,66912,12379.66,1.069,-,0,-867,0股,22.7%,937743.92,7.14%
2021-07-05,基金,10年地债(511270.XSHG),多,4100股,4100股,104.602,428868.2,12136.3,101.642,-,0,828.2,0股,2.91%,937743.92,45.73%
2021-07-05,基金,纳指ETF(513100.XSHG),多,19000股,19000股,4.883,92777,6259.91,4.554,-,0,1045,0股,7.24%,937743.92,9.89%
2021-07-05,基金,黄金ETF(518880.XSHG),多,30900股,30900股,3.645,112630.5,-9452.38,3.951,-,0,401.7,0股,-7.74%,937743.92,12.01%
2021-07-05,股票,长江电力(600900.XSHG),多,4500股,4500股,20.13,90585,-427.5,20.225,-,0,-765,0股,-0.47%,937743.92,9.66%
2021-07-05,股票,农业银行(601288.XSHG),多,44100股,44100股,3.04,134064,2983.4,2.972,-,0,441,0股,2.28%,937743.92,14.3%
2021-07-05,,Cash,,,,,11907.22,,,,,,,,0
2021-07-06,基金,豆粕ETF华夏(159985.XSHE),多,51000股,51000股,1.303,66453,11920.66,1.069,-,0,-459,0股,21.86%,939863.82,7.07%
2021-07-06,基金,10年地债(511270.XSHG),多,4100股,4100股,104.695,429249.5,12517.6,101.642,-,0,381.3,0股,3%,939863.82,45.67%
2021-07-06,基金,纳指ETF(513100.XSHG),多,19000股,19000股,4.887,92853,6335.91,4.554,-,0,76,0股,7.32%,939863.82,9.88%
2021-07-06,基金,黄金ETF(518880.XSHG),多,30900股,30900股,3.679,113681.1,-8401.78,3.951,-,0,1050.6,0股,-6.88%,939863.82,12.1%
2021-07-06,股票,长江电力(600900.XSHG),多,4500股,4500股,20.27,91215,202.5,20.225,-,0,630,0股,0.22%,939863.82,9.71%
2021-07-06,股票,农业银行(601288.XSHG),多,44100股,44100股,3.05,134505,3424.4,2.972,-,0,441,0股,2.61%,939863.82,14.31%
2021-07-06,,Cash,,,,,11907.22,,,,,,,,0
2021-07-07,基金,豆粕ETF华夏(159985.XSHE),多,51000股,51000股,1.281,65331,10798.66,1.069,-,0,-1122,0股,19.8%,938756.02,6.96%
2021-07-07,基金,10年地债(511270.XSHG),多,4100股,4100股,104.744,429450.4,12718.5,101.642,-,0,200.9,0股,3.05%,938756.02,45.75%
2021-07-07,基金,纳指ETF(513100.XSHG),多,19000股,19000股,4.919,93461,6943.91,4.554,-,0,608,0股,8.03%,938756.02,9.96%
2021-07-07,基金,黄金ETF(518880.XSHG),多,30900股,30900股,3.676,113588.4,-8494.48,3.951,-,0,-92.7,0股,-6.96%,938756.02,12.1%
2021-07-07,股票,长江电力(600900.XSHG),多,4500股,4500股,20.31,91395,382.5,20.225,-,0,180,0股,0.42%,938756.02,9.74%
2021-07-07,股票,农业银行(601288.XSHG),多,44100股,44100股,3.03,133623,2542.4,2.972,-,0,-882,0股,1.94%,938756.02,14.23%
2021-07-07,,Cash,,,,,11907.22,,,,,,,,0
2021-07-08,基金,豆粕ETF华夏(159985.XSHE),多,48400股,48400股,1.285,62194,10441.74,1.069,-,0,193.6,0股,20.18%,938834.19,6.62%
2021-07-08,基金,10年地债(511270.XSHG),多,4100股,4100股,104.956,430319.6,13587.7,101.642,-,0,869.2,0股,3.26%,938834.19,45.84%
2021-07-08,基金,纳指ETF(513100.XSHG),多,17900股,17900股,4.91,87889,6380.79,4.554,-,0,-161.1,0股,7.83%,938834.19,9.36%
2021-07-08,基金,黄金ETF(518880.XSHG),多,31700股,31700股,3.67,116339,-8682.28,3.944,-,0,-187.8,800股,-6.94%,938834.19,12.39%
2021-07-08,股票,长江电力(600900.XSHG),多,4200股,4200股,20.31,85302,357,20.225,-,0,0,0股,0.42%,938834.19,9.09%
2021-07-08,股票,农业银行(601288.XSHG),多,50200股,44100股,3.02,151604,1979.4,2.981,-,0,-563,6100股,1.32%,938834.19,16.15%
2021-07-08,,Cash,,,,,5186.59,,,,,,,,0
2021-07-09,基金,豆粕ETF华夏(159985.XSHE),多,48400股,48400股,1.285,62194,10441.74,1.069,-,0,0,0股,20.18%,940327.39,6.61%
2021-07-09,基金,10年地债(511270.XSHG),多,4100股,4100股,105.151,431119.1,14387.2,101.642,-,0,799.5,0股,3.45%,940327.39,45.85%
2021-07-09,基金,纳指ETF(513100.XSHG),多,17900股,17900股,4.903,87763.7,6255.49,4.554,-,0,-125.3,0股,7.67%,940327.39,9.33%
2021-07-09,基金,黄金ETF(518880.XSHG),多,31700股,31700股,3.68,116656,-8365.28,3.944,-,0,317,0股,-6.69%,940327.39,12.41%
2021-07-09,股票,长江电力(600900.XSHG),多,4200股,4200股,20.31,85302,357,20.225,-,0,0,0股,0.42%,940327.39,9.07%
2021-07-09,股票,农业银行(601288.XSHG),多,50200股,50200股,3.03,152106,2481.4,2.981,-,0,502,0股,1.66%,940327.39,16.18%
2021-07-09,,Cash,,,,,5186.59,,,,,,,,0
2021-07-12,基金,豆粕ETF华夏(159985.XSHE),多,48400股,48400股,1.286,62242.4,10490.14,1.069,-,0,48.4,0股,20.27%,940203.49,6.62%
2021-07-12,基金,10年地债(511270.XSHG),多,4100股,4100股,105.501,432554.1,15822.2,101.642,-,0,1435,0股,3.8%,940203.49,46.01%
2021-07-12,基金,纳指ETF(513100.XSHG),多,17900股,17900股,4.934,88318.6,6810.39,4.554,-,0,554.9,0股,8.36%,940203.49,9.39%
2021-07-12,基金,黄金ETF(518880.XSHG),多,31700股,31700股,3.674,116465.8,-8555.48,3.944,-,0,-190.2,0股,-6.84%,940203.49,12.39%
2021-07-12,股票,长江电力(600900.XSHG),多,4200股,4200股,19.96,83832,-1113,20.225,-,0,-1470,0股,-1.31%,940203.49,8.92%
2021-07-12,股票,农业银行(601288.XSHG),多,50200股,50200股,3.02,151604,1979.4,2.981,-,0,-502,0股,1.32%,940203.49,16.12%
2021-07-12,,Cash,,,,,5186.59,,,,,,,,0
2021-07-13,基金,豆粕ETF华夏(159985.XSHE),多,48400股,48400股,1.295,62678,10925.74,1.069,-,0,435.6,0股,21.11%,941363.89,6.66%
2021-07-13,基金,10年地债(511270.XSHG),多,4100股,4100股,105.3,431730,14998.1,101.642,-,0,-824.1,0股,3.6%,941363.89,45.86%
2021-07-13,基金,纳指ETF(513100.XSHG),多,17900股,17900股,4.94,88426,6917.79,4.554,-,0,107.4,0股,8.49%,941363.89,9.39%
2021-07-13,基金,黄金ETF(518880.XSHG),多,31700股,31700股,3.689,116941.3,-8079.98,3.944,-,0,475.5,0股,-6.46%,941363.89,12.42%
2021-07-13,股票,长江电力(600900.XSHG),多,4200股,4200股,20.19,84798,-147,20.225,-,0,966,0股,-0.17%,941363.89,9.01%
2021-07-13,股票,农业银行(601288.XSHG),多,50200股,50200股,3.02,151604,1979.4,2.981,-,0,0,0股,1.32%,941363.89,16.1%
2021-07-13,,Cash,,,,,5186.59,,,,,,,,0
2021-07-14,基金,豆粕ETF华夏(159985.XSHE),多,48400股,48400股,1.299,62871.6,11119.34,1.069,-,0,193.6,0股,21.49%,941219.79,6.68%
2021-07-14,基金,10年地债(511270.XSHG),多,4100股,4100股,105.55,432755,16023.1,101.642,-,0,1025,0股,3.84%,941219.79,45.98%
2021-07-14,基金,纳指ETF(513100.XSHG),多,17900股,17900股,4.938,88390.2,6881.99,4.554,-,0,-35.8,0股,8.44%,941219.79,9.39%
2021-07-14,基金,黄金ETF(518880.XSHG),多,31700股,31700股,3.692,117036.4,-7984.88,3.944,-,0,95.1,0股,-6.39%,941219.79,12.43%
2021-07-14,股票,长江电力(600900.XSHG),多,4200股,4200股,20.21,84882,-63,20.225,-,0,84,0股,-0.07%,941219.79,9.02%
2021-07-14,股票,农业银行(601288.XSHG),多,50200股,50200股,2.99,150098,473.4,2.981,-,0,-1506,0股,0.32%,941219.79,15.95%
2021-07-14,,Cash,,,,,5186.59,,,,,,,,0
2021-07-15,基金,豆粕ETF华夏(159985.XSHE),多,48400股,48400股,1.311,63452.4,11700.14,1.069,-,0,580.8,0股,22.61%,943715.39,6.72%
2021-07-15,基金,10年地债(511270.XSHG),多,4100股,4100股,105.555,432775.5,16043.6,101.642,-,0,20.5,0股,3.85%,943715.39,45.86%
2021-07-15,基金,纳指ETF(513100.XSHG),多,17900股,17900股,4.948,88569.2,7060.99,4.554,-,0,179,0股,8.66%,943715.39,9.39%
2021-07-15,基金,黄金ETF(518880.XSHG),多,31700股,31700股,3.721,117955.7,-7065.58,3.944,-,0,919.3,0股,-5.65%,943715.39,12.5%
2021-07-15,股票,长江电力(600900.XSHG),多,4200股,4200股,20.28,85176,231,20.225,-,0,294,0股,0.27%,943715.39,9.03%
2021-07-15,股票,农业银行(601288.XSHG),多,50200股,50200股,3,150600,975.4,2.981,-,0,502,0股,0.65%,943715.39,15.96%
2021-07-15,,Cash,,,,,5186.59,,,,,,,,0
2021-07-16,基金,豆粕ETF华夏(159985.XSHE),多,48400股,48400股,1.312,63500.8,11748.54,1.069,-,0,48.4,0股,22.7%,940275.89,6.75%
2021-07-16,基金,10年地债(511270.XSHG),多,4100股,4100股,105.541,432718.1,15986.2,101.642,-,0,-57.4,0股,3.84%,940275.89,46.02%
2021-07-16,基金,纳指ETF(513100.XSHG),多,17900股,17900股,4.903,87763.7,6255.49,4.554,-,0,-805.5,0股,7.67%,940275.89,9.33%
2021-07-16,基金,黄金ETF(518880.XSHG),多,31700股,31700股,3.711,117638.7,-7382.58,3.944,-,0,-317,0股,-5.91%,940275.89,12.51%
2021-07-16,股票,长江电力(600900.XSHG),多,4200股,4200股,19.29,81018,-987,19.525,-,0,-1218,0股,-1.2%,940275.89,8.62%
2021-07-16,股票,农业银行(601288.XSHG),多,50200股,50200股,2.99,150098,473.4,2.981,-,0,-502,0股,0.32%,940275.89,15.96%
2021-07-16,,Cash,,,,,7538.59,,,,,,,,0
2021-07-19,基金,豆粕ETF华夏(159985.XSHE),多,48400股,48400股,1.33,64372,12619.74,1.069,-,0,871.2,0股,24.38%,940725.19,6.84%
2021-07-19,基金,10年地债(511270.XSHG),多,4100股,4100股,105.577,432865.7,16133.8,101.642,-,0,147.6,0股,3.87%,940725.19,46.01%
2021-07-19,基金,纳指ETF(513100.XSHG),多,17900股,17900股,4.874,87244.6,5736.39,4.554,-,0,-519.1,0股,7.04%,940725.19,9.27%
2021-07-19,基金,黄金ETF(518880.XSHG),多,31700股,31700股,3.679,116624.3,-8396.98,3.944,-,0,-1014.4,0股,-6.72%,940725.19,12.4%
2021-07-19,股票,长江电力(600900.XSHG),多,4200股,4200股,19.4,81480,-525,19.525,-,0,462,0股,-0.64%,940725.19,8.66%
2021-07-19,股票,农业银行(601288.XSHG),多,50200股,50200股,3,150600,975.4,2.981,-,0,502,0股,0.65%,940725.19,16.01%
2021-07-19,,Cash,,,,,7538.59,,,,,,,,0
2021-07-20,基金,豆粕ETF华夏(159985.XSHE),多,48400股,48400股,1.326,64178.4,12426.14,1.069,-,0,-193.6,0股,24.01%,941143.49,6.82%
2021-07-20,基金,10年地债(511270.XSHG),多,4100股,4100股,105.655,433185.5,16453.6,101.642,-,0,319.8,0股,3.95%,941143.49,46.03%
2021-07-20,基金,纳指ETF(513100.XSHG),多,17900股,17900股,4.863,87047.7,5539.49,4.554,-,0,-196.9,0股,6.8%,941143.49,9.25%
2021-07-20,基金,黄金ETF(518880.XSHG),多,31700股,31700股,3.709,117575.3,-7445.98,3.944,-,0,951,0股,-5.96%,941143.49,12.49%
2021-07-20,股票,长江电力(600900.XSHG),多,4200股,4200股,19.29,81018,-987,19.525,-,0,-462,0股,-1.2%,941143.49,8.61%
2021-07-20,股票,农业银行(601288.XSHG),多,50200股,50200股,3,150600,975.4,2.981,-,0,0,0股,0.65%,941143.49,16%
2021-07-20,,Cash,,,,,7538.59,,,,,,,,0
2021-07-21,基金,豆粕ETF华夏(159985.XSHE),多,48400股,48400股,1.317,63742.8,11990.54,1.069,-,0,-435.6,0股,23.17%,940435.09,6.78%
2021-07-21,基金,10年地债(511270.XSHG),多,4100股,4100股,105.975,434497.5,17765.6,101.642,-,0,1312,0股,4.26%,940435.09,46.2%
2021-07-21,基金,纳指ETF(513100.XSHG),多,17900股,17900股,4.893,87584.7,6076.49,4.554,-,0,537,0股,7.46%,940435.09,9.31%
2021-07-21,基金,黄金ETF(518880.XSHG),多,31700股,31700股,3.695,117131.5,-7889.78,3.944,-,0,-443.8,0股,-6.31%,940435.09,12.46%
2021-07-21,股票,长江电力(600900.XSHG),多,4200股,4200股,19.01,79842,-2163,19.525,-,0,-1176,0股,-2.64%,940435.09,8.49%
2021-07-21,股票,农业银行(601288.XSHG),多,50200股,50200股,2.99,150098,473.4,2.981,-,0,-502,0股,0.32%,940435.09,15.96%
2021-07-21,,Cash,,,,,7538.59,,,,,,,,0
2021-07-22,基金,豆粕ETF华夏(159985.XSHE),多,48400股,48400股,1.298,62823.2,11070.94,1.069,-,0,-919.6,0股,21.39%,939405.89,6.69%
2021-07-22,基金,10年地债(511270.XSHG),多,4100股,4100股,106.02,434682,17950.1,101.642,-,0,184.5,0股,4.31%,939405.89,46.27%
2021-07-22,基金,纳指ETF(513100.XSHG),多,17900股,17900股,4.938,88390.2,6881.99,4.554,-,0,805.5,0股,8.44%,939405.89,9.41%
2021-07-22,基金,黄金ETF(518880.XSHG),多,31700股,31700股,3.667,116243.9,-8777.38,3.944,-,0,-887.6,0股,-7.02%,939405.89,12.37%
2021-07-22,股票,长江电力(600900.XSHG),多,4200股,4200股,18.84,79128,-2877,19.525,-,0,-714,0股,-3.51%,939405.89,8.42%
2021-07-22,股票,农业银行(601288.XSHG),多,50200股,50200股,3,150600,975.4,2.981,-,0,502,0股,0.65%,939405.89,16.03%
2021-07-22,,Cash,,,,,7538.59,,,,,,,,0
2021-07-23,基金,豆粕ETF华夏(159985.XSHE),多,48400股,48400股,1.286,62242.4,10490.14,1.069,-,0,-580.8,0股,20.27%,940687.79,6.62%
2021-07-23,基金,10年地债(511270.XSHG),多,4100股,4100股,106.355,436055.5,19323.6,101.642,-,0,1373.5,0股,4.64%,940687.79,46.35%
2021-07-23,基金,纳指ETF(513100.XSHG),多,17900股,17900股,4.975,89052.5,7544.29,4.554,-,0,662.3,0股,9.26%,940687.79,9.47%
2021-07-23,基金,黄金ETF(518880.XSHG),多,31700股,31700股,3.684,116782.8,-8238.48,3.944,-,0,538.9,0股,-6.59%,940687.79,12.41%
2021-07-23,股票,长江电力(600900.XSHG),多,4200股,4200股,18.79,78918,-3087,19.525,-,0,-210,0股,-3.76%,940687.79,8.39%
2021-07-23,股票,农业银行(601288.XSHG),多,50200股,50200股,2.99,150098,473.4,2.981,-,0,-502,0股,0.32%,940687.79,15.96%
2021-07-23,,Cash,,,,,7538.59,,,,,,,,0
2021-07-26,基金,豆粕ETF华夏(159985.XSHE),多,48400股,48400股,1.256,60790.4,9038.14,1.069,-,0,-1452,0股,17.46%,940603.19,6.46%
2021-07-26,基金,10年地债(511270.XSHG),多,4100股,4100股,106.402,436248.2,19516.3,101.642,-,0,192.7,0股,4.68%,940603.19,46.38%
2021-07-26,基金,纳指ETF(513100.XSHG),多,17900股,17900股,5.041,90233.9,8725.69,4.554,-,0,1181.4,0股,10.71%,940603.19,9.59%
2021-07-26,基金,黄金ETF(518880.XSHG),多,31700股,31700股,3.693,117068.1,-7953.18,3.944,-,0,285.3,0股,-6.36%,940603.19,12.45%
2021-07-26,股票,长江电力(600900.XSHG),多,4200股,4200股,18.84,79128,-2877,19.525,-,0,210,0股,-3.51%,940603.19,8.41%
2021-07-26,股票,农业银行(601288.XSHG),多,50200股,50200股,2.98,149596,-28.6,2.981,-,0,-502,0股,-0.02%,940603.19,15.9%
2021-07-26,,Cash,,,,,7538.59,,,,,,,,0
2021-07-27,基金,豆粕ETF华夏(159985.XSHE),多,48400股,48400股,1.269,61419.6,9667.34,1.069,-,0,629.2,0股,18.68%,937657.09,6.55%
2021-07-27,基金,10年地债(511270.XSHG),多,4100股,4100股,106.585,436998.5,20266.6,101.642,-,0,750.3,0股,4.86%,937657.09,46.61%
2021-07-27,基金,纳指ETF(513100.XSHG),多,17900股,17900股,5.03,90037,8528.79,4.554,-,0,-196.9,0股,10.46%,937657.09,9.6%
2021-07-27,基金,黄金ETF(518880.XSHG),多,31700股,31700股,3.662,116085.4,-8935.88,3.944,-,0,-982.7,0股,-7.15%,937657.09,12.38%
2021-07-27,股票,长江电力(600900.XSHG),多,4200股,4200股,18.33,76986,-5019,19.525,-,0,-2142,0股,-6.12%,937657.09,8.21%
2021-07-27,股票,农业银行(601288.XSHG),多,50200股,50200股,2.96,148592,-1032.6,2.981,-,0,-1004,0股,-0.69%,937657.09,15.85%
2021-07-27,,Cash,,,,,7538.59,,,,,,,,0
2021-07-28,基金,豆粕ETF华夏(159985.XSHE),多,48400股,48400股,1.274,61661.6,9909.34,1.069,-,0,242,0股,19.15%,940338.49,6.56%
2021-07-28,基金,10年地债(511270.XSHG),多,4100股,4100股,106.557,436883.7,20151.8,101.642,-,0,-114.8,0股,4.84%,940338.49,46.46%
2021-07-28,基金,纳指ETF(513100.XSHG),多,17900股,17900股,4.98,89142,7633.79,4.554,-,0,-895,0股,9.37%,940338.49,9.48%
2021-07-28,基金,黄金ETF(518880.XSHG),多,31700股,31700股,3.698,117226.6,-7794.68,3.944,-,0,1141.2,0股,-6.23%,940338.49,12.47%
2021-07-28,股票,长江电力(600900.XSHG),多,4200股,4200股,18.76,78792,-3213,19.525,-,0,1806,0股,-3.92%,940338.49,8.38%
2021-07-28,股票,农业银行(601288.XSHG),多,50200股,50200股,2.97,149094,-530.6,2.981,-,0,502,0股,-0.35%,940338.49,15.86%
2021-07-28,,Cash,,,,,7538.59,,,,,,,,0
2021-07-29,基金,豆粕ETF华夏(159985.XSHE),多,48400股,48400股,1.3,62920,11167.74,1.069,-,0,1258.4,0股,21.58%,940351.09,6.69%
2021-07-29,基金,10年地债(511270.XSHG),多,4100股,4100股,106.525,436752.5,20020.6,101.642,-,0,-131.2,0股,4.8%,940351.09,46.45%
2021-07-29,基金,纳指ETF(513100.XSHG),多,17900股,17900股,4.996,89428.4,7920.19,4.554,-,0,286.4,0股,9.72%,940351.09,9.51%
2021-07-29,基金,黄金ETF(518880.XSHG),多,31700股,31700股,3.708,117543.6,-7477.68,3.944,-,0,317,0股,-5.98%,940351.09,12.5%
2021-07-29,股票,长江电力(600900.XSHG),多,4200股,4200股,18.59,78078,-3927,19.525,-,0,-714,0股,-4.79%,940351.09,8.3%
2021-07-29,股票,农业银行(601288.XSHG),多,50200股,50200股,2.95,148090,-1534.6,2.981,-,0,-1004,0股,-1.03%,940351.09,15.75%
2021-07-29,,Cash,,,,,7538.59,,,,,,,,0
2021-07-30,基金,豆粕ETF华夏(159985.XSHE),多,48400股,48400股,1.311,63452.4,11700.14,1.069,-,0,532.4,0股,22.61%,941060.49,6.74%
2021-07-30,基金,10年地债(511270.XSHG),多,4100股,4100股,106.667,437334.7,20602.8,101.642,-,0,582.2,0股,4.94%,941060.49,46.47%
2021-07-30,基金,纳指ETF(513100.XSHG),多,17900股,17900股,4.912,87924.8,6416.59,4.554,-,0,-1503.6,0股,7.87%,941060.49,9.34%
2021-07-30,基金,黄金ETF(518880.XSHG),多,31700股,31700股,3.72,117924,-7097.28,3.944,-,0,380.4,0股,-5.68%,941060.49,12.53%
2021-07-30,股票,长江电力(600900.XSHG),多,4200股,4200股,19,79800,-2205,19.525,-,0,1722,0股,-2.69%,941060.49,8.48%
2021-07-30,股票,农业银行(601288.XSHG),多,50200股,50200股,2.93,147086,-2538.6,2.981,-,0,-1004,0股,-1.7%,941060.49,15.63%
2021-07-30,,Cash,,,,,7538.59,,,,,,,,0
2021-08-02,基金,豆粕ETF华夏(159985.XSHE),多,48400股,48400股,1.306,63210.4,11458.14,1.069,-,0,-242,0股,22.14%,941009.59,6.72%
2021-08-02,基金,10年地债(511270.XSHG),多,4100股,4100股,106.706,437494.6,20762.7,101.642,-,0,159.9,0股,4.98%,941009.59,46.49%
2021-08-02,基金,纳指ETF(513100.XSHG),多,17900股,17900股,4.98,89142,7633.79,4.554,-,0,1217.2,0股,9.37%,941009.59,9.47%
2021-08-02,基金,黄金ETF(518880.XSHG),多,31700股,31700股,3.68,116656,-8365.28,3.944,-,0,-1268,0股,-6.69%,941009.59,12.4%
2021-08-02,股票,长江电力(600900.XSHG),多,4200股,4200股,18.9,79380,-2625,19.525,-,0,-420,0股,-3.2%,941009.59,8.44%
2021-08-02,股票,农业银行(601288.XSHG),多,50200股,50200股,2.94,147588,-2036.6,2.981,-,0,502,0股,-1.36%,941009.59,15.68%
2021-08-02,,Cash,,,,,7538.59,,,,,,,,0
2021-08-03,基金,豆粕ETF华夏(159985.XSHE),多,48400股,48400股,1.302,63016.8,11264.54,1.069,-,0,-193.6,0股,21.77%,939688.39,6.71%
2021-08-03,基金,10年地债(511270.XSHG),多,4100股,4100股,106.741,437638.1,20906.2,101.642,-,0,143.5,0股,5.02%,939688.39,46.57%
2021-08-03,基金,纳指ETF(513100.XSHG),多,17900股,17900股,4.968,88927.2,7418.99,4.554,-,0,-214.8,0股,9.1%,939688.39,9.46%
2021-08-03,基金,黄金ETF(518880.XSHG),多,31700股,31700股,3.681,116687.7,-8333.58,3.944,-,0,31.7,0股,-6.67%,939688.39,12.42%
2021-08-03,股票,长江电力(600900.XSHG),多,4200股,4200股,18.88,79296,-2709,19.525,-,0,-84,0股,-3.3%,939688.39,8.44%
2021-08-03,股票,农业银行(601288.XSHG),多,50200股,50200股,2.92,146584,-3040.6,2.981,-,0,-1004,0股,-2.03%,939688.39,15.6%
2021-08-03,,Cash,,,,,7538.59,,,,,,,,0
2021-08-04,基金,豆粕ETF华夏(159985.XSHE),多,48400股,48400股,1.29,62436,10683.74,1.069,-,0,-580.8,0股,20.64%,940908.79,6.64%
2021-08-04,基金,10年地债(511270.XSHG),多,4100股,4100股,106.79,437839,21107.1,101.642,-,0,200.9,0股,5.06%,940908.79,46.53%
2021-08-04,基金,纳指ETF(513100.XSHG),多,17900股,17900股,5.001,89517.9,8009.69,4.554,-,0,590.7,0股,9.83%,940908.79,9.51%
2021-08-04,基金,黄金ETF(518880.XSHG),多,31700股,31700股,3.689,116941.3,-8079.98,3.944,-,0,253.6,0股,-6.46%,940908.79,12.43%
2021-08-04,股票,长江电力(600900.XSHG),多,4200股,4200股,19.06,80052,-1953,19.525,-,0,756,0股,-2.38%,940908.79,8.51%
2021-08-04,股票,农业银行(601288.XSHG),多,50200股,50200股,2.92,146584,-3040.6,2.981,-,0,0,0股,-2.03%,940908.79,15.58%
2021-08-04,,Cash,,,,,7538.59,,,,,,,,0
2021-08-05,基金,豆粕ETF华夏(159985.XSHE),多,48400股,48400股,1.278,61855.2,10102.94,1.069,-,0,-580.8,0股,19.52%,939465.19,6.58%
2021-08-05,基金,10年地债(511270.XSHG),多,4100股,4100股,106.785,437818.5,21086.6,101.642,-,0,-20.5,0股,5.06%,939465.19,46.6%
2021-08-05,基金,纳指ETF(513100.XSHG),多,17900股,17900股,4.996,89428.4,7920.19,4.554,-,0,-89.5,0股,9.72%,939465.19,9.52%
2021-08-05,基金,黄金ETF(518880.XSHG),多,31700股,31700股,3.685,116814.5,-8206.78,3.944,-,0,-126.8,0股,-6.56%,939465.19,12.43%
2021-08-05,股票,长江电力(600900.XSHG),多,4200股,4200股,19.15,80430,-1575,19.525,-,0,378,0股,-1.92%,939465.19,8.56%
2021-08-05,股票,农业银行(601288.XSHG),多,50200股,50200股,2.9,145580,-4044.6,2.981,-,0,-1004,0股,-2.7%,939465.19,15.5%
2021-08-05,,Cash,,,,,7538.59,,,,,,,,0
2021-08-06,基金,豆粕ETF华夏(159985.XSHE),多,48400股,48400股,1.285,62194,10441.74,1.069,-,0,338.8,0股,20.18%,939797.59,6.62%
2021-08-06,基金,10年地债(511270.XSHG),多,4100股,4100股,106.772,437765.2,21033.3,101.642,-,0,-53.3,0股,5.05%,939797.59,46.58%
2021-08-06,基金,纳指ETF(513100.XSHG),多,17900股,17900股,5.033,90090.7,8582.49,4.554,-,0,662.3,0股,10.53%,939797.59,9.59%
2021-08-06,基金,黄金ETF(518880.XSHG),多,31700股,31700股,3.663,116117.1,-8904.18,3.944,-,0,-697.4,0股,-7.12%,939797.59,12.36%
2021-08-06,股票,长江电力(600900.XSHG),多,4200股,4200股,19.05,80010,-1995,19.525,-,0,-420,0股,-2.43%,939797.59,8.51%
2021-08-06,股票,农业银行(601288.XSHG),多,50200股,50200股,2.91,146082,-3542.6,2.981,-,0,502,0股,-2.37%,939797.59,15.54%
2021-08-06,,Cash,,,,,7538.59,,,,,,,,0
2021-08-09,基金,豆粕ETF华夏(159985.XSHE),多,43100股,43100股,1.3,56030,9944.83,1.069,-,0,646.5,0股,21.58%,938854.86,5.97%
2021-08-09,基金,10年地债(511270.XSHG),多,4500股,4500股,106.816,480672,21240.9,102.096,-,0,207.6,400股,4.62%,938854.86,51.2%
2021-08-09,基金,纳指ETF(513100.XSHG),多,17100股,17100股,5.008,85636.8,7771.42,4.554,-,0,-427.5,0股,9.98%,938854.86,9.12%
2021-08-09,基金,黄金ETF(518880.XSHG),多,31400股,31400股,3.568,112035.2,-11802.91,3.944,-,0,-2983,0股,-9.53%,938854.86,11.93%
2021-08-09,股票,长江电力(600900.XSHG),多,3600股,3600股,19.35,69660,-630,19.525,-,0,1080,0股,-0.9%,938854.86,7.42%
2021-08-09,股票,农业银行(601288.XSHG),多,45100股,45100股,2.92,131692,-2731.69,2.981,-,0,451,0股,-2.03%,938854.86,14.03%
2021-08-09,,Cash,,,,,3128.86,,,,,,,,0
2021-08-10,基金,豆粕ETF华夏(159985.XSHE),多,43100股,43100股,1.306,56288.6,10203.43,1.069,-,0,258.6,0股,22.14%,939499.36,5.99%
2021-08-10,基金,10年地债(511270.XSHG),多,4500股,4500股,106.766,480447,21015.9,102.096,-,0,-225,0股,4.57%,939499.36,51.14%
2021-08-10,基金,纳指ETF(513100.XSHG),多,17100股,17100股,5.031,86030.1,8164.72,4.554,-,0,393.3,0股,10.49%,939499.36,9.16%
2021-08-10,基金,黄金ETF(518880.XSHG),多,31400股,31400股,3.552,111532.8,-12305.31,3.944,-,0,-502.4,0股,-9.94%,939499.36,11.87%
2021-08-10,股票,长江电力(600900.XSHG),多,3600股,3600股,19.55,70380,90,19.525,-,0,720,0股,0.13%,939499.36,7.49%
2021-08-10,股票,农业银行(601288.XSHG),多,45100股,45100股,2.92,131692,-2731.69,2.981,-,0,0,0股,-2.03%,939499.36,14.02%
2021-08-10,,Cash,,,,,3128.86,,,,,,,,0
2021-08-11,基金,豆粕ETF华夏(159985.XSHE),多,43100股,43100股,1.304,56202.4,10117.23,1.069,-,0,-86.2,0股,21.95%,940060.06,5.98%
2021-08-11,基金,10年地债(511270.XSHG),多,4500股,4500股,106.716,480222,20790.9,102.096,-,0,-225,0股,4.53%,940060.06,51.08%
2021-08-11,基金,纳指ETF(513100.XSHG),多,17100股,17100股,5.006,85602.6,7737.22,4.554,-,0,-427.5,0股,9.94%,940060.06,9.11%
2021-08-11,基金,黄金ETF(518880.XSHG),多,31400股,31400股,3.548,111407.2,-12430.91,3.944,-,0,-125.6,0股,-10.04%,940060.06,11.85%
2021-08-11,股票,长江电力(600900.XSHG),多,3600股,3600股,19.57,70452,162,19.525,-,0,72,0股,0.23%,940060.06,7.49%
2021-08-11,股票,农业银行(601288.XSHG),多,45100股,45100股,2.95,133045,-1378.69,2.981,-,0,1353,0股,-1.03%,940060.06,14.15%
2021-08-11,,Cash,,,,,3128.86,,,,,,,,0
2021-08-12,基金,豆粕ETF华夏(159985.XSHE),多,43100股,43100股,1.281,55211.1,9125.93,1.069,-,0,-991.3,0股,19.8%,939810.66,5.87%
2021-08-12,基金,10年地债(511270.XSHG),多,4500股,4500股,106.715,480217.5,20786.4,102.096,-,0,-4.5,0股,4.52%,939810.66,51.1%
2021-08-12,基金,纳指ETF(513100.XSHG),多,17100股,17100股,4.992,85363.2,7497.82,4.554,-,0,-239.4,0股,9.63%,939810.66,9.08%
2021-08-12,基金,黄金ETF(518880.XSHG),多,31400股,31400股,3.58,112412,-11426.11,3.944,-,0,1004.8,0股,-9.23%,939810.66,11.96%
2021-08-12,股票,长江电力(600900.XSHG),多,3600股,3600股,19.69,70884,594,19.525,-,0,432,0股,0.85%,939810.66,7.54%
2021-08-12,股票,农业银行(601288.XSHG),多,45100股,45100股,2.94,132594,-1829.69,2.981,-,0,-451,0股,-1.36%,939810.66,14.11%
2021-08-12,,Cash,,,,,3128.86,,,,,,,,0
2021-08-13,基金,豆粕ETF华夏(159985.XSHE),多,43100股,43100股,1.311,56504.1,10418.93,1.069,-,0,1293,0股,22.61%,941139.36,6%
2021-08-13,基金,10年地债(511270.XSHG),多,4500股,4500股,106.75,480375,20943.9,102.096,-,0,157.5,0股,4.56%,941139.36,51.04%
2021-08-13,基金,纳指ETF(513100.XSHG),多,17100股,17100股,5.01,85671,7805.62,4.554,-,0,307.8,0股,10.02%,941139.36,9.1%
2021-08-13,基金,黄金ETF(518880.XSHG),多,31400股,31400股,3.591,112757.4,-11080.71,3.944,-,0,345.4,0股,-8.95%,941139.36,11.98%
2021-08-13,股票,长江电力(600900.XSHG),多,3600股,3600股,19.6,70560,270,19.525,-,0,-324,0股,0.38%,941139.36,7.5%
2021-08-13,股票,农业银行(601288.XSHG),多,45100股,45100股,2.93,132143,-2280.69,2.981,-,0,-451,0股,-1.7%,941139.36,14.04%
2021-08-13,,Cash,,,,,3128.86,,,,,,,,0
2021-08-16,基金,豆粕ETF华夏(159985.XSHE),多,43100股,43100股,1.324,57064.4,10979.23,1.069,-,0,560.3,0股,23.82%,944408.36,6.04%
2021-08-16,基金,10年地债(511270.XSHG),多,4500股,4500股,106.961,481324.5,21893.4,102.096,-,0,949.5,0股,4.77%,944408.36,50.97%
2021-08-16,基金,纳指ETF(513100.XSHG),多,17100股,17100股,5.022,85876.2,8010.82,4.554,-,0,205.2,0股,10.29%,944408.36,9.09%
2021-08-16,基金,黄金ETF(518880.XSHG),多,31400股,31400股,3.621,113699.4,-10138.71,3.944,-,0,942,0股,-8.19%,944408.36,12.04%
2021-08-16,股票,长江电力(600900.XSHG),多,3600股,3600股,19.77,71172,882,19.525,-,0,612,0股,1.25%,944408.36,7.54%
2021-08-16,股票,农业银行(601288.XSHG),多,45100股,45100股,2.93,132143,-2280.69,2.981,-,0,0,0股,-1.7%,944408.36,13.99%
2021-08-16,,Cash,,,,,3128.86,,,,,,,,0
2021-08-17,基金,豆粕ETF华夏(159985.XSHE),多,43100股,43100股,1.325,57107.5,11022.33,1.069,-,0,43.1,0股,23.92%,945512.46,6.04%
2021-08-17,基金,10年地债(511270.XSHG),多,4500股,4500股,106.986,481437,22005.9,102.096,-,0,112.5,0股,4.79%,945512.46,50.92%
2021-08-17,基金,纳指ETF(513100.XSHG),多,17100股,17100股,5.039,86166.9,8301.52,4.554,-,0,290.7,0股,10.66%,945512.46,9.11%
2021-08-17,基金,黄金ETF(518880.XSHG),多,31400股,31400股,3.658,114861.2,-8976.91,3.944,-,0,1161.8,0股,-7.25%,945512.46,12.15%
2021-08-17,股票,长江电力(600900.XSHG),多,3600股,3600股,19.63,70668,378,19.525,-,0,-504,0股,0.54%,945512.46,7.47%
2021-08-17,股票,农业银行(601288.XSHG),多,45100股,45100股,2.93,132143,-2280.69,2.981,-,0,0,0股,-1.7%,945512.46,13.98%
2021-08-17,,Cash,,,,,3128.86,,,,,,,,0
2021-08-18,基金,豆粕ETF华夏(159985.XSHE),多,43100股,43100股,1.312,56547.2,10462.03,1.069,-,0,-560.3,0股,22.7%,945881.96,5.98%
2021-08-18,基金,10年地债(511270.XSHG),多,4500股,4500股,106.944,481248,21816.9,102.096,-,0,-189,0股,4.75%,945881.96,50.88%
2021-08-18,基金,纳指ETF(513100.XSHG),多,17100股,17100股,5.009,85653.9,7788.52,4.554,-,0,-513,0股,10%,945881.96,9.06%
2021-08-18,基金,黄金ETF(518880.XSHG),多,31400股,31400股,3.66,114924,-8914.11,3.944,-,0,62.8,0股,-7.2%,945881.96,12.15%
2021-08-18,股票,长江电力(600900.XSHG),多,3600股,3600股,19.69,70884,594,19.525,-,0,216,0股,0.85%,945881.96,7.49%
2021-08-18,股票,农业银行(601288.XSHG),多,45100股,45100股,2.96,133496,-927.69,2.981,-,0,1353,0股,-0.69%,945881.96,14.11%
2021-08-18,,Cash,,,,,3128.86,,,,,,,,0
2021-08-19,基金,豆粕ETF华夏(159985.XSHE),多,43100股,43100股,1.292,55685.2,9600.03,1.069,-,0,-862,0股,20.83%,942874.46,5.91%
2021-08-19,基金,10年地债(511270.XSHG),多,4500股,4500股,106.898,481041,21609.9,102.096,-,0,-207,0股,4.7%,942874.46,51.02%
2021-08-19,基金,纳指ETF(513100.XSHG),多,17100股,17100股,4.922,84166.2,6300.82,4.554,-,0,-1487.7,0股,8.09%,942874.46,8.93%
2021-08-19,基金,黄金ETF(518880.XSHG),多,31400股,31400股,3.648,114547.2,-9290.91,3.944,-,0,-376.8,0股,-7.5%,942874.46,12.15%
2021-08-19,股票,长江电力(600900.XSHG),多,3600股,3600股,19.92,71712,1422,19.525,-,0,828,0股,2.02%,942874.46,7.61%
2021-08-19,股票,农业银行(601288.XSHG),多,45100股,45100股,2.94,132594,-1829.69,2.981,-,0,-902,0股,-1.36%,942874.46,14.06%
2021-08-19,,Cash,,,,,3128.86,,,,,,,,0
2021-08-20,基金,豆粕ETF华夏(159985.XSHE),多,43100股,43100股,1.286,55426.6,9341.43,1.069,-,0,-258.6,0股,20.27%,944240.36,5.87%
2021-08-20,基金,10年地债(511270.XSHG),多,4500股,4500股,106.863,480883.5,21452.4,102.096,-,0,-157.5,0股,4.67%,944240.36,50.93%
2021-08-20,基金,纳指ETF(513100.XSHG),多,17100股,17100股,4.968,84952.8,7087.42,4.554,-,0,786.6,0股,9.1%,944240.36,9%
2021-08-20,基金,黄金ETF(518880.XSHG),多,31400股,31400股,3.659,114892.6,-8945.51,3.944,-,0,345.4,0股,-7.22%,944240.36,12.17%
2021-08-20,股票,长江电力(600900.XSHG),多,3600股,3600股,19.85,71460,1170,19.525,-,0,-252,0股,1.66%,944240.36,7.57%
2021-08-20,股票,农业银行(601288.XSHG),多,45100股,45100股,2.96,133496,-927.69,2.981,-,0,902,0股,-0.69%,944240.36,14.14%
2021-08-20,,Cash,,,,,3128.86,,,,,,,,0
2021-08-23,基金,豆粕ETF华夏(159985.XSHE),多,43100股,43100股,1.271,54780.1,8694.93,1.069,-,0,-646.5,0股,18.87%,944734.76,5.8%
2021-08-23,基金,10年地债(511270.XSHG),多,4500股,4500股,106.834,480753,21321.9,102.096,-,0,-130.5,0股,4.64%,944734.76,50.89%
2021-08-23,基金,纳指ETF(513100.XSHG),多,17100股,17100股,5.05,86355,8489.62,4.554,-,0,1402.2,0股,10.9%,944734.76,9.14%
2021-08-23,基金,黄金ETF(518880.XSHG),多,31400股,31400股,3.652,114672.8,-9165.31,3.944,-,0,-219.8,0股,-7.4%,944734.76,12.14%
2021-08-23,股票,长江电力(600900.XSHG),多,3600股,3600股,20,72000,1710,19.525,-,0,540,0股,2.43%,944734.76,7.62%
2021-08-23,股票,农业银行(601288.XSHG),多,45100股,45100股,2.95,133045,-1378.69,2.981,-,0,-451,0股,-1.03%,944734.76,14.08%
2021-08-23,,Cash,,,,,3128.86,,,,,,,,0
2021-08-24,基金,豆粕ETF华夏(159985.XSHE),多,43100股,43100股,1.275,54952.5,8867.33,1.069,-,0,172.4,0股,19.24%,945904.26,5.81%
2021-08-24,基金,10年地债(511270.XSHG),多,4500股,4500股,106.81,480645,21213.9,102.096,-,0,-108,0股,4.62%,945904.26,50.81%
2021-08-24,基金,纳指ETF(513100.XSHG),多,17100股,17100股,5.123,87603.3,9737.92,4.554,-,0,1248.3,0股,12.51%,945904.26,9.26%
2021-08-24,基金,黄金ETF(518880.XSHG),多,31400股,31400股,3.679,115520.6,-8317.51,3.944,-,0,847.8,0股,-6.72%,945904.26,12.21%
2021-08-24,股票,长江电力(600900.XSHG),多,3600股,3600股,19.85,71460,1170,19.525,-,0,-540,0股,1.66%,945904.26,7.55%
2021-08-24,股票,农业银行(601288.XSHG),多,45100股,45100股,2.94,132594,-1829.69,2.981,-,0,-451,0股,-1.36%,945904.26,14.02%
2021-08-24,,Cash,,,,,3128.86,,,,,,,,0
2021-08-25,基金,豆粕ETF华夏(159985.XSHE),多,43100股,43100股,1.279,55124.9,9039.73,1.069,-,0,172.4,0股,19.62%,944471.26,5.84%
2021-08-25,基金,10年地债(511270.XSHG),多,4500股,4500股,106.815,480667.5,21236.4,102.096,-,0,22.5,0股,4.62%,944471.26,50.89%
2021-08-25,基金,纳指ETF(513100.XSHG),多,17100股,17100股,5.118,87517.8,9652.42,4.554,-,0,-85.5,0股,12.4%,944471.26,9.27%
2021-08-25,基金,黄金ETF(518880.XSHG),多,31400股,31400股,3.658,114861.2,-8976.91,3.944,-,0,-659.4,0股,-7.25%,944471.26,12.16%
2021-08-25,股票,长江电力(600900.XSHG),多,3600股,3600股,19.73,71028,738,19.525,-,0,-432,0股,1.05%,944471.26,7.52%
2021-08-25,股票,农业银行(601288.XSHG),多,45100股,45100股,2.93,132143,-2280.69,2.981,-,0,-451,0股,-1.7%,944471.26,13.99%
2021-08-25,,Cash,,,,,3128.86,,,,,,,,0
2021-08-26,基金,豆粕ETF华夏(159985.XSHE),多,43100股,43100股,1.279,55124.9,9039.73,1.069,-,0,0,0股,19.62%,942857.86,5.85%
2021-08-26,基金,10年地债(511270.XSHG),多,4500股,4500股,106.858,480861,21429.9,102.096,-,0,193.5,0股,4.66%,942857.86,51%
2021-08-26,基金,纳指ETF(513100.XSHG),多,17100股,17100股,5.111,87398.1,9532.72,4.554,-,0,-119.7,0股,12.24%,942857.86,9.27%
2021-08-26,基金,黄金ETF(518880.XSHG),多,31400股,31400股,3.645,114453,-9385.11,3.944,-,0,-408.2,0股,-7.58%,942857.86,12.14%
2021-08-26,股票,长江电力(600900.XSHG),多,3600股,3600股,19.5,70200,-90,19.525,-,0,-828,0股,-0.13%,942857.86,7.45%
2021-08-26,股票,农业银行(601288.XSHG),多,45100股,45100股,2.92,131692,-2731.69,2.981,-,0,-451,0股,-2.03%,942857.86,13.97%
2021-08-26,,Cash,,,,,3128.86,,,,,,,,0
2021-08-27,基金,豆粕ETF华夏(159985.XSHE),多,43100股,43100股,1.274,54909.4,8824.23,1.069,-,0,-215.5,0股,19.15%,944215.56,5.82%
2021-08-27,基金,10年地债(511270.XSHG),多,4500股,4500股,106.21,477945,21213.9,101.496,-,0,-216,0股,4.64%,944215.56,50.62%
2021-08-27,基金,纳指ETF(513100.XSHG),多,17100股,17100股,5.115,87466.5,9601.12,4.554,-,0,68.4,0股,12.33%,944215.56,9.26%
2021-08-27,基金,黄金ETF(518880.XSHG),多,31400股,31400股,3.682,115614.8,-8223.31,3.944,-,0,1161.8,0股,-6.64%,944215.56,12.24%
2021-08-27,股票,长江电力(600900.XSHG),多,3600股,3600股,19.53,70308,18,19.525,-,0,108,0股,0.03%,944215.56,7.45%
2021-08-27,股票,农业银行(601288.XSHG),多,45100股,45100股,2.93,132143,-2280.69,2.981,-,0,451,0股,-1.7%,944215.56,14%
2021-08-27,,Cash,,,,,5828.86,,,,,,,,0
2021-08-30,基金,豆粕ETF华夏(159985.XSHE),多,43100股,43100股,1.283,55297.3,9212.13,1.069,-,0,387.9,0股,19.99%,943472.96,5.86%
2021-08-30,基金,10年地债(511270.XSHG),多,4500股,4500股,106.2,477900,21168.9,101.496,-,0,-45,0股,4.63%,943472.96,50.65%
2021-08-30,基金,纳指ETF(513100.XSHG),多,17100股,17100股,5.154,88133.4,10268.02,4.554,-,0,666.9,0股,13.19%,943472.96,9.34%
2021-08-30,基金,黄金ETF(518880.XSHG),多,31400股,31400股,3.691,115897.4,-7940.71,3.944,-,0,282.6,0股,-6.41%,943472.96,12.28%
2021-08-30,股票,长江电力(600900.XSHG),多,3600股,3600股,19.09,68724,-1566,19.525,-,0,-1584,0股,-2.23%,943472.96,7.28%
2021-08-30,股票,农业银行(601288.XSHG),多,45100股,45100股,2.92,131692,-2731.69,2.981,-,0,-451,0股,-2.03%,943472.96,13.96%
2021-08-30,,Cash,,,,,5828.86,,,,,,,,0
2021-08-31,基金,豆粕ETF华夏(159985.XSHE),多,43100股,43100股,1.279,55124.9,9039.73,1.069,-,0,-172.4,0股,19.62%,947170.16,5.82%
2021-08-31,基金,10年地债(511270.XSHG),多,4500股,4500股,106.2,477900,21168.9,101.496,-,0,0,0股,4.63%,947170.16,50.46%
2021-08-31,基金,纳指ETF(513100.XSHG),多,17100股,17100股,5.224,89330.4,11465.02,4.554,-,0,1197,0股,14.72%,947170.16,9.43%
2021-08-31,基金,黄金ETF(518880.XSHG),多,31400股,31400股,3.69,115866,-7972.11,3.944,-,0,-31.4,0股,-6.44%,947170.16,12.23%
2021-08-31,股票,长江电力(600900.XSHG),多,3600股,3600股,19.34,69624,-666,19.525,-,0,900,0股,-0.95%,947170.16,7.35%
2021-08-31,股票,农业银行(601288.XSHG),多,45100股,45100股,2.96,133496,-927.69,2.981,-,0,1804,0股,-0.69%,947170.16,14.09%
2021-08-31,,Cash,,,,,5828.86,,,,,,,,0
2021-09-01,基金,豆粕ETF华夏(159985.XSHE),多,43100股,43100股,1.271,54780.1,8694.93,1.069,-,0,-344.8,0股,18.87%,951457.96,5.76%
2021-09-01,基金,10年地债(511270.XSHG),多,4500股,4500股,106.636,479862,23130.9,101.496,-,0,1962,0股,5.06%,951457.96,50.43%
2021-09-01,基金,纳指ETF(513100.XSHG),多,17100股,17100股,5.2,88920,11054.62,4.554,-,0,-410.4,0股,14.2%,951457.96,9.35%
2021-09-01,基金,黄金ETF(518880.XSHG),多,31400股,31400股,3.69,115866,-7972.11,3.944,-,0,0,0股,-6.44%,951457.96,12.18%
2021-09-01,股票,长江电力(600900.XSHG),多,3600股,3600股,19.82,71352,1062,19.525,-,0,1728,0股,1.51%,951457.96,7.5%
2021-09-01,股票,农业银行(601288.XSHG),多,45100股,45100股,2.99,134849,425.31,2.981,-,0,1353,0股,0.32%,951457.96,14.17%
2021-09-01,,Cash,,,,,5828.86,,,,,,,,0
2021-09-02,基金,豆粕ETF华夏(159985.XSHE),多,43100股,43100股,1.274,54909.4,8824.23,1.069,-,0,129.3,0股,19.15%,951336.36,5.77%
2021-09-02,基金,10年地债(511270.XSHG),多,4500股,4500股,106.6,479700,22968.9,101.496,-,0,-162,0股,5.03%,951336.36,50.42%
2021-09-02,基金,纳指ETF(513100.XSHG),多,17100股,17100股,5.193,88800.3,10934.92,4.554,-,0,-119.7,0股,14.04%,951336.36,9.33%
2021-09-02,基金,黄金ETF(518880.XSHG),多,31400股,31400股,3.687,115771.8,-8066.31,3.944,-,0,-94.2,0股,-6.51%,951336.36,12.17%
2021-09-02,股票,长江电力(600900.XSHG),多,3600股,3600股,19.98,71928,1638,19.525,-,0,576,0股,2.33%,951336.36,7.56%
2021-09-02,股票,农业银行(601288.XSHG),多,45100股,45100股,2.98,134398,-25.69,2.981,-,0,-451,0股,-0.02%,951336.36,14.13%
2021-09-02,,Cash,,,,,5828.86,,,,,,,,0
2021-09-03,基金,豆粕ETF华夏(159985.XSHE),多,43100股,43100股,1.271,54780.1,8694.93,1.069,-,0,-129.3,0股,18.87%,953199.96,5.75%
2021-09-03,基金,10年地债(511270.XSHG),多,4500股,4500股,106.72,480240,23508.9,101.496,-,0,540,0股,5.15%,953199.96,50.38%
2021-09-03,基金,纳指ETF(513100.XSHG),多,17100股,17100股,5.182,88612.2,10746.82,4.554,-,0,-188.1,0股,13.8%,953199.96,9.3%
2021-09-03,基金,黄金ETF(518880.XSHG),多,31400股,31400股,3.687,115771.8,-8066.31,3.944,-,0,0,0股,-6.51%,953199.96,12.15%
2021-09-03,股票,长江电力(600900.XSHG),多,3600股,3600股,20.06,72216,1926,19.525,-,0,288,0股,2.74%,953199.96,7.58%
2021-09-03,股票,农业银行(601288.XSHG),多,45100股,45100股,3.01,135751,1327.31,2.981,-,0,1353,0股,0.99%,953199.96,14.24%
2021-09-03,,Cash,,,,,5828.86,,,,,,,,0
2021-09-06,基金,豆粕ETF华夏(159985.XSHE),多,43100股,43100股,1.268,54650.8,8565.63,1.069,-,0,-129.3,0股,18.59%,953155.86,5.73%
2021-09-06,基金,10年地债(511270.XSHG),多,4500股,4500股,106.575,479587.5,22856.4,101.496,-,0,-652.5,0股,5%,953155.86,50.32%
2021-09-06,基金,纳指ETF(513100.XSHG),多,17100股,17100股,5.195,88834.5,10969.12,4.554,-,0,222.3,0股,14.09%,953155.86,9.32%
2021-09-06,基金,黄金ETF(518880.XSHG),多,31400股,31400股,3.708,116431.2,-7406.91,3.944,-,0,659.4,0股,-5.98%,953155.86,12.22%
2021-09-06,股票,长江电力(600900.XSHG),多,3600股,3600股,20.02,72072,1782,19.525,-,0,-144,0股,2.54%,953155.86,7.56%
2021-09-06,股票,农业银行(601288.XSHG),多,45100股,45100股,3.01,135751,1327.31,2.981,-,0,0,0股,0.99%,953155.86,14.24%
2021-09-06,,Cash,,,,,5828.86,,,,,,,,0
2021-09-07,基金,豆粕ETF华夏(159985.XSHE),多,43100股,43100股,1.283,55297.3,9212.13,1.069,-,0,646.5,0股,19.99%,953989.06,5.8%
2021-09-07,基金,10年地债(511270.XSHG),多,4500股,4500股,106.573,479578.5,22847.4,101.496,-,0,-9,0股,5%,953989.06,50.27%
2021-09-07,基金,纳指ETF(513100.XSHG),多,17100股,17100股,5.2,88920,11054.62,4.554,-,0,85.5,0股,14.2%,953989.06,9.32%
2021-09-07,基金,黄金ETF(518880.XSHG),多,31400股,31400股,3.696,116054.4,-7783.71,3.944,-,0,-376.8,0股,-6.29%,953989.06,12.17%
2021-09-07,股票,长江电力(600900.XSHG),多,3600股,3600股,20.03,72108,1818,19.525,-,0,36,0股,2.59%,953989.06,7.56%
2021-09-07,股票,农业银行(601288.XSHG),多,45100股,45100股,3.02,136202,1778.31,2.981,-,0,451,0股,1.32%,953989.06,14.28%
2021-09-07,,Cash,,,,,5828.86,,,,,,,,0
2021-09-08,基金,豆粕ETF华夏(159985.XSHE),多,44700股,44700股,1.27,56769,8639.03,1.077,-,0,-573.1,1600股,17.95%,953369.18,5.95%
2021-09-08,基金,10年地债(511270.XSHG),多,4800股,4800股,106.482,511113.6,22427.1,101.81,-,0,-420.3,300股,4.59%,953369.18,53.61%
2021-09-08,基金,纳指ETF(513100.XSHG),多,17600股,17600股,5.193,91396.8,10932.42,4.572,-,0,-122.2,500股,13.59%,953369.18,9.59%
2021-09-08,基金,黄金ETF(518880.XSHG),多,29900股,29900股,3.653,109224.7,-8697.58,3.944,-,0,-1285.7,0股,-7.38%,953369.18,11.46%
2021-09-08,股票,长江电力(600900.XSHG),多,3100股,3100股,20.33,63023,2495.5,19.525,-,0,930,0股,4.12%,953369.18,6.61%
2021-09-08,股票,农业银行(601288.XSHG),多,40000股,40000股,3.04,121600,2377.21,2.981,-,0,800,0股,1.99%,953369.18,12.75%
2021-09-08,,Cash,,,,,242.08,,,,,,,,0
2021-09-09,基金,豆粕ETF华夏(159985.XSHE),多,44700股,44700股,1.264,56500.8,8370.83,1.077,-,0,-268.2,0股,17.39%,951938.78,5.94%
2021-09-09,基金,10年地债(511270.XSHG),多,4800股,4800股,106.391,510676.8,21990.3,101.81,-,0,-436.8,0股,4.5%,951938.78,53.65%
2021-09-09,基金,纳指ETF(513100.XSHG),多,17600股,17600股,5.165,90904,10439.62,4.572,-,0,-492.8,0股,12.97%,951938.78,9.55%
2021-09-09,基金,黄金ETF(518880.XSHG),多,29900股,29900股,3.639,108806.1,-9116.18,3.944,-,0,-418.6,0股,-7.73%,951938.78,11.43%
2021-09-09,股票,长江电力(600900.XSHG),多,3100股,3100股,20.39,63209,2681.5,19.525,-,0,186,0股,4.43%,951938.78,6.64%
2021-09-09,股票,农业银行(601288.XSHG),多,40000股,40000股,3.04,121600,2377.21,2.981,-,0,0,0股,1.99%,951938.78,12.77%
2021-09-09,,Cash,,,,,242.08,,,,,,,,0
2021-09-10,基金,豆粕ETF华夏(159985.XSHE),多,44700股,44700股,1.27,56769,8639.03,1.077,-,0,268.2,0股,17.95%,952869.08,5.96%
2021-09-10,基金,10年地债(511270.XSHG),多,4800股,4800股,106.454,510979.2,22292.7,101.81,-,0,302.4,0股,4.56%,952869.08,53.63%
2021-09-10,基金,纳指ETF(513100.XSHG),多,17600股,17600股,5.148,90604.8,10140.42,4.572,-,0,-299.2,0股,12.6%,952869.08,9.51%
2021-09-10,基金,黄金ETF(518880.XSHG),多,29900股,29900股,3.66,109434,-8488.28,3.944,-,0,627.9,0股,-7.2%,952869.08,11.48%
2021-09-10,股票,长江电力(600900.XSHG),多,3100股,3100股,20.4,63240,2712.5,19.525,-,0,31,0股,4.48%,952869.08,6.64%
2021-09-10,股票,农业银行(601288.XSHG),多,40000股,40000股,3.04,121600,2377.21,2.981,-,0,0,0股,1.99%,952869.08,12.76%
2021-09-10,,Cash,,,,,242.08,,,,,,,,0
2021-09-13,基金,豆粕ETF华夏(159985.XSHE),多,44700股,44700股,1.281,57260.7,9130.73,1.077,-,0,491.7,0股,18.97%,951792.58,6.02%
2021-09-13,基金,10年地债(511270.XSHG),多,4800股,4800股,106.431,510868.8,22182.3,101.81,-,0,-110.4,0股,4.54%,951792.58,53.67%
2021-09-13,基金,纳指ETF(513100.XSHG),多,17600股,17600股,5.122,90147.2,9682.82,4.572,-,0,-457.6,0股,12.03%,951792.58,9.47%
2021-09-13,基金,黄金ETF(518880.XSHG),多,29900股,29900股,3.642,108895.8,-9026.48,3.944,-,0,-538.2,0股,-7.65%,951792.58,11.44%
2021-09-13,股票,长江电力(600900.XSHG),多,3100股,3100股,20.38,63178,2650.5,19.525,-,0,-62,0股,4.38%,951792.58,6.64%
2021-09-13,股票,农业银行(601288.XSHG),多,40000股,40000股,3.03,121200,1977.21,2.981,-,0,-400,0股,1.66%,951792.58,12.73%
2021-09-13,,Cash,,,,,242.08,,,,,,,,0
2021-09-14,基金,豆粕ETF华夏(159985.XSHE),多,44700股,44700股,1.291,57707.7,9577.73,1.077,-,0,447,0股,19.9%,949749.78,6.08%
2021-09-14,基金,10年地债(511270.XSHG),多,4800股,4800股,106.518,511286.4,22599.9,101.81,-,0,417.6,0股,4.62%,949749.78,53.83%
2021-09-14,基金,纳指ETF(513100.XSHG),多,17600股,17600股,5.092,89619.2,9154.82,4.572,-,0,-528,0股,11.38%,949749.78,9.44%
2021-09-14,基金,黄金ETF(518880.XSHG),多,29900股,29900股,3.646,109015.4,-8906.88,3.944,-,0,119.6,0股,-7.55%,949749.78,11.48%
2021-09-14,股票,长江电力(600900.XSHG),多,3100股,3100股,20.09,62279,1751.5,19.525,-,0,-899,0股,2.89%,949749.78,6.56%
2021-09-14,股票,农业银行(601288.XSHG),多,40000股,40000股,2.99,119600,377.21,2.981,-,0,-1600,0股,0.32%,949749.78,12.59%
2021-09-14,,Cash,,,,,242.08,,,,,,,,0
2021-09-15,基金,豆粕ETF华夏(159985.XSHE),多,44700股,44700股,1.285,57439.5,9309.53,1.077,-,0,-268.2,0股,19.34%,947892.28,6.06%
2021-09-15,基金,10年地债(511270.XSHG),多,4800股,4800股,106.475,511080,22393.5,101.81,-,0,-206.4,0股,4.58%,947892.28,53.92%
2021-09-15,基金,纳指ETF(513100.XSHG),多,17600股,17600股,5.081,89425.6,8961.22,4.572,-,0,-193.6,0股,11.14%,947892.28,9.43%
2021-09-15,基金,黄金ETF(518880.XSHG),多,29900股,29900股,3.659,109404.1,-8518.18,3.944,-,0,388.7,0股,-7.22%,947892.28,11.54%
2021-09-15,股票,长江电力(600900.XSHG),多,3100股,3100股,19.71,61101,573.5,19.525,-,0,-1178,0股,0.95%,947892.28,6.45%
2021-09-15,股票,农业银行(601288.XSHG),多,40000股,40000股,2.98,119200,-22.79,2.981,-,0,-400,0股,-0.02%,947892.28,12.58%
2021-09-15,,Cash,,,,,242.08,,,,,,,,0
2021-09-16,基金,豆粕ETF华夏(159985.XSHE),多,44700股,44700股,1.291,57707.7,9577.73,1.077,-,0,268.2,0股,19.9%,947068.58,6.09%
2021-09-16,基金,10年地债(511270.XSHG),多,4800股,4800股,106.4,510720,22033.5,101.81,-,0,-360,0股,4.51%,947068.58,53.93%
2021-09-16,基金,纳指ETF(513100.XSHG),多,17600股,17600股,5.106,89865.6,9401.22,4.572,-,0,440,0股,11.68%,947068.58,9.49%
2021-09-16,基金,黄金ETF(518880.XSHG),多,29900股,29900股,3.628,108477.2,-9445.08,3.944,-,0,-926.9,0股,-8.01%,947068.58,11.45%
2021-09-16,股票,长江电力(600900.XSHG),多,3100股,3100股,19.76,61256,728.5,19.525,-,0,155,0股,1.2%,947068.58,6.47%
2021-09-16,股票,农业银行(601288.XSHG),多,40000股,40000股,2.97,118800,-422.79,2.981,-,0,-400,0股,-0.35%,947068.58,12.54%
2021-09-16,,Cash,,,,,242.08,,,,,,,,0
2021-09-17,基金,豆粕ETF华夏(159985.XSHE),多,44700股,44700股,1.301,58154.7,10024.73,1.077,-,0,447,0股,20.83%,949342.58,6.13%
2021-09-17,基金,10年地债(511270.XSHG),多,4800股,4800股,106.46,511008,22321.5,101.81,-,0,288,0股,4.57%,949342.58,53.83%
2021-09-17,基金,纳指ETF(513100.XSHG),多,17600股,17600股,5.135,90376,9911.62,4.572,-,0,510.4,0股,12.32%,949342.58,9.52%
2021-09-17,基金,黄金ETF(518880.XSHG),多,29900股,29900股,3.592,107400.8,-10521.48,3.944,-,0,-1076.4,0股,-8.92%,949342.58,11.31%
2021-09-17,股票,长江电力(600900.XSHG),多,3100股,3100股,20.31,62961,2433.5,19.525,-,0,1705,0股,4.02%,949342.58,6.63%
2021-09-17,股票,农业银行(601288.XSHG),多,40000股,40000股,2.98,119200,-22.79,2.981,-,0,400,0股,-0.02%,949342.58,12.56%
2021-09-17,,Cash,,,,,242.08,,,,,,,,0
2021-09-22,基金,豆粕ETF华夏(159985.XSHE),多,44700股,44700股,1.286,57484.2,9354.23,1.077,-,0,-670.5,0股,19.44%,950616.68,6.05%
2021-09-22,基金,10年地债(511270.XSHG),多,4800股,4800股,106.6,511680,22993.5,101.81,-,0,672,0股,4.71%,950616.68,53.83%
2021-09-22,基金,纳指ETF(513100.XSHG),多,17600股,17600股,5.009,88158.4,7694.02,4.572,-,0,-2217.6,0股,9.56%,950616.68,9.27%
2021-09-22,基金,黄金ETF(518880.XSHG),多,29900股,29900股,3.64,108836,-9086.28,3.944,-,0,1435.2,0股,-7.71%,950616.68,11.45%
2021-09-22,股票,长江电力(600900.XSHG),多,3100股,3100股,21.36,66216,5688.5,19.525,-,0,3255,0股,9.4%,950616.68,6.97%
2021-09-22,股票,农业银行(601288.XSHG),多,40000股,40000股,2.95,118000,-1222.79,2.981,-,0,-1200,0股,-1.03%,950616.68,12.41%
2021-09-22,,Cash,,,,,242.08,,,,,,,,0
2021-09-23,基金,豆粕ETF华夏(159985.XSHE),多,44700股,44700股,1.288,57573.6,9443.63,1.077,-,0,89.4,0股,19.62%,950490.18,6.06%
2021-09-23,基金,10年地债(511270.XSHG),多,4800股,4800股,106.605,511704,23017.5,101.81,-,0,24,0股,4.71%,950490.18,53.84%
2021-09-23,基金,纳指ETF(513100.XSHG),多,17600股,17600股,5.055,88968,8503.62,4.572,-,0,809.6,0股,10.57%,950490.18,9.36%
2021-09-23,基金,黄金ETF(518880.XSHG),多,29900股,29900股,3.605,107789.5,-10132.78,3.944,-,0,-1046.5,0股,-8.59%,950490.18,11.34%
2021-09-23,股票,长江电力(600900.XSHG),多,3100股,3100股,21.23,65813,5285.5,19.525,-,0,-403,0股,8.73%,950490.18,6.92%
2021-09-23,股票,农业银行(601288.XSHG),多,40000股,40000股,2.96,118400,-822.79,2.981,-,0,400,0股,-0.69%,950490.18,12.46%
2021-09-23,,Cash,,,,,242.08,,,,,,,,0
2021-09-24,基金,豆粕ETF华夏(159985.XSHE),多,44700股,44700股,1.274,56947.8,8817.83,1.077,-,0,-625.8,0股,18.32%,948550.28,6%
2021-09-24,基金,10年地债(511270.XSHG),多,4800股,4800股,106.67,512016,23329.5,101.81,-,0,312,0股,4.77%,948550.28,53.98%
2021-09-24,基金,纳指ETF(513100.XSHG),多,17600股,17600股,5.065,89144,8679.62,4.572,-,0,176,0股,10.79%,948550.28,9.4%
2021-09-24,基金,黄金ETF(518880.XSHG),多,29900股,29900股,3.586,107221.4,-10700.88,3.944,-,0,-568.1,0股,-9.07%,948550.28,11.3%
2021-09-24,股票,长江电力(600900.XSHG),多,3100股,3100股,21.09,65379,4851.5,19.525,-,0,-434,0股,8.02%,948550.28,6.89%
2021-09-24,股票,农业银行(601288.XSHG),多,40000股,40000股,2.94,117600,-1622.79,2.981,-,0,-800,0股,-1.36%,948550.28,12.4%
2021-09-24,,Cash,,,,,242.08,,,,,,,,0
2021-09-27,基金,豆粕ETF华夏(159985.XSHE),多,44700股,44700股,1.284,57394.8,9264.83,1.077,-,0,447,0股,19.25%,950416.68,6.04%
2021-09-27,基金,10年地债(511270.XSHG),多,4800股,4800股,106.594,511651.2,22964.7,101.81,-,0,-364.8,0股,4.7%,950416.68,53.83%
2021-09-27,基金,纳指ETF(513100.XSHG),多,17600股,17600股,5.096,89689.6,9225.22,4.572,-,0,545.6,0股,11.46%,950416.68,9.44%
2021-09-27,基金,黄金ETF(518880.XSHG),多,29900股,29900股,3.59,107341,-10581.28,3.944,-,0,119.6,0股,-8.97%,950416.68,11.29%
2021-09-27,股票,长江电力(600900.XSHG),多,3100股,3100股,21.58,66898,6370.5,19.525,-,0,1519,0股,10.52%,950416.68,7.04%
2021-09-27,股票,农业银行(601288.XSHG),多,40000股,40000股,2.93,117200,-2022.79,2.981,-,0,-400,0股,-1.7%,950416.68,12.33%
2021-09-27,,Cash,,,,,242.08,,,,,,,,0
2021-09-28,基金,豆粕ETF华夏(159985.XSHE),多,44700股,44700股,1.271,56813.7,8683.73,1.077,-,0,-581.1,0股,18.04%,948132.58,5.99%
2021-09-28,基金,10年地债(511270.XSHG),多,4800股,4800股,106.445,510936,22249.5,101.81,-,0,-715.2,0股,4.55%,948132.58,53.89%
2021-09-28,基金,纳指ETF(513100.XSHG),多,17600股,17600股,5.005,88088,7623.62,4.572,-,0,-1601.6,0股,9.47%,948132.58,9.29%
2021-09-28,基金,黄金ETF(518880.XSHG),多,29900股,29900股,3.562,106503.8,-11418.48,3.944,-,0,-837.2,0股,-9.68%,948132.58,11.23%
2021-09-28,股票,长江电力(600900.XSHG),多,3100股,3100股,21.79,67549,7021.5,19.525,-,0,651,0股,11.6%,948132.58,7.12%
2021-09-28,股票,农业银行(601288.XSHG),多,40000股,40000股,2.95,118000,-1222.79,2.981,-,0,800,0股,-1.03%,948132.58,12.45%
2021-09-28,,Cash,,,,,242.08,,,,,,,,0
2021-09-29,基金,豆粕ETF华夏(159985.XSHE),多,44700股,44700股,1.267,56634.9,8504.93,1.077,-,0,-178.8,0股,17.67%,947046.48,5.98%
2021-09-29,基金,10年地债(511270.XSHG),多,4800股,4800股,106.251,510004.8,21318.3,101.81,-,0,-931.2,0股,4.36%,947046.48,53.85%
2021-09-29,基金,纳指ETF(513100.XSHG),多,17600股,17600股,4.934,86838.4,6374.02,4.572,-,0,-1249.6,0股,7.92%,947046.48,9.17%
2021-09-29,基金,黄金ETF(518880.XSHG),多,29900股,29900股,3.557,106354.3,-11567.98,3.944,-,0,-149.5,0股,-9.81%,947046.48,11.23%
2021-09-29,股票,长江电力(600900.XSHG),多,3100股,3100股,22.12,68572,8044.5,19.525,-,0,1023,0股,13.29%,947046.48,7.24%
2021-09-29,股票,农业银行(601288.XSHG),多,40000股,40000股,2.96,118400,-822.79,2.981,-,0,400,0股,-0.69%,947046.48,12.5%
2021-09-29,,Cash,,,,,242.08,,,,,,,,0
2021-09-30,基金,豆粕ETF华夏(159985.XSHE),多,44700股,44700股,1.261,56366.7,8236.73,1.077,-,0,-268.2,0股,17.11%,945622.88,5.96%
2021-09-30,基金,10年地债(511270.XSHG),多,4800股,4800股,106.305,510264,21577.5,101.81,-,0,259.2,0股,4.42%,945622.88,53.96%
2021-09-30,基金,纳指ETF(513100.XSHG),多,17600股,17600股,4.944,87014.4,6550.02,4.572,-,0,176,0股,8.14%,945622.88,9.2%
2021-09-30,基金,黄金ETF(518880.XSHG),多,29900股,29900股,3.543,105935.7,-11986.58,3.944,-,0,-418.6,0股,-10.16%,945622.88,11.2%
2021-09-30,股票,长江电力(600900.XSHG),多,3100股,3100股,22,68200,7672.5,19.525,-,0,-372,0股,12.68%,945622.88,7.21%
2021-09-30,股票,农业银行(601288.XSHG),多,40000股,40000股,2.94,117600,-1622.79,2.981,-,0,-800,0股,-1.36%,945622.88,12.44%
2021-09-30,,Cash,,,,,242.08,,,,,,,,0
2021-10-08,基金,豆粕ETF华夏(159985.XSHE),多,44700股,44700股,1.223,54668.1,6538.13,1.077,-,0,-1698.6,0股,13.58%,945521.68,5.78%
2021-10-08,基金,10年地债(511270.XSHG),多,4800股,4800股,106.255,510024,21337.5,101.81,-,0,-240,0股,4.37%,945521.68,53.94%
2021-10-08,基金,纳指ETF(513100.XSHG),多,17600股,17600股,4.937,86891.2,6426.82,4.572,-,0,-123.2,0股,7.99%,945521.68,9.19%
2021-10-08,基金,黄金ETF(518880.XSHG),多,29900股,29900股,3.587,107251.3,-10670.98,3.944,-,0,1315.6,0股,-9.05%,945521.68,11.34%
2021-10-08,股票,长江电力(600900.XSHG),多,3100股,3100股,21.95,68045,7517.5,19.525,-,0,-155,0股,12.42%,945521.68,7.2%
2021-10-08,股票,农业银行(601288.XSHG),多,40000股,40000股,2.96,118400,-822.79,2.981,-,0,800,0股,-0.69%,945521.68,12.52%
2021-10-08,,Cash,,,,,242.08,,,,,,,,0
2021-10-11,基金,豆粕ETF华夏(159985.XSHE),多,44700股,44700股,1.214,54265.8,6135.83,1.077,-,0,-402.3,0股,12.75%,943388.18,5.75%
2021-10-11,基金,10年地债(511270.XSHG),多,4800股,4800股,106.15,509520,20833.5,101.81,-,0,-504,0股,4.26%,943388.18,54.01%
2021-10-11,基金,纳指ETF(513100.XSHG),多,17600股,17600股,4.881,85905.6,5441.22,4.572,-,0,-985.6,0股,6.76%,943388.18,9.11%
2021-10-11,基金,黄金ETF(518880.XSHG),多,29900股,29900股,3.573,106832.7,-11089.58,3.944,-,0,-418.6,0股,-9.4%,943388.18,11.32%
2021-10-11,股票,长江电力(600900.XSHG),多,3100股,3100股,21.62,67022,6494.5,19.525,-,0,-1023,0股,10.73%,943388.18,7.1%
2021-10-11,股票,农业银行(601288.XSHG),多,40000股,40000股,2.99,119600,377.21,2.981,-,0,1200,0股,0.32%,943388.18,12.68%
2021-10-11,,Cash,,,,,242.08,,,,,,,,0
2021-10-12,基金,豆粕ETF华夏(159985.XSHE),多,44700股,44700股,1.204,53818.8,5688.83,1.077,-,0,-447,0股,11.82%,941641.18,5.72%
2021-10-12,基金,10年地债(511270.XSHG),多,4800股,4800股,106.188,509702.4,21015.9,101.81,-,0,182.4,0股,4.3%,941641.18,54.13%
2021-10-12,基金,纳指ETF(513100.XSHG),多,17600股,17600股,4.84,85184,4719.62,4.572,-,0,-721.6,0股,5.87%,941641.18,9.05%
2021-10-12,基金,黄金ETF(518880.XSHG),多,29900股,29900股,3.591,107370.9,-10551.38,3.944,-,0,538.2,0股,-8.95%,941641.18,11.4%
2021-10-12,股票,长江电力(600900.XSHG),多,3100股,3100股,21.33,66123,5595.5,19.525,-,0,-899,0股,9.24%,941641.18,7.02%
2021-10-12,股票,农业银行(601288.XSHG),多,40000股,40000股,2.98,119200,-22.79,2.981,-,0,-400,0股,-0.02%,941641.18,12.66%
2021-10-12,,Cash,,,,,242.08,,,,,,,,0
2021-10-13,基金,豆粕ETF华夏(159985.XSHE),多,44700股,44700股,1.183,52880.1,4750.13,1.077,-,0,-938.7,0股,9.87%,938595.78,5.63%
2021-10-13,基金,10年地债(511270.XSHG),多,4800股,4800股,106.188,509702.4,21015.9,101.81,-,0,0,0股,4.3%,938595.78,54.3%
2021-10-13,基金,纳指ETF(513100.XSHG),多,17600股,17600股,4.852,85395.2,4930.82,4.572,-,0,211.2,0股,6.13%,938595.78,9.1%
2021-10-13,基金,黄金ETF(518880.XSHG),多,29900股,29900股,3.59,107341,-10581.28,3.944,-,0,-29.9,0股,-8.97%,938595.78,11.44%
2021-10-13,股票,长江电力(600900.XSHG),多,3100股,3100股,20.85,64635,4107.5,19.525,-,0,-1488,0股,6.79%,938595.78,6.89%
2021-10-13,股票,农业银行(601288.XSHG),多,40000股,40000股,2.96,118400,-822.79,2.981,-,0,-800,0股,-0.69%,938595.78,12.61%
2021-10-13,,Cash,,,,,242.08,,,,,,,,0
2021-10-14,基金,豆粕ETF华夏(159985.XSHE),多,44700股,44700股,1.193,53327.1,5197.13,1.077,-,0,447,0股,10.8%,940332.78,5.67%
2021-10-14,基金,10年地债(511270.XSHG),多,4800股,4800股,106.125,509400,20713.5,101.81,-,0,-302.4,0股,4.24%,940332.78,54.17%
2021-10-14,基金,纳指ETF(513100.XSHG),多,17600股,17600股,4.917,86539.2,6074.82,4.572,-,0,1144,0股,7.55%,940332.78,9.2%
2021-10-14,基金,黄金ETF(518880.XSHG),多,29900股,29900股,3.636,108716.4,-9205.88,3.944,-,0,1375.4,0股,-7.81%,940332.78,11.56%
2021-10-14,股票,长江电力(600900.XSHG),多,3100股,3100股,20.68,64108,3580.5,19.525,-,0,-527,0股,5.92%,940332.78,6.82%
2021-10-14,股票,农业银行(601288.XSHG),多,40000股,40000股,2.95,118000,-1222.79,2.981,-,0,-400,0股,-1.03%,940332.78,12.55%
2021-10-14,,Cash,,,,,242.08,,,,,,,,0
2021-10-15,基金,豆粕ETF华夏(159985.XSHE),多,44600股,44600股,1.193,53207.8,5185.5,1.077,-,0,0,0股,10.8%,941492.91,5.65%
2021-10-15,基金,10年地债(511270.XSHG),多,4800股,4800股,106.055,509064,20377.5,101.81,-,0,-336,0股,4.17%,941492.91,54.07%
2021-10-15,基金,纳指ETF(513100.XSHG),多,18300股,18300股,4.986,91243.8,7294.82,4.587,-,0,1220,700股,8.69%,941492.91,9.69%
2021-10-15,基金,黄金ETF(518880.XSHG),多,29500股,29500股,3.629,107055.5,-9289.22,3.944,-,0,-206.5,0股,-7.98%,941492.91,11.37%
2021-10-15,股票,长江电力(600900.XSHG),多,3000股,3000股,20.85,62550,3975,19.525,-,0,510,0股,6.79%,941492.91,6.64%
2021-10-15,股票,农业银行(601288.XSHG),多,40100股,40000股,2.95,118295,-1223.79,2.981,-,0,-1,100股,-1.02%,941492.91,12.56%
2021-10-15,,Cash,,,,,76.81,,,,,,,,0
2021-10-18,基金,豆粕ETF华夏(159985.XSHE),多,44600股,44600股,1.182,52717.2,4694.9,1.077,-,0,-490.6,0股,9.78%,939266.61,5.61%
2021-10-18,基金,10年地债(511270.XSHG),多,4800股,4800股,105.795,507816,19129.5,101.81,-,0,-1248,0股,3.91%,939266.61,54.07%
2021-10-18,基金,纳指ETF(513100.XSHG),多,18300股,18300股,4.982,91170.6,7221.62,4.587,-,0,-73.2,0股,8.6%,939266.61,9.71%
2021-10-18,基金,黄金ETF(518880.XSHG),多,29500股,29500股,3.58,105610,-10734.72,3.944,-,0,-1445.5,0股,-9.23%,939266.61,11.24%
2021-10-18,股票,长江电力(600900.XSHG),多,3000股,3000股,21.06,63180,4605,19.525,-,0,630,0股,7.86%,939266.61,6.73%
2021-10-18,股票,农业银行(601288.XSHG),多,40100股,40100股,2.96,118696,-822.79,2.981,-,0,401,0股,-0.69%,939266.61,12.64%
2021-10-18,,Cash,,,,,76.81,,,,,,,,0
2021-10-19,基金,豆粕ETF华夏(159985.XSHE),多,44600股,44600股,1.179,52583.4,4561.1,1.077,-,0,-133.8,0股,9.5%,940553.91,5.59%
2021-10-19,基金,10年地债(511270.XSHG),多,4800股,4800股,105.715,507432,18745.5,101.81,-,0,-384,0股,3.84%,940553.91,53.95%
2021-10-19,基金,纳指ETF(513100.XSHG),多,18300股,18300股,5.039,92213.7,8264.72,4.587,-,0,1043.1,0股,9.84%,940553.91,9.8%
2021-10-19,基金,黄金ETF(518880.XSHG),多,29500股,29500股,3.594,106023,-10321.72,3.944,-,0,413,0股,-8.87%,940553.91,11.27%
2021-10-19,股票,长江电力(600900.XSHG),多,3000股,3000股,21.31,63930,5355,19.525,-,0,750,0股,9.14%,940553.91,6.8%
2021-10-19,股票,农业银行(601288.XSHG),多,40100股,40100股,2.95,118295,-1223.79,2.981,-,0,-401,0股,-1.02%,940553.91,12.58%
2021-10-19,,Cash,,,,,76.81,,,,,,,,0
2021-10-20,基金,豆粕ETF华夏(159985.XSHE),多,44600股,44600股,1.187,52940.2,4917.9,1.077,-,0,356.8,0股,10.24%,939882.81,5.63%
2021-10-20,基金,10年地债(511270.XSHG),多,4800股,4800股,105.728,507494.4,18807.9,101.81,-,0,62.4,0股,3.85%,939882.81,54%
2021-10-20,基金,纳指ETF(513100.XSHG),多,18300股,18300股,5.048,92378.4,8429.42,4.587,-,0,164.7,0股,10.04%,939882.81,9.83%
2021-10-20,基金,黄金ETF(518880.XSHG),多,29500股,29500股,3.584,105728,-10616.72,3.944,-,0,-295,0股,-9.13%,939882.81,11.25%
2021-10-20,股票,长江电力(600900.XSHG),多,3000股,3000股,20.99,62970,4395,19.525,-,0,-960,0股,7.5%,939882.81,6.7%
2021-10-20,股票,农业银行(601288.XSHG),多,40100股,40100股,2.95,118295,-1223.79,2.981,-,0,0,0股,-1.02%,939882.81,12.59%
2021-10-20,,Cash,,,,,76.81,,,,,,,,0
2021-10-21,基金,豆粕ETF华夏(159985.XSHE),多,44600股,44600股,1.189,53029.4,5007.1,1.077,-,0,89.2,0股,10.43%,941650.81,5.63%
2021-10-21,基金,10年地债(511270.XSHG),多,4800股,4800股,105.76,507648,18961.5,101.81,-,0,153.6,0股,3.88%,941650.81,53.91%
2021-10-21,基金,纳指ETF(513100.XSHG),多,18300股,18300股,5.047,92360.1,8411.12,4.587,-,0,-18.3,0股,10.02%,941650.81,9.81%
2021-10-21,基金,黄金ETF(518880.XSHG),多,29500股,29500股,3.601,106229.5,-10115.22,3.944,-,0,501.5,0股,-8.69%,941650.81,11.28%
2021-10-21,股票,长江电力(600900.XSHG),多,3000股,3000股,21.07,63210,4635,19.525,-,0,240,0股,7.91%,941650.81,6.71%
2021-10-21,股票,农业银行(601288.XSHG),多,40100股,40100股,2.97,119097,-421.79,2.981,-,0,802,0股,-0.35%,941650.81,12.65%
2021-10-21,,Cash,,,,,76.81,,,,,,,,0
2021-10-22,基金,豆粕ETF华夏(159985.XSHE),多,44600股,44600股,1.196,53341.6,5319.3,1.077,-,0,312.2,0股,11.08%,942238.41,5.66%
2021-10-22,基金,10年地债(511270.XSHG),多,4800股,4800股,105.79,507792,19105.5,101.81,-,0,144,0股,3.91%,942238.41,53.89%
2021-10-22,基金,纳指ETF(513100.XSHG),多,18300股,18300股,5.065,92689.5,8740.52,4.587,-,0,329.4,0股,10.41%,942238.41,9.84%
2021-10-22,基金,黄金ETF(518880.XSHG),多,29500股,29500股,3.615,106642.5,-9702.22,3.944,-,0,413,0股,-8.34%,942238.41,11.32%
2021-10-22,股票,长江电力(600900.XSHG),多,3000股,3000股,21,63000,4425,19.525,-,0,-210,0股,7.55%,942238.41,6.69%
2021-10-22,股票,农业银行(601288.XSHG),多,40100股,40100股,2.96,118696,-822.79,2.981,-,0,-401,0股,-0.69%,942238.41,12.6%
2021-10-22,,Cash,,,,,76.81,,,,,,,,0
2021-10-25,基金,豆粕ETF华夏(159985.XSHE),多,44600股,44600股,1.199,53475.4,5453.1,1.077,-,0,133.8,0股,11.36%,941931.21,5.68%
2021-10-25,基金,10年地债(511270.XSHG),多,4800股,4800股,105.83,507984,19297.5,101.81,-,0,192,0股,3.95%,941931.21,53.93%
2021-10-25,基金,纳指ETF(513100.XSHG),多,18300股,18300股,5.04,92232,8283.02,4.587,-,0,-457.5,0股,9.87%,941931.21,9.79%
2021-10-25,基金,黄金ETF(518880.XSHG),多,29500股,29500股,3.606,106377,-9967.72,3.944,-,0,-265.5,0股,-8.57%,941931.21,11.29%
2021-10-25,股票,长江电力(600900.XSHG),多,3000股,3000股,21.03,63090,4515,19.525,-,0,90,0股,7.71%,941931.21,6.7%
2021-10-25,股票,农业银行(601288.XSHG),多,40100股,40100股,2.96,118696,-822.79,2.981,-,0,0,0股,-0.69%,941931.21,12.6%
2021-10-25,,Cash,,,,,76.81,,,,,,,,0
2021-10-26,基金,豆粕ETF华夏(159985.XSHE),多,44600股,44600股,1.193,53207.8,5185.5,1.077,-,0,-267.6,0股,10.8%,943115.81,5.64%
2021-10-26,基金,10年地债(511270.XSHG),多,4800股,4800股,105.886,508252.8,19566.3,101.81,-,0,268.8,0股,4%,943115.81,53.89%
2021-10-26,基金,纳指ETF(513100.XSHG),多,18300股,18300股,5.103,93384.9,9435.92,4.587,-,0,1152.9,0股,11.24%,943115.81,9.9%
2021-10-26,基金,黄金ETF(518880.XSHG),多,29500股,29500股,3.621,106819.5,-9525.22,3.944,-,0,442.5,0股,-8.19%,943115.81,11.33%
2021-10-26,股票,长江电力(600900.XSHG),多,3000股,3000股,21.16,63480,4905,19.525,-,0,390,0股,8.37%,943115.81,6.73%
2021-10-26,股票,农业银行(601288.XSHG),多,40100股,40100股,2.94,117894,-1624.79,2.981,-,0,-802,0股,-1.36%,943115.81,12.5%
2021-10-26,,Cash,,,,,76.81,,,,,,,,0
2021-10-27,基金,豆粕ETF华夏(159985.XSHE),多,44600股,44600股,1.19,53074,5051.7,1.077,-,0,-133.8,0股,10.52%,942369.11,5.63%
2021-10-27,基金,10年地债(511270.XSHG),多,4800股,4800股,105.886,508252.8,19566.3,101.81,-,0,0,0股,4%,942369.11,53.93%
2021-10-27,基金,纳指ETF(513100.XSHG),多,18300股,18300股,5.095,93238.5,9289.52,4.587,-,0,-146.4,0股,11.07%,942369.11,9.89%
2021-10-27,基金,黄金ETF(518880.XSHG),多,29500股,29500股,3.594,106023,-10321.72,3.944,-,0,-796.5,0股,-8.87%,942369.11,11.25%
2021-10-27,股票,长江电力(600900.XSHG),多,3000股,3000股,21.27,63810,5235,19.525,-,0,330,0股,8.94%,942369.11,6.77%
2021-10-27,股票,农业银行(601288.XSHG),多,40100股,40100股,2.94,117894,-1624.79,2.981,-,0,0,0股,-1.36%,942369.11,12.51%
2021-10-27,,Cash,,,,,76.81,,,,,,,,0
2021-10-28,基金,豆粕ETF华夏(159985.XSHE),多,44600股,44600股,1.189,53029.4,5007.1,1.077,-,0,-44.6,0股,10.43%,943049.91,5.62%
2021-10-28,基金,10年地债(511270.XSHG),多,4800股,4800股,105.913,508382.4,19695.9,101.81,-,0,129.6,0股,4.03%,943049.91,53.91%
2021-10-28,基金,纳指ETF(513100.XSHG),多,18300股,18300股,5.116,93622.8,9673.82,4.587,-,0,384.3,0股,11.52%,943049.91,9.93%
2021-10-28,基金,黄金ETF(518880.XSHG),多,29500股,29500股,3.629,107055.5,-9289.22,3.944,-,0,1032.5,0股,-7.98%,943049.91,11.35%
2021-10-28,股票,长江电力(600900.XSHG),多,3000股,3000股,21.13,63390,4815,19.525,-,0,-420,0股,8.22%,943049.91,6.72%
2021-10-28,股票,农业银行(601288.XSHG),多,40100股,40100股,2.93,117493,-2025.79,2.981,-,0,-401,0股,-1.69%,943049.91,12.46%
2021-10-28,,Cash,,,,,76.81,,,,,,,,0
2021-10-29,基金,豆粕ETF华夏(159985.XSHE),多,44600股,44600股,1.181,52672.6,4650.3,1.077,-,0,-356.8,0股,9.68%,943151.51,5.58%
2021-10-29,基金,10年地债(511270.XSHG),多,4800股,4800股,105.95,508560,19873.5,101.81,-,0,177.6,0股,4.07%,943151.51,53.92%
2021-10-29,基金,纳指ETF(513100.XSHG),多,18300股,18300股,5.122,93732.6,9783.62,4.587,-,0,109.8,0股,11.65%,943151.51,9.94%
2021-10-29,基金,黄金ETF(518880.XSHG),多,29500股,29500股,3.609,106465.5,-9879.22,3.944,-,0,-590,0股,-8.49%,943151.51,11.29%
2021-10-29,股票,长江电力(600900.XSHG),多,3000股,3000股,21.25,63750,5175,19.525,-,0,360,0股,8.83%,943151.51,6.76%
2021-10-29,股票,农业银行(601288.XSHG),多,40100股,40100股,2.94,117894,-1624.79,2.981,-,0,401,0股,-1.36%,943151.51,12.5%
2021-10-29,,Cash,,,,,76.81,,,,,,,,0
2021-11-01,基金,豆粕ETF华夏(159985.XSHE),多,44600股,44600股,1.155,51513,3490.7,1.077,-,0,-1159.6,0股,7.27%,945040.01,5.45%
2021-11-01,基金,10年地债(511270.XSHG),多,4800股,4800股,106.101,509284.8,20598.3,101.81,-,0,724.8,0股,4.22%,945040.01,53.89%
2021-11-01,基金,纳指ETF(513100.XSHG),多,18300股,18300股,5.208,95306.4,11357.42,4.587,-,0,1573.8,0股,13.53%,945040.01,10.08%
2021-11-01,基金,黄金ETF(518880.XSHG),多,29500股,29500股,3.594,106023,-10321.72,3.944,-,0,-442.5,0股,-8.87%,945040.01,11.22%
2021-11-01,股票,长江电力(600900.XSHG),多,3000股,3000股,21.38,64140,5565,19.525,-,0,390,0股,9.5%,945040.01,6.79%
2021-11-01,股票,农业银行(601288.XSHG),多,40100股,40100股,2.96,118696,-822.79,2.981,-,0,802,0股,-0.69%,945040.01,12.56%
2021-11-01,,Cash,,,,,76.81,,,,,,,,0
2021-11-02,基金,豆粕ETF华夏(159985.XSHE),多,44600股,44600股,1.151,51334.6,3312.3,1.077,-,0,-178.4,0股,6.9%,943239.71,5.44%
2021-11-02,基金,10年地债(511270.XSHG),多,4800股,4800股,106.103,509294.4,20607.9,101.81,-,0,9.6,0股,4.22%,943239.71,53.99%
2021-11-02,基金,纳指ETF(513100.XSHG),多,18300股,18300股,5.218,95489.4,11540.42,4.587,-,0,183,0股,13.75%,943239.71,10.12%
2021-11-02,基金,黄金ETF(518880.XSHG),多,29500股,29500股,3.617,106701.5,-9643.22,3.944,-,0,678.5,0股,-8.29%,943239.71,11.31%
2021-11-02,股票,长江电力(600900.XSHG),多,3000股,3000股,20.95,62850,4275,19.525,-,0,-1290,0股,7.3%,943239.71,6.66%
2021-11-02,股票,农业银行(601288.XSHG),多,40100股,40100股,2.93,117493,-2025.79,2.981,-,0,-1203,0股,-1.69%,943239.71,12.46%
2021-11-02,,Cash,,,,,76.81,,,,,,,,0
2021-11-03,基金,豆粕ETF华夏(159985.XSHE),多,44600股,44600股,1.144,51022.4,3000.1,1.077,-,0,-312.2,0股,6.25%,943444.61,5.41%
2021-11-03,基金,10年地债(511270.XSHG),多,4800股,4800股,106.15,509520,20833.5,101.81,-,0,225.6,0股,4.26%,943444.61,54.01%
2021-11-03,基金,纳指ETF(513100.XSHG),多,18300股,18300股,5.243,95946.9,11997.92,4.587,-,0,457.5,0股,14.29%,943444.61,10.17%
2021-11-03,基金,黄金ETF(518880.XSHG),多,29500股,29500股,3.589,105875.5,-10469.22,3.944,-,0,-826,0股,-9%,943444.61,11.22%
2021-11-03,股票,长江电力(600900.XSHG),多,3000股,3000股,21.17,63510,4935,19.525,-,0,660,0股,8.43%,943444.61,6.73%
2021-11-03,股票,农业银行(601288.XSHG),多,40100股,40100股,2.93,117493,-2025.79,2.981,-,0,0,0股,-1.69%,943444.61,12.45%
2021-11-03,,Cash,,,,,76.81,,,,,,,,0
2021-11-04,基金,豆粕ETF华夏(159985.XSHE),多,44600股,44600股,1.147,51156.2,3133.9,1.077,-,0,133.8,0股,6.53%,943992.01,5.42%
2021-11-04,基金,10年地债(511270.XSHG),多,4800股,4800股,106.2,509760,21073.5,101.81,-,0,240,0股,4.31%,943992.01,54%
2021-11-04,基金,纳指ETF(513100.XSHG),多,18300股,18300股,5.315,97264.5,13315.52,4.587,-,0,1317.6,0股,15.86%,943992.01,10.3%
2021-11-04,基金,黄金ETF(518880.XSHG),多,29500股,29500股,3.575,105462.5,-10882.22,3.944,-,0,-413,0股,-9.35%,943992.01,11.17%
2021-11-04,股票,长江电力(600900.XSHG),多,3000股,3000股,21.06,63180,4605,19.525,-,0,-330,0股,7.86%,943992.01,6.69%
2021-11-04,股票,农业银行(601288.XSHG),多,40100股,40100股,2.92,117092,-2426.79,2.981,-,0,-401,0股,-2.03%,943992.01,12.4%
2021-11-04,,Cash,,,,,76.81,,,,,,,,0
2021-11-05,基金,豆粕ETF华夏(159985.XSHE),多,44600股,44600股,1.115,49729,1706.7,1.077,-,0,-1427.2,0股,3.55%,944911.81,5.26%
2021-11-05,基金,10年地债(511270.XSHG),多,4800股,4800股,106.39,510672,21985.5,101.81,-,0,912,0股,4.5%,944911.81,54.04%
2021-11-05,基金,纳指ETF(513100.XSHG),多,18300股,18300股,5.38,98454,14505.02,4.587,-,0,1189.5,0股,17.28%,944911.81,10.42%
2021-11-05,基金,黄金ETF(518880.XSHG),多,29500股,29500股,3.624,106908,-9436.72,3.944,-,0,1445.5,0股,-8.11%,944911.81,11.31%
2021-11-05,股票,长江电力(600900.XSHG),多,3000股,3000股,20.66,61980,3405,19.525,-,0,-1200,0股,5.81%,944911.81,6.56%
2021-11-05,股票,农业银行(601288.XSHG),多,40100股,40100股,2.92,117092,-2426.79,2.981,-,0,0,0股,-2.03%,944911.81,12.39%
2021-11-05,,Cash,,,,,76.81,,,,,,,,0
2021-11-08,基金,豆粕ETF华夏(159985.XSHE),多,45900股,45900股,1.128,51775.2,2296.9,1.078,-,0,590.2,1300股,4.64%,946187.41,5.47%
2021-11-08,基金,10年地债(511270.XSHG),多,4600股,4600股,106.59,490314,21989.44,101.81,-,0,920,0股,4.7%,946187.41,51.82%
2021-11-08,基金,纳指ETF(513100.XSHG),多,20200股,20200股,5.362,108312.4,14160.42,4.661,-,0,-344.6,1900股,15.04%,946187.41,11.45%
2021-11-08,基金,黄金ETF(518880.XSHG),多,29000股,29000股,3.66,106140,-8232.78,3.944,-,0,1044,0股,-7.2%,946187.41,11.22%
2021-11-08,股票,长江电力(600900.XSHG),多,3000股,3000股,20.35,61050,2475,19.525,-,0,-930,0股,4.23%,946187.41,6.45%
2021-11-08,股票,农业银行(601288.XSHG),多,44000股,40100股,2.92,128480,-2465.79,2.976,-,0,-39,3900股,-1.88%,946187.41,13.58%
2021-11-08,,Cash,,,,,115.81,,,,,,,,0
2021-11-09,基金,豆粕ETF华夏(159985.XSHE),多,45900股,45900股,1.13,51867,2388.7,1.078,-,0,91.8,0股,4.83%,945889.01,5.48%
2021-11-09,基金,10年地债(511270.XSHG),多,4600股,4600股,106.416,489513.6,21189.04,101.81,-,0,-800.4,0股,4.52%,945889.01,51.75%
2021-11-09,基金,纳指ETF(513100.XSHG),多,20200股,20200股,5.368,108433.6,14281.62,4.661,-,0,121.2,0股,15.17%,945889.01,11.46%
2021-11-09,基金,黄金ETF(518880.XSHG),多,29000股,29000股,3.671,106459,-7913.78,3.944,-,0,319,0股,-6.92%,945889.01,11.25%
2021-11-09,股票,长江电力(600900.XSHG),多,3000股,3000股,20.34,61020,2445,19.525,-,0,-30,0股,4.17%,945889.01,6.45%
2021-11-09,股票,农业银行(601288.XSHG),多,44000股,44000股,2.92,128480,-2465.79,2.976,-,0,0,0股,-1.88%,945889.01,13.58%
2021-11-09,,Cash,,,,,115.81,,,,,,,,0
2021-11-10,基金,豆粕ETF华夏(159985.XSHE),多,45900股,45900股,1.143,52463.7,2985.4,1.078,-,0,596.7,0股,6.03%,944601.91,5.55%
2021-11-10,基金,10年地债(511270.XSHG),多,4600股,4600股,106.467,489748.2,21423.64,101.81,-,0,234.6,0股,4.57%,944601.91,51.85%
2021-11-10,基金,纳指ETF(513100.XSHG),多,20200股,20200股,5.316,107383.2,13231.22,4.661,-,0,-1050.4,0股,14.05%,944601.91,11.37%
2021-11-10,基金,黄金ETF(518880.XSHG),多,29000股,29000股,3.669,106401,-7971.78,3.944,-,0,-58,0股,-6.97%,944601.91,11.26%
2021-11-10,股票,长江电力(600900.XSHG),多,3000股,3000股,20.15,60450,1875,19.525,-,0,-570,0股,3.2%,944601.91,6.4%
2021-11-10,股票,农业银行(601288.XSHG),多,44000股,44000股,2.91,128040,-2905.79,2.976,-,0,-440,0股,-2.22%,944601.91,13.55%
2021-11-10,,Cash,,,,,115.81,,,,,,,,0
2021-11-11,基金,豆粕ETF华夏(159985.XSHE),多,45900股,45900股,1.154,52968.6,3490.3,1.078,-,0,504.9,0股,7.05%,946769.81,5.59%
2021-11-11,基金,10年地债(511270.XSHG),多,4600股,4600股,106.42,489532,21207.44,101.81,-,0,-216.2,0股,4.53%,946769.81,51.71%
2021-11-11,基金,纳指ETF(513100.XSHG),多,20200股,20200股,5.272,106494.4,12342.42,4.661,-,0,-888.8,0股,13.11%,946769.81,11.25%
2021-11-11,基金,黄金ETF(518880.XSHG),多,29000股,29000股,3.721,107909,-6463.78,3.944,-,0,1508,0股,-5.65%,946769.81,11.4%
2021-11-11,股票,长江电力(600900.XSHG),多,3000股,3000股,20.13,60390,1815,19.525,-,0,-60,0股,3.1%,946769.81,6.38%
2021-11-11,股票,农业银行(601288.XSHG),多,44000股,44000股,2.94,129360,-1585.79,2.976,-,0,1320,0股,-1.21%,946769.81,13.66%
2021-11-11,,Cash,,,,,115.81,,,,,,,,0
2021-11-12,基金,豆粕ETF华夏(159985.XSHE),多,45900股,45900股,1.154,52968.6,3490.3,1.078,-,0,0,0股,7.05%,946431.81,5.6%
2021-11-12,基金,10年地债(511270.XSHG),多,4600股,4600股,106.549,490125.4,21800.84,101.81,-,0,593.4,0股,4.66%,946431.81,51.79%
2021-11-12,基金,纳指ETF(513100.XSHG),多,20200股,20200股,5.27,106454,12302.02,4.661,-,0,-40.4,0股,13.07%,946431.81,11.25%
2021-11-12,基金,黄金ETF(518880.XSHG),多,29000股,29000股,3.722,107938,-6434.78,3.944,-,0,29,0股,-5.63%,946431.81,11.4%
2021-11-12,股票,长江电力(600900.XSHG),多,3000股,3000股,19.97,59910,1335,19.525,-,0,-480,0股,2.28%,946431.81,6.33%
2021-11-12,股票,农业银行(601288.XSHG),多,44000股,44000股,2.93,128920,-2025.79,2.976,-,0,-440,0股,-1.55%,946431.81,13.62%
2021-11-12,,Cash,,,,,115.81,,,,,,,,0
2021-11-15,基金,豆粕ETF华夏(159985.XSHE),多,45900股,45900股,1.156,53060.4,3582.1,1.078,-,0,91.8,0股,7.24%,947459.41,5.6%
2021-11-15,基金,10年地债(511270.XSHG),多,4600股,4600股,106.37,489302,20977.44,101.81,-,0,-823.4,0股,4.48%,947459.41,51.64%
2021-11-15,基金,纳指ETF(513100.XSHG),多,20200股,20200股,5.336,107787.2,13635.22,4.661,-,0,1333.2,0股,14.48%,947459.41,11.38%
2021-11-15,基金,黄金ETF(518880.XSHG),多,29000股,29000股,3.716,107764,-6608.78,3.944,-,0,-174,0股,-5.78%,947459.41,11.37%
2021-11-15,股票,长江电力(600900.XSHG),多,3000股,3000股,20.17,60510,1935,19.525,-,0,600,0股,3.3%,947459.41,6.39%
2021-11-15,股票,农业银行(601288.XSHG),多,44000股,44000股,2.93,128920,-2025.79,2.976,-,0,0,0股,-1.55%,947459.41,13.61%
2021-11-15,,Cash,,,,,115.81,,,,,,,,0
2021-11-16,基金,豆粕ETF华夏(159985.XSHE),多,45900股,45900股,1.166,53519.4,4041.1,1.078,-,0,459,0股,8.17%,948178.21,5.64%
2021-11-16,基金,10年地债(511270.XSHG),多,4600股,4600股,106.577,490254.2,21929.64,101.81,-,0,952.2,0股,4.68%,948178.21,51.7%
2021-11-16,基金,纳指ETF(513100.XSHG),多,20200股,20200股,5.304,107140.8,12988.82,4.661,-,0,-646.4,0股,13.8%,948178.21,11.3%
2021-11-16,基金,黄金ETF(518880.XSHG),多,29000股,29000股,3.732,108228,-6144.78,3.944,-,0,464,0股,-5.37%,948178.21,11.41%
2021-11-16,股票,长江电力(600900.XSHG),多,3000股,3000股,20,60000,1425,19.525,-,0,-510,0股,2.43%,948178.21,6.33%
2021-11-16,股票,农业银行(601288.XSHG),多,44000股,44000股,2.93,128920,-2025.79,2.976,-,0,0,0股,-1.55%,948178.21,13.6%
2021-11-16,,Cash,,,,,115.81,,,,,,,,0
2021-11-17,基金,豆粕ETF华夏(159985.XSHE),多,45900股,45900股,1.162,53335.8,3857.5,1.078,-,0,-183.6,0股,7.8%,949491.01,5.62%
2021-11-17,基金,10年地债(511270.XSHG),多,4600股,4600股,106.75,491050,22725.44,101.81,-,0,795.8,0股,4.85%,949491.01,51.72%
2021-11-17,基金,纳指ETF(513100.XSHG),多,20200股,20200股,5.347,108009.4,13857.42,4.661,-,0,868.6,0股,14.72%,949491.01,11.38%
2021-11-17,基金,黄金ETF(518880.XSHG),多,29000股,29000股,3.72,107880,-6492.78,3.944,-,0,-348,0股,-5.68%,949491.01,11.36%
2021-11-17,股票,长江电力(600900.XSHG),多,3000股,3000股,20.06,60180,1605,19.525,-,0,180,0股,2.74%,949491.01,6.34%
2021-11-17,股票,农业银行(601288.XSHG),多,44000股,44000股,2.93,128920,-2025.79,2.976,-,0,0,0股,-1.55%,949491.01,13.58%
2021-11-17,,Cash,,,,,115.81,,,,,,,,0
2021-11-18,基金,豆粕ETF华夏(159985.XSHE),多,45900股,45900股,1.174,53886.6,4408.3,1.078,-,0,550.8,0股,8.91%,949647.21,5.67%
2021-11-18,基金,10年地债(511270.XSHG),多,4600股,4600股,105.63,485898,21713.44,100.91,-,0,-1012,0股,4.68%,949647.21,51.17%
2021-11-18,基金,纳指ETF(513100.XSHG),多,20200股,20200股,5.359,108251.8,14099.82,4.661,-,0,242.4,0股,14.98%,949647.21,11.4%
2021-11-18,基金,黄金ETF(518880.XSHG),多,29000股,29000股,3.735,108315,-6057.78,3.944,-,0,435,0股,-5.3%,949647.21,11.41%
2021-11-18,股票,长江电力(600900.XSHG),多,3000股,3000股,20.04,60120,1545,19.525,-,0,-60,0股,2.64%,949647.21,6.33%
2021-11-18,股票,农业银行(601288.XSHG),多,44000股,44000股,2.93,128920,-2025.79,2.976,-,0,0,0股,-1.55%,949647.21,13.58%
2021-11-18,,Cash,,,,,4255.81,,,,,,,,0
2021-11-19,基金,豆粕ETF华夏(159985.XSHE),多,45900股,45900股,1.174,53886.6,4408.3,1.078,-,0,0,0股,8.91%,953182.81,5.65%
2021-11-19,基金,10年地债(511270.XSHG),多,4600股,4600股,105.803,486693.8,22509.24,100.91,-,0,795.8,0股,4.85%,953182.81,51.06%
2021-11-19,基金,纳指ETF(513100.XSHG),多,20200股,20200股,5.433,109746.6,15594.62,4.661,-,0,1494.8,0股,16.56%,953182.81,11.51%
2021-11-19,基金,黄金ETF(518880.XSHG),多,29000股,29000股,3.73,108170,-6202.78,3.944,-,0,-145,0股,-5.42%,953182.81,11.35%
2021-11-19,股票,长江电力(600900.XSHG),多,3000股,3000股,20.21,60630,2055,19.525,-,0,510,0股,3.51%,953182.81,6.36%
2021-11-19,股票,农业银行(601288.XSHG),多,44000股,44000股,2.95,129800,-1145.79,2.976,-,0,880,0股,-0.88%,953182.81,13.62%
2021-11-19,,Cash,,,,,4255.81,,,,,,,,0
2021-11-22,基金,豆粕ETF华夏(159985.XSHE),多,45900股,45900股,1.167,53565.3,4087,1.078,-,0,-321.3,0股,8.26%,951294.71,5.63%
2021-11-22,基金,10年地债(511270.XSHG),多,4600股,4600股,105.85,486910,22725.44,100.91,-,0,216.2,0股,4.9%,951294.71,51.18%
2021-11-22,基金,纳指ETF(513100.XSHG),多,20200股,20200股,5.448,110049.6,15897.62,4.661,-,0,303,0股,16.89%,951294.71,11.57%
2021-11-22,基金,黄金ETF(518880.XSHG),多,29000股,29000股,3.696,107184,-7188.78,3.944,-,0,-986,0股,-6.29%,951294.71,11.27%
2021-11-22,股票,长江电力(600900.XSHG),多,3000股,3000股,19.99,59970,1395,19.525,-,0,-660,0股,2.38%,951294.71,6.3%
2021-11-22,股票,农业银行(601288.XSHG),多,44000股,44000股,2.94,129360,-1585.79,2.976,-,0,-440,0股,-1.21%,951294.71,13.6%
2021-11-22,,Cash,,,,,4255.81,,,,,,,,0
2021-11-23,基金,豆粕ETF华夏(159985.XSHE),多,45900股,45900股,1.183,54299.7,4821.4,1.078,-,0,734.4,0股,9.74%,947885.31,5.73%
2021-11-23,基金,10年地债(511270.XSHG),多,4600股,4600股,105.75,486450,22265.44,100.91,-,0,-460,0股,4.8%,947885.31,51.32%
2021-11-23,基金,纳指ETF(513100.XSHG),多,20200股,20200股,5.359,108251.8,14099.82,4.661,-,0,-1797.8,0股,14.98%,947885.31,11.42%
2021-11-23,基金,黄金ETF(518880.XSHG),多,29000股,29000股,3.632,105328,-9044.78,3.944,-,0,-1856,0股,-7.91%,947885.31,11.11%
2021-11-23,股票,长江电力(600900.XSHG),多,3000股,3000股,19.98,59940,1365,19.525,-,0,-30,0股,2.33%,947885.31,6.32%
2021-11-23,股票,农业银行(601288.XSHG),多,44000股,44000股,2.94,129360,-1585.79,2.976,-,0,0,0股,-1.21%,947885.31,13.65%
2021-11-23,,Cash,,,,,4255.81,,,,,,,,0
2021-11-24,基金,豆粕ETF华夏(159985.XSHE),多,45900股,45900股,1.182,54253.8,4775.5,1.078,-,0,-45.9,0股,9.65%,947130.21,5.73%
2021-11-24,基金,10年地债(511270.XSHG),多,4600股,4600股,105.8,486680,22495.44,100.91,-,0,230,0股,4.85%,947130.21,51.38%
2021-11-24,基金,纳指ETF(513100.XSHG),多,20200股,20200股,5.368,108433.6,14281.62,4.661,-,0,181.8,0股,15.17%,947130.21,11.45%
2021-11-24,基金,黄金ETF(518880.XSHG),多,29000股,29000股,3.613,104777,-9595.78,3.944,-,0,-551,0股,-8.39%,947130.21,11.06%
2021-11-24,股票,长江电力(600900.XSHG),多,3000股,3000股,19.79,59370,795,19.525,-,0,-570,0股,1.36%,947130.21,6.27%
2021-11-24,股票,农业银行(601288.XSHG),多,44000股,44000股,2.94,129360,-1585.79,2.976,-,0,0,0股,-1.21%,947130.21,13.66%
2021-11-24,,Cash,,,,,4255.81,,,,,,,,0
2021-11-25,基金,豆粕ETF华夏(159985.XSHE),多,45900股,45900股,1.171,53748.9,4270.6,1.078,-,0,-504.9,0股,8.63%,946536.31,5.68%
2021-11-25,基金,10年地债(511270.XSHG),多,4600股,4600股,105.866,486983.6,22799.04,100.91,-,0,303.6,0股,4.91%,946536.31,51.45%
2021-11-25,基金,纳指ETF(513100.XSHG),多,20200股,20200股,5.395,108979,14827.02,4.661,-,0,545.4,0股,15.75%,946536.31,11.51%
2021-11-25,基金,黄金ETF(518880.XSHG),多,29000股,29000股,3.611,104719,-9653.78,3.944,-,0,-58,0股,-8.44%,946536.31,11.06%
2021-11-25,股票,长江电力(600900.XSHG),多,3000股,3000股,19.79,59370,795,19.525,-,0,0,0股,1.36%,946536.31,6.27%
2021-11-25,股票,农业银行(601288.XSHG),多,44000股,44000股,2.92,128480,-2465.79,2.976,-,0,-880,0股,-1.88%,946536.31,13.57%
2021-11-25,,Cash,,,,,4255.81,,,,,,,,0
2021-11-26,基金,豆粕ETF华夏(159985.XSHE),多,45900股,45900股,1.171,53748.9,4270.6,1.078,-,0,0,0股,8.63%,945671.91,5.68%
2021-11-26,基金,10年地债(511270.XSHG),多,4600股,4600股,105.982,487517.2,23332.64,100.91,-,0,533.6,0股,5.03%,945671.91,51.55%
2021-11-26,基金,纳指ETF(513100.XSHG),多,20200股,20200股,5.34,107868,13716.02,4.661,-,0,-1111,0股,14.57%,945671.91,11.41%
2021-11-26,基金,黄金ETF(518880.XSHG),多,29000股,29000股,3.628,105212,-9160.78,3.944,-,0,493,0股,-8.01%,945671.91,11.13%
2021-11-26,股票,长江电力(600900.XSHG),多,3000股,3000股,19.53,58590,15,19.525,-,0,-780,0股,0.03%,945671.91,6.2%
2021-11-26,股票,农业银行(601288.XSHG),多,44000股,44000股,2.92,128480,-2465.79,2.976,-,0,0,0股,-1.88%,945671.91,13.59%
2021-11-26,,Cash,,,,,4255.81,,,,,,,,0
2021-11-29,基金,豆粕ETF华夏(159985.XSHE),多,45900股,45900股,1.177,54024.3,4546,1.078,-,0,275.4,0股,9.19%,945407.71,5.71%
2021-11-29,基金,10年地债(511270.XSHG),多,4600股,4600股,106.032,487747.2,23562.64,100.91,-,0,230,0股,5.08%,945407.71,51.59%
2021-11-29,基金,纳指ETF(513100.XSHG),多,20200股,20200股,5.322,107504.4,13352.42,4.661,-,0,-363.6,0股,14.18%,945407.71,11.37%
2021-11-29,基金,黄金ETF(518880.XSHG),多,29000股,29000股,3.614,104806,-9566.78,3.944,-,0,-406,0股,-8.36%,945407.71,11.09%
2021-11-29,股票,长江电力(600900.XSHG),多,3000股,3000股,19.53,58590,15,19.525,-,0,0,0股,0.03%,945407.71,6.2%
2021-11-29,股票,农业银行(601288.XSHG),多,44000股,44000股,2.92,128480,-2465.79,2.976,-,0,0,0股,-1.88%,945407.71,13.59%
2021-11-29,,Cash,,,,,4255.81,,,,,,,,0
2021-11-30,基金,豆粕ETF华夏(159985.XSHE),多,45900股,45900股,1.165,53473.5,3995.2,1.078,-,0,-550.8,0股,8.07%,944203.71,5.66%
2021-11-30,基金,10年地债(511270.XSHG),多,4600股,4600股,105.937,487310.2,23125.64,100.91,-,0,-437,0股,4.98%,944203.71,51.61%
2021-11-30,基金,纳指ETF(513100.XSHG),多,20200股,20200股,5.346,107989.2,13837.22,4.661,-,0,484.8,0股,14.7%,944203.71,11.44%
2021-11-30,基金,黄金ETF(518880.XSHG),多,29000股,29000股,3.605,104545,-9827.78,3.944,-,0,-261,0股,-8.59%,944203.71,11.07%
2021-11-30,股票,长江电力(600900.XSHG),多,3000股,3000股,19.53,58590,15,19.525,-,0,0,0股,0.03%,944203.71,6.21%
2021-11-30,股票,农业银行(601288.XSHG),多,44000股,44000股,2.91,128040,-2905.79,2.976,-,0,-440,0股,-2.22%,944203.71,13.56%
2021-11-30,,Cash,,,,,4255.81,,,,,,,,0
2021-12-01,基金,豆粕ETF华夏(159985.XSHE),多,45900股,45900股,1.166,53519.4,4041.1,1.078,-,0,45.9,0股,8.17%,945002.21,5.66%
2021-12-01,基金,10年地债(511270.XSHG),多,4600股,4600股,105.98,487508,23323.44,100.91,-,0,197.8,0股,5.02%,945002.21,51.59%
2021-12-01,基金,纳指ETF(513100.XSHG),多,20200股,20200股,5.35,108070,13918.02,4.661,-,0,80.8,0股,14.78%,945002.21,11.44%
2021-12-01,基金,黄金ETF(518880.XSHG),多,29000股,29000股,3.591,104139,-10233.78,3.944,-,0,-406,0股,-8.95%,945002.21,11.02%
2021-12-01,股票,长江电力(600900.XSHG),多,3000股,3000股,19.53,58590,15,19.525,-,0,0,0股,0.03%,945002.21,6.2%
2021-12-01,股票,农业银行(601288.XSHG),多,44000股,44000股,2.93,128920,-2025.79,2.976,-,0,880,0股,-1.55%,945002.21,13.64%
2021-12-01,,Cash,,,,,4255.81,,,,,,,,0
2021-12-02,基金,豆粕ETF华夏(159985.XSHE),多,45900股,45900股,1.169,53657.1,4178.8,1.078,-,0,137.7,0股,8.45%,942757.91,5.69%
2021-12-02,基金,10年地债(511270.XSHG),多,4600股,4600股,106.09,488014,23829.44,100.91,-,0,506,0股,5.13%,942757.91,51.76%
2021-12-02,基金,纳指ETF(513100.XSHG),多,20200股,20200股,5.23,105646,11494.02,4.661,-,0,-2424,0股,12.21%,942757.91,11.21%
2021-12-02,基金,黄金ETF(518880.XSHG),多,29000股,29000股,3.575,103675,-10697.78,3.944,-,0,-464,0股,-9.35%,942757.91,11%
2021-12-02,股票,长江电力(600900.XSHG),多,3000股,3000股,19.53,58590,15,19.525,-,0,0,0股,0.03%,942757.91,6.21%
2021-12-02,股票,农业银行(601288.XSHG),多,44000股,44000股,2.93,128920,-2025.79,2.976,-,0,0,0股,-1.55%,942757.91,13.67%
2021-12-02,,Cash,,,,,4255.81,,,,,,,,0
2021-12-03,基金,豆粕ETF华夏(159985.XSHE),多,45900股,45900股,1.187,54483.3,5005,1.078,-,0,826.2,0股,10.12%,943108.91,5.78%
2021-12-03,基金,10年地债(511270.XSHG),多,4600股,4600股,106.061,487880.6,23696.04,100.91,-,0,-133.4,0股,5.1%,943108.91,51.73%
2021-12-03,基金,纳指ETF(513100.XSHG),多,20200股,20200股,5.226,105565.2,11413.22,4.661,-,0,-80.8,0股,12.12%,943108.91,11.19%
2021-12-03,基金,黄金ETF(518880.XSHG),多,29000股,29000股,3.566,103414,-10958.78,3.944,-,0,-261,0股,-9.58%,943108.91,10.97%
2021-12-03,股票,长江电力(600900.XSHG),多,3000股,3000股,19.53,58590,15,19.525,-,0,0,0股,0.03%,943108.91,6.21%
2021-12-03,股票,农业银行(601288.XSHG),多,44000股,44000股,2.93,128920,-2025.79,2.976,-,0,0,0股,-1.55%,943108.91,13.67%
2021-12-03,,Cash,,,,,4255.81,,,,,,,,0
2021-12-06,基金,豆粕ETF华夏(159985.XSHE),多,45900股,45900股,1.18,54162,4683.7,1.078,-,0,-321.3,0股,9.47%,944546.41,5.73%
2021-12-06,基金,10年地债(511270.XSHG),多,4600股,4600股,106.6,490360,26175.44,100.91,-,0,2479.4,0股,5.64%,944546.41,51.91%
2021-12-06,基金,纳指ETF(513100.XSHG),多,20200股,20200股,5.153,104090.6,9938.62,4.661,-,0,-1474.6,0股,10.56%,944546.41,11.02%
2021-12-06,基金,黄金ETF(518880.XSHG),多,29000股,29000股,3.592,104168,-10204.78,3.944,-,0,754,0股,-8.92%,944546.41,11.03%
2021-12-06,股票,长江电力(600900.XSHG),多,3000股,3000股,19.53,58590,15,19.525,-,0,0,0股,0.03%,944546.41,6.2%
2021-12-06,股票,农业银行(601288.XSHG),多,44000股,44000股,2.93,128920,-2025.79,2.976,-,0,0,0股,-1.55%,944546.41,13.65%
2021-12-06,,Cash,,,,,4255.81,,,,,,,,0
2021-12-07,基金,豆粕ETF华夏(159985.XSHE),多,45900股,45900股,1.168,53611.2,4132.9,1.078,-,0,-550.8,0股,8.35%,945156.81,5.67%
2021-12-07,基金,10年地债(511270.XSHG),多,4600股,4600股,106.513,489959.8,25775.24,100.91,-,0,-400.2,0股,5.55%,945156.81,51.84%
2021-12-07,基金,纳指ETF(513100.XSHG),多,20200股,20200股,5.22,105444,11292.02,4.661,-,0,1353.4,0股,11.99%,945156.81,11.16%
2021-12-07,基金,黄金ETF(518880.XSHG),多,29000股,29000股,3.584,103936,-10436.78,3.944,-,0,-232,0股,-9.13%,945156.81,11%
2021-12-07,股票,长江电力(600900.XSHG),多,3000股,3000股,19.53,58590,15,19.525,-,0,0,0股,0.03%,945156.81,6.2%
2021-12-07,股票,农业银行(601288.XSHG),多,44000股,44000股,2.94,129360,-1585.79,2.976,-,0,440,0股,-1.21%,945156.81,13.69%
2021-12-07,,Cash,,,,,4255.81,,,,,,,,0
2021-12-08,基金,豆粕ETF华夏(159985.XSHE),多,41300股,41300股,1.167,48197.1,3677.41,1.078,-,0,-41.3,0股,8.26%,947151.31,5.09%
2021-12-08,基金,10年地债(511270.XSHG),多,4900股,4900股,106.46,521654,25528.44,101.25,-,0,-246.8,300股,5.15%,947151.31,55.08%
2021-12-08,基金,纳指ETF(513100.XSHG),多,18200股,18200股,5.35,97370,12540,4.661,-,0,2366,0股,14.78%,947151.31,10.28%
2021-12-08,基金,黄金ETF(518880.XSHG),多,27000股,27000股,3.589,96903,-9582,3.944,-,0,135,0股,-9%,947151.31,10.23%
2021-12-08,股票,长江电力(600900.XSHG),多,3000股,3000股,19.53,58590,15,19.525,-,0,0,0股,0.03%,947151.31,6.19%
2021-12-08,股票,农业银行(601288.XSHG),多,41200股,41200股,2.93,120716,-1896.87,2.976,-,0,-412,0股,-1.55%,947151.31,12.75%
2021-12-08,,Cash,,,,,3721.21,,,,,,,,0
2021-12-09,基金,豆粕ETF华夏(159985.XSHE),多,41300股,41300股,1.186,48981.8,4462.11,1.078,-,0,784.7,0股,10.02%,947749.91,5.17%
2021-12-09,基金,10年地债(511270.XSHG),多,4900股,4900股,106.409,521404.1,25278.54,101.25,-,0,-249.9,0股,5.1%,947749.91,55.01%
2021-12-09,基金,纳指ETF(513100.XSHG),多,18200股,18200股,5.329,96987.8,12157.8,4.661,-,0,-382.2,0股,14.33%,947749.91,10.23%
2021-12-09,基金,黄金ETF(518880.XSHG),多,27000股,27000股,3.575,96525,-9960,3.944,-,0,-378,0股,-9.35%,947749.91,10.18%
2021-12-09,股票,长江电力(600900.XSHG),多,3000股,3000股,19.53,58590,15,19.525,-,0,0,0股,0.03%,947749.91,6.18%
2021-12-09,股票,农业银行(601288.XSHG),多,41200股,41200股,2.95,121540,-1072.87,2.976,-,0,824,0股,-0.88%,947749.91,12.82%
2021-12-09,,Cash,,,,,3721.21,,,,,,,,0
2021-12-10,基金,豆粕ETF华夏(159985.XSHE),多,41300股,41300股,1.198,49477.4,4957.71,1.078,-,0,495.6,0股,11.14%,946377.71,5.23%
2021-12-10,基金,10年地债(511270.XSHG),多,4900股,4900股,106.349,521110.1,24984.54,101.25,-,0,-294,0股,5.04%,946377.71,55.06%
2021-12-10,基金,纳指ETF(513100.XSHG),多,18200股,18200股,5.28,96096,11266,4.661,-,0,-891.8,0股,13.28%,946377.71,10.15%
2021-12-10,基金,黄金ETF(518880.XSHG),多,27000股,27000股,3.565,96255,-10230,3.944,-,0,-270,0股,-9.61%,946377.71,10.17%
2021-12-10,股票,长江电力(600900.XSHG),多,3000股,3000股,19.53,58590,15,19.525,-,0,0,0股,0.03%,946377.71,6.19%
2021-12-10,股票,农业银行(601288.XSHG),多,41200股,41200股,2.94,121128,-1484.87,2.976,-,0,-412,0股,-1.21%,946377.71,12.8%
2021-12-10,,Cash,,,,,3721.21,,,,,,,,0
2021-12-13,基金,豆粕ETF华夏(159985.XSHE),多,41300股,41300股,1.197,49436.1,4916.41,1.078,-,0,-41.3,0股,11.04%,951410.61,5.2%
2021-12-13,基金,10年地债(511270.XSHG),多,4900股,4900股,106.299,520865.1,24739.54,101.25,-,0,-245,0股,4.99%,951410.61,54.75%
2021-12-13,基金,纳指ETF(513100.XSHG),多,18200股,18200股,5.346,97297.2,12467.2,4.661,-,0,1201.2,0股,14.7%,951410.61,10.23%
2021-12-13,基金,黄金ETF(518880.XSHG),多,27000股,27000股,3.585,96795,-9690,3.944,-,0,540,0股,-9.1%,951410.61,10.17%
2021-12-13,股票,长江电力(600900.XSHG),多,3000股,3000股,20.86,62580,4005,19.525,-,0,3990,0股,6.84%,951410.61,6.58%
2021-12-13,股票,农业银行(601288.XSHG),多,41200股,41200股,2.93,120716,-1896.87,2.976,-,0,-412,0股,-1.55%,951410.61,12.69%
2021-12-13,,Cash,,,,,3721.21,,,,,,,,0
2021-12-14,基金,豆粕ETF华夏(159985.XSHE),多,41300股,41300股,1.178,48651.4,4131.71,1.078,-,0,-784.7,0股,9.28%,951967.81,5.11%
2021-12-14,基金,10年地债(511270.XSHG),多,4900股,4900股,106.37,521213,25087.44,101.25,-,0,347.9,0股,5.06%,951967.81,54.75%
2021-12-14,基金,纳指ETF(513100.XSHG),多,18200股,18200股,5.261,95750.2,10920.2,4.661,-,0,-1547,0股,12.87%,951967.81,10.06%
2021-12-14,基金,黄金ETF(518880.XSHG),多,27000股,27000股,3.588,96876,-9609,3.944,-,0,81,0股,-9.02%,951967.81,10.18%
2021-12-14,股票,长江电力(600900.XSHG),多,3000股,3000股,21.68,65040,6465,19.525,-,0,2460,0股,11.04%,951967.81,6.83%
2021-12-14,股票,农业银行(601288.XSHG),多,41200股,41200股,2.93,120716,-1896.87,2.976,-,0,0,0股,-1.55%,951967.81,12.68%
2021-12-14,,Cash,,,,,3721.21,,,,,,,,0
2021-12-15,基金,豆粕ETF华夏(159985.XSHE),多,41300股,41300股,1.198,49477.4,4957.71,1.078,-,0,826,0股,11.14%,951461.21,5.2%
2021-12-15,基金,10年地债(511270.XSHG),多,4900股,4900股,106.368,521203.2,25077.64,101.25,-,0,-9.8,0股,5.05%,951461.21,54.78%
2021-12-15,基金,纳指ETF(513100.XSHG),多,18200股,18200股,5.217,94949.4,10119.4,4.661,-,0,-800.8,0股,11.93%,951461.21,9.98%
2021-12-15,基金,黄金ETF(518880.XSHG),多,27000股,27000股,3.552,95904,-10581,3.944,-,0,-972,0股,-9.94%,951461.21,10.08%
2021-12-15,股票,长江电力(600900.XSHG),多,3000股,3000股,21.83,65490,6915,19.525,-,0,450,0股,11.81%,951461.21,6.88%
2021-12-15,股票,农业银行(601288.XSHG),多,41200股,41200股,2.93,120716,-1896.87,2.976,-,0,0,0股,-1.55%,951461.21,12.69%
2021-12-15,,Cash,,,,,3721.21,,,,,,,,0
2021-12-16,基金,豆粕ETF华夏(159985.XSHE),多,41300股,41300股,1.213,50096.9,5577.21,1.078,-,0,619.5,0股,12.53%,956145.71,5.24%
2021-12-16,基金,10年地债(511270.XSHG),多,4900股,4900股,106.338,521056.2,24930.64,101.25,-,0,-147,0股,5.03%,956145.71,54.5%
2021-12-16,基金,纳指ETF(513100.XSHG),多,18200股,18200股,5.347,97315.4,12485.4,4.661,-,0,2366,0股,14.72%,956145.71,10.18%
2021-12-16,基金,黄金ETF(518880.XSHG),多,27000股,27000股,3.584,96768,-9717,3.944,-,0,864,0股,-9.13%,956145.71,10.12%
2021-12-16,股票,长江电力(600900.XSHG),多,3000股,3000股,22.02,66060,7485,19.525,-,0,570,0股,12.78%,956145.71,6.91%
2021-12-16,股票,农业银行(601288.XSHG),多,41200股,41200股,2.94,121128,-1484.87,2.976,-,0,412,0股,-1.21%,956145.71,12.67%
2021-12-16,,Cash,,,,,3721.21,,,,,,,,0
2021-12-17,基金,豆粕ETF华夏(159985.XSHE),多,41300股,41300股,1.219,50344.7,5825.01,1.078,-,0,247.8,0股,13.08%,954331.11,5.28%
2021-12-17,基金,10年地债(511270.XSHG),多,4900股,4900股,106.4,521360,25234.44,101.25,-,0,303.8,0股,5.09%,954331.11,54.63%
2021-12-17,基金,纳指ETF(513100.XSHG),多,18200股,18200股,5.191,94476.2,9646.2,4.661,-,0,-2839.2,0股,11.37%,954331.11,9.9%
2021-12-17,基金,黄金ETF(518880.XSHG),多,27000股,27000股,3.629,97983,-8502,3.944,-,0,1215,0股,-7.98%,954331.11,10.27%
2021-12-17,股票,长江电力(600900.XSHG),多,3000股,3000股,21.91,65730,7155,19.525,-,0,-330,0股,12.22%,954331.11,6.89%
2021-12-17,股票,农业银行(601288.XSHG),多,41200股,41200股,2.93,120716,-1896.87,2.976,-,0,-412,0股,-1.55%,954331.11,12.65%
2021-12-17,,Cash,,,,,3721.21,,,,,,,,0
2021-12-20,基金,豆粕ETF华夏(159985.XSHE),多,41300股,41300股,1.211,50014.3,5494.61,1.078,-,0,-330.4,0股,12.34%,951300.11,5.26%
2021-12-20,基金,10年地债(511270.XSHG),多,4900股,4900股,106.18,520282,24156.44,101.25,-,0,-1078,0股,4.87%,951300.11,54.69%
2021-12-20,基金,纳指ETF(513100.XSHG),多,18200股,18200股,5.113,93056.6,8226.6,4.661,-,0,-1419.6,0股,9.7%,951300.11,9.78%
2021-12-20,基金,黄金ETF(518880.XSHG),多,27000股,27000股,3.624,97848,-8637,3.944,-,0,-135,0股,-8.11%,951300.11,10.29%
2021-12-20,股票,长江电力(600900.XSHG),多,3000股,3000股,21.75,65250,6675,19.525,-,0,-480,0股,11.4%,951300.11,6.86%
2021-12-20,股票,农业银行(601288.XSHG),多,41200股,41200股,2.94,121128,-1484.87,2.976,-,0,412,0股,-1.21%,951300.11,12.73%
2021-12-20,,Cash,,,,,3721.21,,,,,,,,0
2021-12-21,基金,豆粕ETF华夏(159985.XSHE),多,41300股,41300股,1.207,49849.1,5329.41,1.078,-,0,-165.2,0股,11.97%,951727.41,5.24%
2021-12-21,基金,10年地债(511270.XSHG),多,4900股,4900股,106.049,519640.1,23514.54,101.25,-,0,-641.9,0股,4.74%,951727.41,54.6%
2021-12-21,基金,纳指ETF(513100.XSHG),多,18200股,18200股,5.18,94276,9446,4.661,-,0,1219.4,0股,11.14%,951727.41,9.91%
2021-12-21,基金,黄金ETF(518880.XSHG),多,27000股,27000股,3.599,97173,-9312,3.944,-,0,-675,0股,-8.74%,951727.41,10.21%
2021-12-21,股票,长江电力(600900.XSHG),多,3000股,3000股,21.98,65940,7365,19.525,-,0,690,0股,12.57%,951727.41,6.93%
2021-12-21,股票,农业银行(601288.XSHG),多,41200股,41200股,2.94,121128,-1484.87,2.976,-,0,0,0股,-1.21%,951727.41,12.73%
2021-12-21,,Cash,,,,,3721.21,,,,,,,,0
2021-12-22,基金,豆粕ETF华夏(159985.XSHE),多,41300股,41300股,1.218,50303.4,5783.71,1.078,-,0,454.3,0股,12.99%,951872.31,5.28%
2021-12-22,基金,10年地债(511270.XSHG),多,4900股,4900股,105.915,518983.5,22857.94,101.25,-,0,-656.6,0股,4.61%,951872.31,54.52%
2021-12-22,基金,纳指ETF(513100.XSHG),多,18200股,18200股,5.206,94749.2,9919.2,4.661,-,0,473.2,0股,11.69%,951872.31,9.95%
2021-12-22,基金,黄金ETF(518880.XSHG),多,27000股,27000股,3.591,96957,-9528,3.944,-,0,-216,0股,-8.95%,951872.31,10.19%
2021-12-22,股票,长江电力(600900.XSHG),多,3000股,3000股,22.01,66030,7455,19.525,-,0,90,0股,12.73%,951872.31,6.94%
2021-12-22,股票,农业银行(601288.XSHG),多,41200股,41200股,2.94,121128,-1484.87,2.976,-,0,0,0股,-1.21%,951872.31,12.73%
2021-12-22,,Cash,,,,,3721.21,,,,,,,,0
2021-12-23,基金,豆粕ETF华夏(159985.XSHE),多,41300股,41300股,1.245,51418.5,6898.81,1.078,-,0,1115.1,0股,15.5%,955729.91,5.38%
2021-12-23,基金,10年地债(511270.XSHG),多,4900股,4900股,105.9,518910,22784.44,101.25,-,0,-73.5,0股,4.59%,955729.91,54.29%
2021-12-23,基金,纳指ETF(513100.XSHG),多,18200股,18200股,5.276,96023.2,11193.2,4.661,-,0,1274,0股,13.19%,955729.91,10.05%
2021-12-23,基金,黄金ETF(518880.XSHG),多,27000股,27000股,3.627,97929,-8556,3.944,-,0,972,0股,-8.03%,955729.91,10.25%
2021-12-23,股票,长江电力(600900.XSHG),多,3000股,3000股,22.2,66600,8025,19.525,-,0,570,0股,13.7%,955729.91,6.97%
2021-12-23,股票,农业银行(601288.XSHG),多,41200股,41200股,2.94,121128,-1484.87,2.976,-,0,0,0股,-1.21%,955729.91,12.67%
2021-12-23,,Cash,,,,,3721.21,,,,,,,,0
2021-12-24,基金,豆粕ETF华夏(159985.XSHE),多,41300股,41300股,1.252,51707.6,7187.91,1.078,-,0,289.1,0股,16.15%,957108.21,5.4%
2021-12-24,基金,10年地债(511270.XSHG),多,4900股,4900股,105.87,518763,22637.44,101.25,-,0,-147,0股,4.56%,957108.21,54.2%
2021-12-24,基金,纳指ETF(513100.XSHG),多,18200股,18200股,5.307,96587.4,11757.4,4.661,-,0,564.2,0股,13.86%,957108.21,10.09%
2021-12-24,基金,黄金ETF(518880.XSHG),多,27000股,27000股,3.633,98091,-8394,3.944,-,0,162,0股,-7.88%,957108.21,10.25%
2021-12-24,股票,长江电力(600900.XSHG),多,3000股,3000股,22.37,67110,8535,19.525,-,0,510,0股,14.57%,957108.21,7.01%
2021-12-24,股票,农业银行(601288.XSHG),多,41200股,41200股,2.94,121128,-1484.87,2.976,-,0,0,0股,-1.21%,957108.21,12.66%
2021-12-24,,Cash,,,,,3721.21,,,,,,,,0
2021-12-27,基金,豆粕ETF华夏(159985.XSHE),多,41300股,41300股,1.239,51170.7,6651.01,1.078,-,0,-536.9,0股,14.94%,956734.81,5.35%
2021-12-27,基金,10年地债(511270.XSHG),多,4900股,4900股,105.843,518630.7,22505.14,101.25,-,0,-132.3,0股,4.54%,956734.81,54.21%
2021-12-27,基金,纳指ETF(513100.XSHG),多,18200股,18200股,5.331,97024.2,12194.2,4.661,-,0,436.8,0股,14.37%,956734.81,10.14%
2021-12-27,基金,黄金ETF(518880.XSHG),多,27000股,27000股,3.63,98010,-8475,3.944,-,0,-81,0股,-7.96%,956734.81,10.24%
2021-12-27,股票,长江电力(600900.XSHG),多,3000股,3000股,22.35,67050,8475,19.525,-,0,-60,0股,14.47%,956734.81,7.01%
2021-12-27,股票,农业银行(601288.XSHG),多,41200股,41200股,2.94,121128,-1484.87,2.976,-,0,0,0股,-1.21%,956734.81,12.66%
2021-12-27,,Cash,,,,,3721.21,,,,,,,,0
2021-12-28,基金,豆粕ETF华夏(159985.XSHE),多,41300股,41300股,1.249,51583.7,7064.01,1.078,-,0,413,0股,15.87%,958447.81,5.38%
2021-12-28,基金,10年地债(511270.XSHG),多,4900股,4900股,105.671,517787.9,21662.34,101.25,-,0,-842.8,0股,4.37%,958447.81,54.02%
2021-12-28,基金,纳指ETF(513100.XSHG),多,18200股,18200股,5.405,98371,13541,4.661,-,0,1346.8,0股,15.96%,958447.81,10.26%
2021-12-28,基金,黄金ETF(518880.XSHG),多,27000股,27000股,3.642,98334,-8151,3.944,-,0,324,0股,-7.65%,958447.81,10.26%
2021-12-28,股票,长江电力(600900.XSHG),多,3000股,3000股,22.37,67110,8535,19.525,-,0,60,0股,14.57%,958447.81,7%
2021-12-28,股票,农业银行(601288.XSHG),多,41200股,41200股,2.95,121540,-1072.87,2.976,-,0,412,0股,-0.88%,958447.81,12.68%
2021-12-28,,Cash,,,,,3721.21,,,,,,,,0
2021-12-29,基金,豆粕ETF华夏(159985.XSHE),多,41300股,41300股,1.234,50964.2,6444.51,1.078,-,0,-619.5,0股,14.48%,955494.11,5.33%
2021-12-29,基金,10年地债(511270.XSHG),多,4900股,4900股,105.457,516739.3,20613.74,101.25,-,0,-1048.6,0股,4.15%,955494.11,54.08%
2021-12-29,基金,纳指ETF(513100.XSHG),多,18200股,18200股,5.402,98316.4,13486.4,4.661,-,0,-54.6,0股,15.9%,955494.11,10.29%
2021-12-29,基金,黄金ETF(518880.XSHG),多,27000股,27000股,3.625,97875,-8610,3.944,-,0,-459,0股,-8.09%,955494.11,10.24%
2021-12-29,股票,长江电力(600900.XSHG),多,3000股,3000股,22.25,66750,8175,19.525,-,0,-360,0股,13.96%,955494.11,6.99%
2021-12-29,股票,农业银行(601288.XSHG),多,41200股,41200股,2.94,121128,-1484.87,2.976,-,0,-412,0股,-1.21%,955494.11,12.68%
2021-12-29,,Cash,,,,,3721.21,,,,,,,,0
2021-12-30,基金,豆粕ETF华夏(159985.XSHE),多,41300股,41300股,1.24,51212,6692.31,1.078,-,0,247.8,0股,15.03%,954381.21,5.37%
2021-12-30,基金,10年地债(511270.XSHG),多,4900股,4900股,105.224,515597.6,19472.04,101.25,-,0,-1141.7,0股,3.92%,954381.21,54.02%
2021-12-30,基金,纳指ETF(513100.XSHG),多,18200股,18200股,5.372,97770.4,12940.4,4.661,-,0,-546,0股,15.25%,954381.21,10.24%
2021-12-30,基金,黄金ETF(518880.XSHG),多,27000股,27000股,3.606,97362,-9123,3.944,-,0,-513,0股,-8.57%,954381.21,10.2%
2021-12-30,股票,长江电力(600900.XSHG),多,3000股,3000股,22.53,67590,9015,19.525,-,0,840,0股,15.39%,954381.21,7.08%
2021-12-30,股票,农业银行(601288.XSHG),多,41200股,41200股,2.94,121128,-1484.87,2.976,-,0,0,0股,-1.21%,954381.21,12.69%
2021-12-30,,Cash,,,,,3721.21,,,,,,,,0
2021-12-31,基金,豆粕ETF华夏(159985.XSHE),多,41300股,41300股,1.221,50427.3,5907.61,1.078,-,0,-784.7,0股,13.27%,955151.01,5.28%
2021-12-31,基金,10年地债(511270.XSHG),多,4900股,4900股,105.263,515788.7,19663.14,101.25,-,0,191.1,0股,3.96%,955151.01,54%
2021-12-31,基金,纳指ETF(513100.XSHG),多,18200股,18200股,5.364,97624.8,12794.8,4.661,-,0,-145.6,0股,15.08%,955151.01,10.22%
2021-12-31,基金,黄金ETF(518880.XSHG),多,27000股,27000股,3.643,98361,-8124,3.944,-,0,999,0股,-7.63%,955151.01,10.3%
2021-12-31,股票,长江电力(600900.XSHG),多,3000股,3000股,22.7,68100,9525,19.525,-,0,510,0股,16.26%,955151.01,7.13%
2021-12-31,股票,农业银行(601288.XSHG),多,41200股,41200股,2.94,121128,-1484.87,2.976,-,0,0,0股,-1.21%,955151.01,12.68%
2021-12-31,,Cash,,,,,3721.21,,,,,,,,0
2022-01-04,基金,豆粕ETF华夏(159985.XSHE),多,41300股,41300股,1.245,51418.5,6898.81,1.078,-,0,991.2,0股,15.5%,957621.91,5.37%
2022-01-04,基金,10年地债(511270.XSHG),多,4900股,4900股,105.45,516705,20579.44,101.25,-,0,916.3,0股,4.15%,957621.91,53.96%
2022-01-04,基金,纳指ETF(513100.XSHG),多,18200股,18200股,5.406,98389.2,13559.2,4.661,-,0,764.4,0股,15.98%,957621.91,10.27%
2022-01-04,基金,黄金ETF(518880.XSHG),多,27000股,27000股,3.62,97740,-8745,3.944,-,0,-621,0股,-8.21%,957621.91,10.21%
2022-01-04,股票,长江电力(600900.XSHG),多,3000股,3000股,22.84,68520,9945,19.525,-,0,420,0股,16.98%,957621.91,7.16%
2022-01-04,股票,农业银行(601288.XSHG),多,41200股,41200股,2.94,121128,-1484.87,2.976,-,0,0,0股,-1.21%,957621.91,12.65%
2022-01-04,,Cash,,,,,3721.21,,,,,,,,0
2022-01-05,基金,豆粕ETF华夏(159985.XSHE),多,41300股,41300股,1.262,52120.6,7600.91,1.078,-,0,702.1,0股,17.07%,957909.61,5.44%
2022-01-05,基金,10年地债(511270.XSHG),多,4900股,4900股,105.466,516783.4,20657.84,101.25,-,0,78.4,0股,4.16%,957909.61,53.95%
2022-01-05,基金,纳指ETF(513100.XSHG),多,18200股,18200股,5.297,96405.4,11575.4,4.661,-,0,-1983.8,0股,13.65%,957909.61,10.06%
2022-01-05,基金,黄金ETF(518880.XSHG),多,27000股,27000股,3.635,98145,-8340,3.944,-,0,405,0股,-7.83%,957909.61,10.25%
2022-01-05,股票,长江电力(600900.XSHG),多,3000股,3000股,22.79,68370,9795,19.525,-,0,-150,0股,16.72%,957909.61,7.14%
2022-01-05,股票,农业银行(601288.XSHG),多,41200股,41200股,2.97,122364,-248.87,2.976,-,0,1236,0股,-0.2%,957909.61,12.77%
2022-01-05,,Cash,,,,,3721.21,,,,,,,,0
2022-01-06,基金,豆粕ETF华夏(159985.XSHE),多,41300股,41300股,1.232,50881.6,6361.91,1.078,-,0,-1239,0股,14.29%,951723.41,5.35%
2022-01-06,基金,10年地债(511270.XSHG),多,4900股,4900股,105.676,517812.4,21686.84,101.25,-,0,1029,0股,4.37%,951723.41,54.41%
2022-01-06,基金,纳指ETF(513100.XSHG),多,18200股,18200股,5.151,93748.2,8918.2,4.661,-,0,-2657.2,0股,10.51%,951723.41,9.85%
2022-01-06,基金,黄金ETF(518880.XSHG),多,27000股,27000股,3.614,97578,-8907,3.944,-,0,-567,0股,-8.36%,951723.41,10.25%
2022-01-06,股票,长江电力(600900.XSHG),多,3000股,3000股,22.01,66030,7455,19.525,-,0,-2340,0股,12.73%,951723.41,6.94%
2022-01-06,股票,农业银行(601288.XSHG),多,41200股,41200股,2.96,121952,-660.87,2.976,-,0,-412,0股,-0.54%,951723.41,12.81%
2022-01-06,,Cash,,,,,3721.21,,,,,,,,0
2022-01-07,基金,豆粕ETF华夏(159985.XSHE),多,41300股,41300股,1.234,50964.2,6444.51,1.078,-,0,82.6,0股,14.48%,953865.41,5.34%
2022-01-07,基金,10年地债(511270.XSHG),多,4900股,4900股,105.736,518106.4,21980.84,101.25,-,0,294,0股,4.43%,953865.41,54.32%
2022-01-07,基金,纳指ETF(513100.XSHG),多,18200股,18200股,5.188,94421.6,9591.6,4.661,-,0,673.4,0股,11.31%,953865.41,9.9%
2022-01-07,基金,黄金ETF(518880.XSHG),多,27000股,27000股,3.592,96984,-9501,3.944,-,0,-594,0股,-8.92%,953865.41,10.17%
2022-01-07,股票,长江电力(600900.XSHG),多,3000股,3000股,22.16,66480,7905,19.525,-,0,450,0股,13.5%,953865.41,6.97%
2022-01-07,股票,农业银行(601288.XSHG),多,41200股,41200股,2.99,123188,575.13,2.976,-,0,1236,0股,0.47%,953865.41,12.91%
2022-01-07,,Cash,,,,,3721.21,,,,,,,,0
2022-01-10,基金,豆粕ETF华夏(159985.XSHE),多,41300股,41300股,1.237,51088.1,6568.41,1.078,-,0,123.9,0股,14.75%,954364.91,5.35%
2022-01-10,基金,10年地债(511270.XSHG),多,4900股,4900股,105.798,518410.2,22284.64,101.25,-,0,303.8,0股,4.49%,954364.91,54.32%
2022-01-10,基金,纳指ETF(513100.XSHG),多,18200股,18200股,5.142,93584.4,8754.4,4.661,-,0,-837.2,0股,10.32%,954364.91,9.81%
2022-01-10,基金,黄金ETF(518880.XSHG),多,27000股,27000股,3.599,97173,-9312,3.944,-,0,189,0股,-8.74%,954364.91,10.18%
2022-01-10,股票,长江电力(600900.XSHG),多,3000股,3000股,22.4,67200,8625,19.525,-,0,720,0股,14.72%,954364.91,7.04%
2022-01-10,股票,农业银行(601288.XSHG),多,41200股,41200股,2.99,123188,575.13,2.976,-,0,0,0股,0.47%,954364.91,12.91%
2022-01-10,,Cash,,,,,3721.21,,,,,,,,0
2022-01-11,基金,豆粕ETF华夏(159985.XSHE),多,39200股,39200股,1.235,48412,6156.03,1.078,-,0,-78.4,0股,14.57%,955853.08,5.06%
2022-01-11,基金,10年地债(511270.XSHG),多,5200股,5200股,105.903,550695.6,22824.04,101.514,-,0,539.4,300股,4.32%,955853.08,57.61%
2022-01-11,基金,纳指ETF(513100.XSHG),多,15300股,15300股,5.101,78045.3,6732.16,4.661,-,0,-627.3,0股,9.44%,955853.08,8.16%
2022-01-11,基金,黄金ETF(518880.XSHG),多,27000股,27000股,3.629,97983,-8502,3.944,-,0,810,0股,-7.98%,955853.08,10.25%
2022-01-11,股票,长江电力(600900.XSHG),多,2200股,2200股,22.5,49500,6545,19.525,-,0,220,0股,15.24%,955853.08,5.18%
2022-01-11,股票,农业银行(601288.XSHG),多,43500股,41200股,3,130500,1010.13,2.977,-,0,435,2300股,0.78%,955853.08,13.65%
2022-01-11,,Cash,,,,,717.18,,,,,,,,0
2022-01-12,基金,豆粕ETF华夏(159985.XSHE),多,39200股,39200股,1.241,48647.2,6391.23,1.078,-,0,235.2,0股,15.13%,956989.98,5.08%
2022-01-12,基金,10年地债(511270.XSHG),多,5200股,5200股,105.985,551122,23250.44,101.514,-,0,426.4,0股,4.4%,956989.98,57.59%
2022-01-12,基金,纳指ETF(513100.XSHG),多,15300股,15300股,5.192,79437.6,8124.46,4.661,-,0,1392.3,0股,11.39%,956989.98,8.3%
2022-01-12,基金,黄金ETF(518880.XSHG),多,27000股,27000股,3.646,98442,-8043,3.944,-,0,459,0股,-7.55%,956989.98,10.29%
2022-01-12,股票,长江电力(600900.XSHG),多,2200股,2200股,22.27,48994,6039,19.525,-,0,-506,0股,14.06%,956989.98,5.12%
2022-01-12,股票,农业银行(601288.XSHG),多,43500股,43500股,2.98,129630,140.13,2.977,-,0,-870,0股,0.11%,956989.98,13.55%
2022-01-12,,Cash,,,,,717.18,,,,,,,,0
2022-01-13,基金,豆粕ETF华夏(159985.XSHE),多,39200股,39200股,1.242,48686.4,6430.43,1.078,-,0,39.2,0股,15.22%,959476.18,5.07%
2022-01-13,基金,10年地债(511270.XSHG),多,5200股,5200股,106.125,551850,23978.44,101.514,-,0,728,0股,4.54%,959476.18,57.52%
2022-01-13,基金,纳指ETF(513100.XSHG),多,15300股,15300股,5.192,79437.6,8124.46,4.661,-,0,0,0股,11.39%,959476.18,8.28%
2022-01-13,基金,黄金ETF(518880.XSHG),多,27000股,27000股,3.654,98658,-7827,3.944,-,0,216,0股,-7.35%,959476.18,10.28%
2022-01-13,股票,长江电力(600900.XSHG),多,2200股,2200股,22.36,49192,6237,19.525,-,0,198,0股,14.52%,959476.18,5.13%
2022-01-13,股票,农业银行(601288.XSHG),多,43500股,43500股,3.01,130935,1445.13,2.977,-,0,1305,0股,1.12%,959476.18,13.65%
2022-01-13,,Cash,,,,,717.18,,,,,,,,0
2022-01-14,基金,豆粕ETF华夏(159985.XSHE),多,39200股,39200股,1.223,47941.6,5685.63,1.078,-,0,-744.8,0股,13.46%,955941.28,5.02%
2022-01-14,基金,10年地债(511270.XSHG),多,5200股,5200股,106.25,552500,24628.44,101.514,-,0,650,0股,4.67%,955941.28,57.8%
2022-01-14,基金,纳指ETF(513100.XSHG),多,76500股,76500股,1.015,77647.5,6334.36,0.932,-,0,-1790.1,0股,8.88%,955941.28,8.12%
2022-01-14,基金,黄金ETF(518880.XSHG),多,27000股,27000股,3.65,98550,-7935,3.944,-,0,-108,0股,-7.45%,955941.28,10.31%
2022-01-14,股票,长江电力(600900.XSHG),多,2200股,2200股,22.45,49390,6435,19.525,-,0,198,0股,14.98%,955941.28,5.17%
2022-01-14,股票,农业银行(601288.XSHG),多,43500股,43500股,2.97,129195,-294.87,2.977,-,0,-1740,0股,-0.23%,955941.28,13.51%
2022-01-14,,Cash,,,,,717.18,,,,,,,,0
2022-01-17,基金,豆粕ETF华夏(159985.XSHE),多,39200股,39200股,1.215,47628,5372.03,1.078,-,0,-313.6,0股,12.71%,955783.78,4.98%
2022-01-17,基金,10年地债(511270.XSHG),多,5200股,5200股,106.468,553633.6,25762.04,101.514,-,0,1133.6,0股,4.88%,955783.78,57.92%
2022-01-17,基金,纳指ETF(513100.XSHG),多,76500股,76500股,1.014,77571,6257.86,0.932,-,0,-76.5,0股,8.78%,955783.78,8.12%
2022-01-17,基金,黄金ETF(518880.XSHG),多,27000股,27000股,3.635,98145,-8340,3.944,-,0,-405,0股,-7.83%,955783.78,10.27%
2022-01-17,股票,长江电力(600900.XSHG),多,2200股,2200股,22.62,49764,6809,19.525,-,0,374,0股,15.85%,955783.78,5.21%
2022-01-17,股票,农业银行(601288.XSHG),多,43500股,43500股,2.95,128325,-1164.87,2.977,-,0,-870,0股,-0.9%,955783.78,13.43%
2022-01-17,,Cash,,,,,717.18,,,,,,,,0
2022-01-18,基金,豆粕ETF华夏(159985.XSHE),多,39200股,39200股,1.209,47392.8,5136.83,1.078,-,0,-235.2,0股,12.16%,958287.58,4.95%
2022-01-18,基金,10年地债(511270.XSHG),多,5200股,5200股,106.678,554725.6,26854.04,101.514,-,0,1092,0股,5.09%,958287.58,57.89%
2022-01-18,基金,纳指ETF(513100.XSHG),多,76500股,76500股,1.008,77112,5798.86,0.932,-,0,-459,0股,8.13%,958287.58,8.05%
2022-01-18,基金,黄金ETF(518880.XSHG),多,27000股,27000股,3.629,97983,-8502,3.944,-,0,-162,0股,-7.98%,958287.58,10.22%
2022-01-18,股票,长江电力(600900.XSHG),多,2200股,2200股,22.86,50292,7337,19.525,-,0,528,0股,17.08%,958287.58,5.25%
2022-01-18,股票,农业银行(601288.XSHG),多,43500股,43500股,2.99,130065,575.13,2.977,-,0,1740,0股,0.44%,958287.58,13.57%
2022-01-18,,Cash,,,,,717.18,,,,,,,,0
2022-01-19,基金,豆粕ETF华夏(159985.XSHE),多,39200股,39200股,1.22,47824,5568.03,1.078,-,0,431.2,0股,13.18%,958365.18,4.99%
2022-01-19,基金,10年地债(511270.XSHG),多,5200股,5200股,107,556400,28528.44,101.514,-,0,1674.4,0股,5.4%,958365.18,58.06%
2022-01-19,基金,纳指ETF(513100.XSHG),多,76500股,76500股,0.986,75429,4115.86,0.932,-,0,-1683,0股,5.77%,958365.18,7.87%
2022-01-19,基金,黄金ETF(518880.XSHG),多,27000股,27000股,3.625,97875,-8610,3.944,-,0,-108,0股,-8.09%,958365.18,10.21%
2022-01-19,股票,长江电力(600900.XSHG),多,2200股,2200股,22.95,50490,7535,19.525,-,0,198,0股,17.54%,958365.18,5.27%
2022-01-19,股票,农业银行(601288.XSHG),多,43500股,43500股,2.98,129630,140.13,2.977,-,0,-435,0股,0.11%,958365.18,13.53%
2022-01-19,,Cash,,,,,717.18,,,,,,,,0
2022-01-20,基金,豆粕ETF华夏(159985.XSHE),多,39200股,39200股,1.246,48843.2,6587.23,1.078,-,0,1019.2,0股,15.59%,962072.08,5.08%
2022-01-20,基金,10年地债(511270.XSHG),多,5200股,5200股,106.996,556379.2,28507.64,101.514,-,0,-20.8,0股,5.4%,962072.08,57.83%
2022-01-20,基金,纳指ETF(513100.XSHG),多,76500股,76500股,0.989,75658.5,4345.36,0.932,-,0,229.5,0股,6.09%,962072.08,7.86%
2022-01-20,基金,黄金ETF(518880.XSHG),多,27000股,27000股,3.674,99198,-7287,3.944,-,0,1323,0股,-6.84%,962072.08,10.31%
2022-01-20,股票,长江电力(600900.XSHG),多,2200股,2200股,23.08,50776,7821,19.525,-,0,286,0股,18.21%,962072.08,5.28%
2022-01-20,股票,农业银行(601288.XSHG),多,43500股,43500股,3,130500,1010.13,2.977,-,0,870,0股,0.78%,962072.08,13.56%
2022-01-20,,Cash,,,,,717.18,,,,,,,,0
2022-01-21,基金,豆粕ETF华夏(159985.XSHE),多,39200股,39200股,1.255,49196,6940.03,1.078,-,0,352.8,0股,16.42%,961845.98,5.11%
2022-01-21,基金,10年地债(511270.XSHG),多,5200股,5200股,107.364,558292.8,30421.24,101.514,-,0,1913.6,0股,5.76%,961845.98,58.04%
2022-01-21,基金,纳指ETF(513100.XSHG),多,76500股,76500股,0.96,73440,2126.86,0.932,-,0,-2218.5,0股,2.98%,961845.98,7.64%
2022-01-21,基金,黄金ETF(518880.XSHG),多,27000股,27000股,3.672,99144,-7341,3.944,-,0,-54,0股,-6.89%,961845.98,10.31%
2022-01-21,股票,长江电力(600900.XSHG),多,2200股,2200股,22.98,50556,7601,19.525,-,0,-220,0股,17.7%,961845.98,5.26%
2022-01-21,股票,农业银行(601288.XSHG),多,43500股,43500股,3,130500,1010.13,2.977,-,0,0,0股,0.78%,961845.98,13.57%
2022-01-21,,Cash,,,,,717.18,,,,,,,,0
2022-01-24,基金,豆粕ETF华夏(159985.XSHE),多,39200股,39200股,1.25,49000,6744.03,1.078,-,0,-196,0股,15.96%,963080.08,5.09%
2022-01-24,基金,10年地债(511270.XSHG),多,5200股,5200股,107.962,561402.4,33530.84,101.514,-,0,3109.6,0股,6.35%,963080.08,58.29%
2022-01-24,基金,纳指ETF(513100.XSHG),多,76500股,76500股,0.951,72751.5,1438.36,0.932,-,0,-688.5,0股,2.02%,963080.08,7.55%
2022-01-24,基金,黄金ETF(518880.XSHG),多,27000股,27000股,3.662,98874,-7611,3.944,-,0,-270,0股,-7.15%,963080.08,10.27%
2022-01-24,股票,长江电力(600900.XSHG),多,2200股,2200股,22.85,50270,7315,19.525,-,0,-286,0股,17.03%,963080.08,5.22%
2022-01-24,股票,农业银行(601288.XSHG),多,43500股,43500股,2.99,130065,575.13,2.977,-,0,-435,0股,0.44%,963080.08,13.51%
2022-01-24,,Cash,,,,,717.18,,,,,,,,0
2022-01-25,基金,豆粕ETF华夏(159985.XSHE),多,39200股,39200股,1.246,48843.2,6587.23,1.078,-,0,-156.8,0股,15.59%,959011.38,5.09%
2022-01-25,基金,10年地债(511270.XSHG),多,5200股,5200股,107.98,561496,33624.44,101.514,-,0,93.6,0股,6.37%,959011.38,58.55%
2022-01-25,基金,纳指ETF(513100.XSHG),多,76500股,76500股,0.93,71145,-168.14,0.932,-,0,-1606.5,0股,-0.24%,959011.38,7.42%
2022-01-25,基金,黄金ETF(518880.XSHG),多,27000股,27000股,3.671,99117,-7368,3.944,-,0,243,0股,-6.92%,959011.38,10.34%
2022-01-25,股票,长江电力(600900.XSHG),多,2200股,2200股,22.44,49368,6413,19.525,-,0,-902,0股,14.93%,959011.38,5.15%
2022-01-25,股票,农业银行(601288.XSHG),多,43500股,43500股,2.95,128325,-1164.87,2.977,-,0,-1740,0股,-0.9%,959011.38,13.38%
2022-01-25,,Cash,,,,,717.18,,,,,,,,0
2022-01-26,基金,豆粕ETF华夏(159985.XSHE),多,39200股,39200股,1.245,48804,6548.03,1.078,-,0,-39.2,0股,15.5%,959251.28,5.09%
2022-01-26,基金,10年地债(511270.XSHG),多,5200股,5200股,107.953,561355.6,33484.04,101.514,-,0,-140.4,0股,6.34%,959251.28,58.52%
2022-01-26,基金,纳指ETF(513100.XSHG),多,76500股,76500股,0.925,70762.5,-550.64,0.932,-,0,-382.5,0股,-0.77%,959251.28,7.38%
2022-01-26,基金,黄金ETF(518880.XSHG),多,27000股,27000股,3.674,99198,-7287,3.944,-,0,81,0股,-6.84%,959251.28,10.34%
2022-01-26,股票,长江电力(600900.XSHG),多,2200股,2200股,22.57,49654,6699,19.525,-,0,286,0股,15.6%,959251.28,5.18%
2022-01-26,股票,农业银行(601288.XSHG),多,43500股,43500股,2.96,128760,-729.87,2.977,-,0,435,0股,-0.56%,959251.28,13.42%
2022-01-26,,Cash,,,,,717.18,,,,,,,,0
2022-01-27,基金,豆粕ETF华夏(159985.XSHE),多,39200股,39200股,1.284,50332.8,8076.83,1.078,-,0,1528.8,0股,19.11%,956301.08,5.26%
2022-01-27,基金,10年地债(511270.XSHG),多,5200股,5200股,107.903,561095.6,33224.04,101.514,-,0,-260,0股,6.29%,956301.08,58.67%
2022-01-27,基金,纳指ETF(513100.XSHG),多,76500股,76500股,0.905,69232.5,-2080.64,0.932,-,0,-1530,0股,-2.92%,956301.08,7.24%
2022-01-27,基金,黄金ETF(518880.XSHG),多,27000股,27000股,3.606,97362,-9123,3.944,-,0,-1836,0股,-8.57%,956301.08,10.18%
2022-01-27,股票,长江电力(600900.XSHG),多,2200股,2200股,22.38,49236,6281,19.525,-,0,-418,0股,14.62%,956301.08,5.15%
2022-01-27,股票,农业银行(601288.XSHG),多,43500股,43500股,2.95,128325,-1164.87,2.977,-,0,-435,0股,-0.9%,956301.08,13.42%
2022-01-27,,Cash,,,,,717.18,,,,,,,,0
2022-01-28,基金,豆粕ETF华夏(159985.XSHE),多,39200股,39200股,1.294,50724.8,8468.83,1.078,-,0,392,0股,20.04%,956603.08,5.3%
2022-01-28,基金,10年地债(511270.XSHG),多,5200股,5200股,107.853,560835.6,32964.04,101.514,-,0,-260,0股,6.24%,956603.08,58.63%
2022-01-28,基金,纳指ETF(513100.XSHG),多,76500股,76500股,0.919,70303.5,-1009.64,0.932,-,0,1071,0股,-1.42%,956603.08,7.35%
2022-01-28,基金,黄金ETF(518880.XSHG),多,27000股,27000股,3.594,97038,-9447,3.944,-,0,-324,0股,-8.87%,956603.08,10.14%
2022-01-28,股票,长江电力(600900.XSHG),多,2200股,2200股,21.92,48224,5269,19.525,-,0,-1012,0股,12.27%,956603.08,5.04%
2022-01-28,股票,农业银行(601288.XSHG),多,43500股,43500股,2.96,128760,-729.87,2.977,-,0,435,0股,-0.56%,956603.08,13.46%
2022-01-28,,Cash,,,,,717.18,,,,,,,,0
2022-02-07,基金,豆粕ETF华夏(159985.XSHE),多,39200股,39200股,1.409,55232.8,12976.83,1.078,-,0,4508,0股,30.71%,967433.18,5.71%
2022-02-07,基金,10年地债(511270.XSHG),多,5200股,5200股,107.856,560851.2,32979.64,101.514,-,0,15.6,0股,6.25%,967433.18,57.97%
2022-02-07,基金,纳指ETF(513100.XSHG),多,76500股,76500股,0.956,73134,1820.86,0.932,-,0,2830.5,0股,2.55%,967433.18,7.56%
2022-02-07,基金,黄金ETF(518880.XSHG),多,27000股,27000股,3.62,97740,-8745,3.944,-,0,702,0股,-8.21%,967433.18,10.1%
2022-02-07,股票,长江电力(600900.XSHG),多,2200股,2200股,22.39,49258,6303,19.525,-,0,1034,0股,14.67%,967433.18,5.09%
2022-02-07,股票,农业银行(601288.XSHG),多,43500股,43500股,3,130500,1010.13,2.977,-,0,1740,0股,0.78%,967433.18,13.49%
2022-02-07,,Cash,,,,,717.18,,,,,,,,0
2022-02-08,基金,豆粕ETF华夏(159985.XSHE),多,39200股,39200股,1.418,55585.6,13329.63,1.078,-,0,352.8,0股,31.54%,974196.78,5.71%
2022-02-08,基金,10年地债(511270.XSHG),多,5200股,5200股,108.215,562718,34846.44,101.514,-,0,1866.8,0股,6.6%,974196.78,57.76%
2022-02-08,基金,纳指ETF(513100.XSHG),多,76500股,76500股,0.95,72675,1361.86,0.932,-,0,-459,0股,1.91%,974196.78,7.46%
2022-02-08,基金,黄金ETF(518880.XSHG),多,27000股,27000股,3.641,98307,-8178,3.944,-,0,567,0股,-7.68%,974196.78,10.09%
2022-02-08,股票,长江电力(600900.XSHG),多,2200股,2200股,23.22,51084,8129,19.525,-,0,1826,0股,18.92%,974196.78,5.24%
2022-02-08,股票,农业银行(601288.XSHG),多,43500股,43500股,3.06,133110,3620.13,2.977,-,0,2610,0股,2.8%,974196.78,13.66%
2022-02-08,,Cash,,,,,717.18,,,,,,,,0
2022-02-09,基金,豆粕ETF华夏(159985.XSHE),多,39200股,39200股,1.442,56526.4,14270.43,1.078,-,0,940.8,0股,33.77%,977235.98,5.78%
2022-02-09,基金,10年地债(511270.XSHG),多,5200股,5200股,108.332,563326.4,35454.84,101.514,-,0,608.4,0股,6.72%,977235.98,57.64%
2022-02-09,基金,纳指ETF(513100.XSHG),多,76500股,76500股,0.966,73899,2585.86,0.932,-,0,1224,0股,3.63%,977235.98,7.56%
2022-02-09,基金,黄金ETF(518880.XSHG),多,27000股,27000股,3.658,98766,-7719,3.944,-,0,459,0股,-7.25%,977235.98,10.11%
2022-02-09,股票,长江电力(600900.XSHG),多,2200股,2200股,23.33,51326,8371,19.525,-,0,242,0股,19.49%,977235.98,5.25%
2022-02-09,股票,农业银行(601288.XSHG),多,43500股,43500股,3.05,132675,3185.13,2.977,-,0,-435,0股,2.46%,977235.98,13.58%
2022-02-09,,Cash,,,,,717.18,,,,,,,,0
2022-02-10,基金,豆粕ETF华夏(159985.XSHE),多,39200股,39200股,1.465,57428,15172.03,1.078,-,0,901.6,0股,35.91%,981214.18,5.85%
2022-02-10,基金,10年地债(511270.XSHG),多,5200股,5200股,108.24,562848,34976.44,101.514,-,0,-478.4,0股,6.63%,981214.18,57.36%
2022-02-10,基金,纳指ETF(513100.XSHG),多,76500股,76500股,0.98,74970,3656.86,0.932,-,0,1071,0股,5.13%,981214.18,7.64%
2022-02-10,基金,黄金ETF(518880.XSHG),多,27000股,27000股,3.665,98955,-7530,3.944,-,0,189,0股,-7.07%,981214.18,10.08%
2022-02-10,股票,长江电力(600900.XSHG),多,2200股,2200股,23.78,52316,9361,19.525,-,0,990,0股,21.79%,981214.18,5.33%
2022-02-10,股票,农业银行(601288.XSHG),多,43500股,43500股,3.08,133980,4490.13,2.977,-,0,1305,0股,3.47%,981214.18,13.65%
2022-02-10,,Cash,,,,,717.18,,,,,,,,0
2022-02-11,基金,豆粕ETF华夏(159985.XSHE),多,39200股,39200股,1.438,56369.6,14113.63,1.078,-,0,-1058.4,0股,33.4%,975045.78,5.78%
2022-02-11,基金,10年地债(511270.XSHG),多,5200股,5200股,107.79,560508,32636.44,101.514,-,0,-2340,0股,6.18%,975045.78,57.49%
2022-02-11,基金,纳指ETF(513100.XSHG),多,76500股,76500股,0.952,72828,1514.86,0.932,-,0,-2142,0股,2.12%,975045.78,7.47%
2022-02-11,基金,黄金ETF(518880.XSHG),多,27000股,27000股,3.645,98415,-8070,3.944,-,0,-540,0股,-7.58%,975045.78,10.09%
2022-02-11,股票,长江电力(600900.XSHG),多,2200股,2200股,23.74,52228,9273,19.525,-,0,-88,0股,21.59%,975045.78,5.36%
2022-02-11,股票,农业银行(601288.XSHG),多,43500股,43500股,3.08,133980,4490.13,2.977,-,0,0,0股,3.47%,975045.78,13.74%
2022-02-11,,Cash,,,,,717.18,,,,,,,,0
2022-02-14,基金,豆粕ETF华夏(159985.XSHE),多,40000股,40000股,1.43,57200,13790.43,1.085,-,0,-323.2,800股,31.77%,971465.69,5.89%
2022-02-14,基金,10年地债(511270.XSHG),多,5000股,5000股,107.615,538075,30506.19,101.514,-,0,-875,0股,6.01%,971465.69,55.39%
2022-02-14,基金,纳指ETF(513100.XSHG),多,85000股,85000股,0.933,79305,86.86,0.932,-,0,-1428,8500股,0.11%,971465.69,8.16%
2022-02-14,基金,黄金ETF(518880.XSHG),多,32100股,32100股,3.705,118930.5,-6516.3,3.908,-,0,1553.7,5100股,-5.19%,971465.69,12.24%
2022-02-14,股票,长江电力(600900.XSHG),多,2400股,2200股,23.39,56136,8495,19.85,-,0,-778,200股,17.83%,971465.69,5.78%
2022-02-14,股票,农业银行(601288.XSHG),多,39700股,39700股,3.04,120688,2509.89,2.977,-,0,-1588,0股,2.12%,971465.69,12.42%
2022-02-14,,Cash,,,,,1131.19,,,,,,,,0
2022-02-15,基金,豆粕ETF华夏(159985.XSHE),多,40000股,40000股,1.415,56600,13190.43,1.085,-,0,-600,0股,30.39%,970738.39,5.83%
2022-02-15,基金,10年地债(511270.XSHG),多,5000股,5000股,107.65,538250,30681.19,101.514,-,0,175,0股,6.04%,970738.39,55.45%
2022-02-15,基金,纳指ETF(513100.XSHG),多,85000股,85000股,0.933,79305,86.86,0.932,-,0,0,0股,0.11%,970738.39,8.17%
2022-02-15,基金,黄金ETF(518880.XSHG),多,32100股,32100股,3.742,120118.2,-5328.6,3.908,-,0,1187.7,0股,-4.25%,970738.39,12.37%
2022-02-15,股票,长江电力(600900.XSHG),多,2400股,2400股,23.1,55440,7799,19.85,-,0,-696,0股,16.37%,970738.39,5.71%
2022-02-15,股票,农业银行(601288.XSHG),多,39700股,39700股,3.02,119894,1715.89,2.977,-,0,-794,0股,1.45%,970738.39,12.35%
2022-02-15,,Cash,,,,,1131.19,,,,,,,,0
2022-02-16,基金,豆粕ETF华夏(159985.XSHE),多,40000股,40000股,1.42,56800,13390.43,1.085,-,0,200,0股,30.85%,971188.39,5.85%
2022-02-16,基金,10年地债(511270.XSHG),多,5000股,5000股,107.595,537975,30406.19,101.514,-,0,-275,0股,5.99%,971188.39,55.39%
2022-02-16,基金,纳指ETF(513100.XSHG),多,85000股,85000股,0.949,80665,1446.86,0.932,-,0,1360,0股,1.83%,971188.39,8.31%
2022-02-16,基金,黄金ETF(518880.XSHG),多,32100股,32100股,3.692,118513.2,-6933.6,3.908,-,0,-1605,0股,-5.53%,971188.39,12.2%
2022-02-16,股票,长江电力(600900.XSHG),多,2400股,2400股,23.09,55416,7775,19.85,-,0,-24,0股,16.32%,971188.39,5.71%
2022-02-16,股票,农业银行(601288.XSHG),多,39700股,39700股,3.04,120688,2509.89,2.977,-,0,794,0股,2.12%,971188.39,12.43%
2022-02-16,,Cash,,,,,1131.19,,,,,,,,0
2022-02-17,基金,豆粕ETF华夏(159985.XSHE),多,40000股,40000股,1.45,58000,14590.43,1.085,-,0,1200,0股,33.61%,973494.79,5.96%
2022-02-17,基金,10年地债(511270.XSHG),多,5000股,5000股,107.645,538225,30656.19,101.514,-,0,250,0股,6.04%,973494.79,55.29%
2022-02-17,基金,纳指ETF(513100.XSHG),多,85000股,85000股,0.942,80070,851.86,0.932,-,0,-595,0股,1.08%,973494.79,8.23%
2022-02-17,基金,黄金ETF(518880.XSHG),多,32100股,32100股,3.726,119604.6,-5842.2,3.908,-,0,1091.4,0股,-4.66%,973494.79,12.29%
2022-02-17,股票,长江电力(600900.XSHG),多,2400股,2400股,23.24,55776,8135,19.85,-,0,360,0股,17.08%,973494.79,5.73%
2022-02-17,股票,农业银行(601288.XSHG),多,39700股,39700股,3.04,120688,2509.89,2.977,-,0,0,0股,2.12%,973494.79,12.4%
2022-02-17,,Cash,,,,,1131.19,,,,,,,,0
2022-02-18,基金,豆粕ETF华夏(159985.XSHE),多,40000股,40000股,1.452,58080,14670.43,1.085,-,0,80,0股,33.8%,974134.19,5.96%
2022-02-18,基金,10年地债(511270.XSHG),多,5000股,5000股,107.617,538085,30516.19,101.514,-,0,-140,0股,6.01%,974134.19,55.24%
2022-02-18,基金,纳指ETF(513100.XSHG),多,85000股,85000股,0.933,79305,86.86,0.932,-,0,-765,0股,0.11%,974134.19,8.14%
2022-02-18,基金,黄金ETF(518880.XSHG),多,32100股,32100股,3.76,120696,-4750.8,3.908,-,0,1091.4,0股,-3.79%,974134.19,12.39%
2022-02-18,股票,长江电力(600900.XSHG),多,2400股,2400股,23.23,55752,8111,19.85,-,0,-24,0股,17.03%,974134.19,5.72%
2022-02-18,股票,农业银行(601288.XSHG),多,39700股,39700股,3.05,121085,2906.89,2.977,-,0,397,0股,2.46%,974134.19,12.43%
2022-02-18,,Cash,,,,,1131.19,,,,,,,,0
2022-02-21,基金,豆粕ETF华夏(159985.XSHE),多,40000股,40000股,1.462,58480,15070.43,1.085,-,0,400,0股,34.72%,972405.59,6.01%
2022-02-21,基金,10年地债(511270.XSHG),多,5000股,5000股,107.509,537545,29976.19,101.514,-,0,-540,0股,5.91%,972405.59,55.28%
2022-02-21,基金,纳指ETF(513100.XSHG),多,85000股,85000股,0.931,79135,-83.14,0.932,-,0,-170,0股,-0.1%,972405.59,8.14%
2022-02-21,基金,黄金ETF(518880.XSHG),多,32100股,32100股,3.754,120503.4,-4943.4,3.908,-,0,-192.6,0股,-3.94%,972405.59,12.39%
2022-02-21,股票,长江电力(600900.XSHG),多,2400股,2400股,23.05,55320,7679,19.85,-,0,-432,0股,16.12%,972405.59,5.69%
2022-02-21,股票,农业银行(601288.XSHG),多,39700股,39700股,3.03,120291,2112.89,2.977,-,0,-794,0股,1.79%,972405.59,12.37%
2022-02-21,,Cash,,,,,1131.19,,,,,,,,0
2022-02-22,基金,豆粕ETF华夏(159985.XSHE),多,40000股,40000股,1.492,59680,16270.43,1.085,-,0,1200,0股,37.48%,970681.29,6.15%
2022-02-22,基金,10年地债(511270.XSHG),多,5000股,5000股,107.528,537640,30071.19,101.514,-,0,95,0股,5.92%,970681.29,55.39%
2022-02-22,基金,纳指ETF(513100.XSHG),多,85000股,85000股,0.893,75905,-3313.14,0.932,-,0,-3230,0股,-4.18%,970681.29,7.82%
2022-02-22,基金,黄金ETF(518880.XSHG),多,32100股,32100股,3.801,122012.1,-3434.7,3.908,-,0,1508.7,0股,-2.74%,970681.29,12.57%
2022-02-22,股票,长江电力(600900.XSHG),多,2400股,2400股,22.84,54816,7175,19.85,-,0,-504,0股,15.06%,970681.29,5.65%
2022-02-22,股票,农业银行(601288.XSHG),多,39700股,39700股,3.01,119497,1318.89,2.977,-,0,-794,0股,1.12%,970681.29,12.31%
2022-02-22,,Cash,,,,,1131.19,,,,,,,,0
2022-02-23,基金,豆粕ETF华夏(159985.XSHE),多,40000股,40000股,1.504,60160,16750.43,1.085,-,0,480,0股,38.59%,971669.39,6.19%
2022-02-23,基金,10年地债(511270.XSHG),多,5000股,5000股,107.58,537900,30331.19,101.514,-,0,260,0股,5.98%,971669.39,55.36%
2022-02-23,基金,纳指ETF(513100.XSHG),多,85000股,85000股,0.908,77180,-2038.14,0.932,-,0,1275,0股,-2.57%,971669.39,7.94%
2022-02-23,基金,黄金ETF(518880.XSHG),多,32100股,32100股,3.772,121081.2,-4365.6,3.908,-,0,-930.9,0股,-3.48%,971669.39,12.46%
2022-02-23,股票,长江电力(600900.XSHG),多,2400股,2400股,22.8,54720,7079,19.85,-,0,-96,0股,14.86%,971669.39,5.63%
2022-02-23,股票,农业银行(601288.XSHG),多,39700股,39700股,3.01,119497,1318.89,2.977,-,0,0,0股,1.12%,971669.39,12.3%
2022-02-23,,Cash,,,,,1131.19,,,,,,,,0
2022-02-24,基金,豆粕ETF华夏(159985.XSHE),多,40000股,40000股,1.568,62720,19310.43,1.085,-,0,2560,0股,44.48%,971150.49,6.46%
2022-02-24,基金,10年地债(511270.XSHG),多,5000股,5000股,107.696,538480,30911.19,101.514,-,0,580,0股,6.09%,971150.49,55.45%
2022-02-24,基金,纳指ETF(513100.XSHG),多,85000股,85000股,0.857,72845,-6373.14,0.932,-,0,-4335,0股,-8.05%,971150.49,7.5%
2022-02-24,基金,黄金ETF(518880.XSHG),多,32100股,32100股,3.853,123681.3,-1765.5,3.908,-,0,2600.1,0股,-1.41%,971150.49,12.74%
2022-02-24,股票,长江电力(600900.XSHG),多,2400股,2400股,22.66,54384,6743,19.85,-,0,-336,0股,14.15%,971150.49,5.6%
2022-02-24,股票,农业银行(601288.XSHG),多,39700股,39700股,2.97,117909,-269.11,2.977,-,0,-1588,0股,-0.23%,971150.49,12.14%
2022-02-24,,Cash,,,,,1131.19,,,,,,,,0
2022-02-25,基金,豆粕ETF华夏(159985.XSHE),多,40000股,40000股,1.502,60080,16670.43,1.085,-,0,-2640,0股,38.4%,970144.89,6.19%
2022-02-25,基金,10年地债(511270.XSHG),多,5000股,5000股,107.046,535230,30661.19,100.914,-,0,-250,0股,6.08%,970144.89,55.17%
2022-02-25,基金,纳指ETF(513100.XSHG),多,85000股,85000股,0.894,75990,-3228.14,0.932,-,0,3145,0股,-4.07%,970144.89,7.83%
2022-02-25,基金,黄金ETF(518880.XSHG),多,32100股,32100股,3.807,122204.7,-3242.1,3.908,-,0,-1476.6,0股,-2.58%,970144.89,12.6%
2022-02-25,股票,长江电力(600900.XSHG),多,2400股,2400股,22.75,54600,6959,19.85,-,0,216,0股,14.61%,970144.89,5.63%
2022-02-25,股票,农业银行(601288.XSHG),多,39700股,39700股,2.97,117909,-269.11,2.977,-,0,0,0股,-0.23%,970144.89,12.15%
2022-02-25,,Cash,,,,,4131.19,,,,,,,,0
2022-02-28,基金,豆粕ETF华夏(159985.XSHE),多,40000股,40000股,1.484,59360,15950.43,1.085,-,0,-720,0股,36.74%,970531.89,6.12%
2022-02-28,基金,10年地债(511270.XSHG),多,5000股,5000股,107.076,535380,30811.19,100.914,-,0,150,0股,6.11%,970531.89,55.16%
2022-02-28,基金,纳指ETF(513100.XSHG),多,85000股,85000股,0.896,76160,-3058.14,0.932,-,0,170,0股,-3.86%,970531.89,7.85%
2022-02-28,基金,黄金ETF(518880.XSHG),多,32100股,32100股,3.787,121562.7,-3884.1,3.908,-,0,-642,0股,-3.1%,970531.89,12.53%
2022-02-28,股票,长江电力(600900.XSHG),多,2400股,2400股,23.18,55632,7991,19.85,-,0,1032,0股,16.77%,970531.89,5.73%
2022-02-28,股票,农业银行(601288.XSHG),多,39700股,39700股,2.98,118306,127.89,2.977,-,0,397,0股,0.11%,970531.89,12.19%
2022-02-28,,Cash,,,,,4131.19,,,,,,,,0
2022-03-01,基金,豆粕ETF华夏(159985.XSHE),多,40000股,40000股,1.504,60160,16750.43,1.085,-,0,800,0股,38.59%,972224.79,6.19%
2022-03-01,基金,10年地债(511270.XSHG),多,5000股,5000股,106.668,533340,28771.19,100.914,-,0,-2040,0股,5.7%,972224.79,54.86%
2022-03-01,基金,纳指ETF(513100.XSHG),多,85000股,85000股,0.919,78115,-1103.14,0.932,-,0,1955,0股,-1.39%,972224.79,8.03%
2022-03-01,基金,黄金ETF(518880.XSHG),多,32100股,32100股,3.786,121530.6,-3916.2,3.908,-,0,-32.1,0股,-3.12%,972224.79,12.5%
2022-03-01,股票,长江电力(600900.XSHG),多,2400股,2400股,23.27,55848,8207,19.85,-,0,216,0股,17.23%,972224.79,5.74%
2022-03-01,股票,农业银行(601288.XSHG),多,39700股,39700股,3,119100,921.89,2.977,-,0,794,0股,0.78%,972224.79,12.25%
2022-03-01,,Cash,,,,,4131.19,,,,,,,,0
2022-03-02,基金,豆粕ETF华夏(159985.XSHE),多,40000股,40000股,1.504,60160,16750.43,1.085,-,0,0,0股,38.59%,973436.89,6.18%
2022-03-02,基金,10年地债(511270.XSHG),多,5000股,5000股,106.677,533385,28816.19,100.914,-,0,45,0股,5.71%,973436.89,54.79%
2022-03-02,基金,纳指ETF(513100.XSHG),多,85000股,85000股,0.905,76925,-2293.14,0.932,-,0,-1190,0股,-2.89%,973436.89,7.9%
2022-03-02,基金,黄金ETF(518880.XSHG),多,32100股,32100股,3.837,123167.7,-2279.1,3.908,-,0,1637.1,0股,-1.82%,973436.89,12.65%
2022-03-02,股票,长江电力(600900.XSHG),多,2400股,2400股,23.57,56568,8927,19.85,-,0,720,0股,18.74%,973436.89,5.81%
2022-03-02,股票,农业银行(601288.XSHG),多,39700股,39700股,3,119100,921.89,2.977,-,0,0,0股,0.78%,973436.89,12.23%
2022-03-02,,Cash,,,,,4131.19,,,,,,,,0
2022-03-03,基金,豆粕ETF华夏(159985.XSHE),多,40000股,40000股,1.502,60080,16670.43,1.085,-,0,-80,0股,38.4%,975529.89,6.16%
2022-03-03,基金,10年地债(511270.XSHG),多,5000股,5000股,106.659,533295,28726.19,100.914,-,0,-90,0股,5.69%,975529.89,54.67%
2022-03-03,基金,纳指ETF(513100.XSHG),多,85000股,85000股,0.92,78200,-1018.14,0.932,-,0,1275,0股,-1.29%,975529.89,8.02%
2022-03-03,基金,黄金ETF(518880.XSHG),多,32100股,32100股,3.827,122846.7,-2600.1,3.908,-,0,-321,0股,-2.07%,975529.89,12.59%
2022-03-03,股票,长江电力(600900.XSHG),多,2400股,2400股,23.95,57480,9839,19.85,-,0,912,0股,20.65%,975529.89,5.89%
2022-03-03,股票,农业银行(601288.XSHG),多,39700股,39700股,3.01,119497,1318.89,2.977,-,0,397,0股,1.12%,975529.89,12.25%
2022-03-03,,Cash,,,,,4131.19,,,,,,,,0
2022-03-04,基金,豆粕ETF华夏(159985.XSHE),多,40000股,40000股,1.5,60000,16590.43,1.085,-,0,-80,0股,38.22%,974532.29,6.16%
2022-03-04,基金,10年地债(511270.XSHG),多,5000股,5000股,106.771,533855,29286.19,100.914,-,0,560,0股,5.8%,974532.29,54.78%
2022-03-04,基金,纳指ETF(513100.XSHG),多,85000股,85000股,0.902,76670,-2548.14,0.932,-,0,-1530,0股,-3.22%,974532.29,7.87%
2022-03-04,基金,黄金ETF(518880.XSHG),多,32100股,32100股,3.841,123296.1,-2150.7,3.908,-,0,449.4,0股,-1.71%,974532.29,12.65%
2022-03-04,股票,长江电力(600900.XSHG),多,2400股,2400股,23.95,57480,9839,19.85,-,0,0,0股,20.65%,974532.29,5.9%
2022-03-04,股票,农业银行(601288.XSHG),多,39700股,39700股,3,119100,921.89,2.977,-,0,-397,0股,0.78%,974532.29,12.22%
2022-03-04,,Cash,,,,,4131.19,,,,,,,,0
2022-03-07,基金,豆粕ETF华夏(159985.XSHE),多,40000股,40000股,1.576,63040,19630.43,1.085,-,0,3040,0股,45.22%,977062.79,6.45%
2022-03-07,基金,10年地债(511270.XSHG),多,5000股,5000股,106.781,533905,29336.19,100.914,-,0,50,0股,5.81%,977062.79,54.64%
2022-03-07,基金,纳指ETF(513100.XSHG),多,85000股,85000股,0.881,74885,-4333.14,0.932,-,0,-1785,0股,-5.47%,977062.79,7.66%
2022-03-07,基金,黄金ETF(518880.XSHG),多,32100股,32100股,3.926,126024.6,577.8,3.908,-,0,2728.5,0股,0.46%,977062.79,12.9%
2022-03-07,股票,长江电力(600900.XSHG),多,2400股,2400股,23.82,57168,9527,19.85,-,0,-312,0股,20%,977062.79,5.85%
2022-03-07,股票,农业银行(601288.XSHG),多,39700股,39700股,2.97,117909,-269.11,2.977,-,0,-1191,0股,-0.23%,977062.79,12.07%
2022-03-07,,Cash,,,,,4131.19,,,,,,,,0
2022-03-08,基金,豆粕ETF华夏(159985.XSHE),多,35400股,35400股,1.6,56640,18222.53,1.085,-,0,849.6,0股,47.43%,976845.49,5.8%
2022-03-08,基金,10年地债(511270.XSHG),多,5000股,5000股,106.845,534225,29656.19,100.914,-,0,320,0股,5.88%,976845.49,54.69%
2022-03-08,基金,纳指ETF(513100.XSHG),多,83400股,83400股,0.852,71056.8,-6670.17,0.932,-,0,-2418.6,0股,-8.58%,976845.49,7.27%
2022-03-08,基金,黄金ETF(518880.XSHG),多,31700股,31700股,4.015,127275.5,3391.9,3.908,-,0,2821.3,0股,2.74%,976845.49,13.03%
2022-03-08,股票,长江电力(600900.XSHG),多,2800股,2400股,23.2,64960,7899,20.379,-,0,-1628,400股,13.84%,976845.49,6.65%
2022-03-08,股票,农业银行(601288.XSHG),多,39700股,39700股,2.97,117909,-269.11,2.977,-,0,0,0股,-0.23%,976845.49,12.07%
2022-03-08,,Cash,,,,,4779.19,,,,,,,,0
2022-03-09,基金,豆粕ETF华夏(159985.XSHE),多,35400股,35400股,1.624,57489.6,19072.13,1.085,-,0,849.6,0股,49.64%,978135.29,5.88%
2022-03-09,基金,10年地债(511270.XSHG),多,5000股,5000股,106.836,534180,29611.19,100.914,-,0,-45,0股,5.87%,978135.29,54.61%
2022-03-09,基金,纳指ETF(513100.XSHG),多,83400股,83400股,0.862,71890.8,-5836.17,0.932,-,0,834,0股,-7.51%,978135.29,7.35%
2022-03-09,基金,黄金ETF(518880.XSHG),多,31700股,31700股,4.061,128733.7,4850.1,3.908,-,0,1458.2,0股,3.92%,978135.29,13.16%
2022-03-09,股票,长江电力(600900.XSHG),多,2800股,2800股,22.98,64344,7283,20.379,-,0,-616,0股,12.76%,978135.29,6.58%
2022-03-09,股票,农业银行(601288.XSHG),多,39700股,39700股,2.94,116718,-1460.11,2.977,-,0,-1191,0股,-1.24%,978135.29,11.93%
2022-03-09,,Cash,,,,,4779.19,,,,,,,,0
2022-03-10,基金,豆粕ETF华夏(159985.XSHE),多,35400股,35400股,1.583,56038.2,17620.73,1.085,-,0,-1451.4,0股,45.87%,973536.69,5.76%
2022-03-10,基金,10年地债(511270.XSHG),多,5000股,5000股,106.815,534075,29506.19,100.914,-,0,-105,0股,5.85%,973536.69,54.86%
2022-03-10,基金,纳指ETF(513100.XSHG),多,83400股,83400股,0.884,73725.6,-4001.37,0.932,-,0,1834.8,0股,-5.15%,973536.69,7.57%
2022-03-10,基金,黄金ETF(518880.XSHG),多,31700股,31700股,3.931,124612.7,729.1,3.908,-,0,-4121,0股,0.59%,973536.69,12.8%
2022-03-10,股票,长江电力(600900.XSHG),多,2800股,2800股,22.71,63588,6527,20.379,-,0,-756,0股,11.44%,973536.69,6.53%
2022-03-10,股票,农业银行(601288.XSHG),多,39700股,39700股,2.94,116718,-1460.11,2.977,-,0,0,0股,-1.24%,973536.69,11.99%
2022-03-10,,Cash,,,,,4779.19,,,,,,,,0
2022-03-11,基金,豆粕ETF华夏(159985.XSHE),多,35400股,35400股,1.61,56994,18576.53,1.085,-,0,955.8,0股,48.35%,975223.69,5.84%
2022-03-11,基金,10年地债(511270.XSHG),多,5000股,5000股,106.83,534150,29581.19,100.914,-,0,75,0股,5.86%,975223.69,54.77%
2022-03-11,基金,纳指ETF(513100.XSHG),多,83400股,83400股,0.879,73308.6,-4418.37,0.932,-,0,-417,0股,-5.68%,975223.69,7.52%
2022-03-11,基金,黄金ETF(518880.XSHG),多,31700股,31700股,3.937,124802.9,919.3,3.908,-,0,190.2,0股,0.74%,975223.69,12.8%
2022-03-11,股票,长江电力(600900.XSHG),多,2800股,2800股,22.6,63280,6219,20.379,-,0,-308,0股,10.9%,975223.69,6.49%
2022-03-11,股票,农业银行(601288.XSHG),多,39700股,39700股,2.97,117909,-269.11,2.977,-,0,1191,0股,-0.23%,975223.69,12.09%
2022-03-11,,Cash,,,,,4779.19,,,,,,,,0
2022-03-14,基金,豆粕ETF华夏(159985.XSHE),多,35400股,35400股,1.624,57489.6,19072.13,1.085,-,0,495.6,0股,49.64%,974622.89,5.9%
2022-03-14,基金,10年地债(511270.XSHG),多,5000股,5000股,106.977,534885,30316.19,100.914,-,0,735,0股,6.01%,974622.89,54.88%
2022-03-14,基金,纳指ETF(513100.XSHG),多,83400股,83400股,0.868,72391.2,-5335.77,0.932,-,0,-917.4,0股,-6.86%,974622.89,7.43%
2022-03-14,基金,黄金ETF(518880.XSHG),多,31700股,31700股,3.917,124168.9,285.3,3.908,-,0,-634,0股,0.23%,974622.89,12.74%
2022-03-14,股票,长江电力(600900.XSHG),多,2800股,2800股,22.5,63000,5939,20.379,-,0,-280,0股,10.41%,974622.89,6.46%
2022-03-14,股票,农业银行(601288.XSHG),多,39700股,39700股,2.97,117909,-269.11,2.977,-,0,0,0股,-0.23%,974622.89,12.1%
2022-03-14,,Cash,,,,,4779.19,,,,,,,,0
2022-03-15,基金,豆粕ETF华夏(159985.XSHE),多,35400股,35400股,1.581,55967.4,17549.93,1.085,-,0,-1522.2,0股,45.68%,964160.39,5.8%
2022-03-15,基金,10年地债(511270.XSHG),多,5000股,5000股,107.085,535425,30856.19,100.914,-,0,540,0股,6.12%,964160.39,55.53%
2022-03-15,基金,纳指ETF(513100.XSHG),多,83400股,83400股,0.851,70973.4,-6753.57,0.932,-,0,-1417.8,0股,-8.69%,964160.39,7.36%
2022-03-15,基金,黄金ETF(518880.XSHG),多,31700股,31700股,3.832,121474.4,-2409.2,3.908,-,0,-2694.5,0股,-1.94%,964160.39,12.6%
2022-03-15,股票,长江电力(600900.XSHG),多,2800股,2800股,21.15,59220,2159,20.379,-,0,-3780,0股,3.78%,964160.39,6.14%
2022-03-15,股票,农业银行(601288.XSHG),多,39700股,39700股,2.93,116321,-1857.11,2.977,-,0,-1588,0股,-1.57%,964160.39,12.06%
2022-03-15,,Cash,,,,,4779.19,,,,,,,,0
2022-03-16,基金,豆粕ETF华夏(159985.XSHE),多,35400股,35400股,1.61,56994,18576.53,1.085,-,0,1026.6,0股,48.35%,970535.59,5.87%
2022-03-16,基金,10年地债(511270.XSHG),多,5000股,5000股,107.081,535405,30836.19,100.914,-,0,-20,0股,6.11%,970535.59,55.17%
2022-03-16,基金,纳指ETF(513100.XSHG),多,83400股,83400股,0.883,73642.2,-4084.77,0.932,-,0,2668.8,0股,-5.26%,970535.59,7.59%
2022-03-16,基金,黄金ETF(518880.XSHG),多,31700股,31700股,3.796,120333.2,-3550.4,3.908,-,0,-1141.2,0股,-2.87%,970535.59,12.4%
2022-03-16,股票,长江电力(600900.XSHG),多,2800股,2800股,22.38,62664,5603,20.379,-,0,3444,0股,9.82%,970535.59,6.46%
2022-03-16,股票,农业银行(601288.XSHG),多,39700股,39700股,2.94,116718,-1460.11,2.977,-,0,397,0股,-1.24%,970535.59,12.03%
2022-03-16,,Cash,,,,,4779.19,,,,,,,,0
2022-03-17,基金,豆粕ETF华夏(159985.XSHE),多,35400股,35400股,1.605,56817,18399.53,1.085,-,0,-177,0股,47.89%,972267.69,5.84%
2022-03-17,基金,10年地债(511270.XSHG),多,5000股,5000股,107.05,535250,30681.19,100.914,-,0,-155,0股,6.08%,972267.69,55.05%
2022-03-17,基金,纳指ETF(513100.XSHG),多,83400股,83400股,0.91,75894,-1832.97,0.932,-,0,2251.8,0股,-2.36%,972267.69,7.81%
2022-03-17,基金,黄金ETF(518880.XSHG),多,31700股,31700股,3.845,121886.5,-1997.1,3.908,-,0,1553.3,0股,-1.61%,972267.69,12.54%
2022-03-17,股票,长江电力(600900.XSHG),多,2800股,2800股,21.9,61320,4259,20.379,-,0,-1344,0股,7.46%,972267.69,6.31%
2022-03-17,股票,农业银行(601288.XSHG),多,39700股,39700股,2.93,116321,-1857.11,2.977,-,0,-397,0股,-1.57%,972267.69,11.96%
2022-03-17,,Cash,,,,,4779.19,,,,,,,,0
2022-03-18,基金,豆粕ETF华夏(159985.XSHE),多,35400股,35400股,1.641,58091.4,19673.93,1.085,-,0,1274.4,0股,51.21%,974687.29,5.96%
2022-03-18,基金,10年地债(511270.XSHG),多,5000股,5000股,107.07,535350,30781.19,100.914,-,0,100,0股,6.1%,974687.29,54.93%
2022-03-18,基金,纳指ETF(513100.XSHG),多,83400股,83400股,0.91,75894,-1832.97,0.932,-,0,0,0股,-2.36%,974687.29,7.79%
2022-03-18,基金,黄金ETF(518880.XSHG),多,31700股,31700股,3.851,122076.7,-1806.9,3.908,-,0,190.2,0股,-1.46%,974687.29,12.52%
2022-03-18,股票,长江电力(600900.XSHG),多,2800股,2800股,21.78,60984,3923,20.379,-,0,-336,0股,6.88%,974687.29,6.26%
2022-03-18,股票,农业银行(601288.XSHG),多,39700股,39700股,2.96,117512,-666.11,2.977,-,0,1191,0股,-0.56%,974687.29,12.06%
2022-03-18,,Cash,,,,,4779.19,,,,,,,,0
2022-03-21,基金,豆粕ETF华夏(159985.XSHE),多,35400股,35400股,1.646,58268.4,19850.93,1.085,-,0,177,0股,51.67%,972822.29,5.99%
2022-03-21,基金,10年地债(511270.XSHG),多,5000股,5000股,106.623,533115,28546.19,100.914,-,0,-2235,0股,5.66%,972822.29,54.8%
2022-03-21,基金,纳指ETF(513100.XSHG),多,83400股,83400股,0.93,77562,-164.97,0.932,-,0,1668,0股,-0.21%,972822.29,7.97%
2022-03-21,基金,黄金ETF(518880.XSHG),多,31700股,31700股,3.841,121759.7,-2123.9,3.908,-,0,-317,0股,-1.71%,972822.29,12.52%
2022-03-21,股票,长江电力(600900.XSHG),多,2800股,2800股,21.65,60620,3559,20.379,-,0,-364,0股,6.24%,972822.29,6.23%
2022-03-21,股票,农业银行(601288.XSHG),多,39700股,39700股,2.94,116718,-1460.11,2.977,-,0,-794,0股,-1.24%,972822.29,12%
2022-03-21,,Cash,,,,,4779.19,,,,,,,,0
2022-03-22,基金,豆粕ETF华夏(159985.XSHE),多,35400股,35400股,1.697,60073.8,21656.33,1.085,-,0,1805.4,0股,56.37%,977793.99,6.14%
2022-03-22,基金,10年地债(511270.XSHG),多,5000股,5000股,106.449,532245,27676.19,100.914,-,0,-870,0股,5.49%,977793.99,54.43%
2022-03-22,基金,纳指ETF(513100.XSHG),多,83400股,83400股,0.932,77728.8,1.83,0.932,-,0,166.8,0股,0%,977793.99,7.95%
2022-03-22,基金,黄金ETF(518880.XSHG),多,31700股,31700股,3.866,122552.2,-1331.4,3.908,-,0,792.5,0股,-1.07%,977793.99,12.53%
2022-03-22,股票,长江电力(600900.XSHG),多,2800股,2800股,22.04,61712,4651,20.379,-,0,1092,0股,8.15%,977793.99,6.31%
2022-03-22,股票,农业银行(601288.XSHG),多,39700股,39700股,2.99,118703,524.89,2.977,-,0,1985,0股,0.44%,977793.99,12.14%
2022-03-22,,Cash,,,,,4779.19,,,,,,,,0
2022-03-23,基金,豆粕ETF华夏(159985.XSHE),多,35400股,35400股,1.697,60073.8,21656.33,1.085,-,0,0,0股,56.37%,978544.49,6.14%
2022-03-23,基金,10年地债(511270.XSHG),多,5000股,5000股,106.496,532480,27911.19,100.914,-,0,235,0股,5.53%,978544.49,54.42%
2022-03-23,基金,纳指ETF(513100.XSHG),多,83400股,83400股,0.955,79647,1920.03,0.932,-,0,1918.2,0股,2.47%,978544.49,8.14%
2022-03-23,基金,黄金ETF(518880.XSHG),多,31700股,31700股,3.835,121569.5,-2314.1,3.908,-,0,-982.7,0股,-1.87%,978544.49,12.42%
2022-03-23,股票,长江电力(600900.XSHG),多,2800股,2800股,21.89,61292,4231,20.379,-,0,-420,0股,7.41%,978544.49,6.26%
2022-03-23,股票,农业银行(601288.XSHG),多,39700股,39700股,2.99,118703,524.89,2.977,-,0,0,0股,0.44%,978544.49,12.13%
2022-03-23,,Cash,,,,,4779.19,,,,,,,,0
2022-03-24,基金,豆粕ETF华夏(159985.XSHE),多,35400股,35400股,1.687,59719.8,21302.33,1.085,-,0,-354,0股,55.45%,978115.39,6.11%
2022-03-24,基金,10年地债(511270.XSHG),多,5000股,5000股,106.525,532625,28056.19,100.914,-,0,145,0股,5.56%,978115.39,54.45%
2022-03-24,基金,纳指ETF(513100.XSHG),多,83400股,83400股,0.946,78896.4,1169.43,0.932,-,0,-750.6,0股,1.5%,978115.39,8.07%
2022-03-24,基金,黄金ETF(518880.XSHG),多,31700股,31700股,3.88,122996,-887.6,3.908,-,0,1426.5,0股,-0.72%,978115.39,12.57%
2022-03-24,股票,长江电力(600900.XSHG),多,2800股,2800股,21.57,60396,3335,20.379,-,0,-896,0股,5.84%,978115.39,6.17%
2022-03-24,股票,农业银行(601288.XSHG),多,39700股,39700股,2.99,118703,524.89,2.977,-,0,0,0股,0.44%,978115.39,12.14%
2022-03-24,,Cash,,,,,4779.19,,,,,,,,0
2022-03-25,基金,豆粕ETF华夏(159985.XSHE),多,35400股,35400股,1.674,59259.6,20842.13,1.085,-,0,-460.2,0股,54.25%,980778.89,6.04%
2022-03-25,基金,10年地债(511270.XSHG),多,5000股,5000股,106.92,534600,30031.19,100.914,-,0,1975,0股,5.95%,980778.89,54.51%
2022-03-25,基金,纳指ETF(513100.XSHG),多,83400股,83400股,0.963,80314.2,2587.23,0.932,-,0,1417.8,0股,3.33%,980778.89,8.19%
2022-03-25,基金,黄金ETF(518880.XSHG),多,31700股,31700股,3.907,123851.9,-31.7,3.908,-,0,855.9,0股,-0.03%,980778.89,12.63%
2022-03-25,股票,长江电力(600900.XSHG),多,2800股,2800股,21.31,59668,2607,20.379,-,0,-728,0股,4.57%,980778.89,6.08%
2022-03-25,股票,农业银行(601288.XSHG),多,39700股,39700股,2.98,118306,127.89,2.977,-,0,-397,0股,0.11%,980778.89,12.06%
2022-03-25,,Cash,,,,,4779.19,,,,,,,,0
2022-03-28,基金,豆粕ETF华夏(159985.XSHE),多,35400股,35400股,1.647,58303.8,19886.33,1.085,-,0,-955.8,0股,51.76%,981116.59,5.94%
2022-03-28,基金,10年地债(511270.XSHG),多,5000股,5000股,106.92,534600,30031.19,100.914,-,0,0,0股,5.95%,981116.59,54.49%
2022-03-28,基金,纳指ETF(513100.XSHG),多,83400股,83400股,0.958,79897.2,2170.23,0.932,-,0,-417,0股,2.79%,981116.59,8.14%
2022-03-28,基金,黄金ETF(518880.XSHG),多,31700股,31700股,3.872,122742.4,-1141.2,3.908,-,0,-1109.5,0股,-0.92%,981116.59,12.51%
2022-03-28,股票,长江电力(600900.XSHG),多,2800股,2800股,21.75,60900,3839,20.379,-,0,1232,0股,6.73%,981116.59,6.21%
2022-03-28,股票,农业银行(601288.XSHG),多,39700股,39700股,3.02,119894,1715.89,2.977,-,0,1588,0股,1.45%,981116.59,12.22%
2022-03-28,,Cash,,,,,4779.19,,,,,,,,0
2022-03-29,基金,豆粕ETF华夏(159985.XSHE),多,35400股,35400股,1.629,57666.6,19249.13,1.085,-,0,-637.2,0股,50.11%,981973.29,5.87%
2022-03-29,基金,10年地债(511270.XSHG),多,5000股,5000股,106.918,534590,30021.19,100.914,-,0,-10,0股,5.95%,981973.29,54.44%
2022-03-29,基金,纳指ETF(513100.XSHG),多,83400股,83400股,0.978,81565.2,3838.23,0.932,-,0,1668,0股,4.94%,981973.29,8.31%
2022-03-29,基金,黄金ETF(518880.XSHG),多,31700股,31700股,3.849,122013.3,-1870.3,3.908,-,0,-729.1,0股,-1.51%,981973.29,12.43%
2022-03-29,股票,长江电力(600900.XSHG),多,2800股,2800股,21.81,61068,4007,20.379,-,0,168,0股,7.02%,981973.29,6.22%
2022-03-29,股票,农业银行(601288.XSHG),多,39700股,39700股,3.03,120291,2112.89,2.977,-,0,397,0股,1.79%,981973.29,12.25%
2022-03-29,,Cash,,,,,4779.19,,,,,,,,0
2022-03-30,基金,豆粕ETF华夏(159985.XSHE),多,35400股,35400股,1.583,56038.2,17620.73,1.085,-,0,-1628.4,0股,45.87%,981684.69,5.71%
2022-03-30,基金,10年地债(511270.XSHG),多,5000股,5000股,106.84,534200,29631.19,100.914,-,0,-390,0股,5.87%,981684.69,54.42%
2022-03-30,基金,纳指ETF(513100.XSHG),多,83400股,83400股,0.99,82566,4839.03,0.932,-,0,1000.8,0股,6.23%,981684.69,8.41%
2022-03-30,基金,黄金ETF(518880.XSHG),多,31700股,31700股,3.839,121696.3,-2187.3,3.908,-,0,-317,0股,-1.77%,981684.69,12.4%
2022-03-30,股票,长江电力(600900.XSHG),多,2800股,2800股,21.9,61320,4259,20.379,-,0,252,0股,7.46%,981684.69,6.25%
2022-03-30,股票,农业银行(601288.XSHG),多,39700股,39700股,3.05,121085,2906.89,2.977,-,0,794,0股,2.46%,981684.69,12.33%
2022-03-30,,Cash,,,,,4779.19,,,,,,,,0
2022-03-31,基金,豆粕ETF华夏(159985.XSHE),多,35400股,35400股,1.59,56286,17868.53,1.085,-,0,247.8,0股,46.51%,981929.49,5.73%
2022-03-31,基金,10年地债(511270.XSHG),多,5000股,5000股,106.7,533500,28931.19,100.914,-,0,-700,0股,5.73%,981929.49,54.33%
2022-03-31,基金,纳指ETF(513100.XSHG),多,83400股,83400股,0.983,81982.2,4255.23,0.932,-,0,-583.8,0股,5.47%,981929.49,8.35%
2022-03-31,基金,黄金ETF(518880.XSHG),多,31700股,31700股,3.833,121506.1,-2377.5,3.908,-,0,-190.2,0股,-1.92%,981929.49,12.37%
2022-03-31,股票,长江电力(600900.XSHG),多,2800股,2800股,22,61600,4539,20.379,-,0,280,0股,7.95%,981929.49,6.27%
2022-03-31,股票,农业银行(601288.XSHG),多,39700股,39700股,3.08,122276,4097.89,2.977,-,0,1191,0股,3.47%,981929.49,12.45%
2022-03-31,,Cash,,,,,4779.19,,,,,,,,0
2022-04-01,基金,豆粕ETF华夏(159985.XSHE),多,35400股,35400股,1.501,53135.4,14717.93,1.085,-,0,-3150.6,0股,38.31%,979044.89,5.43%
2022-04-01,基金,10年地债(511270.XSHG),多,5000股,5000股,106.67,533350,28781.19,100.914,-,0,-150,0股,5.7%,979044.89,54.48%
2022-04-01,基金,纳指ETF(513100.XSHG),多,83400股,83400股,0.973,81148.2,3421.23,0.932,-,0,-834,0股,4.4%,979044.89,8.29%
2022-04-01,基金,黄金ETF(518880.XSHG),多,31700股,31700股,3.853,122140.1,-1743.5,3.908,-,0,634,0股,-1.41%,979044.89,12.48%
2022-04-01,股票,长江电力(600900.XSHG),多,2800股,2800股,22.22,62216,5155,20.379,-,0,616,0股,9.03%,979044.89,6.35%
2022-04-01,股票,农业银行(601288.XSHG),多,39700股,39700股,3.08,122276,4097.89,2.977,-,0,0,0股,3.47%,979044.89,12.49%
2022-04-01,,Cash,,,,,4779.19,,,,,,,,0
2022-04-06,基金,豆粕ETF华夏(159985.XSHE),多,35400股,35400股,1.517,53701.8,15284.33,1.085,-,0,566.4,0股,39.78%,982072.99,5.47%
2022-04-06,基金,10年地债(511270.XSHG),多,5000股,5000股,107.133,535665,31096.19,100.914,-,0,2315,0股,6.16%,982072.99,54.54%
2022-04-06,基金,纳指ETF(513100.XSHG),多,83400股,83400股,0.967,80647.8,2920.83,0.932,-,0,-500.4,0股,3.76%,982072.99,8.21%
2022-04-06,基金,黄金ETF(518880.XSHG),多,31700股,31700股,3.836,121601.2,-2282.4,3.908,-,0,-538.9,0股,-1.84%,982072.99,12.38%
2022-04-06,股票,长江电力(600900.XSHG),多,2800股,2800股,22.36,62608,5547,20.379,-,0,392,0股,9.72%,982072.99,6.38%
2022-04-06,股票,农业银行(601288.XSHG),多,39700股,39700股,3.1,123070,4891.89,2.977,-,0,794,0股,4.14%,982072.99,12.53%
2022-04-06,,Cash,,,,,4779.19,,,,,,,,0
2022-04-07,基金,豆粕ETF华夏(159985.XSHE),多,35400股,35400股,1.509,53418.6,15001.13,1.085,-,0,-283.2,0股,39.05%,981684.69,5.44%
2022-04-07,基金,10年地债(511270.XSHG),多,5000股,5000股,107.307,536535,31966.19,100.914,-,0,870,0股,6.34%,981684.69,54.65%
2022-04-07,基金,纳指ETF(513100.XSHG),多,83400股,83400股,0.947,78979.8,1252.83,0.932,-,0,-1668,0股,1.61%,981684.69,8.05%
2022-04-07,基金,黄金ETF(518880.XSHG),多,31700股,31700股,3.843,121823.1,-2060.5,3.908,-,0,221.9,0股,-1.66%,981684.69,12.41%
2022-04-07,股票,长江电力(600900.XSHG),多,2800股,2800股,22.67,63476,6415,20.379,-,0,868,0股,11.24%,981684.69,6.47%
2022-04-07,股票,农业银行(601288.XSHG),多,39700股,39700股,3.09,122673,4494.89,2.977,-,0,-397,0股,3.8%,981684.69,12.5%
2022-04-07,,Cash,,,,,4779.19,,,,,,,,0
2022-04-08,基金,豆粕ETF华夏(159985.XSHE),多,35400股,35400股,1.526,54020.4,15602.93,1.085,-,0,601.8,0股,40.61%,985668.19,5.48%
2022-04-08,基金,10年地债(511270.XSHG),多,5000股,5000股,107.45,537250,32681.19,100.914,-,0,715,0股,6.48%,985668.19,54.51%
2022-04-08,基金,纳指ETF(513100.XSHG),多,83400股,83400股,0.953,79480.2,1753.23,0.932,-,0,500.4,0股,2.26%,985668.19,8.06%
2022-04-08,基金,黄金ETF(518880.XSHG),多,31700股,31700股,3.852,122108.4,-1775.2,3.908,-,0,285.3,0股,-1.43%,985668.19,12.39%
2022-04-08,股票,长江电力(600900.XSHG),多,2800股,2800股,23.2,64960,7899,20.379,-,0,1484,0股,13.84%,985668.19,6.59%
2022-04-08,股票,农业银行(601288.XSHG),多,39700股,39700股,3.1,123070,4891.89,2.977,-,0,397,0股,4.14%,985668.19,12.49%
2022-04-08,,Cash,,,,,4779.19,,,,,,,,0
2022-04-11,基金,豆粕ETF华夏(159985.XSHE),多,35400股,35400股,1.554,55011.6,16594.13,1.085,-,0,991.2,0股,43.19%,984106.59,5.59%
2022-04-11,基金,10年地债(511270.XSHG),多,5000股,5000股,107.508,537540,32971.19,100.914,-,0,290,0股,6.53%,984106.59,54.62%
2022-04-11,基金,纳指ETF(513100.XSHG),多,83400股,83400股,0.929,77478.6,-248.37,0.932,-,0,-2001.6,0股,-0.32%,984106.59,7.87%
2022-04-11,基金,黄金ETF(518880.XSHG),多,31700股,31700股,3.886,123186.2,-697.4,3.908,-,0,1077.8,0股,-0.56%,984106.59,12.52%
2022-04-11,股票,长江电力(600900.XSHG),多,2800股,2800股,22.94,64232,7171,20.379,-,0,-728,0股,12.57%,984106.59,6.53%
2022-04-11,股票,农业银行(601288.XSHG),多,39700股,39700股,3.07,121879,3700.89,2.977,-,0,-1191,0股,3.13%,984106.59,12.38%
2022-04-11,,Cash,,,,,4779.19,,,,,,,,0
2022-04-12,基金,豆粕ETF华夏(159985.XSHE),多,33000股,33000股,1.542,50886,15073.1,1.085,-,0,-396,0股,42.09%,983789.44,5.17%
2022-04-12,基金,10年地债(511270.XSHG),多,5100股,5100股,107.559,548550.9,33232.09,101.043,-,0,260.9,100股,6.45%,983789.44,55.76%
2022-04-12,基金,纳指ETF(513100.XSHG),多,85200股,85200股,0.911,77617.2,-1747.77,0.932,-,0,-1499.4,1800股,-2.2%,983789.44,7.89%
2022-04-12,基金,黄金ETF(518880.XSHG),多,27900股,27900股,3.908,109033.2,0,3.908,-,0,613.8,0股,-0%,983789.44,11.08%
2022-04-12,股票,长江电力(600900.XSHG),多,2500股,2500股,23.04,57600,6652.68,20.379,-,0,250,0股,13.06%,983789.44,5.85%
2022-04-12,股票,农业银行(601288.XSHG),多,44400股,39700股,3.08,136752,4191.89,2.986,-,0,491,4700股,3.16%,983789.44,13.9%
2022-04-12,,Cash,,,,,3350.14,,,,,,,,0
2022-04-13,基金,豆粕ETF华夏(159985.XSHE),多,33000股,33000股,1.541,50853,15040.1,1.085,-,0,-33,0股,42%,984573.24,5.16%
2022-04-13,基金,10年地债(511270.XSHG),多,5100股,5100股,107.583,548673.3,33354.49,101.043,-,0,122.4,0股,6.47%,984573.24,55.73%
2022-04-13,基金,纳指ETF(513100.XSHG),多,85200股,85200股,0.917,78128.4,-1236.57,0.932,-,0,511.2,0股,-1.56%,984573.24,7.94%
2022-04-13,基金,黄金ETF(518880.XSHG),多,27900股,27900股,3.926,109535.4,502.2,3.908,-,0,502.2,0股,0.46%,984573.24,11.13%
2022-04-13,股票,长江电力(600900.XSHG),多,2500股,2500股,23.09,57725,6777.68,20.379,-,0,125,0股,13.3%,984573.24,5.86%
2022-04-13,股票,农业银行(601288.XSHG),多,44400股,44400股,3.07,136308,3747.89,2.986,-,0,-444,0股,2.83%,984573.24,13.84%
2022-04-13,,Cash,,,,,3350.14,,,,,,,,0
2022-04-14,基金,豆粕ETF华夏(159985.XSHE),多,33000股,33000股,1.547,51051,15238.1,1.085,-,0,198,0股,42.55%,986595.84,5.17%
2022-04-14,基金,10年地债(511270.XSHG),多,5100股,5100股,107.606,548790.6,33471.79,101.043,-,0,117.3,0股,6.5%,986595.84,55.62%
2022-04-14,基金,纳指ETF(513100.XSHG),多,85200股,85200股,0.931,79321.2,-43.77,0.932,-,0,1192.8,0股,-0.06%,986595.84,8.04%
2022-04-14,基金,黄金ETF(518880.XSHG),多,27900股,27900股,3.931,109674.9,641.7,3.908,-,0,139.5,0股,0.59%,986595.84,11.12%
2022-04-14,股票,长江电力(600900.XSHG),多,2500股,2500股,23.24,58100,7152.68,20.379,-,0,375,0股,14.04%,986595.84,5.89%
2022-04-14,股票,农业银行(601288.XSHG),多,44400股,44400股,3.07,136308,3747.89,2.986,-,0,0,0股,2.83%,986595.84,13.82%
2022-04-14,,Cash,,,,,3350.14,,,,,,,,0
2022-04-15,基金,豆粕ETF华夏(159985.XSHE),多,33000股,33000股,1.547,51051,15238.1,1.085,-,0,0,0股,42.55%,984969.94,5.18%
2022-04-15,基金,10年地债(511270.XSHG),多,5100股,5100股,107.572,548617.2,33298.39,101.043,-,0,-173.4,0股,6.46%,984969.94,55.7%
2022-04-15,基金,纳指ETF(513100.XSHG),多,85200股,85200股,0.905,77106,-2258.97,0.932,-,0,-2215.2,0股,-2.85%,984969.94,7.83%
2022-04-15,基金,黄金ETF(518880.XSHG),多,27900股,27900股,3.944,110037.6,1004.4,3.908,-,0,362.7,0股,0.92%,984969.94,11.17%
2022-04-15,股票,长江电力(600900.XSHG),多,2500股,2500股,23.4,58500,7552.68,20.379,-,0,400,0股,14.82%,984969.94,5.94%
2022-04-15,股票,农业银行(601288.XSHG),多,44400股,44400股,3.07,136308,3747.89,2.986,-,0,0,0股,2.83%,984969.94,13.84%
2022-04-15,,Cash,,,,,3350.14,,,,,,,,0
2022-04-18,基金,豆粕ETF华夏(159985.XSHE),多,33000股,33000股,1.549,51117,15304.1,1.085,-,0,66,0股,42.73%,982529.44,5.2%
2022-04-18,基金,10年地债(511270.XSHG),多,5100股,5100股,107.52,548352,33033.19,101.043,-,0,-265.2,0股,6.41%,982529.44,55.81%
2022-04-18,基金,纳指ETF(513100.XSHG),多,85200股,85200股,0.9,76680,-2684.97,0.932,-,0,-426,0股,-3.38%,982529.44,7.8%
2022-04-18,基金,黄金ETF(518880.XSHG),多,27900股,27900股,3.967,110679.3,1646.1,3.908,-,0,641.7,0股,1.51%,982529.44,11.26%
2022-04-18,股票,长江电力(600900.XSHG),多,2500股,2500股,22.95,57375,6427.68,20.379,-,0,-1125,0股,12.62%,982529.44,5.84%
2022-04-18,股票,农业银行(601288.XSHG),多,44400股,44400股,3.04,134976,2415.89,2.986,-,0,-1332,0股,1.82%,982529.44,13.74%
2022-04-18,,Cash,,,,,3350.14,,,,,,,,0
2022-04-19,基金,豆粕ETF华夏(159985.XSHE),多,33000股,33000股,1.588,52404,16591.1,1.085,-,0,1287,0股,46.33%,985598.14,5.32%
2022-04-19,基金,10年地债(511270.XSHG),多,5100股,5100股,107.53,548403,33084.19,101.043,-,0,51,0股,6.42%,985598.14,55.64%
2022-04-19,基金,纳指ETF(513100.XSHG),多,85200股,85200股,0.913,77787.6,-1577.37,0.932,-,0,1107.6,0股,-1.99%,985598.14,7.89%
2022-04-19,基金,黄金ETF(518880.XSHG),多,27900股,27900股,3.936,109814.4,781.2,3.908,-,0,-864.9,0股,0.72%,985598.14,11.14%
2022-04-19,股票,长江电力(600900.XSHG),多,2500股,2500股,23.19,57975,7027.68,20.379,-,0,600,0股,13.79%,985598.14,5.88%
2022-04-19,股票,农业银行(601288.XSHG),多,44400股,44400股,3.06,135864,3303.89,2.986,-,0,888,0股,2.49%,985598.14,13.78%
2022-04-19,,Cash,,,,,3350.14,,,,,,,,0
2022-04-20,基金,豆粕ETF华夏(159985.XSHE),多,33000股,33000股,1.607,53031,17218.1,1.085,-,0,627,0股,48.08%,986157.14,5.38%
2022-04-20,基金,10年地债(511270.XSHG),多,5100股,5100股,107.528,548392.8,33073.99,101.043,-,0,-10.2,0股,6.42%,986157.14,55.61%
2022-04-20,基金,纳指ETF(513100.XSHG),多,85200股,85200股,0.924,78724.8,-640.17,0.932,-,0,937.2,0股,-0.81%,986157.14,7.98%
2022-04-20,基金,黄金ETF(518880.XSHG),多,27900股,27900股,3.886,108419.4,-613.8,3.908,-,0,-1395,0股,-0.56%,986157.14,10.99%
2022-04-20,股票,长江电力(600900.XSHG),多,2500股,2500股,23.35,58375,7427.68,20.379,-,0,400,0股,14.58%,986157.14,5.92%
2022-04-20,股票,农业银行(601288.XSHG),多,44400股,44400股,3.06,135864,3303.89,2.986,-,0,0,0股,2.49%,986157.14,13.78%
2022-04-20,,Cash,,,,,3350.14,,,,,,,,0
2022-04-21,基金,豆粕ETF华夏(159985.XSHE),多,33000股,33000股,1.632,53856,18043.1,1.085,-,0,825,0股,50.38%,989802.54,5.44%
2022-04-21,基金,10年地债(511270.XSHG),多,5100股,5100股,107.555,548530.5,33211.69,101.043,-,0,137.7,0股,6.44%,989802.54,55.42%
2022-04-21,基金,纳指ETF(513100.XSHG),多,85200股,85200股,0.928,79065.6,-299.37,0.932,-,0,340.8,0股,-0.38%,989802.54,7.99%
2022-04-21,基金,黄金ETF(518880.XSHG),多,27900股,27900股,3.937,109842.3,809.1,3.908,-,0,1422.9,0股,0.74%,989802.54,11.1%
2022-04-21,股票,长江电力(600900.XSHG),多,2500股,2500股,23.54,58850,7902.68,20.379,-,0,475,0股,15.51%,989802.54,5.95%
2022-04-21,股票,农业银行(601288.XSHG),多,44400股,44400股,3.07,136308,3747.89,2.986,-,0,444,0股,2.83%,989802.54,13.77%
2022-04-21,,Cash,,,,,3350.14,,,,,,,,0
2022-04-22,基金,豆粕ETF华夏(159985.XSHE),多,33000股,33000股,1.607,53031,17218.1,1.085,-,0,-825,0股,48.08%,989177.64,5.36%
2022-04-22,基金,10年地债(511270.XSHG),多,5100股,5100股,107.554,548525.4,33206.59,101.043,-,0,-5.1,0股,6.44%,989177.64,55.45%
2022-04-22,基金,纳指ETF(513100.XSHG),多,85200股,85200股,0.911,77617.2,-1747.77,0.932,-,0,-1448.4,0股,-2.2%,989177.64,7.85%
2022-04-22,基金,黄金ETF(518880.XSHG),多,27900股,27900股,3.951,110232.9,1199.7,3.908,-,0,390.6,0股,1.1%,989177.64,11.14%
2022-04-22,股票,长江电力(600900.XSHG),多,2500股,2500股,23.69,59225,8277.68,20.379,-,0,375,0股,16.25%,989177.64,5.99%
2022-04-22,股票,农业银行(601288.XSHG),多,44400股,44400股,3.09,137196,4635.89,2.986,-,0,888,0股,3.5%,989177.64,13.87%
2022-04-22,,Cash,,,,,3350.14,,,,,,,,0
2022-04-25,基金,豆粕ETF华夏(159985.XSHE),多,33000股,33000股,1.553,51249,15436.1,1.085,-,0,-1782,0股,43.1%,981627.04,5.22%
2022-04-25,基金,10年地债(511270.XSHG),多,5100股,5100股,107.677,549152.7,33833.89,101.043,-,0,627.3,0股,6.57%,981627.04,55.94%
2022-04-25,基金,纳指ETF(513100.XSHG),多,85200股,85200股,0.883,75231.6,-4133.37,0.932,-,0,-2385.6,0股,-5.21%,981627.04,7.66%
2022-04-25,基金,黄金ETF(518880.XSHG),多,27900股,27900股,3.924,109479.6,446.4,3.908,-,0,-753.3,0股,0.41%,981627.04,11.15%
2022-04-25,股票,长江电力(600900.XSHG),多,2500股,2500股,22.92,57300,6352.68,20.379,-,0,-1925,0股,12.47%,981627.04,5.84%
2022-04-25,股票,农业银行(601288.XSHG),多,44400股,44400股,3.06,135864,3303.89,2.986,-,0,-1332,0股,2.49%,981627.04,13.84%
2022-04-25,,Cash,,,,,3350.14,,,,,,,,0
2022-04-26,基金,豆粕ETF华夏(159985.XSHE),多,33000股,33000股,1.566,51678,15865.1,1.085,-,0,429,0股,44.3%,983342.44,5.26%
2022-04-26,基金,10年地债(511270.XSHG),多,5100股,5100股,107.545,548479.5,33160.69,101.043,-,0,-673.2,0股,6.43%,983342.44,55.78%
2022-04-26,基金,纳指ETF(513100.XSHG),多,85200股,85200股,0.904,77020.8,-2344.17,0.932,-,0,1789.2,0股,-2.95%,983342.44,7.83%
2022-04-26,基金,黄金ETF(518880.XSHG),多,27900股,27900股,3.89,108531,-502.2,3.908,-,0,-948.6,0股,-0.46%,983342.44,11.04%
2022-04-26,股票,长江电力(600900.XSHG),多,2500股,2500股,23.19,57975,7027.68,20.379,-,0,675,0股,13.79%,983342.44,5.9%
2022-04-26,股票,农业银行(601288.XSHG),多,44400股,44400股,3.07,136308,3747.89,2.986,-,0,444,0股,2.83%,983342.44,13.86%
2022-04-26,,Cash,,,,,3350.14,,,,,,,,0
2022-04-27,基金,豆粕ETF华夏(159985.XSHE),多,33000股,33000股,1.573,51909,16096.1,1.085,-,0,231,0股,44.94%,979230.84,5.3%
2022-04-27,基金,10年地债(511270.XSHG),多,5100股,5100股,107.567,548591.7,33272.89,101.043,-,0,112.2,0股,6.46%,979230.84,56.02%
2022-04-27,基金,纳指ETF(513100.XSHG),多,85200股,85200股,0.881,75061.2,-4303.77,0.932,-,0,-1959.6,0股,-5.42%,979230.84,7.67%
2022-04-27,基金,黄金ETF(518880.XSHG),多,27900股,27900股,3.892,108586.8,-446.4,3.908,-,0,55.8,0股,-0.41%,979230.84,11.09%
2022-04-27,股票,长江电力(600900.XSHG),多,2500股,2500股,22.88,57200,6252.68,20.379,-,0,-775,0股,12.27%,979230.84,5.84%
2022-04-27,股票,农业银行(601288.XSHG),多,44400股,44400股,3.03,134532,1971.89,2.986,-,0,-1776,0股,1.49%,979230.84,13.74%
2022-04-27,,Cash,,,,,3350.14,,,,,,,,0
2022-04-28,基金,豆粕ETF华夏(159985.XSHE),多,33000股,33000股,1.603,52899,17086.1,1.085,-,0,990,0股,47.71%,982798.54,5.38%
2022-04-28,基金,10年地债(511270.XSHG),多,5100股,5100股,107.558,548545.8,33226.99,101.043,-,0,-45.9,0股,6.45%,982798.54,55.81%
2022-04-28,基金,纳指ETF(513100.XSHG),多,85200股,85200股,0.893,76083.6,-3281.37,0.932,-,0,1022.4,0股,-4.13%,982798.54,7.74%
2022-04-28,基金,黄金ETF(518880.XSHG),多,27900股,27900股,3.89,108531,-502.2,3.908,-,0,-55.8,0股,-0.46%,982798.54,11.04%
2022-04-28,股票,长江电力(600900.XSHG),多,2500股,2500股,23.01,57525,6577.68,20.379,-,0,325,0股,12.91%,982798.54,5.85%
2022-04-28,股票,农业银行(601288.XSHG),多,44400股,44400股,3.06,135864,3303.89,2.986,-,0,1332,0股,2.49%,982798.54,13.82%
2022-04-28,,Cash,,,,,3350.14,,,,,,,,0
2022-04-29,基金,豆粕ETF华夏(159985.XSHE),多,33000股,33000股,1.607,53031,17218.1,1.085,-,0,132,0股,48.08%,984255.44,5.39%
2022-04-29,基金,10年地债(511270.XSHG),多,5100股,5100股,107.475,548122.5,32803.69,101.043,-,0,-423.3,0股,6.37%,984255.44,55.69%
2022-04-29,基金,纳指ETF(513100.XSHG),多,85200股,85200股,0.905,77106,-2258.97,0.932,-,0,1022.4,0股,-2.85%,984255.44,7.83%
2022-04-29,基金,黄金ETF(518880.XSHG),多,27900股,27900股,3.942,109981.8,948.6,3.908,-,0,1450.8,0股,0.87%,984255.44,11.17%
2022-04-29,股票,长江电力(600900.XSHG),多,2500股,2500股,22.72,56800,5852.68,20.379,-,0,-725,0股,11.49%,984255.44,5.77%
2022-04-29,股票,农业银行(601288.XSHG),多,44400股,44400股,3.06,135864,3303.89,2.986,-,0,0,0股,2.49%,984255.44,13.8%
2022-04-29,,Cash,,,,,3350.14,,,,,,,,0
2022-05-05,基金,豆粕ETF华夏(159985.XSHE),多,33000股,33000股,1.597,52701,16888.1,1.085,-,0,-330,0股,47.16%,986027.24,5.34%
2022-05-05,基金,10年地债(511270.XSHG),多,5100股,5100股,107.474,548117.4,32798.59,101.043,-,0,-5.1,0股,6.36%,986027.24,55.59%
2022-05-05,基金,纳指ETF(513100.XSHG),多,85200股,85200股,0.913,77787.6,-1577.37,0.932,-,0,681.6,0股,-1.99%,986027.24,7.89%
2022-05-05,基金,黄金ETF(518880.XSHG),多,27900股,27900股,3.929,109619.1,585.9,3.908,-,0,-362.7,0股,0.54%,986027.24,11.12%
2022-05-05,股票,长江电力(600900.XSHG),多,2500股,2500股,23.08,57700,6752.68,20.379,-,0,900,0股,13.25%,986027.24,5.85%
2022-05-05,股票,农业银行(601288.XSHG),多,44400股,44400股,3.08,136752,4191.89,2.986,-,0,888,0股,3.16%,986027.24,13.87%
2022-05-05,,Cash,,,,,3350.14,,,,,,,,0
2022-05-06,基金,豆粕ETF华夏(159985.XSHE),多,33000股,33000股,1.565,51645,15832.1,1.085,-,0,-1056,0股,44.21%,979444.64,5.27%
2022-05-06,基金,10年地债(511270.XSHG),多,5100股,5100股,107.451,548000.1,32681.29,101.043,-,0,-117.3,0股,6.34%,979444.64,55.95%
2022-05-06,基金,纳指ETF(513100.XSHG),多,85200股,85200股,0.878,74805.6,-4559.37,0.932,-,0,-2982,0股,-5.74%,979444.64,7.64%
2022-05-06,基金,黄金ETF(518880.XSHG),多,27900股,27900股,3.922,109423.8,390.6,3.908,-,0,-195.3,0股,0.36%,979444.64,11.17%
2022-05-06,股票,长江电力(600900.XSHG),多,2500股,2500股,22.72,56800,5852.68,20.379,-,0,-900,0股,11.49%,979444.64,5.8%
2022-05-06,股票,农业银行(601288.XSHG),多,44400股,44400股,3.05,135420,2859.89,2.986,-,0,-1332,0股,2.16%,979444.64,13.83%
2022-05-06,,Cash,,,,,3350.14,,,,,,,,0
2022-05-09,基金,豆粕ETF华夏(159985.XSHE),多,33000股,33000股,1.537,50721,14908.1,1.085,-,0,-924,0股,41.63%,978548.04,5.18%
2022-05-09,基金,10年地债(511270.XSHG),多,5100股,5100股,107.576,548637.6,33318.79,101.043,-,0,637.5,0股,6.47%,978548.04,56.07%
2022-05-09,基金,纳指ETF(513100.XSHG),多,85200股,85200股,0.866,73783.2,-5581.77,0.932,-,0,-1022.4,0股,-7.03%,978548.04,7.54%
2022-05-09,基金,黄金ETF(518880.XSHG),多,27900股,27900股,3.939,109898.1,864.9,3.908,-,0,474.3,0股,0.79%,978548.04,11.23%
2022-05-09,股票,长江电力(600900.XSHG),多,2500股,2500股,22.34,55850,4902.68,20.379,-,0,-950,0股,9.62%,978548.04,5.71%
2022-05-09,股票,农业银行(601288.XSHG),多,44400股,44400股,3.07,136308,3747.89,2.986,-,0,888,0股,2.83%,978548.04,13.93%
2022-05-09,,Cash,,,,,3350.14,,,,,,,,0
2022-05-10,基金,豆粕ETF华夏(159985.XSHE),多,33000股,33000股,1.547,51051,15238.1,1.085,-,0,330,0股,42.55%,979642.04,5.21%
2022-05-10,基金,10年地债(511270.XSHG),多,5100股,5100股,107.649,549009.9,33691.09,101.043,-,0,372.3,0股,6.54%,979642.04,56.04%
2022-05-10,基金,纳指ETF(513100.XSHG),多,85200股,85200股,0.855,72846,-6518.97,0.932,-,0,-937.2,0股,-8.21%,979642.04,7.44%
2022-05-10,基金,黄金ETF(518880.XSHG),多,27900股,27900股,3.91,109089,55.8,3.908,-,0,-809.1,0股,0.05%,979642.04,11.14%
2022-05-10,股票,长江电力(600900.XSHG),多,2500股,2500股,22.84,57100,6152.68,20.379,-,0,1250,0股,12.08%,979642.04,5.83%
2022-05-10,股票,农业银行(601288.XSHG),多,44400股,44400股,3.09,137196,4635.89,2.986,-,0,888,0股,3.5%,979642.04,14%
2022-05-10,,Cash,,,,,3350.14,,,,,,,,0
2022-05-11,基金,豆粕ETF华夏(159985.XSHE),多,33000股,33000股,1.55,51150,15337.1,1.085,-,0,99,0股,42.83%,977588.94,5.23%
2022-05-11,基金,10年地债(511270.XSHG),多,5100股,5100股,107.76,549576,34257.19,101.043,-,0,566.1,0股,6.65%,977588.94,56.22%
2022-05-11,基金,纳指ETF(513100.XSHG),多,85200股,85200股,0.859,73186.8,-6178.17,0.932,-,0,340.8,0股,-7.78%,977588.94,7.49%
2022-05-11,基金,黄金ETF(518880.XSHG),多,27900股,27900股,3.89,108531,-502.2,3.908,-,0,-558,0股,-0.46%,977588.94,11.1%
2022-05-11,股票,长江电力(600900.XSHG),多,2500股,2500股,22.55,56375,5427.68,20.379,-,0,-725,0股,10.65%,977588.94,5.77%
2022-05-11,股票,农业银行(601288.XSHG),多,44400股,44400股,3.05,135420,2859.89,2.986,-,0,-1776,0股,2.16%,977588.94,13.85%
2022-05-11,,Cash,,,,,3350.14,,,,,,,,0
2022-05-12,基金,豆粕ETF华夏(159985.XSHE),多,31600股,31600股,1.55,48980,14686.44,1.085,-,0,0,0股,42.83%,976046.91,5.02%
2022-05-12,基金,10年地债(511270.XSHG),多,5100股,5100股,108.027,550937.7,35618.89,101.043,-,0,1361.7,0股,6.91%,976046.91,56.45%
2022-05-12,基金,纳指ETF(513100.XSHG),多,89200股,89200股,0.83,74036,-8676.97,0.927,-,0,-2498.8,4000股,-10.49%,976046.91,7.59%
2022-05-12,基金,黄金ETF(518880.XSHG),多,27900股,27900股,3.928,109591.2,558,3.908,-,0,1060.2,0股,0.51%,976046.91,11.23%
2022-05-12,股票,长江电力(600900.XSHG),多,2400股,2400股,22.31,53544,4634.57,20.379,-,0,-576,0股,9.48%,976046.91,5.49%
2022-05-12,股票,农业银行(601288.XSHG),多,42900股,42800股,3.03,129987,1899.83,2.986,-,0,-857,100股,1.48%,976046.91,13.32%
2022-05-12,,Cash,,,,,8971.01,,,,,,,,0
2022-05-13,基金,豆粕ETF华夏(159985.XSHE),多,31600股,31600股,1.599,50528.4,16234.84,1.085,-,0,1548.4,0股,47.34%,979789.41,5.16%
2022-05-13,基金,10年地债(511270.XSHG),多,5100股,5100股,107.83,549933,34614.19,101.043,-,0,-1004.7,0股,6.72%,979789.41,56.13%
2022-05-13,基金,纳指ETF(513100.XSHG),多,89200股,89200股,0.844,75284.8,-7428.17,0.927,-,0,1248.8,0股,-8.98%,979789.41,7.68%
2022-05-13,基金,黄金ETF(518880.XSHG),多,27900股,27900股,3.888,108475.2,-558,3.908,-,0,-1116,0股,-0.51%,979789.41,11.07%
2022-05-13,股票,长江电力(600900.XSHG),多,2400股,2400股,23.23,55752,6842.57,20.379,-,0,2208,0股,13.99%,979789.41,5.69%
2022-05-13,股票,农业银行(601288.XSHG),多,42900股,42900股,3.05,130845,2757.83,2.986,-,0,858,0股,2.15%,979789.41,13.35%
2022-05-13,,Cash,,,,,8971.01,,,,,,,,0
2022-05-16,基金,豆粕ETF华夏(159985.XSHE),多,31600股,31600股,1.637,51729.2,17435.64,1.085,-,0,1200.8,0股,50.84%,978863.11,5.28%
2022-05-16,基金,10年地债(511270.XSHG),多,5100股,5100股,107.62,548862,33543.19,101.043,-,0,-1071,0股,6.51%,978863.11,56.07%
2022-05-16,基金,纳指ETF(513100.XSHG),多,89200股,89200股,0.855,76266,-6446.97,0.927,-,0,981.2,0股,-7.79%,978863.11,7.79%
2022-05-16,基金,黄金ETF(518880.XSHG),多,27900股,27900股,3.851,107442.9,-1590.3,3.908,-,0,-1032.3,0股,-1.46%,978863.11,10.98%
2022-05-16,股票,长江电力(600900.XSHG),多,2400股,2400股,22.99,55176,6266.57,20.379,-,0,-576,0股,12.81%,978863.11,5.64%
2022-05-16,股票,农业银行(601288.XSHG),多,42900股,42900股,3.04,130416,2328.83,2.986,-,0,-429,0股,1.82%,978863.11,13.32%
2022-05-16,,Cash,,,,,8971.01,,,,,,,,0
2022-05-17,基金,豆粕ETF华夏(159985.XSHE),多,31600股,31600股,1.631,51539.6,17246.04,1.085,-,0,-189.6,0股,50.29%,978411.71,5.27%
2022-05-17,基金,10年地债(511270.XSHG),多,5100股,5100股,107.52,548352,33033.19,101.043,-,0,-510,0股,6.41%,978411.71,56.05%
2022-05-17,基金,纳指ETF(513100.XSHG),多,89200股,89200股,0.859,76622.8,-6090.17,0.927,-,0,356.8,0股,-7.36%,978411.71,7.83%
2022-05-17,基金,黄金ETF(518880.XSHG),多,27900股,27900股,3.877,108168.3,-864.9,3.908,-,0,725.4,0股,-0.79%,978411.71,11.06%
2022-05-17,股票,长江电力(600900.XSHG),多,2400股,2400股,23,55200,6290.57,20.379,-,0,24,0股,12.86%,978411.71,5.64%
2022-05-17,股票,农业银行(601288.XSHG),多,42900股,42900股,3.02,129558,1470.83,2.986,-,0,-858,0股,1.15%,978411.71,13.24%
2022-05-17,,Cash,,,,,8971.01,,,,,,,,0
2022-05-18,基金,豆粕ETF华夏(159985.XSHE),多,31600股,31600股,1.63,51508,17214.44,1.085,-,0,-31.6,0股,50.2%,976149.51,5.28%
2022-05-18,基金,10年地债(511270.XSHG),多,5100股,5100股,107.323,547347.3,32028.49,101.043,-,0,-1004.7,0股,6.22%,976149.51,56.07%
2022-05-18,基金,纳指ETF(513100.XSHG),多,89200股,89200股,0.864,77068.8,-5644.17,0.927,-,0,446,0股,-6.82%,976149.51,7.9%
2022-05-18,基金,黄金ETF(518880.XSHG),多,27900股,27900股,3.836,107024.4,-2008.8,3.908,-,0,-1143.9,0股,-1.84%,976149.51,10.96%
2022-05-18,股票,长江电力(600900.XSHG),多,2400股,2400股,22.78,54672,5762.57,20.379,-,0,-528,0股,11.78%,976149.51,5.6%
2022-05-18,股票,农业银行(601288.XSHG),多,42900股,42900股,3.02,129558,1470.83,2.986,-,0,0,0股,1.15%,976149.51,13.27%
2022-05-18,,Cash,,,,,8971.01,,,,,,,,0
2022-05-19,基金,豆粕ETF华夏(159985.XSHE),多,31600股,31600股,1.624,51318.4,17024.84,1.085,-,0,-189.6,0股,49.64%,973615.11,5.27%
2022-05-19,基金,10年地债(511270.XSHG),多,5100股,5100股,107.181,546623.1,31304.29,101.043,-,0,-724.2,0股,6.07%,973615.11,56.14%
2022-05-19,基金,纳指ETF(513100.XSHG),多,89200股,89200股,0.828,73857.6,-8855.37,0.927,-,0,-3211.2,0股,-10.71%,973615.11,7.59%
2022-05-19,基金,黄金ETF(518880.XSHG),多,27900股,27900股,3.85,107415,-1618.2,3.908,-,0,390.6,0股,-1.48%,973615.11,11.03%
2022-05-19,股票,长江电力(600900.XSHG),多,2400股,2400股,23.28,55872,6962.57,20.379,-,0,1200,0股,14.24%,973615.11,5.74%
2022-05-19,股票,农业银行(601288.XSHG),多,42900股,42900股,3.02,129558,1470.83,2.986,-,0,0,0股,1.15%,973615.11,13.31%
2022-05-19,,Cash,,,,,8971.01,,,,,,,,0
2022-05-20,基金,豆粕ETF华夏(159985.XSHE),多,31600股,31600股,1.646,52013.6,17720.04,1.085,-,0,695.2,0股,51.67%,975627.21,5.33%
2022-05-20,基金,10年地债(511270.XSHG),多,5100股,5100股,107.222,546832.2,31513.39,101.043,-,0,209.1,0股,6.12%,975627.21,56.05%
2022-05-20,基金,纳指ETF(513100.XSHG),多,89200股,89200股,0.833,74303.6,-8409.37,0.927,-,0,446,0股,-10.17%,975627.21,7.62%
2022-05-20,基金,黄金ETF(518880.XSHG),多,27900股,27900股,3.872,108028.8,-1004.4,3.908,-,0,613.8,0股,-0.92%,975627.21,11.07%
2022-05-20,股票,长江电力(600900.XSHG),多,2400股,2400股,23.3,55920,7010.57,20.379,-,0,48,0股,14.33%,975627.21,5.73%
2022-05-20,股票,农业银行(601288.XSHG),多,42900股,42900股,3.02,129558,1470.83,2.986,-,0,0,0股,1.15%,975627.21,13.28%
2022-05-20,,Cash,,,,,8971.01,,,,,,,,0
2022-05-23,基金,豆粕ETF华夏(159985.XSHE),多,31600股,31600股,1.653,52234.8,17941.24,1.085,-,0,221.2,0股,52.32%,976567.61,5.35%
2022-05-23,基金,10年地债(511270.XSHG),多,5100股,5100股,107.549,548499.9,33181.09,101.043,-,0,1667.7,0股,6.44%,976567.61,56.17%
2022-05-23,基金,纳指ETF(513100.XSHG),多,89200股,89200股,0.837,74660.4,-8052.57,0.927,-,0,356.8,0股,-9.74%,976567.61,7.65%
2022-05-23,基金,黄金ETF(518880.XSHG),多,27900股,27900股,3.875,108112.5,-920.7,3.908,-,0,83.7,0股,-0.84%,976567.61,11.07%
2022-05-23,股票,长江电力(600900.XSHG),多,2400股,2400股,22.9,54960,6050.57,20.379,-,0,-960,0股,12.37%,976567.61,5.63%
2022-05-23,股票,农业银行(601288.XSHG),多,42900股,42900股,3.01,129129,1041.83,2.986,-,0,-429,0股,0.81%,976567.61,13.22%
2022-05-23,,Cash,,,,,8971.01,,,,,,,,0
2022-05-24,基金,豆粕ETF华夏(159985.XSHE),多,31600股,31600股,1.616,51065.6,16772.04,1.085,-,0,-1169.2,0股,48.91%,975867.91,5.23%
2022-05-24,基金,10年地债(511270.XSHG),多,5100股,5100股,107.859,550080.9,34762.09,101.043,-,0,1581,0股,6.75%,975867.91,56.37%
2022-05-24,基金,纳指ETF(513100.XSHG),多,89200股,89200股,0.813,72519.6,-10193.37,0.927,-,0,-2140.8,0股,-12.32%,975867.91,7.43%
2022-05-24,基金,黄金ETF(518880.XSHG),多,27900股,27900股,3.882,108307.8,-725.4,3.908,-,0,195.3,0股,-0.67%,975867.91,11.1%
2022-05-24,股票,长江电力(600900.XSHG),多,2400股,2400股,22.89,54936,6026.57,20.379,-,0,-24,0股,12.32%,975867.91,5.63%
2022-05-24,股票,农业银行(601288.XSHG),多,42900股,42900股,3.03,129987,1899.83,2.986,-,0,858,0股,1.48%,975867.91,13.32%
2022-05-24,,Cash,,,,,8971.01,,,,,,,,0
2022-05-25,基金,豆粕ETF华夏(159985.XSHE),多,31600股,31600股,1.622,51255.2,16961.64,1.085,-,0,189.6,0股,49.46%,978691.11,5.24%
2022-05-25,基金,10年地债(511270.XSHG),多,5100股,5100股,108.11,551361,36042.19,101.043,-,0,1280.1,0股,6.99%,978691.11,56.34%
2022-05-25,基金,纳指ETF(513100.XSHG),多,89200股,89200股,0.818,72965.6,-9747.37,0.927,-,0,446,0股,-11.78%,978691.11,7.46%
2022-05-25,基金,黄金ETF(518880.XSHG),多,27900股,27900股,3.887,108447.3,-585.9,3.908,-,0,139.5,0股,-0.54%,978691.11,11.08%
2022-05-25,股票,长江电力(600900.XSHG),多,2400股,2400股,23.21,55704,6794.57,20.379,-,0,768,0股,13.89%,978691.11,5.69%
2022-05-25,股票,农业银行(601288.XSHG),多,42900股,42900股,3.03,129987,1899.83,2.986,-,0,0,0股,1.48%,978691.11,13.28%
2022-05-25,,Cash,,,,,8971.01,,,,,,,,0
2022-05-26,基金,豆粕ETF华夏(159985.XSHE),多,31600股,31600股,1.626,51381.6,17088.04,1.085,-,0,126.4,0股,49.83%,983322.41,5.23%
2022-05-26,基金,10年地债(511270.XSHG),多,5100股,5100股,108.485,553273.5,37954.69,101.043,-,0,1912.5,0股,7.37%,983322.41,56.27%
2022-05-26,基金,纳指ETF(513100.XSHG),多,89200股,89200股,0.822,73322.4,-9390.57,0.927,-,0,356.8,0股,-11.35%,983322.41,7.46%
2022-05-26,基金,黄金ETF(518880.XSHG),多,27900股,27900股,3.901,108837.9,-195.3,3.908,-,0,390.6,0股,-0.18%,983322.41,11.07%
2022-05-26,股票,长江电力(600900.XSHG),多,2400股,2400股,23.8,57120,8210.57,20.379,-,0,1416,0股,16.79%,983322.41,5.81%
2022-05-26,股票,农业银行(601288.XSHG),多,42900股,42900股,3.04,130416,2328.83,2.986,-,0,429,0股,1.82%,983322.41,13.26%
2022-05-26,,Cash,,,,,8971.01,,,,,,,,0
2022-05-27,基金,豆粕ETF华夏(159985.XSHE),多,31600股,31600股,1.664,52582.4,18288.84,1.085,-,0,1200.8,0股,53.33%,987632.31,5.32%
2022-05-27,基金,10年地债(511270.XSHG),多,5100股,5100股,108.59,553809,38490.19,101.043,-,0,535.5,0股,7.47%,987632.31,56.07%
2022-05-27,基金,纳指ETF(513100.XSHG),多,89200股,89200股,0.848,75641.6,-7071.37,0.927,-,0,2319.2,0股,-8.55%,987632.31,7.66%
2022-05-27,基金,黄金ETF(518880.XSHG),多,27900股,27900股,3.917,109284.3,251.1,3.908,-,0,446.4,0股,0.23%,987632.31,11.07%
2022-05-27,股票,长江电力(600900.XSHG),多,2400股,2400股,23.72,56928,8018.57,20.379,-,0,-192,0股,16.39%,987632.31,5.76%
2022-05-27,股票,农业银行(601288.XSHG),多,42900股,42900股,3.04,130416,2328.83,2.986,-,0,0,0股,1.82%,987632.31,13.2%
2022-05-27,,Cash,,,,,8971.01,,,,,,,,0
2022-05-30,基金,豆粕ETF华夏(159985.XSHE),多,31600股,31600股,1.654,52266.4,17972.84,1.085,-,0,-316,0股,52.41%,988878.71,5.29%
2022-05-30,基金,10年地债(511270.XSHG),多,5100股,5100股,108.058,551095.8,39346.99,100.343,-,0,856.8,0股,7.69%,988878.71,55.73%
2022-05-30,基金,纳指ETF(513100.XSHG),多,89200股,89200股,0.875,78050,-4662.97,0.927,-,0,2408.4,0股,-5.64%,988878.71,7.89%
2022-05-30,基金,黄金ETF(518880.XSHG),多,27900股,27900股,3.885,108391.5,-641.7,3.908,-,0,-892.8,0股,-0.59%,988878.71,10.96%
2022-05-30,股票,长江电力(600900.XSHG),多,2400股,2400股,23.74,56976,8066.57,20.379,-,0,48,0股,16.49%,988878.71,5.76%
2022-05-30,股票,农业银行(601288.XSHG),多,42900股,42900股,3.02,129558,1470.83,2.986,-,0,-858,0股,1.15%,988878.71,13.1%
2022-05-30,,Cash,,,,,12541.01,,,,,,,,0
2022-05-31,基金,豆粕ETF华夏(159985.XSHE),多,31600股,31600股,1.662,52519.2,18225.64,1.085,-,0,252.8,0股,53.15%,988834.11,5.31%
2022-05-31,基金,10年地债(511270.XSHG),多,5100股,5100股,107.95,550545,38796.19,100.343,-,0,-550.8,0股,7.58%,988834.11,55.68%
2022-05-31,基金,纳指ETF(513100.XSHG),多,89200股,89200股,0.868,77425.6,-5287.37,0.927,-,0,-624.4,0股,-6.39%,988834.11,7.83%
2022-05-31,基金,黄金ETF(518880.XSHG),多,27900股,27900股,3.877,108168.3,-864.9,3.908,-,0,-223.2,0股,-0.79%,988834.11,10.94%
2022-05-31,股票,长江电力(600900.XSHG),多,2400股,2400股,24.02,57648,8738.57,20.379,-,0,672,0股,17.87%,988834.11,5.83%
2022-05-31,股票,农业银行(601288.XSHG),多,42900股,42900股,3.03,129987,1899.83,2.986,-,0,429,0股,1.48%,988834.11,13.15%
2022-05-31,,Cash,,,,,12541.01,,,,,,,,0
2022-06-01,基金,豆粕ETF华夏(159985.XSHE),多,31600股,31600股,1.632,51571.2,17277.64,1.085,-,0,-948,0股,50.38%,986732.61,5.23%
2022-06-01,基金,10年地债(511270.XSHG),多,5100股,5100股,107.93,550443,38694.19,100.343,-,0,-102,0股,7.56%,986732.61,55.78%
2022-06-01,基金,纳指ETF(513100.XSHG),多,89200股,89200股,0.868,77425.6,-5287.37,0.927,-,0,0,0股,-6.39%,986732.61,7.85%
2022-06-01,基金,黄金ETF(518880.XSHG),多,27900股,27900股,3.852,107470.8,-1562.4,3.908,-,0,-697.5,0股,-1.43%,986732.61,10.89%
2022-06-01,股票,长江电力(600900.XSHG),多,2400股,2400股,24.23,58152,9242.57,20.379,-,0,504,0股,18.9%,986732.61,5.89%
2022-06-01,股票,农业银行(601288.XSHG),多,42900股,42900股,3.01,129129,1041.83,2.986,-,0,-858,0股,0.81%,986732.61,13.09%
2022-06-01,,Cash,,,,,12541.01,,,,,,,,0
2022-06-02,基金,豆粕ETF华夏(159985.XSHE),多,31600股,31600股,1.632,51571.2,17277.64,1.085,-,0,0,0股,50.38%,985304.41,5.23%
2022-06-02,基金,10年地债(511270.XSHG),多,5100股,5100股,107.799,549774.9,38026.09,100.343,-,0,-668.1,0股,7.43%,985304.41,55.8%
2022-06-02,基金,纳指ETF(513100.XSHG),多,89200股,89200股,0.86,76712,-6000.97,0.927,-,0,-713.6,0股,-7.26%,985304.41,7.79%
2022-06-02,基金,黄金ETF(518880.XSHG),多,27900股,27900股,3.877,108168.3,-864.9,3.908,-,0,697.5,0股,-0.79%,985304.41,10.98%
2022-06-02,股票,长江电力(600900.XSHG),多,2400股,2400股,23.92,57408,8498.57,20.379,-,0,-744,0股,17.38%,985304.41,5.83%
2022-06-02,股票,农业银行(601288.XSHG),多,42900股,42900股,3.01,129129,1041.83,2.986,-,0,0,0股,0.81%,985304.41,13.11%
2022-06-02,,Cash,,,,,12541.01,,,,,,,,0
2022-06-06,基金,豆粕ETF华夏(159985.XSHE),多,31600股,31600股,1.637,51729.2,17435.64,1.085,-,0,158,0股,50.84%,984750.01,5.25%
2022-06-06,基金,10年地债(511270.XSHG),多,5100股,5100股,107.755,549550.5,37801.69,100.343,-,0,-224.4,0股,7.39%,984750.01,55.81%
2022-06-06,基金,纳指ETF(513100.XSHG),多,89200股,89200股,0.861,76801.2,-5911.77,0.927,-,0,89.2,0股,-7.15%,984750.01,7.8%
2022-06-06,基金,黄金ETF(518880.XSHG),多,27900股,27900股,3.869,107945.1,-1088.1,3.908,-,0,-223.2,0股,-1%,984750.01,10.96%
2022-06-06,股票,长江电力(600900.XSHG),多,2400股,2400股,24.13,57912,9002.57,20.379,-,0,504,0股,18.41%,984750.01,5.88%
2022-06-06,股票,农业银行(601288.XSHG),多,42900股,42900股,2.99,128271,183.83,2.986,-,0,-858,0股,0.14%,984750.01,13.03%
2022-06-06,,Cash,,,,,12541.01,,,,,,,,0
2022-06-07,基金,豆粕ETF华夏(159985.XSHE),多,31600股,31600股,1.623,51286.8,16993.24,1.085,-,0,-442.4,0股,49.55%,981987.31,5.22%
2022-06-07,基金,10年地债(511270.XSHG),多,5100股,5100股,107.721,549377.1,37628.29,100.343,-,0,-173.4,0股,7.35%,981987.31,55.95%
2022-06-07,基金,纳指ETF(513100.XSHG),多,89200股,89200股,0.854,76176.8,-6536.17,0.927,-,0,-624.4,0股,-7.9%,981987.31,7.76%
2022-06-07,基金,黄金ETF(518880.XSHG),多,27900股,27900股,3.854,107526.6,-1506.6,3.908,-,0,-418.5,0股,-1.38%,981987.31,10.95%
2022-06-07,股票,长江电力(600900.XSHG),多,2400股,2400股,23.67,56808,7898.57,20.379,-,0,-1104,0股,16.15%,981987.31,5.79%
2022-06-07,股票,农业银行(601288.XSHG),多,42900股,42900股,2.99,128271,183.83,2.986,-,0,0,0股,0.14%,981987.31,13.06%
2022-06-07,,Cash,,,,,12541.01,,,,,,,,0
2022-06-08,基金,豆粕ETF华夏(159985.XSHE),多,31600股,31600股,1.654,52266.4,17972.84,1.085,-,0,979.6,0股,52.41%,984718.31,5.31%
2022-06-08,基金,10年地债(511270.XSHG),多,5100股,5100股,107.709,549315.9,37567.09,100.343,-,0,-61.2,0股,7.34%,984718.31,55.78%
2022-06-08,基金,纳指ETF(513100.XSHG),多,89200股,89200股,0.866,77247.2,-5465.77,0.927,-,0,1070.4,0股,-6.61%,984718.31,7.84%
2022-06-08,基金,黄金ETF(518880.XSHG),多,27900股,27900股,3.872,108028.8,-1004.4,3.908,-,0,502.2,0股,-0.92%,984718.31,10.97%
2022-06-08,股票,长江电力(600900.XSHG),多,2400股,2400股,23.77,57048,8138.57,20.379,-,0,240,0股,16.64%,984718.31,5.79%
2022-06-08,股票,农业银行(601288.XSHG),多,42900股,42900股,2.99,128271,183.83,2.986,-,0,0,0股,0.14%,984718.31,13.03%
2022-06-08,,Cash,,,,,12541.01,,,,,,,,0
2022-06-09,基金,豆粕ETF华夏(159985.XSHE),多,29800股,29800股,1.652,49229.6,16889.47,1.085,-,0,-59.6,0股,52.22%,985181.42,5%
2022-06-09,基金,10年地债(511270.XSHG),多,5200股,5200股,107.799,560554.8,38027.79,100.486,-,0,460.7,100股,7.28%,985181.42,56.9%
2022-06-09,基金,纳指ETF(513100.XSHG),多,84100股,84100股,0.861,72410.1,-5573.77,0.927,-,0,-420.5,0股,-7.15%,985181.42,7.35%
2022-06-09,基金,黄金ETF(518880.XSHG),多,29300股,29300股,3.881,113713.3,-765.9,3.907,-,0,238.5,1400股,-0.67%,985181.42,11.54%
2022-06-09,股票,长江电力(600900.XSHG),多,2300股,2300股,23.71,54533,7661.46,20.379,-,0,-138,0股,16.35%,985181.42,5.54%
2022-06-09,股票,农业银行(601288.XSHG),多,43800股,42900股,3,131400,621.83,2.986,-,0,438,900股,0.48%,985181.42,13.34%
2022-06-09,,Cash,,,,,3340.62,,,,,,,,0
2022-06-10,基金,豆粕ETF华夏(159985.XSHE),多,29800股,29800股,1.681,50093.8,17753.67,1.085,-,0,864.2,0股,54.9%,985946.82,5.08%
2022-06-10,基金,10年地债(511270.XSHG),多,5200股,5200股,107.791,560513.2,37986.19,100.486,-,0,-41.6,0股,7.27%,985946.82,56.85%
2022-06-10,基金,纳指ETF(513100.XSHG),多,84100股,84100股,0.847,71232.7,-6751.17,0.927,-,0,-1177.4,0股,-8.66%,985946.82,7.22%
2022-06-10,基金,黄金ETF(518880.XSHG),多,29300股,29300股,3.865,113244.5,-1234.7,3.907,-,0,-468.8,0股,-1.08%,985946.82,11.49%
2022-06-10,股票,长江电力(600900.XSHG),多,2300股,2300股,24.02,55246,8374.46,20.379,-,0,713,0股,17.87%,985946.82,5.6%
2022-06-10,股票,农业银行(601288.XSHG),多,43800股,43800股,3.02,132276,1497.83,2.986,-,0,876,0股,1.15%,985946.82,13.42%
2022-06-10,,Cash,,,,,3340.62,,,,,,,,0
2022-06-13,基金,豆粕ETF华夏(159985.XSHE),多,29800股,29800股,1.642,48931.6,16591.47,1.085,-,0,-1162.2,0股,51.3%,980419.22,4.99%
2022-06-13,基金,10年地债(511270.XSHG),多,5200股,5200股,107.799,560554.8,38027.79,100.486,-,0,41.6,0股,7.28%,980419.22,57.18%
2022-06-13,基金,纳指ETF(513100.XSHG),多,84100股,84100股,0.804,67616.4,-10367.47,0.927,-,0,-3616.3,0股,-13.29%,980419.22,6.9%
2022-06-13,基金,黄金ETF(518880.XSHG),多,29300股,29300股,3.926,115031.8,552.6,3.907,-,0,1787.3,0股,0.48%,980419.22,11.73%
2022-06-13,股票,长江电力(600900.XSHG),多,2300股,2300股,23.28,53544,6672.46,20.379,-,0,-1702,0股,14.24%,980419.22,5.46%
2022-06-13,股票,农业银行(601288.XSHG),多,43800股,43800股,3,131400,621.83,2.986,-,0,-876,0股,0.48%,980419.22,13.4%
2022-06-13,,Cash,,,,,3340.62,,,,,,,,0
2022-06-14,基金,豆粕ETF华夏(159985.XSHE),多,29800股,29800股,1.636,48752.8,16412.67,1.085,-,0,-178.8,0股,50.75%,979912.82,4.98%
2022-06-14,基金,10年地债(511270.XSHG),多,5200股,5200股,107.73,560196,37668.99,100.486,-,0,-358.8,0股,7.21%,979912.82,57.17%
2022-06-14,基金,纳指ETF(513100.XSHG),多,84100股,84100股,0.799,67195.9,-10787.97,0.927,-,0,-420.5,0股,-13.83%,979912.82,6.86%
2022-06-14,基金,黄金ETF(518880.XSHG),多,29300股,29300股,3.855,112951.5,-1527.7,3.907,-,0,-2080.3,0股,-1.33%,979912.82,11.53%
2022-06-14,股票,长江电力(600900.XSHG),多,2300股,2300股,24,55200,8328.46,20.379,-,0,1656,0股,17.77%,979912.82,5.63%
2022-06-14,股票,农业银行(601288.XSHG),多,43800股,43800股,3.02,132276,1497.83,2.986,-,0,876,0股,1.15%,979912.82,13.5%
2022-06-14,,Cash,,,,,3340.62,,,,,,,,0
2022-06-15,基金,豆粕ETF华夏(159985.XSHE),多,29800股,29800股,1.623,48365.4,16025.27,1.085,-,0,-387.4,0股,49.55%,978925.52,4.94%
2022-06-15,基金,10年地债(511270.XSHG),多,5200股,5200股,107.73,560196,37668.99,100.486,-,0,0,0股,7.21%,978925.52,57.23%
2022-06-15,基金,纳指ETF(513100.XSHG),多,84100股,84100股,0.803,67532.3,-10451.57,0.927,-,0,336.4,0股,-13.4%,978925.52,6.9%
2022-06-15,基金,黄金ETF(518880.XSHG),多,29300股,29300股,3.834,112336.2,-2143,3.907,-,0,-615.3,0股,-1.87%,978925.52,11.48%
2022-06-15,股票,长江电力(600900.XSHG),多,2300股,2300股,23.67,54441,7569.46,20.379,-,0,-759,0股,16.15%,978925.52,5.56%
2022-06-15,股票,农业银行(601288.XSHG),多,43800股,43800股,3.03,132714,1935.83,2.986,-,0,438,0股,1.48%,978925.52,13.56%
2022-06-15,,Cash,,,,,3340.62,,,,,,,,0
2022-06-16,基金,豆粕ETF华夏(159985.XSHE),多,29800股,29800股,1.625,48425,16084.87,1.085,-,0,59.6,0股,49.74%,976527.82,4.96%
2022-06-16,基金,10年地债(511270.XSHG),多,5200股,5200股,107.718,560133.6,37606.59,100.486,-,0,-62.4,0股,7.2%,976527.82,57.36%
2022-06-16,基金,纳指ETF(513100.XSHG),多,84100股,84100股,0.798,67111.8,-10872.07,0.927,-,0,-420.5,0股,-13.94%,976527.82,6.87%
2022-06-16,基金,黄金ETF(518880.XSHG),多,29300股,29300股,3.846,112687.8,-1791.4,3.907,-,0,351.6,0股,-1.56%,976527.82,11.54%
2022-06-16,股票,长江电力(600900.XSHG),多,2300股,2300股,23.23,53429,6557.46,20.379,-,0,-1012,0股,13.99%,976527.82,5.47%
2022-06-16,股票,农业银行(601288.XSHG),多,43800股,43800股,3,131400,621.83,2.986,-,0,-1314,0股,0.48%,976527.82,13.46%
2022-06-16,,Cash,,,,,3340.62,,,,,,,,0
2022-06-17,基金,豆粕ETF华夏(159985.XSHE),多,29800股,29800股,1.65,49170,16829.87,1.085,-,0,745,0股,52.04%,979167.92,5.02%
2022-06-17,基金,10年地债(511270.XSHG),多,5200股,5200股,107.79,560508,37980.99,100.486,-,0,374.4,0股,7.27%,979167.92,57.24%
2022-06-17,基金,纳指ETF(513100.XSHG),多,84100股,84100股,0.791,66523.1,-11460.77,0.927,-,0,-588.7,0股,-14.7%,979167.92,6.79%
2022-06-17,基金,黄金ETF(518880.XSHG),多,29300股,29300股,3.874,113508.2,-971,3.907,-,0,820.4,0股,-0.85%,979167.92,11.59%
2022-06-17,股票,长江电力(600900.XSHG),多,2300股,2300股,23.6,54280,7408.46,20.379,-,0,851,0股,15.81%,979167.92,5.54%
2022-06-17,股票,农业银行(601288.XSHG),多,43800股,43800股,3.01,131838,1059.83,2.986,-,0,438,0股,0.81%,979167.92,13.46%
2022-06-17,,Cash,,,,,3340.62,,,,,,,,0
2022-06-20,基金,豆粕ETF华夏(159985.XSHE),多,29800股,29800股,1.629,48544.2,16204.07,1.085,-,0,-625.8,0股,50.11%,976824.02,4.97%
2022-06-20,基金,10年地债(511270.XSHG),多,5200股,5200股,107.761,560357.2,37830.19,100.486,-,0,-150.8,0股,7.24%,976824.02,57.37%
2022-06-20,基金,纳指ETF(513100.XSHG),多,84100股,84100股,0.796,66943.6,-11040.27,0.927,-,0,420.5,0股,-14.16%,976824.02,6.85%
2022-06-20,基金,黄金ETF(518880.XSHG),多,29300股,29300股,3.858,113039.4,-1439.8,3.907,-,0,-468.8,0股,-1.26%,976824.02,11.57%
2022-06-20,股票,长江电力(600900.XSHG),多,2300股,2300股,23.13,53199,6327.46,20.379,-,0,-1081,0股,13.5%,976824.02,5.45%
2022-06-20,股票,农业银行(601288.XSHG),多,43800股,43800股,3,131400,621.83,2.986,-,0,-438,0股,0.48%,976824.02,13.45%
2022-06-20,,Cash,,,,,3340.62,,,,,,,,0
2022-06-21,基金,豆粕ETF华夏(159985.XSHE),多,29800股,29800股,1.616,48156.8,15816.67,1.085,-,0,-387.4,0股,48.91%,976872.52,4.93%
2022-06-21,基金,10年地债(511270.XSHG),多,5200股,5200股,107.64,559728,37200.99,100.486,-,0,-629.2,0股,7.12%,976872.52,57.3%
2022-06-21,基金,纳指ETF(513100.XSHG),多,84100股,84100股,0.805,67700.5,-10283.37,0.927,-,0,756.9,0股,-13.19%,976872.52,6.93%
2022-06-21,基金,黄金ETF(518880.XSHG),多,29300股,29300股,3.852,112863.6,-1615.6,3.907,-,0,-175.8,0股,-1.41%,976872.52,11.55%
2022-06-21,股票,长江电力(600900.XSHG),多,2300股,2300股,23.15,53245,6373.46,20.379,-,0,46,0股,13.6%,976872.52,5.45%
2022-06-21,股票,农业银行(601288.XSHG),多,43800股,43800股,3.01,131838,1059.83,2.986,-,0,438,0股,0.81%,976872.52,13.5%
2022-06-21,,Cash,,,,,3340.62,,,,,,,,0
2022-06-22,基金,豆粕ETF华夏(159985.XSHE),多,29800股,29800股,1.589,47352.2,15012.07,1.085,-,0,-804.6,0股,46.42%,975977.92,4.85%
2022-06-22,基金,10年地债(511270.XSHG),多,5200股,5200股,107.666,559863.2,37336.19,100.486,-,0,135.2,0股,7.15%,975977.92,57.36%
2022-06-22,基金,纳指ETF(513100.XSHG),多,84100股,84100股,0.802,67448.2,-10535.67,0.927,-,0,-252.3,0股,-13.51%,975977.92,6.91%
2022-06-22,基金,黄金ETF(518880.XSHG),多,29300股,29300股,3.849,112775.7,-1703.5,3.907,-,0,-87.9,0股,-1.49%,975977.92,11.56%
2022-06-22,股票,长江电力(600900.XSHG),多,2300股,2300股,23.2,53360,6488.46,20.379,-,0,115,0股,13.84%,975977.92,5.47%
2022-06-22,股票,农业银行(601288.XSHG),多,43800股,43800股,3.01,131838,1059.83,2.986,-,0,0,0股,0.81%,975977.92,13.51%
2022-06-22,,Cash,,,,,3340.62,,,,,,,,0
2022-06-23,基金,豆粕ETF华夏(159985.XSHE),多,29800股,29800股,1.517,45206.6,12866.47,1.085,-,0,-2145.6,0股,39.78%,975300.92,4.64%
2022-06-23,基金,10年地债(511270.XSHG),多,5200股,5200股,107.67,559884,37356.99,100.486,-,0,20.8,0股,7.15%,975300.92,57.41%
2022-06-23,基金,纳指ETF(513100.XSHG),多,84100股,84100股,0.815,68541.5,-9442.37,0.927,-,0,1093.3,0股,-12.11%,975300.92,7.03%
2022-06-23,基金,黄金ETF(518880.XSHG),多,29300股,29300股,3.854,112922.2,-1557,3.907,-,0,146.5,0股,-1.36%,975300.92,11.58%
2022-06-23,股票,长江电力(600900.XSHG),多,2300股,2300股,23.1,53130,6258.46,20.379,-,0,-230,0股,13.35%,975300.92,5.45%
2022-06-23,股票,农业银行(601288.XSHG),多,43800股,43800股,3.02,132276,1497.83,2.986,-,0,438,0股,1.15%,975300.92,13.56%
2022-06-23,,Cash,,,,,3340.62,,,,,,,,0
2022-06-24,基金,豆粕ETF华夏(159985.XSHE),多,29800股,29800股,1.494,44521.2,12181.07,1.085,-,0,-685.4,0股,37.67%,974701.92,4.57%
2022-06-24,基金,10年地债(511270.XSHG),多,5200股,5200股,107.658,559821.6,37294.59,100.486,-,0,-62.4,0股,7.14%,974701.92,57.44%
2022-06-24,基金,纳指ETF(513100.XSHG),多,84100股,84100股,0.824,69298.4,-8685.47,0.927,-,0,756.9,0股,-11.14%,974701.92,7.11%
2022-06-24,基金,黄金ETF(518880.XSHG),多,29300股,29300股,3.827,112131.1,-2348.1,3.907,-,0,-791.1,0股,-2.05%,974701.92,11.5%
2022-06-24,股票,长江电力(600900.XSHG),多,2300股,2300股,23.37,53751,6879.46,20.379,-,0,621,0股,14.68%,974701.92,5.51%
2022-06-24,股票,农业银行(601288.XSHG),多,43800股,43800股,3.01,131838,1059.83,2.986,-,0,-438,0股,0.81%,974701.92,13.53%
2022-06-24,,Cash,,,,,3340.62,,,,,,,,0
2022-06-27,基金,豆粕ETF华夏(159985.XSHE),多,29800股,29800股,1.511,45027.8,12687.67,1.085,-,0,506.6,0股,39.23%,975740.02,4.61%
2022-06-27,基金,10年地债(511270.XSHG),多,5200股,5200股,107.43,558636,36108.99,100.486,-,0,-1185.6,0股,6.91%,975740.02,57.25%
2022-06-27,基金,纳指ETF(513100.XSHG),多,84100股,84100股,0.837,70391.7,-7592.17,0.927,-,0,1093.3,0股,-9.74%,975740.02,7.21%
2022-06-27,基金,黄金ETF(518880.XSHG),多,29300股,29300股,3.853,112892.9,-1586.3,3.907,-,0,761.8,0股,-1.39%,975740.02,11.57%
2022-06-27,股票,长江电力(600900.XSHG),多,2300股,2300股,23.31,53613,6741.46,20.379,-,0,-138,0股,14.38%,975740.02,5.49%
2022-06-27,股票,农业银行(601288.XSHG),多,43800股,43800股,3.01,131838,1059.83,2.986,-,0,0,0股,0.81%,975740.02,13.51%
2022-06-27,,Cash,,,,,3340.62,,,,,,,,0
2022-06-28,基金,豆粕ETF华夏(159985.XSHE),多,29800股,29800股,1.539,45862.2,13522.07,1.085,-,0,834.4,0股,41.81%,974747.42,4.71%
2022-06-28,基金,10年地债(511270.XSHG),多,5200股,5200股,107.431,558641.2,36114.19,100.486,-,0,5.2,0股,6.91%,974747.42,57.31%
2022-06-28,基金,纳指ETF(513100.XSHG),多,84100股,84100股,0.828,69634.8,-8349.07,0.927,-,0,-756.9,0股,-10.71%,974747.42,7.14%
2022-06-28,基金,黄金ETF(518880.XSHG),多,29300股,29300股,3.832,112277.6,-2201.6,3.907,-,0,-615.3,0股,-1.92%,974747.42,11.52%
2022-06-28,股票,长江电力(600900.XSHG),多,2300股,2300股,23.11,53153,6281.46,20.379,-,0,-460,0股,13.4%,974747.42,5.45%
2022-06-28,股票,农业银行(601288.XSHG),多,43800股,43800股,3.01,131838,1059.83,2.986,-,0,0,0股,0.81%,974747.42,13.53%
2022-06-28,,Cash,,,,,3340.62,,,,,,,,0
2022-06-29,基金,豆粕ETF华夏(159985.XSHE),多,29800股,29800股,1.531,45623.8,13283.67,1.085,-,0,-238.4,0股,41.07%,972814.52,4.69%
2022-06-29,基金,10年地债(511270.XSHG),多,5200股,5200股,107.421,558589.2,36062.19,100.486,-,0,-52,0股,6.9%,972814.52,57.42%
2022-06-29,基金,纳指ETF(513100.XSHG),多,84100股,84100股,0.806,67784.6,-10199.27,0.927,-,0,-1850.2,0股,-13.08%,972814.52,6.97%
2022-06-29,基金,黄金ETF(518880.XSHG),多,29300股,29300股,3.821,111955.3,-2523.9,3.907,-,0,-322.3,0股,-2.2%,972814.52,11.51%
2022-06-29,股票,长江电力(600900.XSHG),多,2300股,2300股,23.15,53245,6373.46,20.379,-,0,92,0股,13.6%,972814.52,5.47%
2022-06-29,股票,农业银行(601288.XSHG),多,43800股,43800股,3.02,132276,1497.83,2.986,-,0,438,0股,1.15%,972814.52,13.6%
2022-06-29,,Cash,,,,,3340.62,,,,,,,,0
2022-06-30,基金,豆粕ETF华夏(159985.XSHE),多,29800股,29800股,1.542,45951.6,13611.47,1.085,-,0,327.8,0股,42.09%,972564.92,4.72%
2022-06-30,基金,10年地债(511270.XSHG),多,5200股,5200股,107.421,558589.2,36062.19,100.486,-,0,0,0股,6.9%,972564.92,57.43%
2022-06-30,基金,纳指ETF(513100.XSHG),多,84100股,84100股,0.801,67364.1,-10619.77,0.927,-,0,-420.5,0股,-13.62%,972564.92,6.93%
2022-06-30,基金,黄金ETF(518880.XSHG),多,29300股,29300股,3.818,111867.4,-2611.8,3.907,-,0,-87.9,0股,-2.28%,972564.92,11.5%
2022-06-30,股票,长江电力(600900.XSHG),多,2300股,2300股,23.12,53176,6304.46,20.379,-,0,-69,0股,13.45%,972564.92,5.47%
2022-06-30,股票,农业银行(601288.XSHG),多,43800股,43800股,3.02,132276,1497.83,2.986,-,0,0,0股,1.15%,972564.92,13.6%
2022-06-30,,Cash,,,,,3340.62,,,,,,,,0
2022-07-01,基金,豆粕ETF华夏(159985.XSHE),多,29800股,29800股,1.527,45504.6,13164.47,1.085,-,0,-447,0股,40.71%,973181.92,4.68%
2022-07-01,基金,10年地债(511270.XSHG),多,5200股,5200股,107.403,558495.6,35968.59,100.486,-,0,-93.6,0股,6.88%,973181.92,57.39%
2022-07-01,基金,纳指ETF(513100.XSHG),多,84100股,84100股,0.799,67195.9,-10787.97,0.927,-,0,-168.2,0股,-13.83%,973181.92,6.9%
2022-07-01,基金,黄金ETF(518880.XSHG),多,29300股,29300股,3.784,110871.2,-3608,3.907,-,0,-996.2,0股,-3.15%,973181.92,11.39%
2022-07-01,股票,长江电力(600900.XSHG),多,2300股,2300股,24.32,55936,9064.46,20.379,-,0,2760,0股,19.34%,973181.92,5.75%
2022-07-01,股票,农业银行(601288.XSHG),多,43800股,43800股,3.01,131838,1059.83,2.986,-,0,-438,0股,0.81%,973181.92,13.55%
2022-07-01,,Cash,,,,,3340.62,,,,,,,,0
2022-07-04,基金,豆粕ETF华夏(159985.XSHE),多,29800股,29800股,1.51,44998,12657.87,1.085,-,0,-506.6,0股,39.14%,974083.52,4.62%
2022-07-04,基金,10年地债(511270.XSHG),多,5200股,5200股,107.432,558646.4,36119.39,100.486,-,0,150.8,0股,6.91%,974083.52,57.35%
2022-07-04,基金,纳指ETF(513100.XSHG),多,84100股,84100股,0.802,67448.2,-10535.67,0.927,-,0,252.3,0股,-13.51%,974083.52,6.92%
2022-07-04,基金,黄金ETF(518880.XSHG),多,29300股,29300股,3.801,111369.3,-3109.9,3.907,-,0,498.1,0股,-2.72%,974083.52,11.43%
2022-07-04,股票,长江电力(600900.XSHG),多,2300股,2300股,24.35,56005,9133.46,20.379,-,0,69,0股,19.49%,974083.52,5.75%
2022-07-04,股票,农业银行(601288.XSHG),多,43800股,43800股,3.02,132276,1497.83,2.986,-,0,438,0股,1.15%,974083.52,13.58%
2022-07-04,,Cash,,,,,3340.62,,,,,,,,0
2022-07-05,基金,豆粕ETF华夏(159985.XSHE),多,29800股,29800股,1.514,45117.2,12777.07,1.085,-,0,119.2,0股,39.51%,975149.72,4.63%
2022-07-05,基金,10年地债(511270.XSHG),多,5200股,5200股,107.407,558516.4,35989.39,100.486,-,0,-130,0股,6.89%,975149.72,57.27%
2022-07-05,基金,纳指ETF(513100.XSHG),多,84100股,84100股,0.814,68457.4,-9526.47,0.927,-,0,1009.2,0股,-12.22%,975149.72,7.02%
2022-07-05,基金,黄金ETF(518880.XSHG),多,29300股,29300股,3.797,111252.1,-3227.1,3.907,-,0,-117.2,0股,-2.82%,975149.72,11.41%
2022-07-05,股票,长江电力(600900.XSHG),多,2300股,2300股,24.24,55752,8880.46,20.379,-,0,-253,0股,18.95%,975149.72,5.72%
2022-07-05,股票,农业银行(601288.XSHG),多,43800股,43800股,3.03,132714,1935.83,2.986,-,0,438,0股,1.48%,975149.72,13.61%
2022-07-05,,Cash,,,,,3340.62,,,,,,,,0
2022-07-06,基金,豆粕ETF华夏(159985.XSHE),多,29800股,29800股,1.499,44670.2,12330.07,1.085,-,0,-447,0股,38.13%,972042.02,4.6%
2022-07-06,基金,10年地债(511270.XSHG),多,5200股,5200股,107.384,558396.8,35869.79,100.486,-,0,-119.6,0股,6.86%,972042.02,57.45%
2022-07-06,基金,纳指ETF(513100.XSHG),多,84100股,84100股,0.819,68877.9,-9105.97,0.927,-,0,420.5,0股,-11.68%,972042.02,7.09%
2022-07-06,基金,黄金ETF(518880.XSHG),多,29300股,29300股,3.725,109142.5,-5336.7,3.907,-,0,-2109.6,0股,-4.66%,972042.02,11.23%
2022-07-06,股票,长江电力(600900.XSHG),多,2300股,2300股,24.06,55338,8466.46,20.379,-,0,-414,0股,18.06%,972042.02,5.69%
2022-07-06,股票,农业银行(601288.XSHG),多,43800股,43800股,3.02,132276,1497.83,2.986,-,0,-438,0股,1.15%,972042.02,13.61%
2022-07-06,,Cash,,,,,3340.62,,,,,,,,0
2022-07-07,基金,豆粕ETF华夏(159985.XSHE),多,29800股,29800股,1.531,45623.8,13283.67,1.085,-,0,953.6,0股,41.07%,972508.52,4.69%
2022-07-07,基金,10年地债(511270.XSHG),多,5200股,5200股,107.387,558412.4,35885.39,100.486,-,0,15.6,0股,6.87%,972508.52,57.42%
2022-07-07,基金,纳指ETF(513100.XSHG),多,84100股,84100股,0.829,69718.9,-8264.97,0.927,-,0,841,0股,-10.6%,972508.52,7.17%
2022-07-07,基金,黄金ETF(518880.XSHG),多,29300股,29300股,3.676,107706.8,-6772.4,3.907,-,0,-1435.7,0股,-5.92%,972508.52,11.08%
2022-07-07,股票,长江电力(600900.XSHG),多,2300股,2300股,24.1,55430,8558.46,20.379,-,0,92,0股,18.26%,972508.52,5.7%
2022-07-07,股票,农业银行(601288.XSHG),多,43800股,43800股,3.02,132276,1497.83,2.986,-,0,0,0股,1.15%,972508.52,13.6%
2022-07-07,,Cash,,,,,3340.62,,,,,,,,0
2022-07-08,基金,豆粕ETF华夏(159985.XSHE),多,29000股,29000股,1.541,44689,13217.06,1.085,-,0,290,0股,42%,973747.4,4.59%
2022-07-08,基金,10年地债(511270.XSHG),多,5300股,5300股,107.387,569151.1,35883.89,100.616,-,0,-1.5,100股,6.73%,973747.4,58.45%
2022-07-08,基金,纳指ETF(513100.XSHG),多,81900股,81900股,0.835,68386.5,-7548.53,0.927,-,0,490.4,100股,-9.94%,973747.4,7.02%
2022-07-08,基金,黄金ETF(518880.XSHG),多,28300股,28300股,3.669,103832.7,-6739.36,3.907,-,0,-198.1,0股,-6.09%,973747.4,10.66%
2022-07-08,股票,长江电力(600900.XSHG),多,2300股,2300股,24.2,55660,8788.46,20.379,-,0,230,0股,18.75%,973747.4,5.72%
2022-07-08,股票,农业银行(601288.XSHG),多,43000股,43000股,3.03,130290,1900.47,2.986,-,0,430,0股,1.48%,973747.4,13.38%
2022-07-08,,Cash,,,,,1738.1,,,,,,,,0
2022-07-11,基金,豆粕ETF华夏(159985.XSHE),多,29000股,29000股,1.578,45762,14290.06,1.085,-,0,1073,0股,45.41%,975820,4.69%
2022-07-11,基金,10年地债(511270.XSHG),多,5300股,5300股,107.39,569167,35899.79,100.616,-,0,15.9,0股,6.73%,975820,58.33%
2022-07-11,基金,纳指ETF(513100.XSHG),多,81900股,81900股,0.828,67813.2,-8121.83,0.927,-,0,-573.3,0股,-10.7%,975820,6.95%
2022-07-11,基金,黄金ETF(518880.XSHG),多,28300股,28300股,3.669,103832.7,-6739.36,3.907,-,0,0,0股,-6.09%,975820,10.64%
2022-07-11,股票,长江电力(600900.XSHG),多,2300股,2300股,24.69,56787,9915.46,20.379,-,0,1127,0股,21.15%,975820,5.82%
2022-07-11,股票,农业银行(601288.XSHG),多,43000股,43000股,3.04,130720,2330.47,2.986,-,0,430,0股,1.82%,975820,13.4%
2022-07-11,,Cash,,,,,1738.1,,,,,,,,0
2022-07-12,基金,豆粕ETF华夏(159985.XSHE),多,29000股,29000股,1.571,45559,14087.06,1.085,-,0,-203,0股,44.76%,975141.9,4.67%
2022-07-12,基金,10年地债(511270.XSHG),多,5300股,5300股,107.4,569220,35952.79,100.616,-,0,53,0股,6.74%,975141.9,58.37%
2022-07-12,基金,纳指ETF(513100.XSHG),多,81900股,81900股,0.816,66830.4,-9104.63,0.927,-,0,-982.8,0股,-11.99%,975141.9,6.85%
2022-07-12,基金,黄金ETF(518880.XSHG),多,28300股,28300股,3.668,103804.4,-6767.66,3.907,-,0,-28.3,0股,-6.12%,975141.9,10.65%
2022-07-12,股票,长江电力(600900.XSHG),多,2300股,2300股,24.9,57270,10398.46,20.379,-,0,483,0股,22.19%,975141.9,5.87%
2022-07-12,股票,农业银行(601288.XSHG),多,43000股,43000股,3.04,130720,2330.47,2.986,-,0,0,0股,1.82%,975141.9,13.41%
2022-07-12,,Cash,,,,,1738.1,,,,,,,,0
2022-07-13,基金,豆粕ETF华夏(159985.XSHE),多,29000股,29000股,1.543,44747,13275.06,1.085,-,0,-812,0股,42.18%,973030.2,4.6%
2022-07-13,基金,10年地债(511270.XSHG),多,5300股,5300股,107.408,569262.4,35995.19,100.616,-,0,42.4,0股,6.75%,973030.2,58.5%
2022-07-13,基金,纳指ETF(513100.XSHG),多,81900股,81900股,0.821,67239.9,-8695.13,0.927,-,0,409.5,0股,-11.45%,973030.2,6.91%
2022-07-13,基金,黄金ETF(518880.XSHG),多,28300股,28300股,3.646,103181.8,-7390.26,3.907,-,0,-622.6,0股,-6.68%,973030.2,10.6%
2022-07-13,股票,长江电力(600900.XSHG),多,2300股,2300股,24.97,57431,10559.46,20.379,-,0,161,0股,22.53%,973030.2,5.9%
2022-07-13,股票,农业银行(601288.XSHG),多,43000股,43000股,3.01,129430,1040.47,2.986,-,0,-1290,0股,0.81%,973030.2,13.3%
2022-07-13,,Cash,,,,,1738.1,,,,,,,,0
2022-07-14,基金,豆粕ETF华夏(159985.XSHE),多,29000股,29000股,1.563,45327,13855.06,1.085,-,0,580,0股,44.02%,970450,4.67%
2022-07-14,基金,10年地债(511270.XSHG),多,5300股,5300股,107.48,569644,36376.79,100.616,-,0,381.6,0股,6.82%,970450,58.7%
2022-07-14,基金,纳指ETF(513100.XSHG),多,81900股,81900股,0.812,66502.8,-9432.23,0.927,-,0,-737.1,0股,-12.42%,970450,6.85%
2022-07-14,基金,黄金ETF(518880.XSHG),多,28300股,28300股,3.647,103210.1,-7361.96,3.907,-,0,28.3,0股,-6.66%,970450,10.64%
2022-07-14,股票,长江电力(600900.XSHG),多,2300股,2300股,24.86,57178,10306.46,20.379,-,0,-253,0股,21.99%,970450,5.89%
2022-07-14,股票,农业银行(601288.XSHG),多,43000股,43000股,2.95,126850,-1539.53,2.986,-,0,-2580,0股,-1.2%,970450,13.07%
2022-07-14,,Cash,,,,,1738.1,,,,,,,,0
2022-07-15,基金,豆粕ETF华夏(159985.XSHE),多,29000股,29000股,1.543,44747,13275.06,1.085,-,0,-580,0股,42.18%,968509.52,4.62%
2022-07-15,基金,10年地债(511270.XSHG),多,5300股,5300股,107.66,570598,37330.79,100.616,-,0,954,0股,7%,968509.52,58.92%
2022-07-15,基金,纳指ETF(513100.XSHG),多,81900股,81900股,0.821,67239.9,-8695.13,0.927,-,0,737.1,0股,-11.45%,968509.52,6.94%
2022-07-15,基金,黄金ETF(518880.XSHG),多,28300股,28300股,3.622,102502.6,-8069.46,3.907,-,0,-707.5,0股,-7.3%,968509.52,10.58%
2022-07-15,股票,长江电力(600900.XSHG),多,2300股,2300股,24.3,55890,9018.46,20.379,-,0,-1288,0股,19.24%,968509.52,5.77%
2022-07-15,股票,农业银行(601288.XSHG),多,43000股,43000股,2.76,118680,-817.13,2.779,-,0,722.4,0股,-0.68%,968509.52,12.25%
2022-07-15,,Cash,,,,,8852.02,,,,,,,,0
2022-07-18,基金,豆粕ETF华夏(159985.XSHE),多,29000股,29000股,1.569,45501,14029.06,1.085,-,0,754,0股,44.58%,974738.82,4.67%
2022-07-18,基金,10年地债(511270.XSHG),多,5300股,5300股,107.708,570852.4,37585.19,100.616,-,0,254.4,0股,7.05%,974738.82,58.56%
2022-07-18,基金,纳指ETF(513100.XSHG),多,81900股,81900股,0.841,68877.9,-7057.13,0.927,-,0,1638,0股,-9.29%,974738.82,7.07%
2022-07-18,基金,黄金ETF(518880.XSHG),多,28300股,28300股,3.635,102870.5,-7701.56,3.907,-,0,367.9,0股,-6.97%,974738.82,10.55%
2022-07-18,股票,长江电力(600900.XSHG),多,2300股,2300股,24.95,57385,10513.46,20.379,-,0,1495,0股,22.43%,974738.82,5.89%
2022-07-18,股票,农业银行(601288.XSHG),多,43000股,43000股,2.8,120400,902.87,2.779,-,0,1720,0股,0.76%,974738.82,12.35%
2022-07-18,,Cash,,,,,8852.02,,,,,,,,0
2022-07-19,基金,豆粕ETF华夏(159985.XSHE),多,29000股,29000股,1.538,44602,13130.06,1.085,-,0,-899,0股,41.72%,974665.42,4.58%
2022-07-19,基金,10年地债(511270.XSHG),多,5300股,5300股,107.724,570937.2,37669.99,100.616,-,0,84.8,0股,7.06%,974665.42,58.58%
2022-07-19,基金,纳指ETF(513100.XSHG),多,81900股,81900股,0.829,67895.1,-8039.93,0.927,-,0,-982.8,0股,-10.59%,974665.42,6.97%
2022-07-19,基金,黄金ETF(518880.XSHG),多,28300股,28300股,3.627,102644.1,-7927.96,3.907,-,0,-226.4,0股,-7.17%,974665.42,10.53%
2022-07-19,股票,长江电力(600900.XSHG),多,2300股,2300股,25.05,57615,10743.46,20.379,-,0,230,0股,22.92%,974665.42,5.91%
2022-07-19,股票,农业银行(601288.XSHG),多,43000股,43000股,2.84,122120,2622.87,2.779,-,0,1720,0股,2.19%,974665.42,12.53%
2022-07-19,,Cash,,,,,8852.02,,,,,,,,0
2022-07-20,基金,豆粕ETF华夏(159985.XSHE),多,29000股,29000股,1.504,43616,12144.06,1.085,-,0,-986,0股,38.59%,975968.82,4.47%
2022-07-20,基金,10年地债(511270.XSHG),多,5300股,5300股,107.7,570810,37542.79,100.616,-,0,-127.2,0股,7.04%,975968.82,58.49%
2022-07-20,基金,纳指ETF(513100.XSHG),多,81900股,81900股,0.856,70106.4,-5828.63,0.927,-,0,2211.3,0股,-7.68%,975968.82,7.18%
2022-07-20,基金,黄金ETF(518880.XSHG),多,28300股,28300股,3.628,102672.4,-7899.66,3.907,-,0,28.3,0股,-7.14%,975968.82,10.52%
2022-07-20,股票,长江电力(600900.XSHG),多,2300股,2300股,24.94,57362,10490.46,20.379,-,0,-253,0股,22.38%,975968.82,5.88%
2022-07-20,股票,农业银行(601288.XSHG),多,43000股,43000股,2.85,122550,3052.87,2.779,-,0,430,0股,2.55%,975968.82,12.56%
2022-07-20,,Cash,,,,,8852.02,,,,,,,,0
2022-07-21,基金,豆粕ETF华夏(159985.XSHE),多,29000股,29000股,1.509,43761,12289.06,1.085,-,0,145,0股,39.05%,973916.87,4.49%
2022-07-21,基金,10年地债(511270.XSHG),多,5300股,5300股,107.727,570953.1,37685.89,100.616,-,0,143.1,0股,7.07%,973916.87,58.62%
2022-07-21,基金,纳指ETF(513100.XSHG),多,81900股,81900股,0.861,70515.9,-5419.13,0.927,-,0,409.5,0股,-7.14%,973916.87,7.24%
2022-07-21,基金,黄金ETF(518880.XSHG),多,28300股,28300股,3.599,101851.7,-8720.36,3.907,-,0,-820.7,0股,-7.89%,973916.87,10.46%
2022-07-21,股票,长江电力(600900.XSHG),多,2300股,2300股,24.01,55223,10226.65,19.564,-,0,-263.81,0股,22.73%,973916.87,5.67%
2022-07-21,股票,农业银行(601288.XSHG),多,43000股,43000股,2.82,121260,1762.87,2.779,-,0,-1290,0股,1.48%,973916.87,12.45%
2022-07-21,,Cash,,,,,10352.17,,,,,,,,0
2022-07-22,基金,豆粕ETF华夏(159985.XSHE),多,29000股,29000股,1.485,43065,11593.06,1.085,-,0,-696,0股,36.84%,977113.77,4.41%
2022-07-22,基金,10年地债(511270.XSHG),多,5300股,5300股,107.801,571345.3,38078.09,100.616,-,0,392.2,0股,7.14%,977113.77,58.47%
2022-07-22,基金,纳指ETF(513100.XSHG),多,81900股,81900股,0.867,71007.3,-4927.73,0.927,-,0,491.4,0股,-6.49%,977113.77,7.27%
2022-07-22,基金,黄金ETF(518880.XSHG),多,28300股,28300股,3.65,103295,-7277.06,3.907,-,0,1443.3,0股,-6.58%,977113.77,10.57%
2022-07-22,股票,长江电力(600900.XSHG),多,2300股,2300股,24.13,55499,10502.65,19.564,-,0,276,0股,23.34%,977113.77,5.68%
2022-07-22,股票,农业银行(601288.XSHG),多,43000股,43000股,2.85,122550,3052.87,2.779,-,0,1290,0股,2.55%,977113.77,12.54%
2022-07-22,,Cash,,,,,10352.17,,,,,,,,0
2022-07-25,基金,豆粕ETF华夏(159985.XSHE),多,29000股,29000股,1.497,43413,11941.06,1.085,-,0,348,0股,37.94%,977184.27,4.44%
2022-07-25,基金,10年地债(511270.XSHG),多,5300股,5300股,107.812,571403.6,38136.39,100.616,-,0,58.3,0股,7.15%,977184.27,58.47%
2022-07-25,基金,纳指ETF(513100.XSHG),多,81900股,81900股,0.854,69942.6,-5992.43,0.927,-,0,-1064.7,0股,-7.89%,977184.27,7.16%
2022-07-25,基金,黄金ETF(518880.XSHG),多,28300股,28300股,3.663,103662.9,-6909.16,3.907,-,0,367.9,0股,-6.25%,977184.27,10.61%
2022-07-25,股票,长江电力(600900.XSHG),多,2300股,2300股,24.1,55430,10433.65,19.564,-,0,-69,0股,23.19%,977184.27,5.67%
2022-07-25,股票,农业银行(601288.XSHG),多,43000股,43000股,2.86,122980,3482.87,2.779,-,0,430,0股,2.91%,977184.27,12.59%
2022-07-25,,Cash,,,,,10352.17,,,,,,,,0
2022-07-26,基金,豆粕ETF华夏(159985.XSHE),多,29000股,29000股,1.539,44631,13159.06,1.085,-,0,1218,0股,41.81%,978409.87,4.56%
2022-07-26,基金,10年地债(511270.XSHG),多,5300股,5300股,107.864,571679.2,38411.99,100.616,-,0,275.6,0股,7.2%,978409.87,58.43%
2022-07-26,基金,纳指ETF(513100.XSHG),多,81900股,81900股,0.849,69533.1,-6401.93,0.927,-,0,-409.5,0股,-8.43%,978409.87,7.11%
2022-07-26,基金,黄金ETF(518880.XSHG),多,28300股,28300股,3.668,103804.4,-6767.66,3.907,-,0,141.5,0股,-6.12%,978409.87,10.61%
2022-07-26,股票,长江电力(600900.XSHG),多,2300股,2300股,24.1,55430,10433.65,19.564,-,0,0,0股,23.19%,978409.87,5.67%
2022-07-26,股票,农业银行(601288.XSHG),多,43000股,43000股,2.86,122980,3482.87,2.779,-,0,0,0股,2.91%,978409.87,12.57%
2022-07-26,,Cash,,,,,10352.17,,,,,,,,0
2022-07-27,基金,豆粕ETF华夏(159985.XSHE),多,29000股,29000股,1.55,44950,13478.06,1.085,-,0,319,0股,42.83%,977496.97,4.6%
2022-07-27,基金,10年地债(511270.XSHG),多,5300股,5300股,107.92,571976,38708.79,100.616,-,0,296.8,0股,7.26%,977496.97,58.51%
2022-07-27,基金,纳指ETF(513100.XSHG),多,81900股,81900股,0.849,69533.1,-6401.93,0.927,-,0,0,0股,-8.43%,977496.97,7.11%
2022-07-27,基金,黄金ETF(518880.XSHG),多,28300股,28300股,3.659,103549.7,-7022.36,3.907,-,0,-254.7,0股,-6.35%,977496.97,10.59%
2022-07-27,股票,长江电力(600900.XSHG),多,2300股,2300股,23.92,55016,10019.65,19.564,-,0,-414,0股,22.27%,977496.97,5.63%
2022-07-27,股票,农业银行(601288.XSHG),多,43000股,43000股,2.84,122120,2622.87,2.779,-,0,-860,0股,2.19%,977496.97,12.49%
2022-07-27,,Cash,,,,,10352.17,,,,,,,,0
2022-07-28,基金,豆粕ETF华夏(159985.XSHE),多,29000股,29000股,1.564,45356,13884.06,1.085,-,0,406,0股,44.12%,980241.07,4.63%
2022-07-28,基金,10年地债(511270.XSHG),多,5300股,5300股,107.854,571626.2,38358.99,100.616,-,0,-349.8,0股,7.19%,980241.07,58.31%
2022-07-28,基金,纳指ETF(513100.XSHG),多,81900股,81900股,0.864,70761.6,-5173.43,0.927,-,0,1228.5,0股,-6.81%,980241.07,7.22%
2022-07-28,基金,黄金ETF(518880.XSHG),多,28300股,28300股,3.697,104625.1,-5946.96,3.907,-,0,1075.4,0股,-5.38%,980241.07,10.67%
2022-07-28,股票,长江电力(600900.XSHG),多,2300股,2300股,23.9,54970,9973.65,19.564,-,0,-46,0股,22.17%,980241.07,5.61%
2022-07-28,股票,农业银行(601288.XSHG),多,43000股,43000股,2.85,122550,3052.87,2.779,-,0,430,0股,2.55%,980241.07,12.5%
2022-07-28,,Cash,,,,,10352.17,,,,,,,,0
2022-07-29,基金,豆粕ETF华夏(159985.XSHE),多,29000股,29000股,1.572,45588,14116.06,1.085,-,0,232,0股,44.85%,984367.77,4.63%
2022-07-29,基金,10年地债(511270.XSHG),多,5300股,5300股,107.949,572129.7,38862.49,100.616,-,0,503.5,0股,7.29%,984367.77,58.12%
2022-07-29,基金,纳指ETF(513100.XSHG),多,81900股,81900股,0.888,72727.2,-3207.83,0.927,-,0,1965.6,0股,-4.22%,984367.77,7.39%
2022-07-29,基金,黄金ETF(518880.XSHG),多,28300股,28300股,3.749,106096.7,-4475.36,3.907,-,0,1471.6,0股,-4.05%,984367.77,10.78%
2022-07-29,股票,长江电力(600900.XSHG),多,2300股,2300股,23.88,54924,9927.65,19.564,-,0,-46,0股,22.06%,984367.77,5.58%
2022-07-29,股票,农业银行(601288.XSHG),多,43000股,43000股,2.85,122550,3052.87,2.779,-,0,0,0股,2.55%,984367.77,12.45%
2022-07-29,,Cash,,,,,10352.17,,,,,,,,0
2022-08-01,基金,豆粕ETF华夏(159985.XSHE),多,29000股,29000股,1.579,45791,14319.06,1.085,-,0,203,0股,45.5%,984568.27,4.65%
2022-08-01,基金,10年地债(511270.XSHG),多,5300股,5300股,108.136,573120.8,39853.59,100.616,-,0,991.1,0股,7.47%,984568.27,58.21%
2022-08-01,基金,纳指ETF(513100.XSHG),多,81900股,81900股,0.886,72563.4,-3371.63,0.927,-,0,-163.8,0股,-4.44%,984568.27,7.37%
2022-08-01,基金,黄金ETF(518880.XSHG),多,28300股,28300股,3.743,105926.9,-4645.16,3.907,-,0,-169.8,0股,-4.2%,984568.27,10.76%
2022-08-01,股票,长江电力(600900.XSHG),多,2300股,2300股,23.78,54694,9697.65,19.564,-,0,-230,0股,21.55%,984568.27,5.56%
2022-08-01,股票,农业银行(601288.XSHG),多,43000股,43000股,2.84,122120,2622.87,2.779,-,0,-430,0股,2.19%,984568.27,12.4%
2022-08-01,,Cash,,,,,10352.17,,,,,,,,0
2022-08-02,基金,豆粕ETF华夏(159985.XSHE),多,29000股,29000股,1.557,45153,13681.06,1.085,-,0,-638,0股,43.47%,984430.37,4.59%
2022-08-02,基金,10年地债(511270.XSHG),多,5300股,5300股,108.383,574429.9,41162.69,100.616,-,0,1309.1,0股,7.72%,984430.37,58.35%
2022-08-02,基金,纳指ETF(513100.XSHG),多,81900股,81900股,0.886,72563.4,-3371.63,0.927,-,0,0,0股,-4.44%,984430.37,7.37%
2022-08-02,基金,黄金ETF(518880.XSHG),多,28300股,28300股,3.773,106775.9,-3796.16,3.907,-,0,849,0股,-3.43%,984430.37,10.85%
2022-08-02,股票,长江电力(600900.XSHG),多,2300股,2300股,23.62,54326,9329.65,19.564,-,0,-368,0股,20.73%,984430.37,5.52%
2022-08-02,股票,农业银行(601288.XSHG),多,43000股,43000股,2.81,120830,1332.87,2.779,-,0,-1290,0股,1.12%,984430.37,12.27%
2022-08-02,,Cash,,,,,10352.17,,,,,,,,0
2022-08-03,基金,豆粕ETF华夏(159985.XSHE),多,29000股,29000股,1.557,45153,13681.06,1.085,-,0,0,0股,43.47%,983253.77,4.59%
2022-08-03,基金,10年地债(511270.XSHG),多,5300股,5300股,108.395,574493.5,41226.29,100.616,-,0,63.6,0股,7.73%,983253.77,58.43%
2022-08-03,基金,纳指ETF(513100.XSHG),多,81900股,81900股,0.886,72563.4,-3371.63,0.927,-,0,0,0股,-4.44%,983253.77,7.38%
2022-08-03,基金,黄金ETF(518880.XSHG),多,28300股,28300股,3.759,106379.7,-4192.36,3.907,-,0,-396.2,0股,-3.79%,983253.77,10.82%
2022-08-03,股票,长江电力(600900.XSHG),多,2300股,2300股,23.44,53912,8915.65,19.564,-,0,-414,0股,19.81%,983253.77,5.48%
2022-08-03,股票,农业银行(601288.XSHG),多,43000股,43000股,2.8,120400,902.87,2.779,-,0,-430,0股,0.76%,983253.77,12.25%
2022-08-03,,Cash,,,,,10352.17,,,,,,,,0
2022-08-04,基金,豆粕ETF华夏(159985.XSHE),多,29000股,29000股,1.546,44834,13362.06,1.085,-,0,-319,0股,42.46%,988856.87,4.53%
2022-08-04,基金,10年地债(511270.XSHG),多,5300股,5300股,108.456,574816.8,41549.59,100.616,-,0,323.3,0股,7.79%,988856.87,58.13%
2022-08-04,基金,纳指ETF(513100.XSHG),多,81900股,81900股,0.911,74610.9,-1324.13,0.927,-,0,2047.5,0股,-1.74%,988856.87,7.55%
2022-08-04,基金,黄金ETF(518880.XSHG),多,28300股,28300股,3.76,106408,-4164.06,3.907,-,0,28.3,0股,-3.77%,988856.87,10.76%
2022-08-04,股票,长江电力(600900.XSHG),多,2300股,2300股,23.85,54855,9858.65,19.564,-,0,943,0股,21.91%,988856.87,5.55%
2022-08-04,股票,农业银行(601288.XSHG),多,43000股,43000股,2.86,122980,3482.87,2.779,-,0,2580,0股,2.91%,988856.87,12.44%
2022-08-04,,Cash,,,,,10352.17,,,,,,,,0
2022-08-05,基金,豆粕ETF华夏(159985.XSHE),多,29000股,29000股,1.607,46603,15131.06,1.085,-,0,1769,0股,48.08%,992755.47,4.69%
2022-08-05,基金,10年地债(511270.XSHG),多,5300股,5300股,108.536,575240.8,41973.59,100.616,-,0,424,0股,7.87%,992755.47,57.94%
2022-08-05,基金,纳指ETF(513100.XSHG),多,81900股,81900股,0.915,74938.5,-996.53,0.927,-,0,327.6,0股,-1.31%,992755.47,7.55%
2022-08-05,基金,黄金ETF(518880.XSHG),多,28300股,28300股,3.79,107257,-3315.06,3.907,-,0,849,0股,-3%,992755.47,10.8%
2022-08-05,股票,长江电力(600900.XSHG),多,2300股,2300股,24.08,55384,10387.65,19.564,-,0,529,0股,23.09%,992755.47,5.58%
2022-08-05,股票,农业银行(601288.XSHG),多,43000股,43000股,2.86,122980,3482.87,2.779,-,0,0,0股,2.91%,992755.47,12.39%
2022-08-05,,Cash,,,,,10352.17,,,,,,,,0
2022-08-08,基金,豆粕ETF华夏(159985.XSHE),多,26600股,26600股,1.592,42347.2,13479.83,1.085,-,0,-399,0股,46.7%,990824.49,4.27%
2022-08-08,基金,10年地债(511270.XSHG),多,5700股,5700股,108.54,618678,42012.39,101.169,-,0,38.8,400股,7.29%,990824.49,62.44%
2022-08-08,基金,纳指ETF(513100.XSHG),多,74000股,74000股,0.912,67488,-1122.41,0.927,-,0,-222,0股,-1.64%,990824.49,6.81%
2022-08-08,基金,黄金ETF(518880.XSHG),多,27400股,27400股,3.769,103270.6,-3785.03,3.907,-,0,-575.4,0股,-3.54%,990824.49,10.42%
2022-08-08,股票,长江电力(600900.XSHG),多,2100股,2100股,24.14,50694,9610.38,19.564,-,0,126,0股,23.39%,990824.49,5.12%
2022-08-08,股票,农业银行(601288.XSHG),多,37200股,37100股,2.84,105648,2261.99,2.779,-,0,-743,100股,2.19%,990824.49,10.66%
2022-08-08,,Cash,,,,,2698.69,,,,,,,,0
2022-08-09,基金,豆粕ETF华夏(159985.XSHE),多,26600股,26600股,1.592,42347.2,13479.83,1.085,-,0,0,0股,46.7%,990968.79,4.27%
2022-08-09,基金,10年地债(511270.XSHG),多,5700股,5700股,108.615,619105.5,42439.89,101.169,-,0,427.5,0股,7.36%,990968.79,62.47%
2022-08-09,基金,纳指ETF(513100.XSHG),多,74000股,74000股,0.905,66970,-1640.41,0.927,-,0,-518,0股,-2.39%,990968.79,6.76%
2022-08-09,基金,黄金ETF(518880.XSHG),多,27400股,27400股,3.786,103736.4,-3319.23,3.907,-,0,465.8,0股,-3.1%,990968.79,10.47%
2022-08-09,股票,长江电力(600900.XSHG),多,2100股,2100股,24.03,50463,9379.38,19.564,-,0,-231,0股,22.83%,990968.79,5.09%
2022-08-09,股票,农业银行(601288.XSHG),多,37200股,37200股,2.84,105648,2261.99,2.779,-,0,0,0股,2.19%,990968.79,10.66%
2022-08-09,,Cash,,,,,2698.69,,,,,,,,0
2022-08-10,基金,豆粕ETF华夏(159985.XSHE),多,26600股,26600股,1.607,42746.2,13878.83,1.085,-,0,399,0股,48.08%,990336.69,4.32%
2022-08-10,基金,10年地债(511270.XSHG),多,5700股,5700股,108.616,619111.2,42445.59,101.169,-,0,5.7,0股,7.36%,990336.69,62.52%
2022-08-10,基金,纳指ETF(513100.XSHG),多,74000股,74000股,0.892,66008,-2602.41,0.927,-,0,-962,0股,-3.79%,990336.69,6.67%
2022-08-10,基金,黄金ETF(518880.XSHG),多,27400股,27400股,3.794,103955.6,-3100.03,3.907,-,0,219.2,0股,-2.9%,990336.69,10.5%
2022-08-10,股票,长江电力(600900.XSHG),多,2100股,2100股,23.89,50169,9085.38,19.564,-,0,-294,0股,22.11%,990336.69,5.07%
2022-08-10,股票,农业银行(601288.XSHG),多,37200股,37200股,2.84,105648,2261.99,2.779,-,0,0,0股,2.19%,990336.69,10.67%
2022-08-10,,Cash,,,,,2698.69,,,,,,,,0
2022-08-11,基金,豆粕ETF华夏(159985.XSHE),多,26600股,26600股,1.608,42772.8,13905.43,1.085,-,0,26.6,0股,48.17%,992441.09,4.31%
2022-08-11,基金,10年地债(511270.XSHG),多,5700股,5700股,108.554,618757.8,42092.19,101.169,-,0,-353.4,0股,7.3%,992441.09,62.35%
2022-08-11,基金,纳指ETF(513100.XSHG),多,74000股,74000股,0.923,68302,-308.41,0.927,-,0,2294,0股,-0.45%,992441.09,6.88%
2022-08-11,基金,黄金ETF(518880.XSHG),多,27400股,27400股,3.777,103489.8,-3565.83,3.907,-,0,-465.8,0股,-3.33%,992441.09,10.43%
2022-08-11,股票,长江电力(600900.XSHG),多,2100股,2100股,24,50400,9316.38,19.564,-,0,231,0股,22.68%,992441.09,5.08%
2022-08-11,股票,农业银行(601288.XSHG),多,37200股,37200股,2.85,106020,2633.99,2.779,-,0,372,0股,2.55%,992441.09,10.68%
2022-08-11,,Cash,,,,,2698.69,,,,,,,,0
2022-08-12,基金,豆粕ETF华夏(159985.XSHE),多,26600股,26600股,1.624,43198.4,14331.03,1.085,-,0,425.6,0股,49.64%,991982.59,4.35%
2022-08-12,基金,10年地债(511270.XSHG),多,5700股,5700股,108.475,618307.5,41641.89,101.169,-,0,-450.3,0股,7.22%,991982.59,62.33%
2022-08-12,基金,纳指ETF(513100.XSHG),多,74000股,74000股,0.914,67636,-974.41,0.927,-,0,-666,0股,-1.42%,991982.59,6.82%
2022-08-12,基金,黄金ETF(518880.XSHG),多,27400股,27400股,3.795,103983,-3072.63,3.907,-,0,493.2,0股,-2.87%,991982.59,10.48%
2022-08-12,股票,长江电力(600900.XSHG),多,2100股,2100股,24.23,50883,9799.38,19.564,-,0,483,0股,23.85%,991982.59,5.13%
2022-08-12,股票,农业银行(601288.XSHG),多,37200股,37200股,2.83,105276,1889.99,2.779,-,0,-744,0股,1.83%,991982.59,10.61%
2022-08-12,,Cash,,,,,2698.69,,,,,,,,0
2022-08-15,基金,豆粕ETF华夏(159985.XSHE),多,26600股,26600股,1.595,42427,13559.63,1.085,-,0,-771.4,0股,46.97%,995154.89,4.26%
2022-08-15,基金,10年地债(511270.XSHG),多,5700股,5700股,109.008,621345.6,44679.99,101.169,-,0,3038.1,0股,7.75%,995154.89,62.44%
2022-08-15,基金,纳指ETF(513100.XSHG),多,74000股,74000股,0.931,68894,283.59,0.927,-,0,1258,0股,0.41%,995154.89,6.92%
2022-08-15,基金,黄金ETF(518880.XSHG),多,27400股,27400股,3.799,104092.6,-2963.03,3.907,-,0,109.6,0股,-2.77%,995154.89,10.46%
2022-08-15,股票,长江电力(600900.XSHG),多,2100股,2100股,24.01,50421,9337.38,19.564,-,0,-462,0股,22.73%,995154.89,5.07%
2022-08-15,股票,农业银行(601288.XSHG),多,37200股,37200股,2.83,105276,1889.99,2.779,-,0,0,0股,1.83%,995154.89,10.58%
2022-08-15,,Cash,,,,,2698.69,,,,,,,,0
2022-08-16,基金,豆粕ETF华夏(159985.XSHE),多,26600股,26600股,1.589,42267.4,13400.03,1.085,-,0,-159.6,0股,46.42%,994759.29,4.25%
2022-08-16,基金,10年地债(511270.XSHG),多,5700股,5700股,108.944,620980.8,44315.19,101.169,-,0,-364.8,0股,7.68%,994759.29,62.43%
2022-08-16,基金,纳指ETF(513100.XSHG),多,74000股,74000股,0.942,69708,1097.59,0.927,-,0,814,0股,1.6%,994759.29,7.01%
2022-08-16,基金,黄金ETF(518880.XSHG),多,27400股,27400股,3.796,104010.4,-3045.23,3.907,-,0,-82.2,0股,-2.84%,994759.29,10.46%
2022-08-16,股票,长江电力(600900.XSHG),多,2100股,2100股,23.9,50190,9106.38,19.564,-,0,-231,0股,22.17%,994759.29,5.05%
2022-08-16,股票,农业银行(601288.XSHG),多,37200股,37200股,2.82,104904,1517.99,2.779,-,0,-372,0股,1.47%,994759.29,10.55%
2022-08-16,,Cash,,,,,2698.69,,,,,,,,0
2022-08-17,基金,豆粕ETF华夏(159985.XSHE),多,26600股,26600股,1.583,42107.8,13240.43,1.085,-,0,-159.6,0股,45.87%,993678.19,4.24%
2022-08-17,基金,10年地债(511270.XSHG),多,5700股,5700股,108.963,621089.1,44423.49,101.169,-,0,108.3,0股,7.7%,993678.19,62.5%
2022-08-17,基金,纳指ETF(513100.XSHG),多,74000股,74000股,0.939,69486,875.59,0.927,-,0,-222,0股,1.28%,993678.19,6.99%
2022-08-17,基金,黄金ETF(518880.XSHG),多,27400股,27400股,3.779,103544.6,-3511.03,3.907,-,0,-465.8,0股,-3.28%,993678.19,10.42%
2022-08-17,股票,长江电力(600900.XSHG),多,2100股,2100股,23.56,49476,8392.38,19.564,-,0,-714,0股,20.43%,993678.19,4.98%
2022-08-17,股票,农业银行(601288.XSHG),多,37200股,37200股,2.83,105276,1889.99,2.779,-,0,372,0股,1.83%,993678.19,10.59%
2022-08-17,,Cash,,,,,2698.69,,,,,,,,0
2022-08-18,基金,豆粕ETF华夏(159985.XSHE),多,26600股,26600股,1.576,41921.6,13054.23,1.085,-,0,-186.2,0股,45.22%,991334.49,4.23%
2022-08-18,基金,10年地债(511270.XSHG),多,5700股,5700股,108.964,621094.8,44429.19,101.169,-,0,5.7,0股,7.7%,991334.49,62.65%
2022-08-18,基金,纳指ETF(513100.XSHG),多,74000股,74000股,0.926,68524,-86.41,0.927,-,0,-962,0股,-0.13%,991334.49,6.91%
2022-08-18,基金,黄金ETF(518880.XSHG),多,27400股,27400股,3.761,103051.4,-4004.23,3.907,-,0,-493.2,0股,-3.74%,991334.49,10.4%
2022-08-18,股票,长江电力(600900.XSHG),多,2100股,2100股,23.4,49140,8056.38,19.564,-,0,-336,0股,19.61%,991334.49,4.96%
2022-08-18,股票,农业银行(601288.XSHG),多,37200股,37200股,2.82,104904,1517.99,2.779,-,0,-372,0股,1.47%,991334.49,10.58%
2022-08-18,,Cash,,,,,2698.69,,,,,,,,0
2022-08-19,基金,豆粕ETF华夏(159985.XSHE),多,26600股,26600股,1.594,42400.4,13533.03,1.085,-,0,478.8,0股,46.88%,993159.79,4.27%
2022-08-19,基金,10年地债(511270.XSHG),多,5700股,5700股,109.039,621522.3,44856.69,101.169,-,0,427.5,0股,7.78%,993159.79,62.58%
2022-08-19,基金,纳指ETF(513100.XSHG),多,74000股,74000股,0.928,68672,61.59,0.927,-,0,148,0股,0.09%,993159.79,6.91%
2022-08-19,基金,黄金ETF(518880.XSHG),多,27400股,27400股,3.761,103051.4,-4004.23,3.907,-,0,0,0股,-3.74%,993159.79,10.38%
2022-08-19,股票,长江电力(600900.XSHG),多,2100股,2100股,23.59,49539,8455.38,19.564,-,0,399,0股,20.58%,993159.79,4.99%
2022-08-19,股票,农业银行(601288.XSHG),多,37200股,37200股,2.83,105276,1889.99,2.779,-,0,372,0股,1.83%,993159.79,10.6%
2022-08-19,,Cash,,,,,2698.69,,,,,,,,0
2022-08-22,基金,豆粕ETF华夏(159985.XSHE),多,26600股,26600股,1.6,42560,13692.63,1.085,-,0,159.6,0股,47.43%,991729.29,4.29%
2022-08-22,基金,10年地债(511270.XSHG),多,5700股,5700股,109.112,621938.4,45272.79,101.169,-,0,416.1,0股,7.85%,991729.29,62.71%
2022-08-22,基金,纳指ETF(513100.XSHG),多,74000股,74000股,0.912,67488,-1122.41,0.927,-,0,-1184,0股,-1.64%,991729.29,6.81%
2022-08-22,基金,黄金ETF(518880.XSHG),多,27400股,27400股,3.753,102832.2,-4223.43,3.907,-,0,-219.2,0股,-3.95%,991729.29,10.37%
2022-08-22,股票,长江电力(600900.XSHG),多,2100股,2100股,23.48,49308,8224.38,19.564,-,0,-231,0股,20.02%,991729.29,4.97%
2022-08-22,股票,农业银行(601288.XSHG),多,37200股,37200股,2.82,104904,1517.99,2.779,-,0,-372,0股,1.47%,991729.29,10.58%
2022-08-22,,Cash,,,,,2698.69,,,,,,,,0
2022-08-23,基金,豆粕ETF华夏(159985.XSHE),多,26600股,26600股,1.668,44368.8,15501.43,1.085,-,0,1808.8,0股,53.7%,992467.99,4.47%
2022-08-23,基金,10年地债(511270.XSHG),多,5700股,5700股,109.189,622377.3,45711.69,101.169,-,0,438.9,0股,7.93%,992467.99,62.71%
2022-08-23,基金,纳指ETF(513100.XSHG),多,74000股,74000股,0.895,66230,-2380.41,0.927,-,0,-1258,0股,-3.47%,992467.99,6.67%
2022-08-23,基金,黄金ETF(518880.XSHG),多,27400股,27400股,3.763,103106.2,-3949.43,3.907,-,0,274,0股,-3.69%,992467.99,10.39%
2022-08-23,股票,长江电力(600900.XSHG),多,2100股,2100股,23.23,48783,7699.38,19.564,-,0,-525,0股,18.74%,992467.99,4.92%
2022-08-23,股票,农业银行(601288.XSHG),多,37200股,37200股,2.82,104904,1517.99,2.779,-,0,0,0股,1.47%,992467.99,10.57%
2022-08-23,,Cash,,,,,2698.69,,,,,,,,0
2022-08-24,基金,豆粕ETF华夏(159985.XSHE),多,26600股,26600股,1.686,44847.6,15980.23,1.085,-,0,478.8,0股,55.36%,994009.99,4.51%
2022-08-24,基金,10年地债(511270.XSHG),多,5700股,5700股,109.247,622707.9,46042.29,101.169,-,0,330.6,0股,7.98%,994009.99,62.65%
2022-08-24,基金,纳指ETF(513100.XSHG),多,74000股,74000股,0.898,66452,-2158.41,0.927,-,0,222,0股,-3.15%,994009.99,6.69%
2022-08-24,基金,黄金ETF(518880.XSHG),多,27400股,27400股,3.787,103763.8,-3291.83,3.907,-,0,657.6,0股,-3.07%,994009.99,10.44%
2022-08-24,股票,长江电力(600900.XSHG),多,2100股,2100股,23.16,48636,7552.38,19.564,-,0,-147,0股,18.38%,994009.99,4.89%
2022-08-24,股票,农业银行(601288.XSHG),多,37200股,37200股,2.82,104904,1517.99,2.779,-,0,0,0股,1.47%,994009.99,10.55%
2022-08-24,,Cash,,,,,2698.69,,,,,,,,0
2022-08-25,基金,豆粕ETF华夏(159985.XSHE),多,26600股,26600股,1.656,44049.6,15182.23,1.085,-,0,-798,0股,52.59%,995762.99,4.42%
2022-08-25,基金,10年地债(511270.XSHG),多,5700股,5700股,109.267,622821.9,46156.29,101.169,-,0,114,0股,8%,995762.99,62.55%
2022-08-25,基金,纳指ETF(513100.XSHG),多,74000股,74000股,0.91,67340,-1270.41,0.927,-,0,888,0股,-1.85%,995762.99,6.76%
2022-08-25,基金,黄金ETF(518880.XSHG),多,27400股,27400股,3.797,104037.8,-3017.83,3.907,-,0,274,0股,-2.82%,995762.99,10.45%
2022-08-25,股票,长江电力(600900.XSHG),多,2100股,2100股,23.59,49539,8455.38,19.564,-,0,903,0股,20.58%,995762.99,4.97%
2022-08-25,股票,农业银行(601288.XSHG),多,37200股,37200股,2.83,105276,1889.99,2.779,-,0,372,0股,1.83%,995762.99,10.57%
2022-08-25,,Cash,,,,,2698.69,,,,,,,,0
2022-08-26,基金,豆粕ETF华夏(159985.XSHE),多,26600股,26600股,1.631,43384.6,14517.23,1.085,-,0,-665,0股,50.29%,993489.29,4.37%
2022-08-26,基金,10年地债(511270.XSHG),多,5700股,5700股,108.054,615907.8,44942.19,100.169,-,0,-1214.1,0股,7.87%,993489.29,61.99%
2022-08-26,基金,纳指ETF(513100.XSHG),多,74000股,74000股,0.915,67710,-900.41,0.927,-,0,370,0股,-1.31%,993489.29,6.82%
2022-08-26,基金,黄金ETF(518880.XSHG),多,27400股,27400股,3.798,104065.2,-2990.43,3.907,-,0,27.4,0股,-2.79%,993489.29,10.47%
2022-08-26,股票,长江电力(600900.XSHG),多,2100股,2100股,23.39,49119,8035.38,19.564,-,0,-420,0股,19.56%,993489.29,4.94%
2022-08-26,股票,农业银行(601288.XSHG),多,37200股,37200股,2.82,104904,1517.99,2.779,-,0,-372,0股,1.47%,993489.29,10.56%
2022-08-26,,Cash,,,,,8398.69,,,,,,,,0
2022-08-29,基金,豆粕ETF华夏(159985.XSHE),多,26600股,26600股,1.639,43597.4,14730.03,1.085,-,0,212.8,0股,51.03%,990660.89,4.4%
2022-08-29,基金,10年地债(511270.XSHG),多,5700股,5700股,108.17,616569,45603.39,100.169,-,0,661.2,0股,7.99%,990660.89,62.24%
2022-08-29,基金,纳指ETF(513100.XSHG),多,74000股,74000股,0.879,65046,-3564.41,0.927,-,0,-2664,0股,-5.2%,990660.89,6.57%
2022-08-29,基金,黄金ETF(518880.XSHG),多,27400股,27400股,3.767,103215.8,-3839.83,3.907,-,0,-849.4,0股,-3.59%,990660.89,10.42%
2022-08-29,股票,长江电力(600900.XSHG),多,2100股,2100股,23.3,48930,7846.38,19.564,-,0,-189,0股,19.1%,990660.89,4.94%
2022-08-29,股票,农业银行(601288.XSHG),多,37200股,37200股,2.82,104904,1517.99,2.779,-,0,0,0股,1.47%,990660.89,10.59%
2022-08-29,,Cash,,,,,8398.69,,,,,,,,0
2022-08-30,基金,豆粕ETF华夏(159985.XSHE),多,26600股,26600股,1.628,43304.8,14437.43,1.085,-,0,-292.6,0股,50.01%,991083.49,4.37%
2022-08-30,基金,10年地债(511270.XSHG),多,5700股,5700股,108.174,616591.8,45626.19,100.169,-,0,22.8,0股,7.99%,991083.49,62.21%
2022-08-30,基金,纳指ETF(513100.XSHG),多,74000股,74000股,0.883,65342,-3268.41,0.927,-,0,296,0股,-4.76%,991083.49,6.59%
2022-08-30,基金,黄金ETF(518880.XSHG),多,27400股,27400股,3.783,103654.2,-3401.43,3.907,-,0,438.4,0股,-3.18%,991083.49,10.46%
2022-08-30,股票,长江电力(600900.XSHG),多,2100股,2100股,23.28,48888,7804.38,19.564,-,0,-42,0股,19%,991083.49,4.93%
2022-08-30,股票,农业银行(601288.XSHG),多,37200股,37200股,2.82,104904,1517.99,2.779,-,0,0,0股,1.47%,991083.49,10.58%
2022-08-30,,Cash,,,,,8398.69,,,,,,,,0
2022-08-31,基金,豆粕ETF华夏(159985.XSHE),多,26600股,26600股,1.639,43597.4,14730.03,1.085,-,0,292.6,0股,51.03%,993346.29,4.39%
2022-08-31,基金,10年地债(511270.XSHG),多,5700股,5700股,108.29,617253,46287.39,100.169,-,0,661.2,0股,8.11%,993346.29,62.14%
2022-08-31,基金,纳指ETF(513100.XSHG),多,74000股,74000股,0.875,64750,-3860.41,0.927,-,0,-592,0股,-5.63%,993346.29,6.52%
2022-08-31,基金,黄金ETF(518880.XSHG),多,27400股,27400股,3.758,102969.2,-4086.43,3.907,-,0,-685,0股,-3.82%,993346.29,10.37%
2022-08-31,股票,长江电力(600900.XSHG),多,2100股,2100股,23.98,50358,9274.38,19.564,-,0,1470,0股,22.57%,993346.29,5.07%
2022-08-31,股票,农业银行(601288.XSHG),多,37200股,37200股,2.85,106020,2633.99,2.779,-,0,1116,0股,2.55%,993346.29,10.67%
2022-08-31,,Cash,,,,,8398.69,,,,,,,,0
2022-09-01,基金,豆粕ETF华夏(159985.XSHE),多,26600股,26600股,1.631,43384.6,14517.23,1.085,-,0,-212.8,0股,50.29%,990160.69,4.38%
2022-09-01,基金,10年地债(511270.XSHG),多,5700股,5700股,108.332,617492.4,46526.79,100.169,-,0,239.4,0股,8.15%,990160.69,62.36%
2022-09-01,基金,纳指ETF(513100.XSHG),多,74000股,74000股,0.854,63196,-5414.41,0.927,-,0,-1554,0股,-7.89%,990160.69,6.38%
2022-09-01,基金,黄金ETF(518880.XSHG),多,27400股,27400股,3.73,102202,-4853.63,3.907,-,0,-767.2,0股,-4.53%,990160.69,10.32%
2022-09-01,股票,长江电力(600900.XSHG),多,2100股,2100股,23.91,50211,9127.38,19.564,-,0,-147,0股,22.22%,990160.69,5.07%
2022-09-01,股票,农业银行(601288.XSHG),多,37200股,37200股,2.83,105276,1889.99,2.779,-,0,-744,0股,1.83%,990160.69,10.63%
2022-09-01,,Cash,,,,,8398.69,,,,,,,,0
2022-09-02,基金,豆粕ETF华夏(159985.XSHE),多,26600股,26600股,1.657,44076.2,15208.83,1.085,-,0,691.6,0股,52.69%,992428.09,4.44%
2022-09-02,基金,10年地债(511270.XSHG),多,5700股,5700股,108.544,618700.8,47735.19,100.169,-,0,1208.4,0股,8.36%,992428.09,62.34%
2022-09-02,基金,纳指ETF(513100.XSHG),多,74000股,74000股,0.863,63862,-4748.41,0.927,-,0,666,0股,-6.92%,992428.09,6.43%
2022-09-02,基金,黄金ETF(518880.XSHG),多,27400股,27400股,3.726,102092.4,-4963.23,3.907,-,0,-109.6,0股,-4.64%,992428.09,10.29%
2022-09-02,股票,长江电力(600900.XSHG),多,2100股,2100股,23.82,50022,8938.38,19.564,-,0,-189,0股,21.76%,992428.09,5.04%
2022-09-02,股票,农业银行(601288.XSHG),多,37200股,37200股,2.83,105276,1889.99,2.779,-,0,0,0股,1.83%,992428.09,10.61%
2022-09-02,,Cash,,,,,8398.69,,,,,,,,0
2022-09-05,基金,豆粕ETF华夏(159985.XSHE),多,26600股,26600股,1.675,44555,15687.63,1.085,-,0,478.8,0股,54.34%,994935.29,4.48%
2022-09-05,基金,10年地债(511270.XSHG),多,5700股,5700股,108.738,619806.6,48840.99,100.169,-,0,1105.8,0股,8.55%,994935.29,62.3%
2022-09-05,基金,纳指ETF(513100.XSHG),多,74000股,74000股,0.856,63344,-5266.41,0.927,-,0,-518,0股,-7.68%,994935.29,6.37%
2022-09-05,基金,黄金ETF(518880.XSHG),多,27400股,27400股,3.765,103161,-3894.63,3.907,-,0,1068.6,0股,-3.64%,994935.29,10.37%
2022-09-05,股票,长江电力(600900.XSHG),多,2100股,2100股,23.82,50022,8938.38,19.564,-,0,0,0股,21.76%,994935.29,5.03%
2022-09-05,股票,农业银行(601288.XSHG),多,37200股,37200股,2.84,105648,2261.99,2.779,-,0,372,0股,2.19%,994935.29,10.62%
2022-09-05,,Cash,,,,,8398.69,,,,,,,,0
2022-09-06,基金,豆粕ETF华夏(159985.XSHE),多,26600股,26600股,1.649,43863.4,14996.03,1.085,-,0,-691.6,0股,51.95%,994850.39,4.41%
2022-09-06,基金,10年地债(511270.XSHG),多,5700股,5700股,108.701,619595.7,48630.09,100.169,-,0,-210.9,0股,8.52%,994850.39,62.28%
2022-09-06,基金,纳指ETF(513100.XSHG),多,74000股,74000股,0.862,63788,-4822.41,0.927,-,0,444,0股,-7.03%,994850.39,6.41%
2022-09-06,基金,黄金ETF(518880.XSHG),多,27400股,27400股,3.784,103681.6,-3374.03,3.907,-,0,520.6,0股,-3.15%,994850.39,10.42%
2022-09-06,股票,长江电力(600900.XSHG),多,2100股,2100股,23.75,49875,8791.38,19.564,-,0,-147,0股,21.4%,994850.39,5.01%
2022-09-06,股票,农业银行(601288.XSHG),多,37200股,37200股,2.84,105648,2261.99,2.779,-,0,0,0股,2.19%,994850.39,10.62%
2022-09-06,,Cash,,,,,8398.69,,,,,,,,0
2022-09-07,基金,豆粕ETF华夏(159985.XSHE),多,26600股,26600股,1.661,44182.6,15315.23,1.085,-,0,319.2,0股,53.05%,992766.49,4.45%
2022-09-07,基金,10年地债(511270.XSHG),多,5700股,5700股,108.648,619293.6,48327.99,100.169,-,0,-302.1,0股,8.46%,992766.49,62.38%
2022-09-07,基金,纳指ETF(513100.XSHG),多,74000股,74000股,0.853,63122,-5488.41,0.927,-,0,-666,0股,-8%,992766.49,6.36%
2022-09-07,基金,黄金ETF(518880.XSHG),多,27400股,27400股,3.759,102996.6,-4059.03,3.907,-,0,-685,0股,-3.79%,992766.49,10.37%
2022-09-07,股票,长江电力(600900.XSHG),多,2100股,2100股,23.57,49497,8413.38,19.564,-,0,-378,0股,20.48%,992766.49,4.99%
2022-09-07,股票,农业银行(601288.XSHG),多,37200股,37200股,2.83,105276,1889.99,2.779,-,0,-372,0股,1.83%,992766.49,10.6%
2022-09-07,,Cash,,,,,8398.69,,,,,,,,0
2022-09-08,基金,豆粕ETF华夏(159985.XSHE),多,24300股,24300股,1.661,40362.3,13990.98,1.085,-,0,0,0股,53.05%,995056.89,4.06%
2022-09-08,基金,10年地债(511270.XSHG),多,5600股,5600股,108.657,608479.2,47530.53,100.169,-,0,50.4,0股,8.47%,995056.89,61.15%
2022-09-08,基金,纳指ETF(513100.XSHG),多,75600股,75600股,0.87,65772,-4227.21,0.926,-,0,1261.2,1600股,-6.04%,995056.89,6.61%
2022-09-08,基金,黄金ETF(518880.XSHG),多,31800股,31800股,3.79,120522,-3192.03,3.89,-,0,867,4400股,-2.58%,995056.89,12.11%
2022-09-08,股票,长江电力(600900.XSHG),多,2300股,2100股,23.65,54395,8545.38,19.935,-,0,132,200股,18.64%,995056.89,5.47%
2022-09-08,股票,农业银行(601288.XSHG),多,36600股,36600股,2.83,103578,1859.5,2.779,-,0,0,0股,1.83%,995056.89,10.41%
2022-09-08,,Cash,,,,,1948.39,,,,,,,,0
2022-09-09,基金,豆粕ETF华夏(159985.XSHE),多,24300股,24300股,1.666,40483.8,14112.48,1.085,-,0,121.5,0股,53.51%,996630.19,4.06%
2022-09-09,基金,10年地债(511270.XSHG),多,5600股,5600股,108.732,608899.2,47950.53,100.169,-,0,420,0股,8.55%,996630.19,61.1%
2022-09-09,基金,纳指ETF(513100.XSHG),多,75600股,75600股,0.873,65998.8,-4000.41,0.926,-,0,226.8,0股,-5.71%,996630.19,6.62%
2022-09-09,基金,黄金ETF(518880.XSHG),多,31800股,31800股,3.785,120363,-3351.03,3.89,-,0,-159,0股,-2.71%,996630.19,12.08%
2022-09-09,股票,长江电力(600900.XSHG),多,2300股,2300股,23.91,54993,9143.38,19.935,-,0,598,0股,19.94%,996630.19,5.52%
2022-09-09,股票,农业银行(601288.XSHG),多,36600股,36600股,2.84,103944,2225.5,2.779,-,0,366,0股,2.19%,996630.19,10.43%
2022-09-09,,Cash,,,,,1948.39,,,,,,,,0
2022-09-13,基金,豆粕ETF华夏(159985.XSHE),多,24300股,24300股,1.758,42719.4,16348.08,1.085,-,0,2235.6,0股,61.99%,999951.79,4.27%
2022-09-13,基金,10年地债(511270.XSHG),多,5600股,5600股,108.561,607941.6,46992.93,100.169,-,0,-957.6,0股,8.38%,999951.79,60.8%
2022-09-13,基金,纳指ETF(513100.XSHG),多,75600股,75600股,0.898,67888.8,-2110.41,0.926,-,0,1890,0股,-3.01%,999951.79,6.79%
2022-09-13,基金,黄金ETF(518880.XSHG),多,31800股,31800股,3.787,120426.6,-3287.43,3.89,-,0,63.6,0股,-2.66%,999951.79,12.04%
2022-09-13,股票,长江电力(600900.XSHG),多,2300股,2300股,23.79,54717,8867.38,19.935,-,0,-276,0股,19.34%,999951.79,5.47%
2022-09-13,股票,农业银行(601288.XSHG),多,36600股,36600股,2.85,104310,2591.5,2.779,-,0,366,0股,2.55%,999951.79,10.43%
2022-09-13,,Cash,,,,,1948.39,,,,,,,,0
2022-09-14,基金,豆粕ETF华夏(159985.XSHE),多,24300股,24300股,1.75,42525,16153.68,1.085,-,0,-194.4,0股,61.25%,994973.39,4.27%
2022-09-14,基金,10年地债(511270.XSHG),多,5600股,5600股,108.464,607398.4,46449.73,100.169,-,0,-543.2,0股,8.28%,994973.39,61.05%
2022-09-14,基金,纳指ETF(513100.XSHG),多,75600股,75600股,0.856,64713.6,-5285.61,0.926,-,0,-3175.2,0股,-7.55%,994973.39,6.5%
2022-09-14,基金,黄金ETF(518880.XSHG),多,31800股,31800股,3.76,119568,-4146.03,3.89,-,0,-858.6,0股,-3.35%,994973.39,12.02%
2022-09-14,股票,长江电力(600900.XSHG),多,2300股,2300股,23.7,54510,8660.38,19.935,-,0,-207,0股,18.89%,994973.39,5.48%
2022-09-14,股票,农业银行(601288.XSHG),多,36600股,36600股,2.85,104310,2591.5,2.779,-,0,0,0股,2.55%,994973.39,10.48%
2022-09-14,,Cash,,,,,1948.39,,,,,,,,0
2022-09-15,基金,豆粕ETF华夏(159985.XSHE),多,24300股,24300股,1.726,41941.8,15570.48,1.085,-,0,-583.2,0股,59.04%,995079.39,4.21%
2022-09-15,基金,10年地债(511270.XSHG),多,5600股,5600股,108.512,607667.2,46718.53,100.169,-,0,268.8,0股,8.33%,995079.39,61.07%
2022-09-15,基金,纳指ETF(513100.XSHG),多,75600股,75600股,0.858,64864.8,-5134.41,0.926,-,0,151.2,0股,-7.33%,995079.39,6.52%
2022-09-15,基金,黄金ETF(518880.XSHG),多,31800股,31800股,3.744,119059.2,-4654.83,3.89,-,0,-508.8,0股,-3.76%,995079.39,11.96%
2022-09-15,股票,长江电力(600900.XSHG),多,2300股,2300股,23.72,54556,8706.38,19.935,-,0,46,0股,18.99%,995079.39,5.48%
2022-09-15,股票,农业银行(601288.XSHG),多,36600股,36600股,2.87,105042,3323.5,2.779,-,0,732,0股,3.27%,995079.39,10.56%
2022-09-15,,Cash,,,,,1948.39,,,,,,,,0
2022-09-16,基金,豆粕ETF华夏(159985.XSHE),多,24300股,24300股,1.73,42039,15667.68,1.085,-,0,97.2,0股,59.41%,991184.59,4.24%
2022-09-16,基金,10年地债(511270.XSHG),多,5600股,5600股,108.357,606799.2,45850.53,100.169,-,0,-868,0股,8.17%,991184.59,61.22%
2022-09-16,基金,纳指ETF(513100.XSHG),多,75600股,75600股,0.841,63579.6,-6419.61,0.926,-,0,-1285.2,0股,-9.17%,991184.59,6.41%
2022-09-16,基金,黄金ETF(518880.XSHG),多,31800股,31800股,3.728,118550.4,-5163.63,3.89,-,0,-508.8,0股,-4.17%,991184.59,11.96%
2022-09-16,股票,长江电力(600900.XSHG),多,2300股,2300股,23.46,53958,8108.38,19.935,-,0,-598,0股,17.68%,991184.59,5.44%
2022-09-16,股票,农业银行(601288.XSHG),多,36600股,36600股,2.85,104310,2591.5,2.779,-,0,-732,0股,2.55%,991184.59,10.52%
2022-09-16,,Cash,,,,,1948.39,,,,,,,,0
2022-09-19,基金,豆粕ETF华夏(159985.XSHE),多,24300股,24300股,1.735,42160.5,15789.18,1.085,-,0,121.5,0股,59.87%,990865.09,4.25%
2022-09-19,基金,10年地债(511270.XSHG),多,5600股,5600股,108.079,605242.4,44293.73,100.169,-,0,-1556.8,0股,7.9%,990865.09,61.08%
2022-09-19,基金,纳指ETF(513100.XSHG),多,75600股,75600股,0.84,63504,-6495.21,0.926,-,0,-75.6,0股,-9.28%,990865.09,6.41%
2022-09-19,基金,黄金ETF(518880.XSHG),多,31800股,31800股,3.741,118963.8,-4750.23,3.89,-,0,413.4,0股,-3.84%,990865.09,12.01%
2022-09-19,股票,长江电力(600900.XSHG),多,2300股,2300股,23.48,54004,8154.38,19.935,-,0,46,0股,17.79%,990865.09,5.45%
2022-09-19,股票,农业银行(601288.XSHG),多,36600股,36600股,2.87,105042,3323.5,2.779,-,0,732,0股,3.27%,990865.09,10.6%
2022-09-19,,Cash,,,,,1948.39,,,,,,,,0
2022-09-20,基金,豆粕ETF华夏(159985.XSHE),多,24300股,24300股,1.743,42354.9,15983.58,1.085,-,0,194.4,0股,60.61%,991225.29,4.27%
2022-09-20,基金,10年地债(511270.XSHG),多,5600股,5600股,108.053,605096.8,44148.13,100.169,-,0,-145.6,0股,7.87%,991225.29,61.05%
2022-09-20,基金,纳指ETF(513100.XSHG),多,75600股,75600股,0.855,64638,-5361.21,0.926,-,0,1134,0股,-7.66%,991225.29,6.52%
2022-09-20,基金,黄金ETF(518880.XSHG),多,31800股,31800股,3.754,119377.2,-4336.83,3.89,-,0,413.4,0股,-3.51%,991225.29,12.04%
2022-09-20,股票,长江电力(600900.XSHG),多,2300股,2300股,23.42,53866,8016.38,19.935,-,0,-138,0股,17.48%,991225.29,5.43%
2022-09-20,股票,农业银行(601288.XSHG),多,36600股,36600股,2.84,103944,2225.5,2.779,-,0,-1098,0股,2.19%,991225.29,10.49%
2022-09-20,,Cash,,,,,1948.39,,,,,,,,0
2022-09-21,基金,豆粕ETF华夏(159985.XSHE),多,24300股,24300股,1.763,42840.9,16469.58,1.085,-,0,486,0股,62.45%,992454.49,4.32%
2022-09-21,基金,10年地债(511270.XSHG),多,5600股,5600股,108.09,605304,44355.33,100.169,-,0,207.2,0股,7.91%,992454.49,60.99%
2022-09-21,基金,纳指ETF(513100.XSHG),多,75600股,75600股,0.85,64260,-5739.21,0.926,-,0,-378,0股,-8.2%,992454.49,6.47%
2022-09-21,基金,黄金ETF(518880.XSHG),多,31800股,31800股,3.759,119536.2,-4177.83,3.89,-,0,159,0股,-3.38%,992454.49,12.04%
2022-09-21,股票,长江电力(600900.XSHG),多,2300股,2300股,23.43,53889,8039.38,19.935,-,0,23,0股,17.53%,992454.49,5.43%
2022-09-21,股票,农业银行(601288.XSHG),多,36600股,36600股,2.86,104676,2957.5,2.779,-,0,732,0股,2.91%,992454.49,10.55%
2022-09-21,,Cash,,,,,1948.39,,,,,,,,0
2022-09-22,基金,豆粕ETF华夏(159985.XSHE),多,24300股,24300股,1.769,42986.7,16615.38,1.085,-,0,145.8,0股,63.01%,991137.69,4.34%
2022-09-22,基金,10年地债(511270.XSHG),多,5600股,5600股,108.083,605264.8,44316.13,100.169,-,0,-39.2,0股,7.9%,991137.69,61.07%
2022-09-22,基金,纳指ETF(513100.XSHG),多,75600股,75600股,0.834,63050.4,-6948.81,0.926,-,0,-1209.6,0股,-9.93%,991137.69,6.36%
2022-09-22,基金,黄金ETF(518880.XSHG),多,31800股,31800股,3.753,119345.4,-4368.63,3.89,-,0,-190.8,0股,-3.53%,991137.69,12.04%
2022-09-22,股票,长江电力(600900.XSHG),多,2300股,2300股,23.42,53866,8016.38,19.935,-,0,-23,0股,17.48%,991137.69,5.43%
2022-09-22,股票,农业银行(601288.XSHG),多,36600股,36600股,2.86,104676,2957.5,2.779,-,0,0,0股,2.91%,991137.69,10.56%
2022-09-22,,Cash,,,,,1948.39,,,,,,,,0
2022-09-23,基金,豆粕ETF华夏(159985.XSHE),多,24300股,24300股,1.753,42597.9,16226.58,1.085,-,0,-388.8,0股,61.53%,991570.89,4.3%
2022-09-23,基金,10年地债(511270.XSHG),多,5600股,5600股,108.107,605399.2,44450.53,100.169,-,0,134.4,0股,7.92%,991570.89,61.05%
2022-09-23,基金,纳指ETF(513100.XSHG),多,75600股,75600股,0.829,62672.4,-7326.81,0.926,-,0,-378,0股,-10.47%,991570.89,6.32%
2022-09-23,基金,黄金ETF(518880.XSHG),多,31800股,31800股,3.77,119886,-3828.03,3.89,-,0,540.6,0股,-3.09%,991570.89,12.09%
2022-09-23,股票,长江电力(600900.XSHG),多,2300股,2300股,23.33,53659,7809.38,19.935,-,0,-207,0股,17.03%,991570.89,5.41%
2022-09-23,股票,农业银行(601288.XSHG),多,36600股,36600股,2.88,105408,3689.5,2.779,-,0,732,0股,3.63%,991570.89,10.63%
2022-09-23,,Cash,,,,,1948.39,,,,,,,,0
2022-09-26,基金,豆粕ETF华夏(159985.XSHE),多,24300股,24300股,1.741,42306.3,15934.98,1.085,-,0,-291.6,0股,60.43%,985339.69,4.29%
2022-09-26,基金,10年地债(511270.XSHG),多,5600股,5600股,107.726,603265.6,42316.93,100.169,-,0,-2133.6,0股,7.54%,985339.69,61.22%
2022-09-26,基金,纳指ETF(513100.XSHG),多,75600股,75600股,0.816,61689.6,-8309.61,0.926,-,0,-982.8,0股,-11.87%,985339.69,6.26%
2022-09-26,基金,黄金ETF(518880.XSHG),多,31800股,31800股,3.736,118804.8,-4909.23,3.89,-,0,-1081.2,0股,-3.97%,985339.69,12.06%
2022-09-26,股票,长江电力(600900.XSHG),多,2300股,2300股,23.05,53015,7165.38,19.935,-,0,-644,0股,15.63%,985339.69,5.38%
2022-09-26,股票,农业银行(601288.XSHG),多,36600股,36600股,2.85,104310,2591.5,2.779,-,0,-1098,0股,2.55%,985339.69,10.59%
2022-09-26,,Cash,,,,,1948.39,,,,,,,,0
2022-09-27,基金,豆粕ETF华夏(159985.XSHE),多,24300股,24300股,1.745,42403.5,16032.18,1.085,-,0,97.2,0股,60.79%,984892.69,4.31%
2022-09-27,基金,10年地债(511270.XSHG),多,5600股,5600股,107.644,602806.4,41857.73,100.169,-,0,-459.2,0股,7.46%,984892.69,61.21%
2022-09-27,基金,纳指ETF(513100.XSHG),多,75600股,75600股,0.831,62823.6,-7175.61,0.926,-,0,1134,0股,-10.25%,984892.69,6.38%
2022-09-27,基金,黄金ETF(518880.XSHG),多,31800股,31800股,3.746,119122.8,-4591.23,3.89,-,0,318,0股,-3.71%,984892.69,12.1%
2022-09-27,股票,长江电力(600900.XSHG),多,2300股,2300股,22.7,52210,6360.38,19.935,-,0,-805,0股,13.87%,984892.69,5.3%
2022-09-27,股票,农业银行(601288.XSHG),多,36600股,36600股,2.83,103578,1859.5,2.779,-,0,-732,0股,1.83%,984892.69,10.52%
2022-09-27,,Cash,,,,,1948.39,,,,,,,,0
2022-09-28,基金,豆粕ETF华夏(159985.XSHE),多,24300股,24300股,1.762,42816.6,16445.28,1.085,-,0,413.1,0股,62.36%,984925.19,4.35%
2022-09-28,基金,10年地债(511270.XSHG),多,5600股,5600股,107.664,602918.4,41969.73,100.169,-,0,112,0股,7.48%,984925.19,61.21%
2022-09-28,基金,纳指ETF(513100.XSHG),多,75600股,75600股,0.82,61992,-8007.21,0.926,-,0,-831.6,0股,-11.44%,984925.19,6.29%
2022-09-28,基金,黄金ETF(518880.XSHG),多,31800股,31800股,3.751,119281.8,-4432.23,3.89,-,0,159,0股,-3.58%,984925.19,12.11%
2022-09-28,股票,长江电力(600900.XSHG),多,2300股,2300股,22.46,51658,5808.38,19.935,-,0,-552,0股,12.67%,984925.19,5.24%
2022-09-28,股票,农业银行(601288.XSHG),多,36600股,36600股,2.85,104310,2591.5,2.779,-,0,732,0股,2.55%,984925.19,10.59%
2022-09-28,,Cash,,,,,1948.39,,,,,,,,0
2022-09-29,基金,豆粕ETF华夏(159985.XSHE),多,24300股,24300股,1.8,43740,17368.68,1.085,-,0,923.4,0股,65.86%,985890.39,4.44%
2022-09-29,基金,10年地债(511270.XSHG),多,5600股,5600股,107.552,602291.2,41342.53,100.169,-,0,-627.2,0股,7.37%,985890.39,61.09%
2022-09-29,基金,纳指ETF(513100.XSHG),多,75600股,75600股,0.833,62974.8,-7024.41,0.926,-,0,982.8,0股,-10.03%,985890.39,6.39%
2022-09-29,基金,黄金ETF(518880.XSHG),多,31800股,31800股,3.78,120204,-3510.03,3.89,-,0,922.2,0股,-2.84%,985890.39,12.19%
2022-09-29,股票,长江电力(600900.XSHG),多,2300股,2300股,22.4,51520,5670.38,19.935,-,0,-138,0股,12.37%,985890.39,5.23%
2022-09-29,股票,农业银行(601288.XSHG),多,36600股,36600股,2.82,103212,1493.5,2.779,-,0,-1098,0股,1.47%,985890.39,10.47%
2022-09-29,,Cash,,,,,1948.39,,,,,,,,0
2022-09-30,基金,豆粕ETF华夏(159985.XSHE),多,24300股,24300股,1.774,43108.2,16736.88,1.085,-,0,-631.8,0股,63.47%,987300.39,4.37%
2022-09-30,基金,10年地债(511270.XSHG),多,5600股,5600股,107.782,603579.2,42630.53,100.169,-,0,1288,0股,7.6%,987300.39,61.13%
2022-09-30,基金,纳指ETF(513100.XSHG),多,75600股,75600股,0.812,61387.2,-8612.01,0.926,-,0,-1587.6,0股,-12.3%,987300.39,6.22%
2022-09-30,基金,黄金ETF(518880.XSHG),多,31800股,31800股,3.783,120299.4,-3414.63,3.89,-,0,95.4,0股,-2.76%,987300.39,12.18%
2022-09-30,股票,长江电力(600900.XSHG),多,2300股,2300股,22.74,52302,6452.38,19.935,-,0,782,0股,14.07%,987300.39,5.3%
2022-09-30,股票,农业银行(601288.XSHG),多,36600股,36600股,2.86,104676,2957.5,2.779,-,0,1464,0股,2.91%,987300.39,10.6%
2022-09-30,,Cash,,,,,1948.39,,,,,,,,0
2022-10-10,基金,豆粕ETF华夏(159985.XSHE),多,24300股,24300股,1.779,43229.7,16858.38,1.085,-,0,121.5,0股,63.93%,989305.29,4.37%
2022-10-10,基金,10年地债(511270.XSHG),多,5600股,5600股,107.915,604324,43375.33,100.169,-,0,744.8,0股,7.73%,989305.29,61.09%
2022-10-10,基金,纳指ETF(513100.XSHG),多,75600股,75600股,0.792,59875.2,-10124.01,0.926,-,0,-1512,0股,-14.46%,989305.29,6.05%
2022-10-10,基金,黄金ETF(518880.XSHG),多,31800股,31800股,3.81,121158,-2556.03,3.89,-,0,858.6,0股,-2.07%,989305.29,12.25%
2022-10-10,股票,长江电力(600900.XSHG),多,2300股,2300股,23.36,53728,7878.38,19.935,-,0,1426,0股,17.18%,989305.29,5.43%
2022-10-10,股票,农业银行(601288.XSHG),多,36600股,36600股,2.87,105042,3323.5,2.779,-,0,366,0股,3.27%,989305.29,10.62%
2022-10-10,,Cash,,,,,1948.39,,,,,,,,0
2022-10-11,基金,豆粕ETF华夏(159985.XSHE),多,24300股,24300股,1.755,42646.5,16275.18,1.085,-,0,-583.2,0股,61.72%,988964.09,4.31%
2022-10-11,基金,10年地债(511270.XSHG),多,5600股,5600股,107.979,604682.4,43733.73,100.169,-,0,358.4,0股,7.8%,988964.09,61.14%
2022-10-11,基金,纳指ETF(513100.XSHG),多,75600股,75600股,0.792,59875.2,-10124.01,0.926,-,0,0,0股,-14.46%,988964.09,6.05%
2022-10-11,基金,黄金ETF(518880.XSHG),多,31800股,31800股,3.802,120903.6,-2810.43,3.89,-,0,-254.4,0股,-2.27%,988964.09,12.23%
2022-10-11,股票,长江电力(600900.XSHG),多,2300股,2300股,23.42,53866,8016.38,19.935,-,0,138,0股,17.48%,988964.09,5.45%
2022-10-11,股票,农业银行(601288.XSHG),多,36600股,36600股,2.87,105042,3323.5,2.779,-,0,0,0股,3.27%,988964.09,10.62%
2022-10-11,,Cash,,,,,1948.39,,,,,,,,0
2022-10-12,基金,豆粕ETF华夏(159985.XSHE),多,24300股,24300股,1.769,42986.7,16615.38,1.085,-,0,340.2,0股,63.01%,989134.49,4.35%
2022-10-12,基金,10年地债(511270.XSHG),多,5600股,5600股,107.976,604665.6,43716.93,100.169,-,0,-16.8,0股,7.79%,989134.49,61.13%
2022-10-12,基金,纳指ETF(513100.XSHG),多,75600股,75600股,0.797,60253.2,-9746.01,0.926,-,0,378,0股,-13.92%,989134.49,6.09%
2022-10-12,基金,黄金ETF(518880.XSHG),多,31800股,31800股,3.812,121221.6,-2492.43,3.89,-,0,318,0股,-2.01%,989134.49,12.26%
2022-10-12,股票,长江电力(600900.XSHG),多,2300股,2300股,23.21,53383,7533.38,19.935,-,0,-483,0股,16.43%,989134.49,5.4%
2022-10-12,股票,农业银行(601288.XSHG),多,36600股,36600股,2.86,104676,2957.5,2.779,-,0,-366,0股,2.91%,989134.49,10.58%
2022-10-12,,Cash,,,,,1948.39,,,,,,,,0
2022-10-13,基金,豆粕ETF华夏(159985.XSHE),多,24300股,24300股,1.773,43083.9,16712.58,1.085,-,0,97.2,0股,63.37%,988728.09,4.36%
2022-10-13,基金,10年地债(511270.XSHG),多,5600股,5600股,108.022,604923.2,43974.53,100.169,-,0,257.6,0股,7.84%,988728.09,61.18%
2022-10-13,基金,纳指ETF(513100.XSHG),多,75600股,75600股,0.79,59724,-10275.21,0.926,-,0,-529.2,0股,-14.68%,988728.09,6.04%
2022-10-13,基金,黄金ETF(518880.XSHG),多,31800股,31800股,3.817,121380.6,-2333.43,3.89,-,0,159,0股,-1.89%,988728.09,12.28%
2022-10-13,股票,长江电力(600900.XSHG),多,2300股,2300股,23.04,52992,7142.38,19.935,-,0,-391,0股,15.58%,988728.09,5.36%
2022-10-13,股票,农业银行(601288.XSHG),多,36600股,36600股,2.86,104676,2957.5,2.779,-,0,0,0股,2.91%,988728.09,10.59%
2022-10-13,,Cash,,,,,1948.39,,,,,,,,0
2022-10-14,基金,豆粕ETF华夏(159985.XSHE),多,24300股,24300股,1.805,43861.5,17490.18,1.085,-,0,777.6,0股,66.32%,990690.49,4.43%
2022-10-14,基金,10年地债(511270.XSHG),多,5600股,5600股,108.071,605197.6,44248.93,100.169,-,0,274.4,0股,7.89%,990690.49,61.09%
2022-10-14,基金,纳指ETF(513100.XSHG),多,75600股,75600股,0.811,61311.6,-8687.61,0.926,-,0,1587.6,0股,-12.41%,990690.49,6.19%
2022-10-14,基金,黄金ETF(518880.XSHG),多,31800股,31800股,3.813,121253.4,-2460.63,3.89,-,0,-127.2,0股,-1.99%,990690.49,12.24%
2022-10-14,股票,长江电力(600900.XSHG),多,2300股,2300股,22.96,52808,6958.38,19.935,-,0,-184,0股,15.18%,990690.49,5.33%
2022-10-14,股票,农业银行(601288.XSHG),多,36600股,36600股,2.85,104310,2591.5,2.779,-,0,-366,0股,2.55%,990690.49,10.53%
2022-10-14,,Cash,,,,,1948.39,,,,,,,,0
2022-10-17,基金,豆粕ETF华夏(159985.XSHE),多,27200股,27200股,1.76,47872,16358.98,1.159,-,0,-1131.2,2900股,51.91%,987374.78,4.85%
2022-10-17,基金,10年地债(511270.XSHG),多,5600股,5600股,108.128,605516.8,44568.13,100.169,-,0,319.2,0股,7.95%,987374.78,61.33%
2022-10-17,基金,纳指ETF(513100.XSHG),多,75600股,75600股,0.793,59950.8,-10048.41,0.926,-,0,-1360.8,0股,-14.36%,987374.78,6.07%
2022-10-17,基金,黄金ETF(518880.XSHG),多,31400股,31400股,3.792,119068.8,-3089.08,3.89,-,0,-659.4,0股,-2.53%,987374.78,12.06%
2022-10-17,股票,长江电力(600900.XSHG),多,2300股,2300股,22.76,52348,6498.38,19.935,-,0,-460,0股,14.17%,987374.78,5.3%
2022-10-17,股票,农业银行(601288.XSHG),多,36000股,36000股,2.85,102600,2549.02,2.779,-,0,0,0股,2.55%,987374.78,10.39%
2022-10-17,,Cash,,,,,18.38,,,,,,,,0
2022-10-18,基金,豆粕ETF华夏(159985.XSHE),多,27200股,27200股,1.737,47246.4,15733.38,1.159,-,0,-625.6,0股,49.93%,989618.18,4.77%
2022-10-18,基金,10年地债(511270.XSHG),多,5600股,5600股,108.252,606211.2,45262.53,100.169,-,0,694.4,0股,8.07%,989618.18,61.26%
2022-10-18,基金,纳指ETF(513100.XSHG),多,75600股,75600股,0.824,62294.4,-7704.81,0.926,-,0,2343.6,0股,-11.01%,989618.18,6.29%
2022-10-18,基金,黄金ETF(518880.XSHG),多,31400股,31400股,3.802,119382.8,-2775.08,3.89,-,0,314,0股,-2.27%,989618.18,12.06%
2022-10-18,股票,长江电力(600900.XSHG),多,2300股,2300股,22.55,51865,6015.38,19.935,-,0,-483,0股,13.12%,989618.18,5.24%
2022-10-18,股票,农业银行(601288.XSHG),多,36000股,36000股,2.85,102600,2549.02,2.779,-,0,0,0股,2.55%,989618.18,10.37%
2022-10-18,,Cash,,,,,18.38,,,,,,,,0
2022-10-19,基金,豆粕ETF华夏(159985.XSHE),多,27200股,27200股,1.735,47192,15678.98,1.159,-,0,-54.4,0股,49.75%,988885.18,4.77%
2022-10-19,基金,10年地债(511270.XSHG),多,5600股,5600股,108.36,606816,45867.33,100.169,-,0,604.8,0股,8.18%,988885.18,61.36%
2022-10-19,基金,纳指ETF(513100.XSHG),多,75600股,75600股,0.821,62067.6,-7931.61,0.926,-,0,-226.8,0股,-11.33%,988885.18,6.28%
2022-10-19,基金,黄金ETF(518880.XSHG),多,31400股,31400股,3.793,119100.2,-3057.68,3.89,-,0,-282.6,0股,-2.5%,988885.18,12.04%
2022-10-19,股票,长江电力(600900.XSHG),多,2300股,2300股,22.37,51451,5601.38,19.935,-,0,-414,0股,12.22%,988885.18,5.2%
2022-10-19,股票,农业银行(601288.XSHG),多,36000股,36000股,2.84,102240,2189.02,2.779,-,0,-360,0股,2.19%,988885.18,10.34%
2022-10-19,,Cash,,,,,18.38,,,,,,,,0
2022-10-20,基金,豆粕ETF华夏(159985.XSHE),多,27200股,27200股,1.743,47409.6,15896.58,1.159,-,0,217.6,0股,50.44%,988030.58,4.8%
2022-10-20,基金,10年地债(511270.XSHG),多,5600股,5600股,108.339,606698.4,45749.73,100.169,-,0,-117.6,0股,8.16%,988030.58,61.4%
2022-10-20,基金,纳指ETF(513100.XSHG),多,75600股,75600股,0.812,61387.2,-8612.01,0.926,-,0,-680.4,0股,-12.3%,988030.58,6.21%
2022-10-20,基金,黄金ETF(518880.XSHG),多,31400股,31400股,3.775,118535,-3622.88,3.89,-,0,-565.2,0股,-2.97%,988030.58,12%
2022-10-20,股票,长江电力(600900.XSHG),多,2300股,2300股,22.34,51382,5532.38,19.935,-,0,-69,0股,12.07%,988030.58,5.2%
2022-10-20,股票,农业银行(601288.XSHG),多,36000股,36000股,2.85,102600,2549.02,2.779,-,0,360,0股,2.55%,988030.58,10.38%
2022-10-20,,Cash,,,,,18.38,,,,,,,,0
2022-10-21,基金,豆粕ETF华夏(159985.XSHE),多,27200股,27200股,1.741,47355.2,15842.18,1.159,-,0,-54.4,0股,50.27%,988539.58,4.79%
2022-10-21,基金,10年地债(511270.XSHG),多,5600股,5600股,108.396,607017.6,46068.93,100.169,-,0,319.2,0股,8.21%,988539.58,61.41%
2022-10-21,基金,纳指ETF(513100.XSHG),多,75600股,75600股,0.81,61236,-8763.21,0.926,-,0,-151.2,0股,-12.52%,988539.58,6.19%
2022-10-21,基金,黄金ETF(518880.XSHG),多,31400股,31400股,3.771,118409.4,-3748.48,3.89,-,0,-125.6,0股,-3.07%,988539.58,11.98%
2022-10-21,股票,长江电力(600900.XSHG),多,2300股,2300股,22.41,51543,5693.38,19.935,-,0,161,0股,12.42%,988539.58,5.21%
2022-10-21,股票,农业银行(601288.XSHG),多,36000股,36000股,2.86,102960,2909.02,2.779,-,0,360,0股,2.91%,988539.58,10.42%
2022-10-21,,Cash,,,,,18.38,,,,,,,,0
2022-10-24,基金,豆粕ETF华夏(159985.XSHE),多,27200股,27200股,1.755,47736,16222.98,1.159,-,0,380.8,0股,51.48%,990682.98,4.82%
2022-10-24,基金,10年地债(511270.XSHG),多,5600股,5600股,108.428,607196.8,46248.13,100.169,-,0,179.2,0股,8.24%,990682.98,61.29%
2022-10-24,基金,纳指ETF(513100.XSHG),多,75600股,75600股,0.833,62974.8,-7024.41,0.926,-,0,1738.8,0股,-10.03%,990682.98,6.36%
2022-10-24,基金,黄金ETF(518880.XSHG),多,31400股,31400股,3.82,119948,-2209.88,3.89,-,0,1538.6,0股,-1.81%,990682.98,12.11%
2022-10-24,股票,长江电力(600900.XSHG),多,2300股,2300股,21.83,50209,4359.38,19.935,-,0,-1334,0股,9.51%,990682.98,5.07%
2022-10-24,股票,农业银行(601288.XSHG),多,36000股,36000股,2.85,102600,2549.02,2.779,-,0,-360,0股,2.55%,990682.98,10.36%
2022-10-24,,Cash,,,,,18.38,,,,,,,,0
2022-10-25,基金,豆粕ETF华夏(159985.XSHE),多,27200股,27200股,1.752,47654.4,16141.38,1.159,-,0,-81.6,0股,51.22%,992346.78,4.8%
2022-10-25,基金,10年地债(511270.XSHG),多,5600股,5600股,108.424,607174.4,46225.73,100.169,-,0,-22.4,0股,8.24%,992346.78,61.19%
2022-10-25,基金,纳指ETF(513100.XSHG),多,75600股,75600股,0.848,64108.8,-5890.41,0.926,-,0,1134,0股,-8.41%,992346.78,6.46%
2022-10-25,基金,黄金ETF(518880.XSHG),多,31400股,31400股,3.827,120167.8,-1990.08,3.89,-,0,219.8,0股,-1.63%,992346.78,12.11%
2022-10-25,股票,长江电力(600900.XSHG),多,2300股,2300股,22.01,50623,4773.38,19.935,-,0,414,0股,10.41%,992346.78,5.1%
2022-10-25,股票,农业银行(601288.XSHG),多,36000股,36000股,2.85,102600,2549.02,2.779,-,0,0,0股,2.55%,992346.78,10.34%
2022-10-25,,Cash,,,,,18.38,,,,,,,,0
2022-10-26,基金,豆粕ETF华夏(159985.XSHE),多,27200股,27200股,1.778,48361.6,16848.58,1.159,-,0,707.2,0股,53.47%,993107.78,4.87%
2022-10-26,基金,10年地债(511270.XSHG),多,5600股,5600股,108.66,608496,47547.33,100.169,-,0,1321.6,0股,8.48%,993107.78,61.27%
2022-10-26,基金,纳指ETF(513100.XSHG),多,75600股,75600股,0.842,63655.2,-6344.01,0.926,-,0,-453.6,0股,-9.06%,993107.78,6.41%
2022-10-26,基金,黄金ETF(518880.XSHG),多,31400股,31400股,3.824,120073.6,-2084.28,3.89,-,0,-94.2,0股,-1.71%,993107.78,12.09%
2022-10-26,股票,长江电力(600900.XSHG),多,2300股,2300股,22.01,50623,4773.38,19.935,-,0,0,0股,10.41%,993107.78,5.1%
2022-10-26,股票,农业银行(601288.XSHG),多,36000股,36000股,2.83,101880,1829.02,2.779,-,0,-720,0股,1.83%,993107.78,10.26%
2022-10-26,,Cash,,,,,18.38,,,,,,,,0
2022-10-27,基金,豆粕ETF华夏(159985.XSHE),多,27200股,27200股,1.769,48116.8,16603.78,1.159,-,0,-244.8,0股,52.69%,988189.58,4.87%
2022-10-27,基金,10年地债(511270.XSHG),多,5600股,5600股,108.544,607846.4,46897.73,100.169,-,0,-649.6,0股,8.36%,988189.58,61.51%
2022-10-27,基金,纳指ETF(513100.XSHG),多,75600股,75600股,0.837,63277.2,-6722.01,0.926,-,0,-378,0股,-9.6%,988189.58,6.4%
2022-10-27,基金,黄金ETF(518880.XSHG),多,31400股,31400股,3.817,119853.8,-2304.08,3.89,-,0,-219.8,0股,-1.89%,988189.58,12.13%
2022-10-27,股票,长江电力(600900.XSHG),多,2300股,2300股,20.99,48277,2427.38,19.935,-,0,-2346,0股,5.29%,988189.58,4.89%
2022-10-27,股票,农业银行(601288.XSHG),多,36000股,36000股,2.8,100800,749.02,2.779,-,0,-1080,0股,0.75%,988189.58,10.2%
2022-10-27,,Cash,,,,,18.38,,,,,,,,0
2022-10-28,基金,豆粕ETF华夏(159985.XSHE),多,27200股,27200股,1.754,47708.8,16195.78,1.159,-,0,-408,0股,51.39%,985230.78,4.84%
2022-10-28,基金,10年地债(511270.XSHG),多,5600股,5600股,108.55,607880,46931.33,100.169,-,0,33.6,0股,8.37%,985230.78,61.7%
2022-10-28,基金,纳指ETF(513100.XSHG),多,75600股,75600股,0.811,61311.6,-8687.61,0.926,-,0,-1965.6,0股,-12.41%,985230.78,6.22%
2022-10-28,基金,黄金ETF(518880.XSHG),多,31400股,31400股,3.82,119948,-2209.88,3.89,-,0,94.2,0股,-1.81%,985230.78,12.17%
2022-10-28,股票,长江电力(600900.XSHG),多,2300股,2300股,20.68,47564,1714.38,19.935,-,0,-713,0股,3.74%,985230.78,4.83%
2022-10-28,股票,农业银行(601288.XSHG),多,36000股,36000股,2.8,100800,749.02,2.779,-,0,0,0股,0.75%,985230.78,10.23%
2022-10-28,,Cash,,,,,18.38,,,,,,,,0
2022-10-31,基金,豆粕ETF华夏(159985.XSHE),多,27200股,27200股,1.783,48497.6,16984.58,1.159,-,0,788.8,0股,53.9%,986296.58,4.92%
2022-10-31,基金,10年地债(511270.XSHG),多,5600股,5600股,108.589,608098.4,47149.73,100.169,-,0,218.4,0股,8.41%,986296.58,61.65%
2022-10-31,基金,纳指ETF(513100.XSHG),多,75600股,75600股,0.849,64184.4,-5814.81,0.926,-,0,2872.8,0股,-8.31%,986296.58,6.51%
2022-10-31,基金,黄金ETF(518880.XSHG),多,31400股,31400股,3.807,119539.8,-2618.08,3.89,-,0,-408.2,0股,-2.14%,986296.58,12.12%
2022-10-31,股票,长江电力(600900.XSHG),多,2300股,2300股,20.26,46598,748.38,19.935,-,0,-966,0股,1.63%,986296.58,4.72%
2022-10-31,股票,农业银行(601288.XSHG),多,36000股,36000股,2.76,99360,-690.98,2.779,-,0,-1440,0股,-0.69%,986296.58,10.07%
2022-10-31,,Cash,,,,,18.38,,,,,,,,0
2022-11-01,基金,豆粕ETF华夏(159985.XSHE),多,27200股,27200股,1.834,49884.8,18371.78,1.159,-,0,1387.2,0股,58.3%,987356.78,5.05%
2022-11-01,基金,10年地债(511270.XSHG),多,5600股,5600股,108.655,608468,47519.33,100.169,-,0,369.6,0股,8.47%,987356.78,61.63%
2022-11-01,基金,纳指ETF(513100.XSHG),多,75600股,75600股,0.851,64335.6,-5663.61,0.926,-,0,151.2,0股,-8.09%,987356.78,6.52%
2022-11-01,基金,黄金ETF(518880.XSHG),多,31400股,31400股,3.81,119634,-2523.88,3.89,-,0,94.2,0股,-2.07%,987356.78,12.12%
2022-11-01,股票,长江电力(600900.XSHG),多,2300股,2300股,20.32,46736,886.38,19.935,-,0,138,0股,1.93%,987356.78,4.73%
2022-11-01,股票,农业银行(601288.XSHG),多,36000股,36000股,2.73,98280,-1770.98,2.779,-,0,-1080,0股,-1.77%,987356.78,9.95%
2022-11-01,,Cash,,,,,18.38,,,,,,,,0
2022-11-02,基金,豆粕ETF华夏(159985.XSHE),多,27200股,27200股,1.827,49694.4,18181.38,1.159,-,0,-190.4,0股,57.69%,984937.38,5.05%
2022-11-02,基金,10年地债(511270.XSHG),多,5600股,5600股,108.4,607040,46091.33,100.169,-,0,-1428,0股,8.22%,984937.38,61.63%
2022-11-02,基金,纳指ETF(513100.XSHG),多,75600股,75600股,0.838,63352.8,-6646.41,0.926,-,0,-982.8,0股,-9.49%,984937.38,6.43%
2022-11-02,基金,黄金ETF(518880.XSHG),多,31400股,31400股,3.817,119853.8,-2304.08,3.89,-,0,219.8,0股,-1.89%,984937.38,12.17%
2022-11-02,股票,长江电力(600900.XSHG),多,2300股,2300股,20.46,47058,1208.38,19.935,-,0,322,0股,2.64%,984937.38,4.78%
2022-11-02,股票,农业银行(601288.XSHG),多,36000股,36000股,2.72,97920,-2130.98,2.779,-,0,-360,0股,-2.13%,984937.38,9.94%
2022-11-02,,Cash,,,,,18.38,,,,,,,,0
2022-11-03,基金,豆粕ETF华夏(159985.XSHE),多,27200股,27200股,1.825,49640,18126.98,1.159,-,0,-54.4,0股,57.52%,981624.18,5.06%
2022-11-03,基金,10年地债(511270.XSHG),多,5600股,5600股,108.42,607152,46203.33,100.169,-,0,112,0股,8.24%,981624.18,61.85%
2022-11-03,基金,纳指ETF(513100.XSHG),多,75600股,75600股,0.813,61462.8,-8536.41,0.926,-,0,-1890,0股,-12.2%,981624.18,6.26%
2022-11-03,基金,黄金ETF(518880.XSHG),多,31400股,31400股,3.805,119477,-2680.88,3.89,-,0,-376.8,0股,-2.19%,981624.18,12.17%
2022-11-03,股票,长江电力(600900.XSHG),多,2300股,2300股,19.98,45954,104.38,19.935,-,0,-1104,0股,0.23%,981624.18,4.68%
2022-11-03,股票,农业银行(601288.XSHG),多,36000股,36000股,2.72,97920,-2130.98,2.779,-,0,0,0股,-2.13%,981624.18,9.98%
2022-11-03,,Cash,,,,,18.38,,,,,,,,0
2022-11-04,基金,豆粕ETF华夏(159985.XSHE),多,27200股,27200股,1.823,49585.6,18072.58,1.159,-,0,-54.4,0股,57.35%,982821.18,5.05%
2022-11-04,基金,10年地债(511270.XSHG),多,5600股,5600股,108.377,606911.2,45962.53,100.169,-,0,-240.8,0股,8.19%,982821.18,61.75%
2022-11-04,基金,纳指ETF(513100.XSHG),多,75600股,75600股,0.814,61538.4,-8460.81,0.926,-,0,75.6,0股,-12.09%,982821.18,6.26%
2022-11-04,基金,黄金ETF(518880.XSHG),多,31400股,31400股,3.804,119445.6,-2712.28,3.89,-,0,-31.4,0股,-2.22%,982821.18,12.15%
2022-11-04,股票,长江电力(600900.XSHG),多,2300股,2300股,20.14,46322,472.38,19.935,-,0,368,0股,1.03%,982821.18,4.71%
2022-11-04,股票,农业银行(601288.XSHG),多,36000股,36000股,2.75,99000,-1050.98,2.779,-,0,1080,0股,-1.05%,982821.18,10.07%
2022-11-04,,Cash,,,,,18.38,,,,,,,,0
2022-11-07,基金,豆粕ETF华夏(159985.XSHE),多,27200股,27200股,1.833,49857.6,18344.58,1.159,-,0,272,0股,58.21%,983997.58,5.07%
2022-11-07,基金,10年地债(511270.XSHG),多,5600股,5600股,108.368,606860.8,45912.13,100.169,-,0,-50.4,0股,8.18%,983997.58,61.67%
2022-11-07,基金,纳指ETF(513100.XSHG),多,75600股,75600股,0.815,61614,-8385.21,0.926,-,0,75.6,0股,-11.98%,983997.58,6.26%
2022-11-07,基金,黄金ETF(518880.XSHG),多,31400股,31400股,3.832,120324.8,-1833.08,3.89,-,0,879.2,0股,-1.5%,983997.58,12.23%
2022-11-07,股票,长江电力(600900.XSHG),多,2300股,2300股,20.14,46322,472.38,19.935,-,0,0,0股,1.03%,983997.58,4.71%
2022-11-07,股票,农业银行(601288.XSHG),多,36000股,36000股,2.75,99000,-1050.98,2.779,-,0,0,0股,-1.05%,983997.58,10.06%
2022-11-07,,Cash,,,,,18.38,,,,,,,,0
2022-11-08,基金,豆粕ETF华夏(159985.XSHE),多,29000股,29000股,1.847,53563,18734.38,1.201,-,0,389.8,1800股,53.79%,983755.18,5.44%
2022-11-08,基金,10年地债(511270.XSHG),多,5400股,5400股,108.384,585273.6,44358.81,100.169,-,0,86.4,0股,8.2%,983755.18,59.49%
2022-11-08,基金,纳指ETF(513100.XSHG),多,79200股,79200股,0.816,64627.2,-8313.21,0.921,-,0,72,3600股,-11.4%,983755.18,6.57%
2022-11-08,基金,黄金ETF(518880.XSHG),多,32700股,32700股,3.839,125535.3,-1618.48,3.888,-,0,214.6,1300股,-1.27%,983755.18,12.76%
2022-11-08,股票,长江电力(600900.XSHG),多,2400股,2300股,20.05,48120,248.38,19.947,-,0,-224,100股,0.52%,983755.18,4.89%
2022-11-08,股票,农业银行(601288.XSHG),多,39000股,36000股,2.73,106470,-1800.98,2.776,-,0,-750,3000股,-1.66%,983755.18,10.82%
2022-11-08,,Cash,,,,,166.08,,,,,,,,0
2022-11-09,基金,豆粕ETF华夏(159985.XSHE),多,29000股,29000股,1.849,53621,18792.38,1.201,-,0,58,0股,53.96%,988148.18,5.43%
2022-11-09,基金,10年地债(511270.XSHG),多,5400股,5400股,108.34,585036,44121.21,100.169,-,0,-237.6,0股,8.16%,988148.18,59.21%
2022-11-09,基金,纳指ETF(513100.XSHG),多,79200股,79200股,0.818,64785.6,-8154.81,0.921,-,0,158.4,0股,-11.18%,988148.18,6.56%
2022-11-09,基金,黄金ETF(518880.XSHG),多,32700股,32700股,3.945,129001.5,1847.72,3.888,-,0,3466.2,0股,1.45%,988148.18,13.05%
2022-11-09,股票,长江电力(600900.XSHG),多,2400股,2400股,20.12,48288,416.38,19.947,-,0,168,0股,0.87%,988148.18,4.89%
2022-11-09,股票,农业银行(601288.XSHG),多,39000股,39000股,2.75,107250,-1020.98,2.776,-,0,780,0股,-0.94%,988148.18,10.85%
2022-11-09,,Cash,,,,,166.08,,,,,,,,0
2022-11-10,基金,豆粕ETF华夏(159985.XSHE),多,29000股,29000股,1.868,54172,19343.38,1.201,-,0,551,0股,55.54%,987560.38,5.49%
2022-11-10,基金,10年地债(511270.XSHG),多,5400股,5400股,108.378,585241.2,44326.41,100.169,-,0,205.2,0股,8.19%,987560.38,59.26%
2022-11-10,基金,纳指ETF(513100.XSHG),多,79200股,79200股,0.808,63993.6,-8946.81,0.921,-,0,-792,0股,-12.27%,987560.38,6.48%
2022-11-10,基金,黄金ETF(518880.XSHG),多,32700股,32700股,3.925,128347.5,1193.72,3.888,-,0,-654,0股,0.94%,987560.38,13%
2022-11-10,股票,长江电力(600900.XSHG),多,2400股,2400股,20,48000,128.38,19.947,-,0,-288,0股,0.27%,987560.38,4.86%
2022-11-10,股票,农业银行(601288.XSHG),多,39000股,39000股,2.76,107640,-630.98,2.776,-,0,390,0股,-0.58%,987560.38,10.9%
2022-11-10,,Cash,,,,,166.08,,,,,,,,0
2022-11-11,基金,豆粕ETF华夏(159985.XSHE),多,29000股,29000股,1.838,53302,18473.38,1.201,-,0,-870,0股,53.04%,993110.08,5.37%
2022-11-11,基金,10年地债(511270.XSHG),多,5400股,5400股,108.312,584884.8,43970.01,100.169,-,0,-356.4,0股,8.13%,993110.08,58.89%
2022-11-11,基金,纳指ETF(513100.XSHG),多,79200股,79200股,0.854,67636.8,-5303.61,0.921,-,0,3643.2,0股,-7.27%,993110.08,6.81%
2022-11-11,基金,黄金ETF(518880.XSHG),多,32700股,32700股,3.952,129230.4,2076.62,3.888,-,0,882.9,0股,1.63%,993110.08,13.01%
2022-11-11,股票,长江电力(600900.XSHG),多,2400股,2400股,20.45,49080,1208.38,19.947,-,0,1080,0股,2.52%,993110.08,4.94%
2022-11-11,股票,农业银行(601288.XSHG),多,39000股,39000股,2.79,108810,539.02,2.776,-,0,1170,0股,0.5%,993110.08,10.96%
2022-11-11,,Cash,,,,,166.08,,,,,,,,0
2022-11-14,基金,豆粕ETF华夏(159985.XSHE),多,29000股,29000股,1.807,52403,17574.38,1.201,-,0,-899,0股,50.46%,988353.38,5.3%
2022-11-14,基金,10年地债(511270.XSHG),多,5400股,5400股,107.974,583059.6,42144.81,100.169,-,0,-1825.2,0股,7.79%,988353.38,58.99%
2022-11-14,基金,纳指ETF(513100.XSHG),多,79200股,79200股,0.848,67161.6,-5778.81,0.921,-,0,-475.2,0股,-7.92%,988353.38,6.8%
2022-11-14,基金,黄金ETF(518880.XSHG),多,32700股,32700股,3.913,127955.1,801.32,3.888,-,0,-1275.3,0股,0.63%,988353.38,12.95%
2022-11-14,股票,长江电力(600900.XSHG),多,2400股,2400股,20.17,48408,536.38,19.947,-,0,-672,0股,1.12%,988353.38,4.9%
2022-11-14,股票,农业银行(601288.XSHG),多,39000股,39000股,2.8,109200,929.02,2.776,-,0,390,0股,0.86%,988353.38,11.05%
2022-11-14,,Cash,,,,,166.08,,,,,,,,0
2022-11-15,基金,豆粕ETF华夏(159985.XSHE),多,29000股,29000股,1.804,52316,17487.38,1.201,-,0,-87,0股,50.21%,991004.78,5.28%
2022-11-15,基金,10年地债(511270.XSHG),多,5400股,5400股,107.884,582573.6,41658.81,100.169,-,0,-486,0股,7.7%,991004.78,58.79%
2022-11-15,基金,纳指ETF(513100.XSHG),多,79200股,79200股,0.855,67716,-5224.41,0.921,-,0,554.4,0股,-7.16%,991004.78,6.83%
2022-11-15,基金,黄金ETF(518880.XSHG),多,32700股,32700股,3.933,128609.1,1455.32,3.888,-,0,654,0股,1.14%,991004.78,12.98%
2022-11-15,股票,长江电力(600900.XSHG),多,2400股,2400股,21.01,50424,2552.38,19.947,-,0,2016,0股,5.33%,991004.78,5.09%
2022-11-15,股票,农业银行(601288.XSHG),多,39000股,39000股,2.8,109200,929.02,2.776,-,0,0,0股,0.86%,991004.78,11.02%
2022-11-15,,Cash,,,,,166.08,,,,,,,,0
2022-11-16,基金,豆粕ETF华夏(159985.XSHE),多,29000股,29000股,1.813,52577,17748.38,1.201,-,0,261,0股,50.96%,991998.68,5.3%
2022-11-16,基金,10年地债(511270.XSHG),多,5400股,5400股,107.859,582438.6,41523.81,100.169,-,0,-135,0股,7.68%,991998.68,58.71%
2022-11-16,基金,纳指ETF(513100.XSHG),多,79200股,79200股,0.861,68191.2,-4749.21,0.921,-,0,475.2,0股,-6.51%,991998.68,6.87%
2022-11-16,基金,黄金ETF(518880.XSHG),多,32700股,32700股,3.954,129295.8,2142.02,3.888,-,0,686.7,0股,1.68%,991998.68,13.03%
2022-11-16,股票,长江电力(600900.XSHG),多,2400股,2400股,21.05,50520,2648.38,19.947,-,0,96,0股,5.53%,991998.68,5.09%
2022-11-16,股票,农业银行(601288.XSHG),多,39000股,39000股,2.79,108810,539.02,2.776,-,0,-390,0股,0.5%,991998.68,10.97%
2022-11-16,,Cash,,,,,166.08,,,,,,,,0
2022-11-17,基金,豆粕ETF华夏(159985.XSHE),多,29000股,29000股,1.803,52287,17458.38,1.201,-,0,-290,0股,50.13%,992411.88,5.27%
2022-11-17,基金,10年地债(511270.XSHG),多,5400股,5400股,107.945,582903,41988.21,100.169,-,0,464.4,0股,7.76%,992411.88,58.74%
2022-11-17,基金,纳指ETF(513100.XSHG),多,79200股,79200股,0.856,67795.2,-5145.21,0.921,-,0,-396,0股,-7.05%,992411.88,6.83%
2022-11-17,基金,黄金ETF(518880.XSHG),多,32700股,32700股,3.958,129426.6,2272.82,3.888,-,0,130.8,0股,1.79%,992411.88,13.04%
2022-11-17,股票,长江电力(600900.XSHG),多,2400股,2400股,21.26,51024,3152.38,19.947,-,0,504,0股,6.59%,992411.88,5.14%
2022-11-17,股票,农业银行(601288.XSHG),多,39000股,39000股,2.79,108810,539.02,2.776,-,0,0,0股,0.5%,992411.88,10.96%
2022-11-17,,Cash,,,,,166.08,,,,,,,,0
2022-11-18,基金,豆粕ETF华夏(159985.XSHE),多,29000股,29000股,1.787,51823,16994.38,1.201,-,0,-464,0股,48.79%,991442.08,5.23%
2022-11-18,基金,10年地债(511270.XSHG),多,5400股,5400股,108.025,583335,42420.21,100.169,-,0,432,0股,7.84%,991442.08,58.84%
2022-11-18,基金,纳指ETF(513100.XSHG),多,79200股,79200股,0.853,67557.6,-5382.81,0.921,-,0,-237.6,0股,-7.38%,991442.08,6.81%
2022-11-18,基金,黄金ETF(518880.XSHG),多,32700股,32700股,3.952,129230.4,2076.62,3.888,-,0,-196.2,0股,1.63%,991442.08,13.03%
2022-11-18,股票,长江电力(600900.XSHG),多,2400股,2400股,21.05,50520,2648.38,19.947,-,0,-504,0股,5.53%,991442.08,5.1%
2022-11-18,股票,农业银行(601288.XSHG),多,39000股,39000股,2.79,108810,539.02,2.776,-,0,0,0股,0.5%,991442.08,10.97%
2022-11-18,,Cash,,,,,166.08,,,,,,,,0
2022-11-21,基金,豆粕ETF华夏(159985.XSHE),多,29000股,29000股,1.796,52084,17255.38,1.201,-,0,261,0股,49.54%,992631.28,5.25%
2022-11-21,基金,10年地债(511270.XSHG),多,5400股,5400股,108.32,584928,44013.21,100.169,-,0,1593,0股,8.14%,992631.28,58.93%
2022-11-21,基金,纳指ETF(513100.XSHG),多,79200股,79200股,0.85,67320,-5620.41,0.921,-,0,-237.6,0股,-7.71%,992631.28,6.78%
2022-11-21,基金,黄金ETF(518880.XSHG),多,32700股,32700股,3.936,128707.2,1553.42,3.888,-,0,-523.2,0股,1.22%,992631.28,12.97%
2022-11-21,股票,长江电力(600900.XSHG),多,2400股,2400股,21.09,50616,2744.38,19.947,-,0,96,0股,5.73%,992631.28,5.1%
2022-11-21,股票,农业银行(601288.XSHG),多,39000股,39000股,2.79,108810,539.02,2.776,-,0,0,0股,0.5%,992631.28,10.96%
2022-11-21,,Cash,,,,,166.08,,,,,,,,0
2022-11-22,基金,豆粕ETF华夏(159985.XSHE),多,29000股,29000股,1.81,52490,17661.38,1.201,-,0,406,0股,50.71%,993750.68,5.28%
2022-11-22,基金,10年地债(511270.XSHG),多,5400股,5400股,108.319,584922.6,44007.81,100.169,-,0,-5.4,0股,8.14%,993750.68,58.86%
2022-11-22,基金,纳指ETF(513100.XSHG),多,79200股,79200股,0.843,66765.6,-6174.81,0.921,-,0,-554.4,0股,-8.47%,993750.68,6.72%
2022-11-22,基金,黄金ETF(518880.XSHG),多,32700股,32700股,3.932,128576.4,1422.62,3.888,-,0,-130.8,0股,1.12%,993750.68,12.94%
2022-11-22,股票,长江电力(600900.XSHG),多,2400股,2400股,21.35,51240,3368.38,19.947,-,0,624,0股,7.04%,993750.68,5.16%
2022-11-22,股票,农业银行(601288.XSHG),多,39000股,39000股,2.81,109590,1319.02,2.776,-,0,780,0股,1.22%,993750.68,11.03%
2022-11-22,,Cash,,,,,166.08,,,,,,,,0
2022-11-23,基金,豆粕ETF华夏(159985.XSHE),多,29000股,29000股,1.831,53099,18270.38,1.201,-,0,609,0股,52.46%,997323.08,5.32%
2022-11-23,基金,10年地债(511270.XSHG),多,5400股,5400股,108.5,585900,44985.21,100.169,-,0,977.4,0股,8.32%,997323.08,58.75%
2022-11-23,基金,纳指ETF(513100.XSHG),多,79200股,79200股,0.853,67557.6,-5382.81,0.921,-,0,792,0股,-7.38%,997323.08,6.77%
2022-11-23,基金,黄金ETF(518880.XSHG),多,32700股,32700股,3.932,128576.4,1422.62,3.888,-,0,0,0股,1.12%,997323.08,12.89%
2022-11-23,股票,长江电力(600900.XSHG),多,2400股,2400股,21.36,51264,3392.38,19.947,-,0,24,0股,7.09%,997323.08,5.14%
2022-11-23,股票,农业银行(601288.XSHG),多,39000股,39000股,2.84,110760,2489.02,2.776,-,0,1170,0股,2.3%,997323.08,11.11%
2022-11-23,,Cash,,,,,166.08,,,,,,,,0
2022-11-24,基金,豆粕ETF华夏(159985.XSHE),多,29000股,29000股,1.851,53679,18850.38,1.201,-,0,580,0股,54.12%,999070.38,5.37%
2022-11-24,基金,10年地债(511270.XSHG),多,5400股,5400股,108.542,586126.8,45212.01,100.169,-,0,226.8,0股,8.36%,999070.38,58.67%
2022-11-24,基金,纳指ETF(513100.XSHG),多,79200股,79200股,0.863,68349.6,-4590.81,0.921,-,0,792,0股,-6.29%,999070.38,6.84%
2022-11-24,基金,黄金ETF(518880.XSHG),多,32700股,32700股,3.947,129066.9,1913.12,3.888,-,0,490.5,0股,1.5%,999070.38,12.92%
2022-11-24,股票,长江电力(600900.XSHG),多,2400股,2400股,21.38,51312,3440.38,19.947,-,0,48,0股,7.19%,999070.38,5.14%
2022-11-24,股票,农业银行(601288.XSHG),多,39000股,39000股,2.83,110370,2099.02,2.776,-,0,-390,0股,1.94%,999070.38,11.05%
2022-11-24,,Cash,,,,,166.08,,,,,,,,0
2022-11-25,基金,豆粕ETF华夏(159985.XSHE),多,29000股,29000股,1.868,54172,19343.38,1.201,-,0,493,0股,55.54%,1003181.38,5.4%
2022-11-25,基金,10年地债(511270.XSHG),多,5400股,5400股,108.63,586602,45687.21,100.169,-,0,475.2,0股,8.45%,1003181.38,58.47%
2022-11-25,基金,纳指ETF(513100.XSHG),多,79200股,79200股,0.865,68508,-4432.41,0.921,-,0,158.4,0股,-6.08%,1003181.38,6.83%
2022-11-25,基金,黄金ETF(518880.XSHG),多,32700股,32700股,3.959,129459.3,2305.52,3.888,-,0,392.4,0股,1.81%,1003181.38,12.9%
2022-11-25,股票,长江电力(600900.XSHG),多,2400股,2400股,21.81,52344,4472.38,19.947,-,0,1032,0股,9.34%,1003181.38,5.22%
2022-11-25,股票,农业银行(601288.XSHG),多,39000股,39000股,2.87,111930,3659.02,2.776,-,0,1560,0股,3.38%,1003181.38,11.16%
2022-11-25,,Cash,,,,,166.08,,,,,,,,0
2022-11-28,基金,豆粕ETF华夏(159985.XSHE),多,29000股,29000股,1.836,53244,18415.38,1.201,-,0,-928,0股,52.87%,1000621.68,5.32%
2022-11-28,基金,10年地债(511270.XSHG),多,5400股,5400股,108.681,586877.4,45962.61,100.169,-,0,275.4,0股,8.5%,1000621.68,58.65%
2022-11-28,基金,纳指ETF(513100.XSHG),多,79200股,79200股,0.854,67636.8,-5303.61,0.921,-,0,-871.2,0股,-7.27%,1000621.68,6.76%
2022-11-28,基金,黄金ETF(518880.XSHG),多,32700股,32700股,3.962,129557.4,2403.62,3.888,-,0,98.1,0股,1.89%,1000621.68,12.95%
2022-11-28,股票,长江电力(600900.XSHG),多,2400股,2400股,21.5,51600,3728.38,19.947,-,0,-744,0股,7.79%,1000621.68,5.16%
2022-11-28,股票,农业银行(601288.XSHG),多,39000股,39000股,2.86,111540,3269.02,2.776,-,0,-390,0股,3.02%,1000621.68,11.15%
2022-11-28,,Cash,,,,,166.08,,,,,,,,0
2022-11-29,基金,豆粕ETF华夏(159985.XSHE),多,29000股,29000股,1.852,53708,18879.38,1.201,-,0,464,0股,54.21%,1000149.98,5.37%
2022-11-29,基金,10年地债(511270.XSHG),多,5400股,5400股,108.517,585991.8,45077.01,100.169,-,0,-885.6,0股,8.33%,1000149.98,58.59%
2022-11-29,基金,纳指ETF(513100.XSHG),多,79200股,79200股,0.852,67478.4,-5462.01,0.921,-,0,-158.4,0股,-7.49%,1000149.98,6.75%
2022-11-29,基金,黄金ETF(518880.XSHG),多,32700股,32700股,3.951,129197.7,2043.92,3.888,-,0,-359.7,0股,1.61%,1000149.98,12.92%
2022-11-29,股票,长江电力(600900.XSHG),多,2400股,2400股,21.37,51288,3416.38,19.947,-,0,-312,0股,7.14%,1000149.98,5.13%
2022-11-29,股票,农业银行(601288.XSHG),多,39000股,39000股,2.88,112320,4049.02,2.776,-,0,780,0股,3.74%,1000149.98,11.23%
2022-11-29,,Cash,,,,,166.08,,,,,,,,0
2022-11-30,基金,豆粕ETF华夏(159985.XSHE),多,29000股,29000股,1.868,54172,19343.38,1.201,-,0,464,0股,55.54%,999859.48,5.42%
2022-11-30,基金,10年地债(511270.XSHG),多,5400股,5400股,108.633,586618.2,45703.41,100.169,-,0,626.4,0股,8.45%,999859.48,58.67%
2022-11-30,基金,纳指ETF(513100.XSHG),多,79200股,79200股,0.842,66686.4,-6254.01,0.921,-,0,-792,0股,-8.57%,999859.48,6.67%
2022-11-30,基金,黄金ETF(518880.XSHG),多,32700股,32700股,3.944,128968.8,1815.02,3.888,-,0,-228.9,0股,1.43%,999859.48,12.9%
2022-11-30,股票,长江电力(600900.XSHG),多,2400股,2400股,21.22,50928,3056.38,19.947,-,0,-360,0股,6.38%,999859.48,5.09%
2022-11-30,股票,农业银行(601288.XSHG),多,39000股,39000股,2.88,112320,4049.02,2.776,-,0,0,0股,3.74%,999859.48,11.23%
2022-11-30,,Cash,,,,,166.08,,,,,,,,0
2022-12-01,基金,豆粕ETF华夏(159985.XSHE),多,29000股,29000股,1.861,53969,19140.38,1.201,-,0,-203,0股,54.96%,1000720.88,5.39%
2022-12-01,基金,10年地债(511270.XSHG),多,5400股,5400股,108.525,586035,45120.21,100.169,-,0,-583.2,0股,8.34%,1000720.88,58.56%
2022-12-01,基金,纳指ETF(513100.XSHG),多,79200股,79200股,0.868,68745.6,-4194.81,0.921,-,0,2059.2,0股,-5.75%,1000720.88,6.87%
2022-12-01,基金,黄金ETF(518880.XSHG),多,32700股,32700股,3.956,129361.2,2207.42,3.888,-,0,392.4,0股,1.74%,1000720.88,12.93%
2022-12-01,股票,长江电力(600900.XSHG),多,2400股,2400股,21.21,50904,3032.38,19.947,-,0,-24,0股,6.33%,1000720.88,5.09%
2022-12-01,股票,农业银行(601288.XSHG),多,39000股,39000股,2.86,111540,3269.02,2.776,-,0,-780,0股,3.02%,1000720.88,11.15%
2022-12-01,,Cash,,,,,166.08,,,,,,,,0
2022-12-02,基金,豆粕ETF华夏(159985.XSHE),多,29000股,29000股,1.858,53882,19053.38,1.201,-,0,-87,0股,54.71%,1000126.58,5.39%
2022-12-02,基金,10年地债(511270.XSHG),多,5400股,5400股,108.294,584787.6,43872.81,100.169,-,0,-1247.4,0股,8.11%,1000126.58,58.47%
2022-12-02,基金,纳指ETF(513100.XSHG),多,79200股,79200股,0.863,68349.6,-4590.81,0.921,-,0,-396,0股,-6.29%,1000126.58,6.83%
2022-12-02,基金,黄金ETF(518880.XSHG),多,32700股,32700股,3.979,130113.3,2959.52,3.888,-,0,752.1,0股,2.33%,1000126.58,13.01%
2022-12-02,股票,长江电力(600900.XSHG),多,2400股,2400股,21.37,51288,3416.38,19.947,-,0,384,0股,7.14%,1000126.58,5.13%
2022-12-02,股票,农业银行(601288.XSHG),多,39000股,39000股,2.86,111540,3269.02,2.776,-,0,0,0股,3.02%,1000126.58,11.15%
2022-12-02,,Cash,,,,,166.08,,,,,,,,0
2022-12-05,基金,豆粕ETF华夏(159985.XSHE),多,29000股,29000股,1.844,53476,18647.38,1.201,-,0,-406,0股,53.54%,998211.28,5.36%
2022-12-05,基金,10年地债(511270.XSHG),多,5400股,5400股,108.086,583664.4,42749.61,100.169,-,0,-1123.2,0股,7.9%,998211.28,58.47%
2022-12-05,基金,纳指ETF(513100.XSHG),多,79200股,79200股,0.854,67636.8,-5303.61,0.921,-,0,-712.8,0股,-7.27%,998211.28,6.78%
2022-12-05,基金,黄金ETF(518880.XSHG),多,32700股,32700股,3.94,128838,1684.22,3.888,-,0,-1275.3,0股,1.32%,998211.28,12.91%
2022-12-05,股票,长江电力(600900.XSHG),多,2400股,2400股,21.55,51720,3848.38,19.947,-,0,432,0股,8.04%,998211.28,5.18%
2022-12-05,股票,农业银行(601288.XSHG),多,39000股,39000股,2.89,112710,4439.02,2.776,-,0,1170,0股,4.1%,998211.28,11.29%
2022-12-05,,Cash,,,,,166.08,,,,,,,,0
2022-12-06,基金,豆粕ETF华夏(159985.XSHE),多,29000股,29000股,1.857,53853,19024.38,1.201,-,0,377,0股,54.62%,995848.08,5.41%
2022-12-06,基金,10年地债(511270.XSHG),多,5400股,5400股,108.104,583761.6,42846.81,100.169,-,0,97.2,0股,7.92%,995848.08,58.62%
2022-12-06,基金,纳指ETF(513100.XSHG),多,79200股,79200股,0.844,66844.8,-6095.61,0.921,-,0,-792,0股,-8.36%,995848.08,6.71%
2022-12-06,基金,黄金ETF(518880.XSHG),多,32700股,32700股,3.898,127464.6,310.82,3.888,-,0,-1373.4,0股,0.24%,995848.08,12.8%
2022-12-06,股票,长江电力(600900.XSHG),多,2400股,2400股,21.27,51048,3176.38,19.947,-,0,-672,0股,6.64%,995848.08,5.13%
2022-12-06,股票,农业银行(601288.XSHG),多,39000股,39000股,2.89,112710,4439.02,2.776,-,0,0,0股,4.1%,995848.08,11.32%
2022-12-06,,Cash,,,,,166.08,,,,,,,,0
2022-12-07,基金,豆粕ETF华夏(159985.XSHE),多,29000股,29000股,1.878,54462,19633.38,1.201,-,0,609,0股,56.37%,994125.48,5.48%
2022-12-07,基金,10年地债(511270.XSHG),多,5400股,5400股,108.032,583372.8,42458.01,100.169,-,0,-388.8,0股,7.85%,994125.48,58.68%
2022-12-07,基金,纳指ETF(513100.XSHG),多,79200股,79200股,0.835,66132,-6808.41,0.921,-,0,-712.8,0股,-9.33%,994125.48,6.65%
2022-12-07,基金,黄金ETF(518880.XSHG),多,32700股,32700股,3.898,127464.6,310.82,3.888,-,0,0,0股,0.24%,994125.48,12.82%
2022-12-07,股票,长江电力(600900.XSHG),多,2400股,2400股,20.92,50208,2336.38,19.947,-,0,-840,0股,4.88%,994125.48,5.05%
2022-12-07,股票,农业银行(601288.XSHG),多,39000股,39000股,2.88,112320,4049.02,2.776,-,0,-390,0股,3.74%,994125.48,11.3%
2022-12-07,,Cash,,,,,166.08,,,,,,,,0
2022-12-08,基金,豆粕ETF华夏(159985.XSHE),多,31000股,31000股,1.925,59675,21030.38,1.247,-,0,1397,2000股,54.42%,996748.5,5.99%
2022-12-08,基金,10年地债(511270.XSHG),多,5200股,5200股,108.1,562120,41239.09,100.169,-,0,353.6,0股,7.92%,996748.5,56.4%
2022-12-08,基金,纳指ETF(513100.XSHG),多,88800股,88800股,0.832,73881.6,-7036.41,0.911,-,0,-228,9600股,-8.7%,996748.5,7.41%
2022-12-08,基金,黄金ETF(518880.XSHG),多,35300股,35300股,3.91,138023,703.22,3.89,-,0,392.4,2600股,0.51%,996748.5,13.85%
2022-12-08,股票,长江电力(600900.XSHG),多,2400股,2400股,20.9,50160,2288.38,19.947,-,0,-48,0股,4.78%,996748.5,5.03%
2022-12-08,股票,农业银行(601288.XSHG),多,38800股,38800股,2.9,112520,4804.26,2.776,-,0,776,0股,4.46%,996748.5,11.29%
2022-12-08,,Cash,,,,,368.9,,,,,,,,0
2022-12-09,基金,豆粕ETF华夏(159985.XSHE),多,31000股,31000股,1.944,60264,21619.38,1.247,-,0,589,0股,55.94%,998048.5,6.04%
2022-12-09,基金,10年地债(511270.XSHG),多,5200股,5200股,108.19,562588,41707.09,100.169,-,0,468,0股,8.01%,998048.5,56.37%
2022-12-09,基金,纳指ETF(513100.XSHG),多,88800股,88800股,0.833,73970.4,-6947.61,0.911,-,0,88.8,0股,-8.59%,998048.5,7.41%
2022-12-09,基金,黄金ETF(518880.XSHG),多,35300股,35300股,3.924,138517.2,1197.42,3.89,-,0,494.2,0股,0.87%,998048.5,13.88%
2022-12-09,股票,长江电力(600900.XSHG),多,2400股,2400股,20.92,50208,2336.38,19.947,-,0,48,0股,4.88%,998048.5,5.03%
2022-12-09,股票,农业银行(601288.XSHG),多,38800股,38800股,2.89,112132,4416.26,2.776,-,0,-388,0股,4.1%,998048.5,11.24%
2022-12-09,,Cash,,,,,368.9,,,,,,,,0
2022-12-12,基金,豆粕ETF华夏(159985.XSHE),多,31000股,31000股,1.914,59334,20689.38,1.247,-,0,-930,0股,53.54%,994629.8,5.97%
2022-12-12,基金,10年地债(511270.XSHG),多,5200股,5200股,108.203,562655.6,41774.69,100.169,-,0,67.6,0股,8.02%,994629.8,56.57%
2022-12-12,基金,纳指ETF(513100.XSHG),多,88800股,88800股,0.825,73260,-7658.01,0.911,-,0,-710.4,0股,-9.46%,994629.8,7.37%
2022-12-12,基金,黄金ETF(518880.XSHG),多,35300股,35300股,3.921,138411.3,1091.52,3.89,-,0,-105.9,0股,0.79%,994629.8,13.92%
2022-12-12,股票,长江电力(600900.XSHG),多,2400股,2400股,20.68,49632,1760.38,19.947,-,0,-576,0股,3.68%,994629.8,4.99%
2022-12-12,股票,农业银行(601288.XSHG),多,38800股,38800股,2.86,110968,3252.26,2.776,-,0,-1164,0股,3.02%,994629.8,11.16%
2022-12-12,,Cash,,,,,368.9,,,,,,,,0
2022-12-13,基金,豆粕ETF华夏(159985.XSHE),多,31000股,31000股,1.909,59179,20534.38,1.247,-,0,-155,0股,53.14%,995759.9,5.94%
2022-12-13,基金,10年地债(511270.XSHG),多,5200股,5200股,108.077,562000.4,41119.49,100.169,-,0,-655.2,0股,7.89%,995759.9,56.44%
2022-12-13,基金,纳指ETF(513100.XSHG),多,88800股,88800股,0.838,74414.4,-6503.61,0.911,-,0,1154.4,0股,-8.04%,995759.9,7.47%
2022-12-13,基金,黄金ETF(518880.XSHG),多,35300股,35300股,3.924,138517.2,1197.42,3.89,-,0,105.9,0股,0.87%,995759.9,13.91%
2022-12-13,股票,长江电力(600900.XSHG),多,2400股,2400股,20.64,49536,1664.38,19.947,-,0,-96,0股,3.48%,995759.9,4.97%
2022-12-13,股票,农业银行(601288.XSHG),多,38800股,38800股,2.88,111744,4028.26,2.776,-,0,776,0股,3.74%,995759.9,11.22%
2022-12-13,,Cash,,,,,368.9,,,,,,,,0
2022-12-14,基金,豆粕ETF华夏(159985.XSHE),多,31000股,31000股,1.895,58745,20100.38,1.247,-,0,-434,0股,52.01%,998507,5.88%
2022-12-14,基金,10年地债(511270.XSHG),多,5200股,5200股,108.174,562504.8,41623.89,100.169,-,0,504.4,0股,7.99%,998507,56.33%
2022-12-14,基金,纳指ETF(513100.XSHG),多,88800股,88800股,0.848,75302.4,-5615.61,0.911,-,0,888,0股,-6.94%,998507,7.54%
2022-12-14,基金,黄金ETF(518880.XSHG),多,35300股,35300股,3.963,139893.9,2574.12,3.89,-,0,1376.7,0股,1.87%,998507,14.01%
2022-12-14,股票,长江电力(600900.XSHG),多,2400股,2400股,20.65,49560,1688.38,19.947,-,0,24,0股,3.53%,998507,4.96%
2022-12-14,股票,农业银行(601288.XSHG),多,38800股,38800股,2.89,112132,4416.26,2.776,-,0,388,0股,4.1%,998507,11.23%
2022-12-14,,Cash,,,,,368.9,,,,,,,,0
2022-12-15,基金,豆粕ETF华夏(159985.XSHE),多,31000股,31000股,1.901,58931,20286.38,1.247,-,0,186,0股,52.49%,995665.2,5.92%
2022-12-15,基金,10年地债(511270.XSHG),多,5200股,5200股,108.152,562390.4,41509.49,100.169,-,0,-114.4,0股,7.97%,995665.2,56.48%
2022-12-15,基金,纳指ETF(513100.XSHG),多,88800股,88800股,0.835,74148,-6770.01,0.911,-,0,-1154.4,0股,-8.37%,995665.2,7.45%
2022-12-15,基金,黄金ETF(518880.XSHG),多,35300股,35300股,3.933,138834.9,1515.12,3.89,-,0,-1059,0股,1.1%,995665.2,13.94%
2022-12-15,股票,长江电力(600900.XSHG),多,2400股,2400股,20.52,49248,1376.38,19.947,-,0,-312,0股,2.88%,995665.2,4.95%
2022-12-15,股票,农业银行(601288.XSHG),多,38800股,38800股,2.88,111744,4028.26,2.776,-,0,-388,0股,3.74%,995665.2,11.22%
2022-12-15,,Cash,,,,,368.9,,,,,,,,0
2022-12-16,基金,豆粕ETF华夏(159985.XSHE),多,31000股,31000股,1.916,59396,20751.38,1.247,-,0,465,0股,53.7%,995493.2,5.97%
2022-12-16,基金,10年地债(511270.XSHG),多,5200股,5200股,107.17,557284,41603.09,99.169,-,0,93.6,0股,8.07%,995493.2,55.98%
2022-12-16,基金,纳指ETF(513100.XSHG),多,88800股,88800股,0.816,72460.8,-8457.21,0.911,-,0,-1687.2,0股,-10.45%,995493.2,7.28%
2022-12-16,基金,黄金ETF(518880.XSHG),多,35300股,35300股,3.915,138199.5,879.72,3.89,-,0,-635.4,0股,0.64%,995493.2,13.88%
2022-12-16,股票,长江电力(600900.XSHG),多,2400股,2400股,20.86,50064,2192.38,19.947,-,0,816,0股,4.58%,995493.2,5.03%
2022-12-16,股票,农业银行(601288.XSHG),多,38800股,38800股,2.9,112520,4804.26,2.776,-,0,776,0股,4.46%,995493.2,11.3%
2022-12-16,,Cash,,,,,5568.9,,,,,,,,0
2022-12-19,基金,豆粕ETF华夏(159985.XSHE),多,31000股,31000股,1.89,58590,19945.38,1.247,-,0,-806,0股,51.61%,992521.9,5.9%
2022-12-19,基金,10年地债(511270.XSHG),多,5200股,5200股,106.96,556192,40511.09,99.169,-,0,-1092,0股,7.86%,992521.9,56.04%
2022-12-19,基金,纳指ETF(513100.XSHG),多,88800股,88800股,0.813,72194.4,-8723.61,0.911,-,0,-266.4,0股,-10.78%,992521.9,7.27%
2022-12-19,基金,黄金ETF(518880.XSHG),多,35300股,35300股,3.942,139152.6,1832.82,3.89,-,0,953.1,0股,1.33%,992521.9,14.02%
2022-12-19,股票,长江电力(600900.XSHG),多,2400股,2400股,20.45,49080,1208.38,19.947,-,0,-984,0股,2.52%,992521.9,4.94%
2022-12-19,股票,农业银行(601288.XSHG),多,38800股,38800股,2.88,111744,4028.26,2.776,-,0,-776,0股,3.74%,992521.9,11.26%
2022-12-19,,Cash,,,,,5568.9,,,,,,,,0
2022-12-20,基金,豆粕ETF华夏(159985.XSHE),多,31000股,31000股,1.901,58931,20286.38,1.247,-,0,341,0股,52.49%,991047,5.95%
2022-12-20,基金,10年地债(511270.XSHG),多,5200股,5200股,107.048,556649.6,40968.69,99.169,-,0,457.6,0股,7.94%,991047,56.17%
2022-12-20,基金,纳指ETF(513100.XSHG),多,88800股,88800股,0.802,71217.6,-9700.41,0.911,-,0,-976.8,0股,-11.99%,991047,7.19%
2022-12-20,基金,黄金ETF(518880.XSHG),多,35300股,35300股,3.943,139187.9,1868.12,3.89,-,0,35.3,0股,1.36%,991047,14.04%
2022-12-20,股票,长江电力(600900.XSHG),多,2400股,2400股,20.38,48912,1040.38,19.947,-,0,-168,0股,2.17%,991047,4.94%
2022-12-20,股票,农业银行(601288.XSHG),多,38800股,38800股,2.85,110580,2864.26,2.776,-,0,-1164,0股,2.66%,991047,11.16%
2022-12-20,,Cash,,,,,5568.9,,,,,,,,0
2022-12-21,基金,豆粕ETF华夏(159985.XSHE),多,31000股,31000股,1.917,59427,20782.38,1.247,-,0,496,0股,53.78%,994259.6,5.98%
2022-12-21,基金,10年地债(511270.XSHG),多,5200股,5200股,107.156,557211.2,41530.29,99.169,-,0,561.6,0股,8.05%,994259.6,56.04%
2022-12-21,基金,纳指ETF(513100.XSHG),多,88800股,88800股,0.809,71839.2,-9078.81,0.911,-,0,621.6,0股,-11.22%,994259.6,7.23%
2022-12-21,基金,黄金ETF(518880.XSHG),多,35300股,35300股,3.981,140529.3,3209.52,3.89,-,0,1341.4,0股,2.34%,994259.6,14.13%
2022-12-21,股票,长江电力(600900.XSHG),多,2400股,2400股,20.46,49104,1232.38,19.947,-,0,192,0股,2.57%,994259.6,4.94%
2022-12-21,股票,农业银行(601288.XSHG),多,38800股,38800股,2.85,110580,2864.26,2.776,-,0,0,0股,2.66%,994259.6,11.12%
2022-12-21,,Cash,,,,,5568.9,,,,,,,,0
2022-12-22,基金,豆粕ETF华夏(159985.XSHE),多,31000股,31000股,1.929,59799,21154.38,1.247,-,0,372,0股,54.74%,994536,6.01%
2022-12-22,基金,10年地债(511270.XSHG),多,5200股,5200股,107.075,556790,41109.09,99.169,-,0,-421.2,0股,7.97%,994536,55.98%
2022-12-22,基金,纳指ETF(513100.XSHG),多,88800股,88800股,0.811,72016.8,-8901.21,0.911,-,0,177.6,0股,-11%,994536,7.24%
2022-12-22,基金,黄金ETF(518880.XSHG),多,35300股,35300股,3.981,140529.3,3209.52,3.89,-,0,0,0股,2.34%,994536,14.13%
2022-12-22,股票,长江电力(600900.XSHG),多,2400股,2400股,20.36,48864,992.38,19.947,-,0,-240,0股,2.07%,994536,4.91%
2022-12-22,股票,农业银行(601288.XSHG),多,38800股,38800股,2.86,110968,3252.26,2.776,-,0,388,0股,3.02%,994536,11.16%
2022-12-22,,Cash,,,,,5568.9,,,,,,,,0
2022-12-23,基金,豆粕ETF华夏(159985.XSHE),多,31000股,31000股,1.933,59923,21278.38,1.247,-,0,124,0股,55.06%,993109.9,6.03%
2022-12-23,基金,10年地债(511270.XSHG),多,5200股,5200股,107.074,556784.8,41103.89,99.169,-,0,-5.2,0股,7.97%,993109.9,56.06%
2022-12-23,基金,纳指ETF(513100.XSHG),多,88800股,88800股,0.801,71128.8,-9789.21,0.911,-,0,-888,0股,-12.1%,993109.9,7.16%
2022-12-23,基金,黄金ETF(518880.XSHG),多,35300股,35300股,3.948,139364.4,2044.62,3.89,-,0,-1164.9,0股,1.49%,993109.9,14.03%
2022-12-23,股票,长江电力(600900.XSHG),多,2400股,2400股,20.41,48984,1112.38,19.947,-,0,120,0股,2.32%,993109.9,4.93%
2022-12-23,股票,农业银行(601288.XSHG),多,38800股,38800股,2.87,111356,3640.26,2.776,-,0,388,0股,3.38%,993109.9,11.21%
2022-12-23,,Cash,,,,,5568.9,,,,,,,,0
2022-12-26,基金,豆粕ETF华夏(159985.XSHE),多,31000股,31000股,1.977,61287,22642.38,1.247,-,0,1364,0股,58.59%,994558.8,6.16%
2022-12-26,基金,10年地债(511270.XSHG),多,5200股,5200股,107.207,557476.4,41795.49,99.169,-,0,691.6,0股,8.1%,994558.8,56.05%
2022-12-26,基金,纳指ETF(513100.XSHG),多,88800股,88800股,0.802,71217.6,-9700.41,0.911,-,0,88.8,0股,-11.99%,994558.8,7.16%
2022-12-26,基金,黄金ETF(518880.XSHG),多,35300股,35300股,3.953,139540.9,2221.12,3.89,-,0,176.5,0股,1.62%,994558.8,14.03%
2022-12-26,股票,长江电力(600900.XSHG),多,2400股,2400股,20.37,48888,1016.38,19.947,-,0,-96,0股,2.12%,994558.8,4.92%
2022-12-26,股票,农业银行(601288.XSHG),多,38800股,38800股,2.85,110580,2864.26,2.776,-,0,-776,0股,2.66%,994558.8,11.12%
2022-12-26,,Cash,,,,,5568.9,,,,,,,,0
2022-12-27,基金,豆粕ETF华夏(159985.XSHE),多,31000股,31000股,1.985,61535,22890.38,1.247,-,0,248,0股,59.23%,998625,6.16%
2022-12-27,基金,10年地债(511270.XSHG),多,5200股,5200股,107.394,558448.8,42767.89,99.169,-,0,972.4,0股,8.29%,998625,55.92%
2022-12-27,基金,纳指ETF(513100.XSHG),多,88800股,88800股,0.808,71750.4,-9167.61,0.911,-,0,532.8,0股,-11.33%,998625,7.18%
2022-12-27,基金,黄金ETF(518880.XSHG),多,35300股,35300股,3.963,139893.9,2574.12,3.89,-,0,353,0股,1.87%,998625,14.01%
2022-12-27,股票,长江电力(600900.XSHG),多,2400股,2400股,20.54,49296,1424.38,19.947,-,0,408,0股,2.98%,998625,4.94%
2022-12-27,股票,农业银行(601288.XSHG),多,38800股,38800股,2.89,112132,4416.26,2.776,-,0,1552,0股,4.1%,998625,11.23%
2022-12-27,,Cash,,,,,5568.9,,,,,,,,0
2022-12-28,基金,豆粕ETF华夏(159985.XSHE),多,31000股,31000股,1.96,60760,22115.38,1.247,-,0,-775,0股,57.23%,996681.5,6.1%
2022-12-28,基金,10年地债(511270.XSHG),多,5200股,5200股,107.168,557273.6,41592.69,99.169,-,0,-1175.2,0股,8.07%,996681.5,55.91%
2022-12-28,基金,纳指ETF(513100.XSHG),多,88800股,88800股,0.799,70951.2,-9966.81,0.911,-,0,-799.2,0股,-12.32%,996681.5,7.12%
2022-12-28,基金,黄金ETF(518880.XSHG),多,35300股,35300股,3.966,139999.8,2680.02,3.89,-,0,105.9,0股,1.95%,996681.5,14.05%
2022-12-28,股票,长江电力(600900.XSHG),多,2400股,2400股,20.67,49608,1736.38,19.947,-,0,312,0股,3.63%,996681.5,4.98%
2022-12-28,股票,农业银行(601288.XSHG),多,38800股,38800股,2.9,112520,4804.26,2.776,-,0,388,0股,4.46%,996681.5,11.29%
2022-12-28,,Cash,,,,,5568.9,,,,,,,,0
2022-12-29,基金,豆粕ETF华夏(159985.XSHE),多,31000股,31000股,1.986,61566,22921.38,1.247,-,0,806,0股,59.31%,995957.3,6.18%
2022-12-29,基金,10年地债(511270.XSHG),多,5200股,5200股,107.072,556774.4,41093.49,99.169,-,0,-499.2,0股,7.97%,995957.3,55.9%
2022-12-29,基金,纳指ETF(513100.XSHG),多,88800股,88800股,0.795,70596,-10322.01,0.911,-,0,-355.2,0股,-12.76%,995957.3,7.09%
2022-12-29,基金,黄金ETF(518880.XSHG),多,35300股,35300股,3.96,139788,2468.22,3.89,-,0,-211.8,0股,1.8%,995957.3,14.04%
2022-12-29,股票,长江电力(600900.XSHG),多,2400股,2400股,20.8,49920,2048.38,19.947,-,0,312,0股,4.28%,995957.3,5.01%
2022-12-29,股票,农业银行(601288.XSHG),多,38800股,38800股,2.88,111744,4028.26,2.776,-,0,-776,0股,3.74%,995957.3,11.22%
2022-12-29,,Cash,,,,,5568.9,,,,,,,,0
2022-12-30,基金,豆粕ETF华夏(159985.XSHE),多,31000股,31000股,2.01,62310,23665.38,1.247,-,0,744,0股,61.24%,999956.3,6.23%
2022-12-30,基金,10年地债(511270.XSHG),多,5200股,5200股,107.137,557112.4,41431.49,99.169,-,0,338,0股,8.03%,999956.3,55.71%
2022-12-30,基金,纳指ETF(513100.XSHG),多,88800股,88800股,0.799,70951.2,-9966.81,0.911,-,0,355.2,0股,-12.32%,999956.3,7.1%
2022-12-30,基金,黄金ETF(518880.XSHG),多,35300股,35300股,3.986,140705.8,3386.02,3.89,-,0,917.8,0股,2.47%,999956.3,14.07%
2022-12-30,股票,长江电力(600900.XSHG),多,2400股,2400股,21,50400,2528.38,19.947,-,0,480,0股,5.28%,999956.3,5.04%
2022-12-30,股票,农业银行(601288.XSHG),多,38800股,38800股,2.91,112908,5192.26,2.776,-,0,1164,0股,4.82%,999956.3,11.29%
2022-12-30,,Cash,,,,,5568.9,,,,,,,,0
2023-01-03,基金,豆粕ETF华夏(159985.XSHE),多,31000股,31000股,2.015,62465,23820.38,1.247,-,0,155,0股,61.64%,1000408.6,6.24%
2023-01-03,基金,10年地债(511270.XSHG),多,5200股,5200股,107.184,557356.8,41675.89,99.169,-,0,244.4,0股,8.08%,1000408.6,55.71%
2023-01-03,基金,纳指ETF(513100.XSHG),多,88800股,88800股,0.806,71572.8,-9345.21,0.911,-,0,621.6,0股,-11.55%,1000408.6,7.15%
2023-01-03,基金,黄金ETF(518880.XSHG),多,35300股,35300股,3.987,140741.1,3421.32,3.89,-,0,35.3,0股,2.49%,1000408.6,14.07%
2023-01-03,股票,长江电力(600900.XSHG),多,2400股,2400股,20.91,50184,2312.38,19.947,-,0,-216,0股,4.83%,1000408.6,5.02%
2023-01-03,股票,农业银行(601288.XSHG),多,38800股,38800股,2.9,112520,4804.26,2.776,-,0,-388,0股,4.46%,1000408.6,11.25%
2023-01-03,,Cash,,,,,5568.9,,,,,,,,0
2023-01-04,基金,豆粕ETF华夏(159985.XSHE),多,31000股,31000股,1.974,61194,22549.38,1.247,-,0,-1271,0股,58.35%,1001407.9,6.11%
2023-01-04,基金,10年地债(511270.XSHG),多,5200股,5200股,107.366,558303.2,42622.29,99.169,-,0,946.4,0股,8.27%,1001407.9,55.75%
2023-01-04,基金,纳指ETF(513100.XSHG),多,88800股,88800股,0.804,71395.2,-9522.81,0.911,-,0,-177.6,0股,-11.77%,1001407.9,7.13%
2023-01-04,基金,黄金ETF(518880.XSHG),多,35300股,35300股,4.002,141270.6,3950.82,3.89,-,0,529.5,0股,2.88%,1001407.9,14.11%
2023-01-04,股票,长江电力(600900.XSHG),多,2400股,2400股,20.83,49992,2120.38,19.947,-,0,-192,0股,4.43%,1001407.9,4.99%
2023-01-04,股票,农业银行(601288.XSHG),多,38800股,38800股,2.93,113684,5968.26,2.776,-,0,1164,0股,5.54%,1001407.9,11.35%
2023-01-04,,Cash,,,,,5568.9,,,,,,,,0
2023-01-05,基金,豆粕ETF华夏(159985.XSHE),多,31000股,31000股,1.954,60574,21929.38,1.247,-,0,-620,0股,56.75%,1000796.2,6.05%
2023-01-05,基金,10年地债(511270.XSHG),多,5200股,5200股,107.385,558402,42721.09,99.169,-,0,98.8,0股,8.28%,1000796.2,55.8%
2023-01-05,基金,纳指ETF(513100.XSHG),多,88800股,88800股,0.805,71484,-9434.01,0.911,-,0,88.8,0股,-11.66%,1000796.2,7.14%
2023-01-05,基金,黄金ETF(518880.XSHG),多,35300股,35300股,4.001,141235.3,3915.52,3.89,-,0,-35.3,0股,2.85%,1000796.2,14.11%
2023-01-05,股票,长江电力(600900.XSHG),多,2400股,2400股,20.77,49848,1976.38,19.947,-,0,-144,0股,4.13%,1000796.2,4.98%
2023-01-05,股票,农业银行(601288.XSHG),多,38800股,38800股,2.93,113684,5968.26,2.776,-,0,0,0股,5.54%,1000796.2,11.36%
2023-01-05,,Cash,,,,,5568.9,,,,,,,,0
2023-01-06,基金,豆粕ETF华夏(159985.XSHE),多,31000股,31000股,1.938,60078,21433.38,1.247,-,0,-496,0股,55.46%,998997.3,6.01%
2023-01-06,基金,10年地债(511270.XSHG),多,5200股,5200股,107.453,558755.6,43074.69,99.169,-,0,353.6,0股,8.35%,998997.3,55.93%
2023-01-06,基金,纳指ETF(513100.XSHG),多,88800股,88800股,0.799,70951.2,-9966.81,0.911,-,0,-532.8,0股,-12.32%,998997.3,7.1%
2023-01-06,基金,黄金ETF(518880.XSHG),多,35300股,35300股,3.972,140211.6,2891.82,3.89,-,0,-1023.7,0股,2.11%,998997.3,14.04%
2023-01-06,股票,长江电力(600900.XSHG),多,2400股,2400股,20.89,50136,2264.38,19.947,-,0,288,0股,4.73%,998997.3,5.02%
2023-01-06,股票,农业银行(601288.XSHG),多,38800股,38800股,2.92,113296,5580.26,2.776,-,0,-388,0股,5.18%,998997.3,11.34%
2023-01-06,,Cash,,,,,5568.9,,,,,,,,0
2023-01-09,基金,豆粕ETF华夏(159985.XSHE),多,31000股,31000股,1.949,60419,21774.38,1.247,-,0,341,0股,56.35%,1001537.4,6.03%
2023-01-09,基金,10年地债(511270.XSHG),多,5200股,5200股,107.464,558812.8,43131.89,99.169,-,0,57.2,0股,8.36%,1001537.4,55.8%
2023-01-09,基金,纳指ETF(513100.XSHG),多,88800股,88800股,0.809,71839.2,-9078.81,0.911,-,0,888,0股,-11.22%,1001537.4,7.17%
2023-01-09,基金,黄金ETF(518880.XSHG),多,35300股,35300股,4.015,141729.5,4409.72,3.89,-,0,1517.9,0股,3.21%,1001537.4,14.15%
2023-01-09,股票,长江电力(600900.XSHG),多,2400股,2400股,20.78,49872,2000.38,19.947,-,0,-264,0股,4.18%,1001537.4,4.98%
2023-01-09,股票,农业银行(601288.XSHG),多,38800股,38800股,2.92,113296,5580.26,2.776,-,0,0,0股,5.18%,1001537.4,11.31%
2023-01-09,,Cash,,,,,5568.9,,,,,,,,0
2023-01-10,基金,豆粕ETF华夏(159985.XSHE),多,34600股,34600股,1.929,66743.4,21157.98,1.317,-,0,-616.4,3600股,46.41%,999792.5,6.68%
2023-01-10,基金,10年地债(511270.XSHG),多,4900股,4900股,107.474,526622.6,40692.51,99.169,-,0,49,0股,8.37%,999792.5,52.67%
2023-01-10,基金,纳指ETF(513100.XSHG),多,88800股,88800股,0.805,71484,-9434.01,0.911,-,0,-355.2,0股,-11.66%,999792.5,7.15%
2023-01-10,基金,黄金ETF(518880.XSHG),多,41600股,41600股,4.013,166940.8,4383.22,3.908,-,0,-26.5,6300股,2.7%,999792.5,16.7%
2023-01-10,股票,长江电力(600900.XSHG),多,2500股,2400股,20.63,51575,1625.38,19.98,-,0,-375,100股,3.25%,999792.5,5.16%
2023-01-10,股票,农业银行(601288.XSHG),多,40000股,38800股,2.91,116400,5192.26,2.78,-,0,-388,1200股,4.67%,999792.5,11.64%
2023-01-10,,Cash,,,,,26.7,,,,,,,,0
2023-01-11,基金,豆粕ETF华夏(159985.XSHE),多,34600股,34600股,1.95,67470,21884.58,1.317,-,0,726.6,0股,48.01%,1000981.8,6.74%
2023-01-11,基金,10年地债(511270.XSHG),多,4900股,4900股,107.279,525667.1,39737.01,99.169,-,0,-955.5,0股,8.18%,1000981.8,52.52%
2023-01-11,基金,纳指ETF(513100.XSHG),多,88800股,88800股,0.81,71928,-8990.01,0.911,-,0,444,0股,-11.11%,1000981.8,7.19%
2023-01-11,基金,黄金ETF(518880.XSHG),多,41600股,41600股,4.025,167440,4882.42,3.908,-,0,499.2,0股,3%,1000981.8,16.73%
2023-01-11,股票,长江电力(600900.XSHG),多,2500股,2500股,20.82,52050,2100.38,19.98,-,0,475,0股,4.2%,1000981.8,5.2%
2023-01-11,股票,农业银行(601288.XSHG),多,40000股,40000股,2.91,116400,5192.26,2.78,-,0,0,0股,4.67%,1000981.8,11.63%
2023-01-11,,Cash,,,,,26.7,,,,,,,,0
2023-01-12,基金,豆粕ETF华夏(159985.XSHE),多,34600股,34600股,1.979,68473.4,22887.98,1.317,-,0,1003.4,0股,50.21%,1001981.5,6.83%
2023-01-12,基金,10年地债(511270.XSHG),多,4900股,4900股,107.174,525152.6,39222.51,99.169,-,0,-514.5,0股,8.07%,1001981.5,52.41%
2023-01-12,基金,纳指ETF(513100.XSHG),多,88800股,88800股,0.818,72638.4,-8279.61,0.911,-,0,710.4,0股,-10.23%,1001981.5,7.25%
2023-01-12,基金,黄金ETF(518880.XSHG),多,41600股,41600股,4.019,167190.4,4632.82,3.908,-,0,-249.6,0股,2.85%,1001981.5,16.69%
2023-01-12,股票,长江电力(600900.XSHG),多,2500股,2500股,20.68,51700,1750.38,19.98,-,0,-350,0股,3.5%,1001981.5,5.16%
2023-01-12,股票,农业银行(601288.XSHG),多,40000股,40000股,2.92,116800,5592.26,2.78,-,0,400,0股,5.03%,1001981.5,11.66%
2023-01-12,,Cash,,,,,26.7,,,,,,,,0
2023-01-13,基金,豆粕ETF华夏(159985.XSHE),多,34600股,34600股,2,69200,23614.58,1.317,-,0,726.6,0股,51.8%,1004297.5,6.89%
2023-01-13,基金,10年地债(511270.XSHG),多,4900股,4900股,107.194,525250.6,39320.51,99.169,-,0,98,0股,8.09%,1004297.5,52.3%
2023-01-13,基金,纳指ETF(513100.XSHG),多,88800股,88800股,0.815,72372,-8546.01,0.911,-,0,-266.4,0股,-10.56%,1004297.5,7.21%
2023-01-13,基金,黄金ETF(518880.XSHG),多,41600股,41600股,4.027,167523.2,4965.62,3.908,-,0,332.8,0股,3.05%,1004297.5,16.68%
2023-01-13,股票,长江电力(600900.XSHG),多,2500股,2500股,20.93,52325,2375.38,19.98,-,0,625,0股,4.76%,1004297.5,5.21%
2023-01-13,股票,农业银行(601288.XSHG),多,40000股,40000股,2.94,117600,6392.26,2.78,-,0,800,0股,5.75%,1004297.5,11.71%
2023-01-13,,Cash,,,,,26.7,,,,,,,,0
2023-01-16,基金,豆粕ETF华夏(159985.XSHE),多,34600股,34600股,1.989,68819.4,23233.98,1.317,-,0,-380.6,0股,50.97%,1003955,6.85%
2023-01-16,基金,10年地债(511270.XSHG),多,4900股,4900股,107.231,525431.9,39501.81,99.169,-,0,181.3,0股,8.13%,1003955,52.34%
2023-01-16,基金,纳指ETF(513100.XSHG),多,88800股,88800股,0.815,72372,-8546.01,0.911,-,0,0,0股,-10.56%,1003955,7.21%
2023-01-16,基金,黄金ETF(518880.XSHG),多,41600股,41600股,4.05,168480,5922.42,3.908,-,0,956.8,0股,3.64%,1003955,16.78%
2023-01-16,股票,长江电力(600900.XSHG),多,2500股,2500股,20.97,52425,2475.38,19.98,-,0,100,0股,4.96%,1003955,5.22%
2023-01-16,股票,农业银行(601288.XSHG),多,40000股,40000股,2.91,116400,5192.26,2.78,-,0,-1200,0股,4.67%,1003955,11.59%
2023-01-16,,Cash,,,,,26.7,,,,,,,,0
2023-01-17,基金,豆粕ETF华夏(159985.XSHE),多,34600股,34600股,1.98,68508,22922.58,1.317,-,0,-311.4,0股,50.28%,1004023.3,6.82%
2023-01-17,基金,10年地债(511270.XSHG),多,4900股,4900股,107.23,525427,39496.91,99.169,-,0,-4.9,0股,8.13%,1004023.3,52.33%
2023-01-17,基金,纳指ETF(513100.XSHG),多,88800股,88800股,0.82,72816,-8102.01,0.911,-,0,444,0股,-10.01%,1004023.3,7.25%
2023-01-17,基金,黄金ETF(518880.XSHG),多,41600股,41600股,4.066,169145.6,6588.02,3.908,-,0,665.6,0股,4.05%,1004023.3,16.85%
2023-01-17,股票,长江电力(600900.XSHG),多,2500股,2500股,20.68,51700,1750.38,19.98,-,0,-725,0股,3.5%,1004023.3,5.15%
2023-01-17,股票,农业银行(601288.XSHG),多,40000股,40000股,2.91,116400,5192.26,2.78,-,0,0,0股,4.67%,1004023.3,11.59%
2023-01-17,,Cash,,,,,26.7,,,,,,,,0
2023-01-18,基金,豆粕ETF华夏(159985.XSHE),多,34600股,34600股,2.013,69649.8,24064.38,1.317,-,0,1141.8,0股,52.79%,1005312.4,6.93%
2023-01-18,基金,10年地债(511270.XSHG),多,4900股,4900股,107.235,525451.5,39521.41,99.169,-,0,24.5,0股,8.13%,1005312.4,52.27%
2023-01-18,基金,纳指ETF(513100.XSHG),多,88800股,88800股,0.821,72904.8,-8013.21,0.911,-,0,88.8,0股,-9.9%,1005312.4,7.25%
2023-01-18,基金,黄金ETF(518880.XSHG),多,41600股,41600股,4.056,168729.6,6172.02,3.908,-,0,-416,0股,3.8%,1005312.4,16.78%
2023-01-18,股票,长江电力(600900.XSHG),多,2500股,2500股,20.7,51750,1800.38,19.98,-,0,50,0股,3.6%,1005312.4,5.15%
2023-01-18,股票,农业银行(601288.XSHG),多,40000股,40000股,2.92,116800,5592.26,2.78,-,0,400,0股,5.03%,1005312.4,11.62%
2023-01-18,,Cash,,,,,26.7,,,,,,,,0
2023-01-19,基金,豆粕ETF华夏(159985.XSHE),多,34600股,34600股,1.982,68577.2,22991.78,1.317,-,0,-1072.6,0股,50.44%,1003140.6,6.84%
2023-01-19,基金,10年地债(511270.XSHG),多,4900股,4900股,107.251,525529.9,39599.81,99.169,-,0,78.4,0股,8.15%,1003140.6,52.39%
2023-01-19,基金,纳指ETF(513100.XSHG),多,88800股,88800股,0.81,71928,-8990.01,0.911,-,0,-976.8,0股,-11.11%,1003140.6,7.17%
2023-01-19,基金,黄金ETF(518880.XSHG),多,41600股,41600股,4.068,169228.8,6671.22,3.908,-,0,499.2,0股,4.1%,1003140.6,16.87%
2023-01-19,股票,长江电力(600900.XSHG),多,2500股,2500股,20.42,51050,1100.38,19.98,-,0,-700,0股,2.2%,1003140.6,5.09%
2023-01-19,股票,农业银行(601288.XSHG),多,40000股,40000股,2.92,116800,5592.26,2.78,-,0,0,0股,5.03%,1003140.6,11.64%
2023-01-19,,Cash,,,,,26.7,,,,,,,,0
2023-01-20,基金,豆粕ETF华夏(159985.XSHE),多,34600股,34600股,1.963,67919.8,22334.38,1.317,-,0,-657.4,0股,48.99%,1006795.2,6.75%
2023-01-20,基金,10年地债(511270.XSHG),多,4900股,4900股,107.449,526500.1,40570.01,99.169,-,0,970.2,0股,8.35%,1006795.2,52.29%
2023-01-20,基金,纳指ETF(513100.XSHG),多,88800股,88800股,0.815,72372,-8546.01,0.911,-,0,444,0股,-10.56%,1006795.2,7.19%
2023-01-20,基金,黄金ETF(518880.XSHG),多,41600股,41600股,4.101,170601.6,8044.02,3.908,-,0,1372.8,0股,4.95%,1006795.2,16.95%
2023-01-20,股票,长江电力(600900.XSHG),多,2500股,2500股,21.03,52575,2625.38,19.98,-,0,1525,0股,5.26%,1006795.2,5.22%
2023-01-20,股票,农业银行(601288.XSHG),多,40000股,40000股,2.92,116800,5592.26,2.78,-,0,0,0股,5.03%,1006795.2,11.6%
2023-01-20,,Cash,,,,,26.7,,,,,,,,0
2023-01-30,基金,豆粕ETF华夏(159985.XSHE),多,34600股,34600股,1.989,68819.4,23233.98,1.317,-,0,899.6,0股,50.97%,1009766.9,6.82%
2023-01-30,基金,10年地债(511270.XSHG),多,4900股,4900股,107.45,526505,40574.91,99.169,-,0,4.9,0股,8.35%,1009766.9,52.14%
2023-01-30,基金,纳指ETF(513100.XSHG),多,88800股,88800股,0.844,74947.2,-5970.81,0.911,-,0,2575.2,0股,-7.38%,1009766.9,7.42%
2023-01-30,基金,黄金ETF(518880.XSHG),多,41600股,41600股,4.096,170393.6,7836.02,3.908,-,0,-208,0股,4.82%,1009766.9,16.87%
2023-01-30,股票,长江电力(600900.XSHG),多,2500股,2500股,20.91,52275,2325.38,19.98,-,0,-300,0股,4.66%,1009766.9,5.18%
2023-01-30,股票,农业银行(601288.XSHG),多,40000股,40000股,2.92,116800,5592.26,2.78,-,0,0,0股,5.03%,1009766.9,11.57%
2023-01-30,,Cash,,,,,26.7,,,,,,,,0
2023-01-31,基金,豆粕ETF华夏(159985.XSHE),多,34600股,34600股,1.992,68923.2,23337.78,1.317,-,0,103.8,0股,51.2%,1007364.1,6.84%
2023-01-31,基金,10年地债(511270.XSHG),多,4900股,4900股,107.528,526887.2,40957.11,99.169,-,0,382.2,0股,8.43%,1007364.1,52.3%
2023-01-31,基金,纳指ETF(513100.XSHG),多,88800股,88800股,0.832,73881.6,-7036.41,0.911,-,0,-1065.6,0股,-8.7%,1007364.1,7.33%
2023-01-31,基金,黄金ETF(518880.XSHG),多,41600股,41600股,4.069,169270.4,6712.82,3.908,-,0,-1123.2,0股,4.13%,1007364.1,16.8%
2023-01-31,股票,长江电力(600900.XSHG),多,2500股,2500股,20.79,51975,2025.38,19.98,-,0,-300,0股,4.05%,1007364.1,5.16%
2023-01-31,股票,农业银行(601288.XSHG),多,40000股,40000股,2.91,116400,5192.26,2.78,-,0,-400,0股,4.67%,1007364.1,11.55%
2023-01-31,,Cash,,,,,26.7,,,,,,,,0
2023-02-01,基金,豆粕ETF华夏(159985.XSHE),多,34600股,34600股,1.987,68750.2,23164.78,1.317,-,0,-173,0股,50.82%,1009990.2,6.81%
2023-02-01,基金,10年地债(511270.XSHG),多,4900股,4900股,107.559,527039.1,41109.01,99.169,-,0,151.9,0股,8.46%,1009990.2,52.18%
2023-02-01,基金,纳指ETF(513100.XSHG),多,88800股,88800股,0.847,75213.6,-5704.41,0.911,-,0,1332,0股,-7.05%,1009990.2,7.45%
2023-02-01,基金,黄金ETF(518880.XSHG),多,41600股,41600股,4.091,170185.6,7628.02,3.908,-,0,915.2,0股,4.69%,1009990.2,16.85%
2023-02-01,股票,长江电力(600900.XSHG),多,2500股,2500股,20.79,51975,2025.38,19.98,-,0,0,0股,4.05%,1009990.2,5.15%
2023-02-01,股票,农业银行(601288.XSHG),多,40000股,40000股,2.92,116800,5592.26,2.78,-,0,400,0股,5.03%,1009990.2,11.56%
2023-02-01,,Cash,,,,,26.7,,,,,,,,0
2023-02-02,基金,豆粕ETF华夏(159985.XSHE),多,34600股,34600股,1.981,68542.6,22957.18,1.317,-,0,-207.6,0股,50.36%,1013154.4,6.77%
2023-02-02,基金,10年地债(511270.XSHG),多,4900股,4900股,107.605,527264.5,41334.41,99.169,-,0,225.4,0股,8.51%,1013154.4,52.04%
2023-02-02,基金,纳指ETF(513100.XSHG),多,88800股,88800股,0.862,76545.6,-4372.41,0.911,-,0,1332,0股,-5.4%,1013154.4,7.56%
2023-02-02,基金,黄金ETF(518880.XSHG),多,41600股,41600股,4.125,171600,9042.42,3.908,-,0,1414.4,0股,5.56%,1013154.4,16.94%
2023-02-02,股票,长江电力(600900.XSHG),多,2500股,2500股,20.95,52375,2425.38,19.98,-,0,400,0股,4.86%,1013154.4,5.17%
2023-02-02,股票,农业银行(601288.XSHG),多,40000股,40000股,2.92,116800,5592.26,2.78,-,0,0,0股,5.03%,1013154.4,11.53%
2023-02-02,,Cash,,,,,26.7,,,,,,,,0
2023-02-03,基金,豆粕ETF华夏(159985.XSHE),多,34600股,34600股,1.989,68819.4,23233.98,1.317,-,0,276.8,0股,50.97%,1011224.2,6.81%
2023-02-03,基金,10年地债(511270.XSHG),多,4900股,4900股,107.565,527068.5,41138.41,99.169,-,0,-196,0股,8.47%,1011224.2,52.12%
2023-02-03,基金,纳指ETF(513100.XSHG),多,88800股,88800股,0.87,77256,-3662.01,0.911,-,0,710.4,0股,-4.53%,1011224.2,7.64%
2023-02-03,基金,黄金ETF(518880.XSHG),多,41600股,41600股,4.071,169353.6,6796.02,3.908,-,0,-2246.4,0股,4.18%,1011224.2,16.75%
2023-02-03,股票,长江电力(600900.XSHG),多,2500股,2500股,20.92,52300,2350.38,19.98,-,0,-75,0股,4.71%,1011224.2,5.17%
2023-02-03,股票,农业银行(601288.XSHG),多,40000股,40000股,2.91,116400,5192.26,2.78,-,0,-400,0股,4.67%,1011224.2,11.51%
2023-02-03,,Cash,,,,,26.7,,,,,,,,0
2023-02-06,基金,豆粕ETF华夏(159985.XSHE),多,34600股,34600股,2.002,69269.2,23683.78,1.317,-,0,449.8,0股,51.95%,1009776.1,6.86%
2023-02-06,基金,10年地债(511270.XSHG),多,4900股,4900股,107.606,527269.4,41339.31,99.169,-,0,200.9,0股,8.51%,1009776.1,52.22%
2023-02-06,基金,纳指ETF(513100.XSHG),多,88800股,88800股,0.865,76812,-4106.01,0.911,-,0,-444,0股,-5.07%,1009776.1,7.61%
2023-02-06,基金,黄金ETF(518880.XSHG),多,41600股,41600股,4.018,167148.8,4591.22,3.908,-,0,-2204.8,0股,2.82%,1009776.1,16.55%
2023-02-06,股票,长江电力(600900.XSHG),多,2500股,2500股,20.98,52450,2500.38,19.98,-,0,150,0股,5.01%,1009776.1,5.19%
2023-02-06,股票,农业银行(601288.XSHG),多,40000股,40000股,2.92,116800,5592.26,2.78,-,0,400,0股,5.03%,1009776.1,11.57%
2023-02-06,,Cash,,,,,26.7,,,,,,,,0
2023-02-07,基金,豆粕ETF华夏(159985.XSHE),多,34600股,34600股,1.978,68438.8,22853.38,1.317,-,0,-830.4,0股,50.13%,1009668.3,6.78%
2023-02-07,基金,10年地债(511270.XSHG),多,4900股,4900股,107.64,527436,41505.91,99.169,-,0,166.6,0股,8.54%,1009668.3,52.24%
2023-02-07,基金,纳指ETF(513100.XSHG),多,88800股,88800股,0.866,76900.8,-4017.21,0.911,-,0,88.8,0股,-4.96%,1009668.3,7.62%
2023-02-07,基金,黄金ETF(518880.XSHG),多,41600股,41600股,4.01,166816,4258.42,3.908,-,0,-332.8,0股,2.62%,1009668.3,16.52%
2023-02-07,股票,长江电力(600900.XSHG),多,2500股,2500股,21.3,53250,3300.38,19.98,-,0,800,0股,6.61%,1009668.3,5.27%
2023-02-07,股票,农业银行(601288.XSHG),多,40000股,40000股,2.92,116800,5592.26,2.78,-,0,0,0股,5.03%,1009668.3,11.57%
2023-02-07,,Cash,,,,,26.7,,,,,,,,0
2023-02-08,基金,豆粕ETF华夏(159985.XSHE),多,37100股,37100股,1.98,73458,22942.58,1.362,-,0,89.2,2500股,45.42%,1011475.2,7.26%
2023-02-08,基金,10年地债(511270.XSHG),多,4900股,4900股,107.666,527563.4,41633.31,99.169,-,0,127.4,0股,8.57%,1011475.2,52.16%
2023-02-08,基金,纳指ETF(513100.XSHG),多,83300股,83300股,0.882,73470.6,-2435.59,0.911,-,0,1332.8,0股,-3.21%,1011475.2,7.26%
2023-02-08,基金,黄金ETF(518880.XSHG),多,37200股,37200股,4.01,149172,3808.01,3.908,-,0,0,0股,2.62%,1011475.2,14.75%
2023-02-08,股票,长江电力(600900.XSHG),多,2500股,2500股,21.37,53425,3475.38,19.98,-,0,175,0股,6.96%,1011475.2,5.28%
2023-02-08,股票,农业银行(601288.XSHG),多,43100股,40000股,2.92,125852,5623.26,2.79,-,0,31,3100股,4.68%,1011475.2,12.44%
2023-02-08,,Cash,,,,,8534.2,,,,,,,,0
2023-02-09,基金,豆粕ETF华夏(159985.XSHE),多,37100股,37100股,1.954,72493.4,21977.98,1.362,-,0,-964.6,0股,43.51%,1010895.1,7.17%
2023-02-09,基金,10年地债(511270.XSHG),多,4900股,4900股,107.782,528131.8,42201.71,99.169,-,0,568.4,0股,8.68%,1010895.1,52.24%
2023-02-09,基金,纳指ETF(513100.XSHG),多,83300股,83300股,0.873,72720.9,-3185.29,0.911,-,0,-749.7,0股,-4.2%,1010895.1,7.19%
2023-02-09,基金,黄金ETF(518880.XSHG),多,37200股,37200股,4.019,149506.8,4142.81,3.908,-,0,334.8,0股,2.85%,1010895.1,14.79%
2023-02-09,股票,长江电力(600900.XSHG),多,2500股,2500股,21.29,53225,3275.38,19.98,-,0,-200,0股,6.56%,1010895.1,5.27%
2023-02-09,股票,农业银行(601288.XSHG),多,43100股,43100股,2.93,126283,6054.26,2.79,-,0,431,0股,5.04%,1010895.1,12.49%
2023-02-09,,Cash,,,,,8534.2,,,,,,,,0
2023-02-10,基金,豆粕ETF华夏(159985.XSHE),多,37100股,37100股,1.965,72901.5,22386.08,1.362,-,0,408.1,0股,44.32%,1009116.8,7.22%
2023-02-10,基金,10年地债(511270.XSHG),多,4900股,4900股,107.795,528195.5,42265.41,99.169,-,0,63.7,0股,8.7%,1009116.8,52.34%
2023-02-10,基金,纳指ETF(513100.XSHG),多,83300股,83300股,0.86,71638,-4268.19,0.911,-,0,-1082.9,0股,-5.62%,1009116.8,7.1%
2023-02-10,基金,黄金ETF(518880.XSHG),多,37200股,37200股,3.993,148539.6,3175.61,3.908,-,0,-967.2,0股,2.18%,1009116.8,14.72%
2023-02-10,股票,长江电力(600900.XSHG),多,2500股,2500股,21.21,53025,3075.38,19.98,-,0,-200,0股,6.16%,1009116.8,5.25%
2023-02-10,股票,农业银行(601288.XSHG),多,43100股,43100股,2.93,126283,6054.26,2.79,-,0,0,0股,5.04%,1009116.8,12.51%
2023-02-10,,Cash,,,,,8534.2,,,,,,,,0
2023-02-13,基金,豆粕ETF华夏(159985.XSHE),多,37100股,37100股,1.978,73383.8,22868.38,1.362,-,0,482.3,0股,45.27%,1009789.3,7.27%
2023-02-13,基金,10年地债(511270.XSHG),多,4900股,4900股,107.8,528220,42289.91,99.169,-,0,24.5,0股,8.7%,1009789.3,52.31%
2023-02-13,基金,纳指ETF(513100.XSHG),多,83300股,83300股,0.859,71554.7,-4351.49,0.911,-,0,-83.3,0股,-5.73%,1009789.3,7.09%
2023-02-13,基金,黄金ETF(518880.XSHG),多,37200股,37200股,4.018,149469.6,4105.61,3.908,-,0,930,0股,2.82%,1009789.3,14.8%
2023-02-13,股票,长江电力(600900.XSHG),多,2500股,2500股,21.11,52775,2825.38,19.98,-,0,-250,0股,5.66%,1009789.3,5.23%
2023-02-13,股票,农业银行(601288.XSHG),多,43100股,43100股,2.92,125852,5623.26,2.79,-,0,-431,0股,4.68%,1009789.3,12.46%
2023-02-13,,Cash,,,,,8534.2,,,,,,,,0
2023-02-14,基金,豆粕ETF华夏(159985.XSHE),多,37100股,37100股,1.979,73420.9,22905.48,1.362,-,0,37.1,0股,45.34%,1010197.7,7.27%
2023-02-14,基金,10年地债(511270.XSHG),多,4900股,4900股,107.757,528009.3,42079.21,99.169,-,0,-210.7,0股,8.66%,1010197.7,52.27%
2023-02-14,基金,纳指ETF(513100.XSHG),多,83300股,83300股,0.871,72554.3,-3351.89,0.911,-,0,999.6,0股,-4.42%,1010197.7,7.18%
2023-02-14,基金,黄金ETF(518880.XSHG),多,37200股,37200股,4.015,149358,3994.01,3.908,-,0,-111.6,0股,2.75%,1010197.7,14.79%
2023-02-14,股票,长江电力(600900.XSHG),多,2500股,2500股,21.16,52900,2950.38,19.98,-,0,125,0股,5.91%,1010197.7,5.24%
2023-02-14,股票,农业银行(601288.XSHG),多,43100股,43100股,2.91,125421,5192.26,2.79,-,0,-431,0股,4.32%,1010197.7,12.42%
2023-02-14,,Cash,,,,,8534.2,,,,,,,,0
2023-02-15,基金,豆粕ETF华夏(159985.XSHE),多,37100股,37100股,1.959,72678.9,22163.48,1.362,-,0,-742,0股,43.87%,1008775.5,7.2%
2023-02-15,基金,10年地债(511270.XSHG),多,4900股,4900股,107.739,527921.1,41991.01,99.169,-,0,-88.2,0股,8.64%,1008775.5,52.33%
2023-02-15,基金,纳指ETF(513100.XSHG),多,83300股,83300股,0.873,72720.9,-3185.29,0.911,-,0,166.6,0股,-4.2%,1008775.5,7.21%
2023-02-15,基金,黄金ETF(518880.XSHG),多,37200股,37200股,4.002,148874.4,3510.41,3.908,-,0,-483.6,0股,2.41%,1008775.5,14.76%
2023-02-15,股票,长江电力(600900.XSHG),多,2500股,2500股,21.05,52625,2675.38,19.98,-,0,-275,0股,5.36%,1008775.5,5.22%
2023-02-15,股票,农业银行(601288.XSHG),多,43100股,43100股,2.91,125421,5192.26,2.79,-,0,0,0股,4.32%,1008775.5,12.43%
2023-02-15,,Cash,,,,,8534.2,,,,,,,,0
2023-02-16,基金,豆粕ETF华夏(159985.XSHE),多,37100股,37100股,1.96,72716,22200.58,1.362,-,0,37.1,0股,43.95%,1009921.9,7.2%
2023-02-16,基金,10年地债(511270.XSHG),多,4900股,4900股,107.735,527901.5,41971.41,99.169,-,0,-19.6,0股,8.64%,1009921.9,52.27%
2023-02-16,基金,纳指ETF(513100.XSHG),多,83300股,83300股,0.89,74137,-1769.19,0.911,-,0,1416.1,0股,-2.33%,1009921.9,7.34%
2023-02-16,基金,黄金ETF(518880.XSHG),多,37200股,37200股,4.001,148837.2,3473.21,3.908,-,0,-37.2,0股,2.39%,1009921.9,14.74%
2023-02-16,股票,长江电力(600900.XSHG),多,2500股,2500股,20.95,52375,2425.38,19.98,-,0,-250,0股,4.86%,1009921.9,5.19%
2023-02-16,股票,农业银行(601288.XSHG),多,43100股,43100股,2.91,125421,5192.26,2.79,-,0,0,0股,4.32%,1009921.9,12.42%
2023-02-16,,Cash,,,,,8534.2,,,,,,,,0
2023-02-17,基金,豆粕ETF华夏(159985.XSHE),多,37100股,37100股,1.952,72419.2,21903.78,1.362,-,0,-296.8,0股,43.36%,1007090.3,7.19%
2023-02-17,基金,10年地债(511270.XSHG),多,4900股,4900股,107.72,527828,41897.91,99.169,-,0,-73.5,0股,8.62%,1007090.3,52.41%
2023-02-17,基金,纳指ETF(513100.XSHG),多,83300股,83300股,0.865,72054.5,-3851.69,0.911,-,0,-2082.5,0股,-5.07%,1007090.3,7.15%
2023-02-17,基金,黄金ETF(518880.XSHG),多,37200股,37200股,3.992,148502.4,3138.41,3.908,-,0,-334.8,0股,2.16%,1007090.3,14.75%
2023-02-17,股票,长江电力(600900.XSHG),多,2500股,2500股,20.76,51900,1950.38,19.98,-,0,-475,0股,3.9%,1007090.3,5.15%
2023-02-17,股票,农业银行(601288.XSHG),多,43100股,43100股,2.92,125852,5623.26,2.79,-,0,431,0股,4.68%,1007090.3,12.5%
2023-02-17,,Cash,,,,,8534.2,,,,,,,,0
2023-02-20,基金,豆粕ETF华夏(159985.XSHE),多,37100股,37100股,1.969,73049.9,22534.48,1.362,-,0,630.7,0股,44.61%,1010165.4,7.23%
2023-02-20,基金,10年地债(511270.XSHG),多,4900股,4900股,107.641,527440.9,41510.81,99.169,-,0,-387.1,0股,8.54%,1010165.4,52.21%
2023-02-20,基金,纳指ETF(513100.XSHG),多,83300股,83300股,0.868,72304.4,-3601.79,0.911,-,0,249.9,0股,-4.75%,1010165.4,7.16%
2023-02-20,基金,黄金ETF(518880.XSHG),多,37200股,37200股,4.01,149172,3808.01,3.908,-,0,669.6,0股,2.62%,1010165.4,14.77%
2023-02-20,股票,长江电力(600900.XSHG),多,2500股,2500股,21.18,52950,3000.38,19.98,-,0,1050,0股,6.01%,1010165.4,5.24%
2023-02-20,股票,农业银行(601288.XSHG),多,43100股,43100股,2.94,126714,6485.26,2.79,-,0,862,0股,5.39%,1010165.4,12.54%
2023-02-20,,Cash,,,,,8534.2,,,,,,,,0
2023-02-21,基金,豆粕ETF华夏(159985.XSHE),多,37100股,37100股,1.966,72938.6,22423.18,1.362,-,0,-111.3,0股,44.39%,1009784.4,7.22%
2023-02-21,基金,10年地债(511270.XSHG),多,4900股,4900股,107.612,527298.8,41368.71,99.169,-,0,-142.1,0股,8.51%,1009784.4,52.22%
2023-02-21,基金,纳指ETF(513100.XSHG),多,83300股,83300股,0.866,72137.8,-3768.39,0.911,-,0,-166.6,0股,-4.96%,1009784.4,7.14%
2023-02-21,基金,黄金ETF(518880.XSHG),多,37200股,37200股,4.005,148986,3622.01,3.908,-,0,-186,0股,2.49%,1009784.4,14.75%
2023-02-21,股票,长江电力(600900.XSHG),多,2500股,2500股,21.27,53175,3225.38,19.98,-,0,225,0股,6.46%,1009784.4,5.27%
2023-02-21,股票,农业银行(601288.XSHG),多,43100股,43100股,2.94,126714,6485.26,2.79,-,0,0,0股,5.39%,1009784.4,12.55%
2023-02-21,,Cash,,,,,8534.2,,,,,,,,0
2023-02-22,基金,豆粕ETF华夏(159985.XSHE),多,37100股,37100股,1.974,73235.4,22719.98,1.362,-,0,296.8,0股,44.98%,1009208.1,7.26%
2023-02-22,基金,10年地债(511270.XSHG),多,4900股,4900股,107.769,528068.1,42138.01,99.169,-,0,769.3,0股,8.67%,1009208.1,52.32%
2023-02-22,基金,纳指ETF(513100.XSHG),多,83300股,83300股,0.85,70805,-5101.19,0.911,-,0,-1332.8,0股,-6.72%,1009208.1,7.02%
2023-02-22,基金,黄金ETF(518880.XSHG),多,37200股,37200股,4.017,149432.4,4068.41,3.908,-,0,446.4,0股,2.8%,1009208.1,14.81%
2023-02-22,股票,长江电力(600900.XSHG),多,2500股,2500股,21.14,52850,2900.38,19.98,-,0,-325,0股,5.81%,1009208.1,5.24%
2023-02-22,股票,农业银行(601288.XSHG),多,43100股,43100股,2.93,126283,6054.26,2.79,-,0,-431,0股,5.04%,1009208.1,12.51%
2023-02-22,,Cash,,,,,8534.2,,,,,,,,0
2023-02-23,基金,豆粕ETF华夏(159985.XSHE),多,37100股,37100股,1.959,72678.9,22163.48,1.362,-,0,-556.5,0股,43.87%,1009019.9,7.2%
2023-02-23,基金,10年地债(511270.XSHG),多,4900股,4900股,107.819,528313.1,42383.01,99.169,-,0,245,0股,8.72%,1009019.9,52.36%
2023-02-23,基金,纳指ETF(513100.XSHG),多,83300股,83300股,0.857,71388.1,-4518.09,0.911,-,0,583.1,0股,-5.95%,1009019.9,7.07%
2023-02-23,基金,黄金ETF(518880.XSHG),多,37200股,37200股,4.008,149097.6,3733.61,3.908,-,0,-334.8,0股,2.57%,1009019.9,14.78%
2023-02-23,股票,长江电力(600900.XSHG),多,2500股,2500股,21.09,52725,2775.38,19.98,-,0,-125,0股,5.56%,1009019.9,5.23%
2023-02-23,股票,农业银行(601288.XSHG),多,43100股,43100股,2.93,126283,6054.26,2.79,-,0,0,0股,5.04%,1009019.9,12.52%
2023-02-23,,Cash,,,,,8534.2,,,,,,,,0
2023-02-24,基金,豆粕ETF华夏(159985.XSHE),多,37100股,37100股,1.969,73049.9,22534.48,1.362,-,0,371,0股,44.61%,1009719.3,7.23%
2023-02-24,基金,10年地债(511270.XSHG),多,4900股,4900股,107.86,528514,42583.91,99.169,-,0,200.9,0股,8.76%,1009719.3,52.34%
2023-02-24,基金,纳指ETF(513100.XSHG),多,83300股,83300股,0.86,71638,-4268.19,0.911,-,0,249.9,0股,-5.62%,1009719.3,7.09%
2023-02-24,基金,黄金ETF(518880.XSHG),多,37200股,37200股,4.021,149581.2,4217.21,3.908,-,0,483.6,0股,2.9%,1009719.3,14.81%
2023-02-24,股票,长江电力(600900.XSHG),多,2500股,2500股,21.02,52550,2600.38,19.98,-,0,-175,0股,5.21%,1009719.3,5.2%
2023-02-24,股票,农业银行(601288.XSHG),多,43100股,43100股,2.92,125852,5623.26,2.79,-,0,-431,0股,4.68%,1009719.3,12.46%
2023-02-24,,Cash,,,,,8534.2,,,,,,,,0
2023-02-27,基金,豆粕ETF华夏(159985.XSHE),多,37100股,37100股,1.951,72382.1,21866.68,1.362,-,0,-667.8,0股,43.29%,1007428.5,7.18%
2023-02-27,基金,10年地债(511270.XSHG),多,4900股,4900股,107.784,528141.6,42211.51,99.169,-,0,-372.4,0股,8.69%,1007428.5,52.42%
2023-02-27,基金,纳指ETF(513100.XSHG),多,83300股,83300股,0.852,70971.6,-4934.59,0.911,-,0,-666.4,0股,-6.5%,1007428.5,7.04%
2023-02-27,基金,黄金ETF(518880.XSHG),多,37200股,37200股,4.01,149172,3808.01,3.908,-,0,-409.2,0股,2.62%,1007428.5,14.81%
2023-02-27,股票,长江电力(600900.XSHG),多,2500股,2500股,20.95,52375,2425.38,19.98,-,0,-175,0股,4.86%,1007428.5,5.2%
2023-02-27,股票,农业银行(601288.XSHG),多,43100股,43100股,2.92,125852,5623.26,2.79,-,0,0,0股,4.68%,1007428.5,12.49%
2023-02-27,,Cash,,,,,8534.2,,,,,,,,0
2023-02-28,基金,豆粕ETF华夏(159985.XSHE),多,37100股,37100股,1.929,71565.9,21050.48,1.362,-,0,-816.2,0股,41.67%,1007793.5,7.1%
2023-02-28,基金,10年地债(511270.XSHG),多,4900股,4900股,107.741,527930.9,42000.81,99.169,-,0,-210.7,0股,8.64%,1007793.5,52.38%
2023-02-28,基金,纳指ETF(513100.XSHG),多,83300股,83300股,0.855,71221.5,-4684.69,0.911,-,0,249.9,0股,-6.17%,1007793.5,7.07%
2023-02-28,基金,黄金ETF(518880.XSHG),多,37200股,37200股,4.015,149358,3994.01,3.908,-,0,186,0股,2.75%,1007793.5,14.82%
2023-02-28,股票,长江电力(600900.XSHG),多,2500股,2500股,21.16,52900,2950.38,19.98,-,0,525,0股,5.91%,1007793.5,5.25%
2023-02-28,股票,农业银行(601288.XSHG),多,43100股,43100股,2.93,126283,6054.26,2.79,-,0,431,0股,5.04%,1007793.5,12.53%
2023-02-28,,Cash,,,,,8534.2,,,,,,,,0
2023-03-01,基金,豆粕ETF华夏(159985.XSHE),多,37100股,37100股,1.914,71009.4,20493.98,1.362,-,0,-556.5,0股,40.57%,1007032.2,7.05%
2023-03-01,基金,10年地债(511270.XSHG),多,4900股,4900股,107.598,527230.2,41300.11,99.169,-,0,-700.7,0股,8.5%,1007032.2,52.35%
2023-03-01,基金,纳指ETF(513100.XSHG),多,83300股,83300股,0.852,70971.6,-4934.59,0.911,-,0,-249.9,0股,-6.5%,1007032.2,7.05%
2023-03-01,基金,黄金ETF(518880.XSHG),多,37200股,37200股,4.029,149878.8,4514.81,3.908,-,0,520.8,0股,3.11%,1007032.2,14.88%
2023-03-01,股票,长江电力(600900.XSHG),多,2500股,2500股,21.25,53125,3175.38,19.98,-,0,225,0股,6.36%,1007032.2,5.28%
2023-03-01,股票,农业银行(601288.XSHG),多,43100股,43100股,2.93,126283,6054.26,2.79,-,0,0,0股,5.04%,1007032.2,12.54%
2023-03-01,,Cash,,,,,8534.2,,,,,,,,0
2023-03-02,基金,豆粕ETF华夏(159985.XSHE),多,37100股,37100股,1.907,70749.7,20234.28,1.362,-,0,-259.7,0股,40.06%,1005317.8,7.04%
2023-03-02,基金,10年地债(511270.XSHG),多,4900股,4900股,107.533,526911.7,40981.61,99.169,-,0,-318.5,0股,8.43%,1005317.8,52.41%
2023-03-02,基金,纳指ETF(513100.XSHG),多,83300股,83300股,0.84,69972,-5934.19,0.911,-,0,-999.6,0股,-7.82%,1005317.8,6.96%
2023-03-02,基金,黄金ETF(518880.XSHG),多,37200股,37200股,4.026,149767.2,4403.21,3.908,-,0,-111.6,0股,3.03%,1005317.8,14.9%
2023-03-02,股票,长江电力(600900.XSHG),多,2500股,2500股,21.24,53100,3150.38,19.98,-,0,-25,0股,6.31%,1005317.8,5.28%
2023-03-02,股票,农业银行(601288.XSHG),多,43100股,43100股,2.93,126283,6054.26,2.79,-,0,0,0股,5.04%,1005317.8,12.56%
2023-03-02,,Cash,,,,,8534.2,,,,,,,,0
2023-03-03,基金,豆粕ETF华夏(159985.XSHE),多,37100股,37100股,1.922,71306.2,20790.78,1.362,-,0,556.5,0股,41.16%,1009458.2,7.06%
2023-03-03,基金,10年地债(511270.XSHG),多,4900股,4900股,107.577,527127.3,41197.21,99.169,-,0,215.6,0股,8.48%,1009458.2,52.22%
2023-03-03,基金,纳指ETF(513100.XSHG),多,83300股,83300股,0.849,70721.7,-5184.49,0.911,-,0,749.7,0股,-6.83%,1009458.2,7.01%
2023-03-03,基金,黄金ETF(518880.XSHG),多,37200股,37200股,4.044,150436.8,5072.81,3.908,-,0,669.6,0股,3.49%,1009458.2,14.9%
2023-03-03,股票,长江电力(600900.XSHG),多,2500股,2500股,21.33,53325,3375.38,19.98,-,0,225,0股,6.76%,1009458.2,5.28%
2023-03-03,股票,农业银行(601288.XSHG),多,43100股,43100股,2.97,128007,7778.26,2.79,-,0,1724,0股,6.47%,1009458.2,12.68%
2023-03-03,,Cash,,,,,8534.2,,,,,,,,0
2023-03-06,基金,豆粕ETF华夏(159985.XSHE),多,37100股,37100股,1.93,71603,21087.58,1.362,-,0,296.8,0股,41.74%,1012887.6,7.07%
2023-03-06,基金,10年地债(511270.XSHG),多,4900股,4900股,107.761,528028.9,42098.81,99.169,-,0,901.6,0股,8.66%,1012887.6,52.13%
2023-03-06,基金,纳指ETF(513100.XSHG),多,83300股,83300股,0.871,72554.3,-3351.89,0.911,-,0,1832.6,0股,-4.42%,1012887.6,7.16%
2023-03-06,基金,黄金ETF(518880.XSHG),多,37200股,37200股,4.071,151441.2,6077.21,3.908,-,0,1004.4,0股,4.18%,1012887.6,14.95%
2023-03-06,股票,长江电力(600900.XSHG),多,2500股,2500股,21.26,53150,3200.38,19.98,-,0,-175,0股,6.41%,1012887.6,5.25%
2023-03-06,股票,农业银行(601288.XSHG),多,43100股,43100股,2.96,127576,7347.26,2.79,-,0,-431,0股,6.11%,1012887.6,12.6%
2023-03-06,,Cash,,,,,8534.2,,,,,,,,0
2023-03-07,基金,豆粕ETF华夏(159985.XSHE),多,37100股,37100股,1.943,72085.3,21569.88,1.362,-,0,482.3,0股,42.7%,1015552.5,7.1%
2023-03-07,基金,10年地债(511270.XSHG),多,4900股,4900股,107.778,528112.2,42182.11,99.169,-,0,83.3,0股,8.68%,1015552.5,52%
2023-03-07,基金,纳指ETF(513100.XSHG),多,83300股,83300股,0.872,72637.6,-3268.59,0.911,-,0,83.3,0股,-4.31%,1015552.5,7.15%
2023-03-07,基金,黄金ETF(518880.XSHG),多,37200股,37200股,4.076,151627.2,6263.21,3.908,-,0,186,0股,4.31%,1015552.5,14.93%
2023-03-07,股票,长江电力(600900.XSHG),多,2500股,2500股,21.13,52825,2875.38,19.98,-,0,-325,0股,5.76%,1015552.5,5.2%
2023-03-07,股票,农业银行(601288.XSHG),多,43100股,43100股,3.01,129731,9502.26,2.79,-,0,2155,0股,7.9%,1015552.5,12.77%
2023-03-07,,Cash,,,,,8534.2,,,,,,,,0
2023-03-08,基金,豆粕ETF华夏(159985.XSHE),多,38900股,38900股,1.939,75427.1,21412.48,1.389,-,0,-157.4,1800股,39.64%,1013618.62,7.44%
2023-03-08,基金,10年地债(511270.XSHG),多,4900股,4900股,107.892,528670.8,42740.71,99.169,-,0,558.6,0股,8.8%,1013618.62,52.16%
2023-03-08,基金,纳指ETF(513100.XSHG),多,87400股,87400股,0.864,75513.6,-3939.09,0.909,-,0,-670.5,4100股,-4.96%,1013618.62,7.45%
2023-03-08,基金,黄金ETF(518880.XSHG),多,36900股,36900股,4.033,148817.7,4626,3.908,-,0,-1586.7,0股,3.21%,1013618.62,14.68%
2023-03-08,股票,长江电力(600900.XSHG),多,2600股,2500股,20.96,54496,2443.38,20.02,-,0,-432,100股,4.69%,1013618.62,5.38%
2023-03-08,股票,农业银行(601288.XSHG),多,41900股,41900股,3.02,126538,9656.69,2.79,-,0,419,0股,8.26%,1013618.62,12.48%
2023-03-08,,Cash,,,,,4155.42,,,,,,,,0
2023-03-09,基金,豆粕ETF华夏(159985.XSHE),多,38900股,38900股,1.947,75738.3,21723.68,1.389,-,0,311.2,0股,40.22%,1014453.82,7.47%
2023-03-09,基金,10年地债(511270.XSHG),多,4900股,4900股,108.098,529680.2,43750.11,99.169,-,0,1009.4,0股,9%,1014453.82,52.21%
2023-03-09,基金,纳指ETF(513100.XSHG),多,87400股,87400股,0.868,75863.2,-3589.49,0.909,-,0,349.6,0股,-4.52%,1014453.82,7.48%
2023-03-09,基金,黄金ETF(518880.XSHG),多,36900股,36900股,4.033,148817.7,4626,3.908,-,0,0,0股,3.21%,1014453.82,14.67%
2023-03-09,股票,长江电力(600900.XSHG),多,2600股,2600股,20.8,54080,2027.38,20.02,-,0,-416,0股,3.89%,1014453.82,5.33%
2023-03-09,股票,农业银行(601288.XSHG),多,41900股,41900股,3.01,126119,9237.69,2.79,-,0,-419,0股,7.9%,1014453.82,12.43%
2023-03-09,,Cash,,,,,4155.42,,,,,,,,0
2023-03-10,基金,豆粕ETF华夏(159985.XSHE),多,38900股,38900股,1.938,75388.2,21373.58,1.389,-,0,-350.1,0股,39.57%,1013187.72,7.44%
2023-03-10,基金,10年地债(511270.XSHG),多,4900股,4900股,108.34,530866,44935.91,99.169,-,0,1185.8,0股,9.25%,1013187.72,52.4%
2023-03-10,基金,纳指ETF(513100.XSHG),多,87400股,87400股,0.848,74115.2,-5337.49,0.909,-,0,-1748,0股,-6.72%,1013187.72,7.32%
2023-03-10,基金,黄金ETF(518880.XSHG),多,36900股,36900股,4.061,149850.9,5659.2,3.908,-,0,1033.2,0股,3.92%,1013187.72,14.79%
2023-03-10,股票,长江电力(600900.XSHG),多,2600股,2600股,20.75,53950,1897.38,20.02,-,0,-130,0股,3.65%,1013187.72,5.32%
2023-03-10,股票,农业银行(601288.XSHG),多,41900股,41900股,2.98,124862,7980.69,2.79,-,0,-1257,0股,6.83%,1013187.72,12.32%
2023-03-10,,Cash,,,,,4155.42,,,,,,,,0
2023-03-13,基金,豆粕ETF华夏(159985.XSHE),多,38900股,38900股,1.943,75582.7,21568.08,1.389,-,0,194.5,0股,39.93%,1016769.22,7.43%
2023-03-13,基金,10年地债(511270.XSHG),多,4900股,4900股,108.356,530944.4,45014.31,99.169,-,0,78.4,0股,9.26%,1016769.22,52.22%
2023-03-13,基金,纳指ETF(513100.XSHG),多,87400股,87400股,0.854,74639.6,-4813.09,0.909,-,0,524.4,0股,-6.06%,1016769.22,7.34%
2023-03-13,基金,黄金ETF(518880.XSHG),多,36900股,36900股,4.089,150884.1,6692.4,3.908,-,0,1033.2,0股,4.64%,1016769.22,14.84%
2023-03-13,股票,长江电力(600900.XSHG),多,2600股,2600股,20.94,54444,2391.38,20.02,-,0,494,0股,4.59%,1016769.22,5.35%
2023-03-13,股票,农业银行(601288.XSHG),多,41900股,41900股,3.01,126119,9237.69,2.79,-,0,1257,0股,7.9%,1016769.22,12.4%
2023-03-13,,Cash,,,,,4155.42,,,,,,,,0
2023-03-14,基金,豆粕ETF华夏(159985.XSHE),多,38900股,38900股,1.922,74765.8,20751.18,1.389,-,0,-816.9,0股,38.42%,1017065.72,7.35%
2023-03-14,基金,10年地债(511270.XSHG),多,4900股,4900股,108.347,530900.3,44970.21,99.169,-,0,-44.1,0股,9.25%,1017065.72,52.2%
2023-03-14,基金,纳指ETF(513100.XSHG),多,87400股,87400股,0.841,73503.4,-5949.29,0.909,-,0,-1136.2,0股,-7.49%,1017065.72,7.23%
2023-03-14,基金,黄金ETF(518880.XSHG),多,36900股,36900股,4.142,152839.8,8648.1,3.908,-,0,1955.7,0股,6%,1017065.72,15.03%
2023-03-14,股票,长江电力(600900.XSHG),多,2600股,2600股,21.07,54782,2729.38,20.02,-,0,338,0股,5.24%,1017065.72,5.39%
2023-03-14,股票,农业银行(601288.XSHG),多,41900股,41900股,3.01,126119,9237.69,2.79,-,0,0,0股,7.9%,1017065.72,12.4%
2023-03-14,,Cash,,,,,4155.42,,,,,,,,0
2023-03-15,基金,豆粕ETF华夏(159985.XSHE),多,38900股,38900股,1.924,74843.6,20828.98,1.389,-,0,77.8,0股,38.56%,1019231.72,7.34%
2023-03-15,基金,10年地债(511270.XSHG),多,4900股,4900股,107.5,526750,44494.91,98.419,-,0,-475.3,0股,9.23%,1019231.72,51.68%
2023-03-15,基金,纳指ETF(513100.XSHG),多,87400股,87400股,0.859,75076.6,-4376.09,0.909,-,0,1573.2,0股,-5.51%,1019231.72,7.37%
2023-03-15,基金,黄金ETF(518880.XSHG),多,36900股,36900股,4.139,152729.1,8537.4,3.908,-,0,-110.7,0股,5.92%,1019231.72,14.98%
2023-03-15,股票,长江电力(600900.XSHG),多,2600股,2600股,21.01,54626,2573.38,20.02,-,0,-156,0股,4.94%,1019231.72,5.36%
2023-03-15,股票,农业银行(601288.XSHG),多,41900股,41900股,3.04,127376,10494.69,2.79,-,0,1257,0股,8.98%,1019231.72,12.5%
2023-03-15,,Cash,,,,,7830.42,,,,,,,,0
2023-03-16,基金,豆粕ETF华夏(159985.XSHE),多,38900股,38900股,1.912,74376.8,20362.18,1.389,-,0,-466.8,0股,37.7%,1022153.62,7.28%
2023-03-16,基金,10年地债(511270.XSHG),多,4900股,4900股,107.494,526720.6,44465.51,98.419,-,0,-29.4,0股,9.22%,1022153.62,51.53%
2023-03-16,基金,纳指ETF(513100.XSHG),多,87400股,87400股,0.863,75426.2,-4026.49,0.909,-,0,349.6,0股,-5.07%,1022153.62,7.38%
2023-03-16,基金,黄金ETF(518880.XSHG),多,36900股,36900股,4.174,154020.6,9828.9,3.908,-,0,1291.5,0股,6.82%,1022153.62,15.07%
2023-03-16,股票,长江电力(600900.XSHG),多,2600股,2600股,21.21,55146,3093.38,20.02,-,0,520,0股,5.94%,1022153.62,5.4%
2023-03-16,股票,农业银行(601288.XSHG),多,41900股,41900股,3.07,128633,11751.69,2.79,-,0,1257,0股,10.05%,1022153.62,12.58%
2023-03-16,,Cash,,,,,7830.42,,,,,,,,0
2023-03-17,基金,豆粕ETF华夏(159985.XSHE),多,38900股,38900股,1.893,73637.7,19623.08,1.389,-,0,-739.1,0股,36.33%,1024489.32,7.19%
2023-03-17,基金,10年地债(511270.XSHG),多,4900股,4900股,107.486,526681.4,44426.31,98.419,-,0,-39.2,0股,9.21%,1024489.32,51.41%
2023-03-17,基金,纳指ETF(513100.XSHG),多,87400股,87400股,0.884,77261.6,-2191.09,0.909,-,0,1835.4,0股,-2.76%,1024489.32,7.54%
2023-03-17,基金,黄金ETF(518880.XSHG),多,36900股,36900股,4.198,154906.2,10714.5,3.908,-,0,885.6,0股,7.43%,1024489.32,15.12%
2023-03-17,股票,长江电力(600900.XSHG),多,2600股,2600股,21.2,55120,3067.38,20.02,-,0,-26,0股,5.89%,1024489.32,5.38%
2023-03-17,股票,农业银行(601288.XSHG),多,41900股,41900股,3.08,129052,12170.69,2.79,-,0,419,0股,10.41%,1024489.32,12.6%
2023-03-17,,Cash,,,,,7830.42,,,,,,,,0
2023-03-20,基金,豆粕ETF华夏(159985.XSHE),多,38900股,38900股,1.838,71498.2,17483.58,1.389,-,0,-2139.5,0股,32.37%,1026449.22,6.97%
2023-03-20,基金,10年地债(511270.XSHG),多,4900股,4900股,107.509,526794.1,44539.01,98.419,-,0,112.7,0股,9.24%,1026449.22,51.32%
2023-03-20,基金,纳指ETF(513100.XSHG),多,87400股,87400股,0.873,76300.2,-3152.49,0.909,-,0,-961.4,0股,-3.97%,1026449.22,7.43%
2023-03-20,基金,黄金ETF(518880.XSHG),多,36900股,36900股,4.327,159666.3,15474.6,3.908,-,0,4760.1,0股,10.73%,1026449.22,15.56%
2023-03-20,股票,长江电力(600900.XSHG),多,2600股,2600股,20.95,54470,2417.38,20.02,-,0,-650,0股,4.64%,1026449.22,5.31%
2023-03-20,股票,农业银行(601288.XSHG),多,41900股,41900股,3.1,129890,13008.69,2.79,-,0,838,0股,11.13%,1026449.22,12.65%
2023-03-20,,Cash,,,,,7830.42,,,,,,,,0
2023-03-21,基金,豆粕ETF华夏(159985.XSHE),多,38900股,38900股,1.859,72315.1,18300.48,1.389,-,0,816.9,0股,33.88%,1024399.22,7.06%
2023-03-21,基金,10年地债(511270.XSHG),多,4900股,4900股,107.505,526774.5,44519.41,98.419,-,0,-19.6,0股,9.23%,1024399.22,51.42%
2023-03-21,基金,纳指ETF(513100.XSHG),多,87400股,87400股,0.882,77086.8,-2365.89,0.909,-,0,786.6,0股,-2.98%,1024399.22,7.53%
2023-03-21,基金,黄金ETF(518880.XSHG),多,36900股,36900股,4.286,158153.4,13961.7,3.908,-,0,-1512.9,0股,9.68%,1024399.22,15.44%
2023-03-21,股票,长江电力(600900.XSHG),多,2600股,2600股,20.94,54444,2391.38,20.02,-,0,-26,0股,4.59%,1024399.22,5.31%
2023-03-21,股票,农业银行(601288.XSHG),多,41900股,41900股,3.05,127795,10913.69,2.79,-,0,-2095,0股,9.34%,1024399.22,12.48%
2023-03-21,,Cash,,,,,7830.42,,,,,,,,0
2023-03-22,基金,豆粕ETF华夏(159985.XSHE),多,38900股,38900股,1.84,71576,17561.38,1.389,-,0,-739.1,0股,32.51%,1024485.32,6.99%
2023-03-22,基金,10年地债(511270.XSHG),多,4900股,4900股,107.558,527034.2,44779.11,98.419,-,0,259.7,0股,9.29%,1024485.32,51.44%
2023-03-22,基金,纳指ETF(513100.XSHG),多,87400股,87400股,0.895,78223,-1229.69,0.909,-,0,1136.2,0股,-1.55%,1024485.32,7.64%
2023-03-22,基金,黄金ETF(518880.XSHG),多,36900股,36900股,4.223,155828.7,11637,3.908,-,0,-2324.7,0股,8.07%,1024485.32,15.21%
2023-03-22,股票,长江电力(600900.XSHG),多,2600股,2600股,20.97,54522,2469.38,20.02,-,0,78,0股,4.74%,1024485.32,5.32%
2023-03-22,股票,农业银行(601288.XSHG),多,41900股,41900股,3.09,129471,12589.69,2.79,-,0,1676,0股,10.77%,1024485.32,12.64%
2023-03-22,,Cash,,,,,7830.42,,,,,,,,0
2023-03-23,基金,豆粕ETF华夏(159985.XSHE),多,38900股,38900股,1.81,70409,16394.38,1.389,-,0,-1167,0股,30.35%,1023870.52,6.88%
2023-03-23,基金,10年地债(511270.XSHG),多,4900股,4900股,107.582,527151.8,44896.71,98.419,-,0,117.6,0股,9.31%,1023870.52,51.49%
2023-03-23,基金,纳指ETF(513100.XSHG),多,87400股,87400股,0.884,77261.6,-2191.09,0.909,-,0,-961.4,0股,-2.76%,1023870.52,7.55%
2023-03-23,基金,黄金ETF(518880.XSHG),多,36900股,36900股,4.253,156935.7,12744,3.908,-,0,1107,0股,8.84%,1023870.52,15.33%
2023-03-23,股票,长江电力(600900.XSHG),多,2600股,2600股,20.92,54392,2339.38,20.02,-,0,-130,0股,4.49%,1023870.52,5.31%
2023-03-23,股票,农业银行(601288.XSHG),多,41900股,41900股,3.1,129890,13008.69,2.79,-,0,419,0股,11.13%,1023870.52,12.69%
2023-03-23,,Cash,,,,,7830.42,,,,,,,,0
2023-03-24,基金,豆粕ETF华夏(159985.XSHE),多,38900股,38900股,1.79,69631,15616.38,1.389,-,0,-778,0股,28.91%,1022517.72,6.81%
2023-03-24,基金,10年地债(511270.XSHG),多,4900股,4900股,107.676,527612.4,45357.31,98.419,-,0,460.6,0股,9.41%,1022517.72,51.6%
2023-03-24,基金,纳指ETF(513100.XSHG),多,87400股,87400股,0.891,77873.4,-1579.29,0.909,-,0,611.8,0股,-1.99%,1022517.72,7.62%
2023-03-24,基金,黄金ETF(518880.XSHG),多,36900股,36900股,4.275,157747.5,13555.8,3.908,-,0,811.8,0股,9.4%,1022517.72,15.43%
2023-03-24,股票,长江电力(600900.XSHG),多,2600股,2600股,20.78,54028,1975.38,20.02,-,0,-364,0股,3.79%,1022517.72,5.28%
2023-03-24,股票,农业银行(601288.XSHG),多,41900股,41900股,3.05,127795,10913.69,2.79,-,0,-2095,0股,9.34%,1022517.72,12.5%
2023-03-24,,Cash,,,,,7830.42,,,,,,,,0
2023-03-27,基金,豆粕ETF华夏(159985.XSHE),多,38900股,38900股,1.779,69203.1,15188.48,1.389,-,0,-427.9,0股,28.12%,1021321.62,6.78%
2023-03-27,基金,10年地债(511270.XSHG),多,4900股,4900股,107.839,528411.1,46156.01,98.419,-,0,798.7,0股,9.57%,1021321.62,51.74%
2023-03-27,基金,纳指ETF(513100.XSHG),多,87400股,87400股,0.899,78572.6,-880.09,0.909,-,0,699.2,0股,-1.11%,1021321.62,7.69%
2023-03-27,基金,黄金ETF(518880.XSHG),多,36900股,36900股,4.246,156677.4,12485.7,3.908,-,0,-1070.1,0股,8.66%,1021321.62,15.34%
2023-03-27,股票,长江电力(600900.XSHG),多,2600股,2600股,20.32,52832,779.38,20.02,-,0,-1196,0股,1.5%,1021321.62,5.17%
2023-03-27,股票,农业银行(601288.XSHG),多,41900股,41900股,3.05,127795,10913.69,2.79,-,0,0,0股,9.34%,1021321.62,12.51%
2023-03-27,,Cash,,,,,7830.42,,,,,,,,0
2023-03-28,基金,豆粕ETF华夏(159985.XSHE),多,38900股,38900股,1.8,70020,16005.38,1.389,-,0,816.9,0股,29.63%,1022048.32,6.85%
2023-03-28,基金,10年地债(511270.XSHG),多,4900股,4900股,107.818,528308.2,46053.11,98.419,-,0,-102.9,0股,9.55%,1022048.32,51.69%
2023-03-28,基金,纳指ETF(513100.XSHG),多,87400股,87400股,0.893,78048.2,-1404.49,0.909,-,0,-524.4,0股,-1.77%,1022048.32,7.64%
2023-03-28,基金,黄金ETF(518880.XSHG),多,36900股,36900股,4.225,155902.5,11710.8,3.908,-,0,-774.9,0股,8.12%,1022048.32,15.25%
2023-03-28,股票,长江电力(600900.XSHG),多,2600股,2600股,20.18,52468,415.38,20.02,-,0,-364,0股,0.8%,1022048.32,5.13%
2023-03-28,股票,农业银行(601288.XSHG),多,41900股,41900股,3.09,129471,12589.69,2.79,-,0,1676,0股,10.77%,1022048.32,12.67%
2023-03-28,,Cash,,,,,7830.42,,,,,,,,0
2023-03-29,基金,豆粕ETF华夏(159985.XSHE),多,38900股,38900股,1.803,70136.7,16122.08,1.389,-,0,116.7,0股,29.85%,1024365.12,6.85%
2023-03-29,基金,10年地债(511270.XSHG),多,4900股,4900股,107.782,528131.8,45876.71,98.419,-,0,-176.4,0股,9.51%,1024365.12,51.56%
2023-03-29,基金,纳指ETF(513100.XSHG),多,87400股,87400股,0.893,78048.2,-1404.49,0.909,-,0,0,0股,-1.77%,1024365.12,7.62%
2023-03-29,基金,黄金ETF(518880.XSHG),多,36900股,36900股,4.24,156456,12264.3,3.908,-,0,553.5,0股,8.51%,1024365.12,15.27%
2023-03-29,股票,长江电力(600900.XSHG),多,2600股,2600股,20.72,53872,1819.38,20.02,-,0,1404,0股,3.5%,1024365.12,5.26%
2023-03-29,股票,农业银行(601288.XSHG),多,41900股,41900股,3.1,129890,13008.69,2.79,-,0,419,0股,11.13%,1024365.12,12.68%
2023-03-29,,Cash,,,,,7830.42,,,,,,,,0
2023-03-30,基金,豆粕ETF华夏(159985.XSHE),多,38900股,38900股,1.802,70097.8,16083.18,1.389,-,0,-38.9,0股,29.78%,1026224.52,6.83%
2023-03-30,基金,10年地债(511270.XSHG),多,4900股,4900股,107.751,527979.9,45724.81,98.419,-,0,-151.9,0股,9.48%,1026224.52,51.45%
2023-03-30,基金,纳指ETF(513100.XSHG),多,87400股,87400股,0.903,78922.2,-530.49,0.909,-,0,874,0股,-0.67%,1026224.52,7.69%
2023-03-30,基金,黄金ETF(518880.XSHG),多,36900股,36900股,4.248,156751.2,12559.5,3.908,-,0,295.2,0股,8.71%,1026224.52,15.27%
2023-03-30,股票,长江电力(600900.XSHG),多,2600股,2600股,21.22,55172,3119.38,20.02,-,0,1300,0股,5.99%,1026224.52,5.38%
2023-03-30,股票,农业银行(601288.XSHG),多,41900股,41900股,3.09,129471,12589.69,2.79,-,0,-419,0股,10.77%,1026224.52,12.62%
2023-03-30,,Cash,,,,,7830.42,,,,,,,,0
2023-03-31,基金,豆粕ETF华夏(159985.XSHE),多,38900股,38900股,1.793,69747.7,15733.08,1.389,-,0,-350.1,0股,29.13%,1028886.12,6.78%
2023-03-31,基金,10年地债(511270.XSHG),多,4900股,4900股,107.841,528420.9,46165.81,98.419,-,0,441,0股,9.57%,1028886.12,51.36%
2023-03-31,基金,纳指ETF(513100.XSHG),多,87400股,87400股,0.908,79359.2,-93.49,0.909,-,0,437,0股,-0.12%,1028886.12,7.71%
2023-03-31,基金,黄金ETF(518880.XSHG),多,36900股,36900股,4.281,157968.9,13777.2,3.908,-,0,1217.7,0股,9.55%,1028886.12,15.35%
2023-03-31,股票,长江电力(600900.XSHG),多,2600股,2600股,21.25,55250,3197.38,20.02,-,0,78,0股,6.14%,1028886.12,5.37%
2023-03-31,股票,农业银行(601288.XSHG),多,41900股,41900股,3.11,130309,13427.69,2.79,-,0,838,0股,11.49%,1028886.12,12.67%
2023-03-31,,Cash,,,,,7830.42,,,,,,,,0
2023-04-03,基金,豆粕ETF华夏(159985.XSHE),多,38900股,38900股,1.847,71848.3,17833.68,1.389,-,0,2100.6,0股,33.02%,1029517.22,6.98%
2023-04-03,基金,10年地债(511270.XSHG),多,4900股,4900股,107.944,528925.6,46670.51,98.419,-,0,504.7,0股,9.68%,1029517.22,51.38%
2023-04-03,基金,纳指ETF(513100.XSHG),多,87400股,87400股,0.92,80408,955.31,0.909,-,0,1048.8,0股,1.2%,1029517.22,7.81%
2023-04-03,基金,黄金ETF(518880.XSHG),多,36900股,36900股,4.221,155754.9,11563.2,3.908,-,0,-2214,0股,8.02%,1029517.22,15.13%
2023-04-03,股票,长江电力(600900.XSHG),多,2600股,2600股,21.1,54860,2807.38,20.02,-,0,-390,0股,5.39%,1029517.22,5.33%
2023-04-03,股票,农业银行(601288.XSHG),多,41900股,41900股,3.1,129890,13008.69,2.79,-,0,-419,0股,11.13%,1029517.22,12.62%
2023-04-03,,Cash,,,,,7830.42,,,,,,,,0
2023-04-04,基金,豆粕ETF华夏(159985.XSHE),多,38900股,38900股,1.864,72509.6,18494.98,1.389,-,0,661.3,0股,34.24%,1034548.82,7.01%
2023-04-04,基金,10年地债(511270.XSHG),多,4900股,4900股,107.921,528812.9,46557.81,98.419,-,0,-112.7,0股,9.65%,1034548.82,51.12%
2023-04-04,基金,纳指ETF(513100.XSHG),多,87400股,87400股,0.922,80582.8,1130.11,0.909,-,0,174.8,0股,1.42%,1034548.82,7.79%
2023-04-04,基金,黄金ETF(518880.XSHG),多,36900股,36900股,4.269,157526.1,13334.4,3.908,-,0,1771.2,0股,9.25%,1034548.82,15.23%
2023-04-04,股票,长江电力(600900.XSHG),多,2600股,2600股,21.27,55302,3249.38,20.02,-,0,442,0股,6.24%,1034548.82,5.35%
2023-04-04,股票,农业银行(601288.XSHG),多,41900股,41900股,3.15,131985,15103.69,2.79,-,0,2095,0股,12.92%,1034548.82,12.76%
2023-04-04,,Cash,,,,,7830.42,,,,,,,,0
2023-04-06,基金,豆粕ETF华夏(159985.XSHE),多,38900股,38900股,1.836,71420.4,17405.78,1.389,-,0,-1089.2,0股,32.22%,1035362.62,6.9%
2023-04-06,基金,10年地债(511270.XSHG),多,4900股,4900股,107.916,528788.4,46533.31,98.419,-,0,-24.5,0股,9.65%,1035362.62,51.07%
2023-04-06,基金,纳指ETF(513100.XSHG),多,87400股,87400股,0.906,79184.4,-268.29,0.909,-,0,-1398.4,0股,-0.34%,1035362.62,7.65%
2023-04-06,基金,黄金ETF(518880.XSHG),多,36900股,36900股,4.33,159777,15585.3,3.908,-,0,2250.9,0股,10.81%,1035362.62,15.43%
2023-04-06,股票,长江电力(600900.XSHG),多,2600股,2600股,21.2,55120,3067.38,20.02,-,0,-182,0股,5.89%,1035362.62,5.32%
2023-04-06,股票,农业银行(601288.XSHG),多,41900股,41900股,3.18,133242,16360.69,2.79,-,0,1257,0股,14%,1035362.62,12.87%
2023-04-06,,Cash,,,,,7830.42,,,,,,,,0
2023-04-07,基金,豆粕ETF华夏(159985.XSHE),多,38900股,38900股,1.82,70798,16783.38,1.389,-,0,-622.4,0股,31.07%,1034855.12,6.84%
2023-04-07,基金,10年地债(511270.XSHG),多,4900股,4900股,107.961,529008.9,46753.81,98.419,-,0,220.5,0股,9.69%,1034855.12,51.12%
2023-04-07,基金,纳指ETF(513100.XSHG),多,87400股,87400股,0.914,79883.6,430.91,0.909,-,0,699.2,0股,0.54%,1034855.12,7.72%
2023-04-07,基金,黄金ETF(518880.XSHG),多,36900股,36900股,4.328,159703.2,15511.5,3.908,-,0,-73.8,0股,10.76%,1034855.12,15.43%
2023-04-07,股票,长江电力(600900.XSHG),多,2600股,2600股,21.08,54808,2755.38,20.02,-,0,-312,0股,5.29%,1034855.12,5.3%
2023-04-07,股票,农业银行(601288.XSHG),多,41900股,41900股,3.17,132823,15941.69,2.79,-,0,-419,0股,13.64%,1034855.12,12.83%
2023-04-07,,Cash,,,,,7830.42,,,,,,,,0
2023-04-10,基金,豆粕ETF华夏(159985.XSHE),多,38900股,38900股,1.813,70525.7,16511.08,1.389,-,0,-272.3,0股,30.57%,1032969.72,6.83%
2023-04-10,基金,10年地债(511270.XSHG),多,4900股,4900股,107.927,528842.3,46587.21,98.419,-,0,-166.6,0股,9.66%,1032969.72,51.2%
2023-04-10,基金,纳指ETF(513100.XSHG),多,87400股,87400股,0.91,79534,81.31,0.909,-,0,-349.6,0股,0.1%,1032969.72,7.7%
2023-04-10,基金,黄金ETF(518880.XSHG),多,36900股,36900股,4.287,158190.3,13998.6,3.908,-,0,-1512.9,0股,9.71%,1032969.72,15.31%
2023-04-10,股票,长江电力(600900.XSHG),多,2600股,2600股,21.24,55224,3171.38,20.02,-,0,416,0股,6.09%,1032969.72,5.35%
2023-04-10,股票,农业银行(601288.XSHG),多,41900股,41900股,3.17,132823,15941.69,2.79,-,0,0,0股,13.64%,1032969.72,12.86%
2023-04-10,,Cash,,,,,7830.42,,,,,,,,0
2023-04-11,基金,豆粕ETF华夏(159985.XSHE),多,36400股,36400股,1.818,66175.2,15631.96,1.389,-,0,182,0股,30.93%,1035678.09,6.39%
2023-04-11,基金,10年地债(511270.XSHG),多,5500股,5500股,107.927,593598.5,46573.41,99.459,-,0,-13.8,600股,8.51%,1035678.09,57.31%
2023-04-11,基金,纳指ETF(513100.XSHG),多,90600股,90600股,0.915,82899,515.11,0.909,-,0,433.8,3200股,0.63%,1035678.09,8%
2023-04-11,基金,黄金ETF(518880.XSHG),多,29900股,29900股,4.311,128898.9,12060.64,3.908,-,0,717.6,0股,10.32%,1035678.09,12.45%
2023-04-11,股票,长江电力(600900.XSHG),多,2500股,2500股,21.28,53200,3149.4,20.02,-,0,100,0股,6.29%,1035678.09,5.14%
2023-04-11,股票,农业银行(601288.XSHG),多,32800股,32800股,3.21,105288,13791.42,2.79,-,0,1312,0股,15.07%,1035678.09,10.17%
2023-04-11,,Cash,,,,,5618.49,,,,,,,,0
2023-04-12,基金,豆粕ETF华夏(159985.XSHE),多,36400股,36400股,1.795,65338,14794.76,1.389,-,0,-837.2,0股,29.27%,1035982.69,6.31%
2023-04-12,基金,10年地债(511270.XSHG),多,5500股,5500股,107.913,593521.5,46496.41,99.459,-,0,-77,0股,8.5%,1035982.69,57.29%
2023-04-12,基金,纳指ETF(513100.XSHG),多,90600股,90600股,0.908,82264.8,-119.09,0.909,-,0,-634.2,0股,-0.14%,1035982.69,7.94%
2023-04-12,基金,黄金ETF(518880.XSHG),多,29900股,29900股,4.341,129795.9,12957.64,3.908,-,0,897,0股,11.09%,1035982.69,12.53%
2023-04-12,股票,长江电力(600900.XSHG),多,2500股,2500股,21.4,53500,3449.4,20.02,-,0,300,0股,6.89%,1035982.69,5.16%
2023-04-12,股票,农业银行(601288.XSHG),多,32800股,32800股,3.23,105944,14447.42,2.79,-,0,656,0股,15.79%,1035982.69,10.23%
2023-04-12,,Cash,,,,,5618.49,,,,,,,,0
2023-04-13,基金,豆粕ETF华夏(159985.XSHE),多,36400股,36400股,1.82,66248,15704.76,1.389,-,0,910,0股,31.07%,1036212.59,6.39%
2023-04-13,基金,10年地债(511270.XSHG),多,5500股,5500股,107.915,593532.5,46507.41,99.459,-,0,11,0股,8.5%,1036212.59,57.28%
2023-04-13,基金,纳指ETF(513100.XSHG),多,90600股,90600股,0.902,81721.2,-662.69,0.909,-,0,-543.6,0股,-0.8%,1036212.59,7.89%
2023-04-13,基金,黄金ETF(518880.XSHG),多,29900股,29900股,4.346,129945.4,13107.14,3.908,-,0,149.5,0股,11.22%,1036212.59,12.54%
2023-04-13,股票,长江电力(600900.XSHG),多,2500股,2500股,21.15,52875,2824.4,20.02,-,0,-625,0股,5.64%,1036212.59,5.1%
2023-04-13,股票,农业银行(601288.XSHG),多,32800股,32800股,3.24,106272,14775.42,2.79,-,0,328,0股,16.15%,1036212.59,10.26%
2023-04-13,,Cash,,,,,5618.49,,,,,,,,0
2023-04-14,基金,豆粕ETF华夏(159985.XSHE),多,36400股,36400股,1.796,65374.4,14831.16,1.389,-,0,-873.6,0股,29.34%,1035917.29,6.31%
2023-04-14,基金,10年地债(511270.XSHG),多,5500股,5500股,107.812,592966,45940.91,99.459,-,0,-566.5,0股,8.4%,1035917.29,57.24%
2023-04-14,基金,纳指ETF(513100.XSHG),多,90600股,90600股,0.91,82446,62.11,0.909,-,0,724.8,0股,0.08%,1035917.29,7.96%
2023-04-14,基金,黄金ETF(518880.XSHG),多,29900股,29900股,4.366,130543.4,13705.14,3.908,-,0,598,0股,11.73%,1035917.29,12.6%
2023-04-14,股票,长江电力(600900.XSHG),多,2500股,2500股,21.21,53025,2974.4,20.02,-,0,150,0股,5.94%,1035917.29,5.12%
2023-04-14,股票,农业银行(601288.XSHG),多,32800股,32800股,3.23,105944,14447.42,2.79,-,0,-328,0股,15.79%,1035917.29,10.23%
2023-04-14,,Cash,,,,,5618.49,,,,,,,,0
2023-04-17,基金,豆粕ETF华夏(159985.XSHE),多,36400股,36400股,1.796,65374.4,14831.16,1.389,-,0,0,0股,29.34%,1037770.39,6.3%
2023-04-17,基金,10年地债(511270.XSHG),多,5500股,5500股,107.853,593191.5,46166.41,99.459,-,0,225.5,0股,8.44%,1037770.39,57.16%
2023-04-17,基金,纳指ETF(513100.XSHG),多,90600股,90600股,0.914,82808.4,424.51,0.909,-,0,362.4,0股,0.52%,1037770.39,7.98%
2023-04-17,基金,黄金ETF(518880.XSHG),多,29900股,29900股,4.324,129287.6,12449.34,3.908,-,0,-1255.8,0股,10.66%,1037770.39,12.46%
2023-04-17,股票,长江电力(600900.XSHG),多,2500股,2500股,21.3,53250,3199.4,20.02,-,0,225,0股,6.39%,1037770.39,5.13%
2023-04-17,股票,农业银行(601288.XSHG),多,32800股,32800股,3.3,108240,16743.42,2.79,-,0,2296,0股,18.3%,1037770.39,10.43%
2023-04-17,,Cash,,,,,5618.49,,,,,,,,0
2023-04-18,基金,豆粕ETF华夏(159985.XSHE),多,36400股,36400股,1.815,66066,15522.76,1.389,-,0,691.6,0股,30.71%,1039340.39,6.36%
2023-04-18,基金,10年地债(511270.XSHG),多,5500股,5500股,107.836,593098,46072.91,99.459,-,0,-93.5,0股,8.42%,1039340.39,57.06%
2023-04-18,基金,纳指ETF(513100.XSHG),多,90600股,90600股,0.914,82808.4,424.51,0.909,-,0,0,0股,0.52%,1039340.39,7.97%
2023-04-18,基金,黄金ETF(518880.XSHG),多,29900股,29900股,4.305,128719.5,11881.24,3.908,-,0,-568.1,0股,10.17%,1039340.39,12.38%
2023-04-18,股票,长江电力(600900.XSHG),多,2500股,2500股,21.26,53150,3099.4,20.02,-,0,-100,0股,6.19%,1039340.39,5.11%
2023-04-18,股票,农业银行(601288.XSHG),多,32800股,32800股,3.35,109880,18383.42,2.79,-,0,1640,0股,20.09%,1039340.39,10.57%
2023-04-18,,Cash,,,,,5618.49,,,,,,,,0
2023-04-19,基金,豆粕ETF华夏(159985.XSHE),多,36400股,36400股,1.764,64209.6,13666.36,1.389,-,0,-1856.4,0股,27.04%,1037319.09,6.19%
2023-04-19,基金,10年地债(511270.XSHG),多,5500股,5500股,107.845,593147.5,46122.41,99.459,-,0,49.5,0股,8.43%,1037319.09,57.18%
2023-04-19,基金,纳指ETF(513100.XSHG),多,90600股,90600股,0.912,82627.2,243.31,0.909,-,0,-181.2,0股,0.3%,1037319.09,7.97%
2023-04-19,基金,黄金ETF(518880.XSHG),多,29900股,29900股,4.297,128480.3,11642.04,3.908,-,0,-239.2,0股,9.96%,1037319.09,12.39%
2023-04-19,股票,长江电力(600900.XSHG),多,2500股,2500股,21.08,52700,2649.4,20.02,-,0,-450,0股,5.29%,1037319.09,5.08%
2023-04-19,股票,农业银行(601288.XSHG),多,32800股,32800股,3.37,110536,19039.42,2.79,-,0,656,0股,20.81%,1037319.09,10.66%
2023-04-19,,Cash,,,,,5618.49,,,,,,,,0
2023-04-20,基金,豆粕ETF华夏(159985.XSHE),多,36400股,36400股,1.738,63263.2,12719.96,1.389,-,0,-946.4,0股,25.17%,1036986.09,6.1%
2023-04-20,基金,10年地债(511270.XSHG),多,5500股,5500股,107.874,593307,46281.91,99.459,-,0,159.5,0股,8.46%,1036986.09,57.21%
2023-04-20,基金,纳指ETF(513100.XSHG),多,90600股,90600股,0.912,82627.2,243.31,0.909,-,0,0,0股,0.3%,1036986.09,7.97%
2023-04-20,基金,黄金ETF(518880.XSHG),多,29900股,29900股,4.308,128809.2,11970.94,3.908,-,0,328.9,0股,10.25%,1036986.09,12.42%
2023-04-20,股票,长江电力(600900.XSHG),多,2500股,2500股,21.13,52825,2774.4,20.02,-,0,125,0股,5.54%,1036986.09,5.09%
2023-04-20,股票,农业银行(601288.XSHG),多,32800股,32800股,3.37,110536,19039.42,2.79,-,0,0,0股,20.81%,1036986.09,10.66%
2023-04-20,,Cash,,,,,5618.49,,,,,,,,0
2023-04-21,基金,豆粕ETF华夏(159985.XSHE),多,36400股,36400股,1.718,62535.2,11991.96,1.389,-,0,-728,0股,23.73%,1034201.19,6.05%
2023-04-21,基金,10年地债(511270.XSHG),多,5500股,5500股,107.945,593697.5,46672.41,99.459,-,0,390.5,0股,8.53%,1034201.19,57.41%
2023-04-21,基金,纳指ETF(513100.XSHG),多,90600股,90600股,0.908,82264.8,-119.09,0.909,-,0,-362.4,0股,-0.14%,1034201.19,7.95%
2023-04-21,基金,黄金ETF(518880.XSHG),多,29900股,29900股,4.288,128211.2,11372.94,3.908,-,0,-598,0股,9.73%,1034201.19,12.4%
2023-04-21,股票,长江电力(600900.XSHG),多,2500股,2500股,21.06,52650,2599.4,20.02,-,0,-175,0股,5.19%,1034201.19,5.09%
2023-04-21,股票,农业银行(601288.XSHG),多,32800股,32800股,3.33,109224,17727.42,2.79,-,0,-1312,0股,19.37%,1034201.19,10.56%
2023-04-21,,Cash,,,,,5618.49,,,,,,,,0
2023-04-24,基金,豆粕ETF华夏(159985.XSHE),多,36400股,36400股,1.731,63008.4,12465.16,1.389,-,0,473.2,0股,24.66%,1036816.79,6.08%
2023-04-24,基金,10年地债(511270.XSHG),多,5500股,5500股,108.262,595441,48415.91,99.459,-,0,1743.5,0股,8.85%,1036816.79,57.43%
2023-04-24,基金,纳指ETF(513100.XSHG),多,90600股,90600股,0.906,82083.6,-300.29,0.909,-,0,-181.2,0股,-0.36%,1036816.79,7.92%
2023-04-24,基金,黄金ETF(518880.XSHG),多,29900股,29900股,4.277,127882.3,11044.04,3.908,-,0,-328.9,0股,9.45%,1036816.79,12.33%
2023-04-24,股票,长江电力(600900.XSHG),多,2500股,2500股,21.03,52575,2524.4,20.02,-,0,-75,0股,5.04%,1036816.79,5.07%
2023-04-24,股票,农业银行(601288.XSHG),多,32800股,32800股,3.36,110208,18711.42,2.79,-,0,984,0股,20.45%,1036816.79,10.63%
2023-04-24,,Cash,,,,,5618.49,,,,,,,,0
2023-04-25,基金,豆粕ETF华夏(159985.XSHE),多,36400股,36400股,1.728,62899.2,12355.96,1.389,-,0,-109.2,0股,24.45%,1039872.69,6.05%
2023-04-25,基金,10年地债(511270.XSHG),多,5500股,5500股,108.204,595122,48096.91,99.459,-,0,-319,0股,8.79%,1039872.69,57.23%
2023-04-25,基金,纳指ETF(513100.XSHG),多,90600股,90600股,0.906,82083.6,-300.29,0.909,-,0,0,0股,-0.36%,1039872.69,7.89%
2023-04-25,基金,黄金ETF(518880.XSHG),多,29900股,29900股,4.316,129048.4,12210.14,3.908,-,0,1166.1,0股,10.45%,1039872.69,12.41%
2023-04-25,股票,长江电力(600900.XSHG),多,2500股,2500股,21.17,52925,2874.4,20.02,-,0,350,0股,5.74%,1039872.69,5.09%
2023-04-25,股票,农业银行(601288.XSHG),多,32800股,32800股,3.42,112176,20679.42,2.79,-,0,1968,0股,22.6%,1039872.69,10.79%
2023-04-25,,Cash,,,,,5618.49,,,,,,,,0
2023-04-26,基金,豆粕ETF华夏(159985.XSHE),多,36400股,36400股,1.75,63700,13156.76,1.389,-,0,800.8,0股,26.03%,1038873.59,6.13%
2023-04-26,基金,10年地债(511270.XSHG),多,5500股,5500股,108.046,594253,47227.91,99.459,-,0,-869,0股,8.63%,1038873.59,57.2%
2023-04-26,基金,纳指ETF(513100.XSHG),多,90600股,90600股,0.904,81902.4,-481.49,0.909,-,0,-181.2,0股,-0.58%,1038873.59,7.88%
2023-04-26,基金,黄金ETF(518880.XSHG),多,29900股,29900股,4.323,129257.7,12419.44,3.908,-,0,209.3,0股,10.63%,1038873.59,12.44%
2023-04-26,股票,长江电力(600900.XSHG),多,2500股,2500股,21.18,52950,2899.4,20.02,-,0,25,0股,5.79%,1038873.59,5.1%
2023-04-26,股票,农业银行(601288.XSHG),多,32800股,32800股,3.39,111192,19695.42,2.79,-,0,-984,0股,21.53%,1038873.59,10.7%
2023-04-26,,Cash,,,,,5618.49,,,,,,,,0
2023-04-27,基金,豆粕ETF华夏(159985.XSHE),多,36400股,36400股,1.74,63336,12792.76,1.389,-,0,-364,0股,25.31%,1041284.19,6.08%
2023-04-27,基金,10年地债(511270.XSHG),多,5500股,5500股,107.978,593879,46853.91,99.459,-,0,-374,0股,8.57%,1041284.19,57.03%
2023-04-27,基金,纳指ETF(513100.XSHG),多,90600股,90600股,0.905,81993,-390.89,0.909,-,0,90.6,0股,-0.47%,1041284.19,7.87%
2023-04-27,基金,黄金ETF(518880.XSHG),多,29900股,29900股,4.333,129556.7,12718.44,3.908,-,0,299,0股,10.89%,1041284.19,12.44%
2023-04-27,股票,长江电力(600900.XSHG),多,2500股,2500股,21.89,54725,4674.4,20.02,-,0,1775,0股,9.34%,1041284.19,5.26%
2023-04-27,股票,农业银行(601288.XSHG),多,32800股,32800股,3.42,112176,20679.42,2.79,-,0,984,0股,22.6%,1041284.19,10.77%
2023-04-27,,Cash,,,,,5618.49,,,,,,,,0
2023-04-28,基金,豆粕ETF华夏(159985.XSHE),多,36400股,36400股,1.765,64246,13702.76,1.389,-,0,910,0股,27.11%,1042615.99,6.16%
2023-04-28,基金,10年地债(511270.XSHG),多,5500股,5500股,107.953,593741.5,46716.41,99.459,-,0,-137.5,0股,8.54%,1042615.99,56.95%
2023-04-28,基金,纳指ETF(513100.XSHG),多,90600股,90600股,0.923,83623.8,1239.91,0.909,-,0,1630.8,0股,1.51%,1042615.99,8.02%
2023-04-28,基金,黄金ETF(518880.XSHG),多,29900股,29900股,4.298,128510.2,11671.94,3.908,-,0,-1046.5,0股,9.99%,1042615.99,12.33%
2023-04-28,股票,长江电力(600900.XSHG),多,2500股,2500股,21.88,54700,4649.4,20.02,-,0,-25,0股,9.29%,1042615.99,5.25%
2023-04-28,股票,农业银行(601288.XSHG),多,32800股,32800股,3.42,112176,20679.42,2.79,-,0,0,0股,22.6%,1042615.99,10.76%
2023-04-28,,Cash,,,,,5618.49,,,,,,,,0
2023-05-04,基金,豆粕ETF华夏(159985.XSHE),多,36400股,36400股,1.756,63918.4,13375.16,1.389,-,0,-327.6,0股,26.46%,1052068.69,6.08%
2023-05-04,基金,10年地债(511270.XSHG),多,5500股,5500股,108.023,594126.5,47101.41,99.459,-,0,385,0股,8.61%,1052068.69,56.47%
2023-05-04,基金,纳指ETF(513100.XSHG),多,90600股,90600股,0.918,83170.8,786.91,0.909,-,0,-453,0股,0.96%,1052068.69,7.91%
2023-05-04,基金,黄金ETF(518880.XSHG),多,29900股,29900股,4.395,131410.5,14572.24,3.908,-,0,2900.3,0股,12.47%,1052068.69,12.49%
2023-05-04,股票,长江电力(600900.XSHG),多,2500股,2500股,22.56,56400,6349.4,20.02,-,0,1700,0股,12.69%,1052068.69,5.36%
2023-05-04,股票,农业银行(601288.XSHG),多,32800股,32800股,3.58,117424,25927.42,2.79,-,0,5248,0股,28.34%,1052068.69,11.16%
2023-05-04,,Cash,,,,,5618.49,,,,,,,,0
2023-05-05,基金,豆粕ETF华夏(159985.XSHE),多,36400股,36400股,1.778,64719.2,14175.96,1.389,-,0,800.8,0股,28.05%,1054377.79,6.14%
2023-05-05,基金,10年地债(511270.XSHG),多,5500股,5500股,108.192,595056,48030.91,99.459,-,0,929.5,0股,8.78%,1054377.79,56.44%
2023-05-05,基金,纳指ETF(513100.XSHG),多,90600股,90600股,0.916,82989.6,605.71,0.909,-,0,-181.2,0股,0.74%,1054377.79,7.87%
2023-05-05,基金,黄金ETF(518880.XSHG),多,29900股,29900股,4.415,132008.5,15170.24,3.908,-,0,598,0股,12.98%,1054377.79,12.52%
2023-05-05,股票,长江电力(600900.XSHG),多,2500股,2500股,22.1,55250,5199.4,20.02,-,0,-1150,0股,10.39%,1054377.79,5.24%
2023-05-05,股票,农业银行(601288.XSHG),多,32800股,32800股,3.62,118736,27239.42,2.79,-,0,1312,0股,29.77%,1054377.79,11.26%
2023-05-05,,Cash,,,,,5618.49,,,,,,,,0
2023-05-08,基金,豆粕ETF华夏(159985.XSHE),多,36400股,36400股,1.788,65083.2,14539.96,1.389,-,0,364,0股,28.77%,1064264.39,6.12%
2023-05-08,基金,10年地债(511270.XSHG),多,5500股,5500股,108.229,595259.5,48234.41,99.459,-,0,203.5,0股,8.82%,1064264.39,55.93%
2023-05-08,基金,纳指ETF(513100.XSHG),多,90600股,90600股,0.93,84258,1874.11,0.909,-,0,1268.4,0股,2.27%,1064264.39,7.92%
2023-05-08,基金,黄金ETF(518880.XSHG),多,29900股,29900股,4.368,130603.2,13764.94,3.908,-,0,-1405.3,0股,11.78%,1064264.39,12.27%
2023-05-08,股票,长江电力(600900.XSHG),多,2500股,2500股,22.34,55850,5799.4,20.02,-,0,600,0股,11.59%,1064264.39,5.25%
2023-05-08,股票,农业银行(601288.XSHG),多,32800股,32800股,3.89,127592,36095.42,2.79,-,0,8856,0股,39.45%,1064264.39,11.99%
2023-05-08,,Cash,,,,,5618.49,,,,,,,,0
2023-05-09,基金,豆粕ETF华夏(159985.XSHE),多,36400股,36400股,1.78,64792,14248.76,1.389,-,0,-291.2,0股,28.19%,1063194.79,6.09%
2023-05-09,基金,10年地债(511270.XSHG),多,5500股,5500股,108.21,595155,48129.91,99.459,-,0,-104.5,0股,8.8%,1063194.79,55.98%
2023-05-09,基金,纳指ETF(513100.XSHG),多,90600股,90600股,0.93,84258,1874.11,0.909,-,0,0,0股,2.27%,1063194.79,7.92%
2023-05-09,基金,黄金ETF(518880.XSHG),多,29900股,29900股,4.377,130872.3,14034.04,3.908,-,0,269.1,0股,12.01%,1063194.79,12.31%
2023-05-09,股票,长江电力(600900.XSHG),多,2500股,2500股,22.75,56875,6824.4,20.02,-,0,1025,0股,13.64%,1063194.79,5.35%
2023-05-09,股票,农业银行(601288.XSHG),多,32800股,32800股,3.83,125624,34127.42,2.79,-,0,-1968,0股,37.3%,1063194.79,11.82%
2023-05-09,,Cash,,,,,5618.49,,,,,,,,0
2023-05-10,基金,豆粕ETF华夏(159985.XSHE),多,36400股,36400股,1.756,63918.4,13375.16,1.389,-,0,-873.6,0股,26.46%,1056257.59,6.05%
2023-05-10,基金,10年地债(511270.XSHG),多,5500股,5500股,108.469,596579.5,49554.41,99.459,-,0,1424.5,0股,9.06%,1056257.59,56.48%
2023-05-10,基金,纳指ETF(513100.XSHG),多,90600股,90600股,0.93,84258,1874.11,0.909,-,0,0,0股,2.27%,1056257.59,7.98%
2023-05-10,基金,黄金ETF(518880.XSHG),多,29900股,29900股,4.398,131500.2,14661.94,3.908,-,0,627.9,0股,12.55%,1056257.59,12.45%
2023-05-10,股票,长江电力(600900.XSHG),多,2500股,2500股,22.39,55975,5924.4,20.02,-,0,-900,0股,11.84%,1056257.59,5.3%
2023-05-10,股票,农业银行(601288.XSHG),多,32800股,32800股,3.61,118408,26911.42,2.79,-,0,-7216,0股,29.41%,1056257.59,11.21%
2023-05-10,,Cash,,,,,5618.49,,,,,,,,0
2023-05-11,基金,豆粕ETF华夏(159985.XSHE),多,36800股,36800股,1.759,64731.2,13489.56,1.392,-,0,114.4,400股,26.33%,1058929.57,6.11%
2023-05-11,基金,10年地债(511270.XSHG),多,5700股,5700股,108.653,619322.1,50559.01,99.783,-,0,1004.6,200股,8.89%,1058929.57,58.49%
2023-05-11,基金,纳指ETF(513100.XSHG),多,103600股,103600股,0.942,97591.2,2974.31,0.913,-,0,1100.2,13000股,3.14%,1058929.57,9.22%
2023-05-11,基金,黄金ETF(518880.XSHG),多,29400股,29400股,4.394,129183.6,14299.15,3.908,-,0,-117.6,0股,12.45%,1058929.57,12.2%
2023-05-11,股票,长江电力(600900.XSHG),多,3200股,2500股,22.8,72960,6795.4,20.676,-,0,871,700股,10.27%,1058929.57,6.89%
2023-05-11,股票,农业银行(601288.XSHG),多,17900股,17900股,3.59,64261,14328.41,2.79,-,0,-358,0股,28.7%,1058929.57,6.07%
2023-05-11,,Cash,,,,,10880.47,,,,,,,,0
2023-05-12,基金,豆粕ETF华夏(159985.XSHE),多,36800股,36800股,1.788,65798.4,14556.76,1.392,-,0,1067.2,0股,28.41%,1060416.67,6.2%
2023-05-12,基金,10年地债(511270.XSHG),多,5700股,5700股,108.836,620365.2,51602.11,99.783,-,0,1043.1,0股,9.07%,1060416.67,58.5%
2023-05-12,基金,纳指ETF(513100.XSHG),多,103600股,103600股,0.946,98005.6,3388.71,0.913,-,0,414.4,0股,3.58%,1060416.67,9.24%
2023-05-12,基金,黄金ETF(518880.XSHG),多,29400股,29400股,4.365,128331,13446.55,3.908,-,0,-852.6,0股,11.7%,1060416.67,12.1%
2023-05-12,股票,长江电力(600900.XSHG),多,3200股,3200股,22.91,73312,7147.4,20.676,-,0,352,0股,10.8%,1060416.67,6.91%
2023-05-12,股票,农业银行(601288.XSHG),多,17900股,17900股,3.56,63724,13791.41,2.79,-,0,-537,0股,27.62%,1060416.67,6.01%
2023-05-12,,Cash,,,,,10880.47,,,,,,,,0
2023-05-15,基金,豆粕ETF华夏(159985.XSHE),多,36800股,36800股,1.77,65136,13894.36,1.392,-,0,-662.4,0股,27.12%,1059672.57,6.15%
2023-05-15,基金,10年地债(511270.XSHG),多,5700股,5700股,108.657,619344.9,50581.81,99.783,-,0,-1020.3,0股,8.89%,1059672.57,58.45%
2023-05-15,基金,纳指ETF(513100.XSHG),多,103600股,103600股,0.944,97798.4,3181.51,0.913,-,0,-207.2,0股,3.36%,1059672.57,9.23%
2023-05-15,基金,黄金ETF(518880.XSHG),多,29400股,29400股,4.382,128830.8,13946.35,3.908,-,0,499.8,0股,12.14%,1059672.57,12.16%
2023-05-15,股票,长江电力(600900.XSHG),多,3200股,3200股,23,73600,7435.4,20.676,-,0,288,0股,11.24%,1059672.57,6.95%
2023-05-15,股票,农业银行(601288.XSHG),多,17900股,17900股,3.58,64082,14149.41,2.79,-,0,358,0股,28.34%,1059672.57,6.05%
2023-05-15,,Cash,,,,,10880.47,,,,,,,,0
2023-05-16,基金,豆粕ETF华夏(159985.XSHE),多,36800股,36800股,1.792,65945.6,14703.96,1.392,-,0,809.6,0股,28.7%,1060367.17,6.22%
2023-05-16,基金,10年地债(511270.XSHG),多,5700股,5700股,108.609,619071.3,50308.21,99.783,-,0,-273.6,0股,8.85%,1060367.17,58.38%
2023-05-16,基金,纳指ETF(513100.XSHG),多,103600股,103600股,0.947,98109.2,3492.31,0.913,-,0,310.8,0股,3.69%,1060367.17,9.25%
2023-05-16,基金,黄金ETF(518880.XSHG),多,29400股,29400股,4.369,128448.6,13564.15,3.908,-,0,-382.2,0股,11.81%,1060367.17,12.11%
2023-05-16,股票,长江电力(600900.XSHG),多,3200股,3200股,22.96,73472,7307.4,20.676,-,0,-128,0股,11.04%,1060367.17,6.93%
2023-05-16,股票,农业银行(601288.XSHG),多,17900股,17900股,3.6,64440,14507.41,2.79,-,0,358,0股,29.05%,1060367.17,6.08%
2023-05-16,,Cash,,,,,10880.47,,,,,,,,0
2023-05-17,基金,豆粕ETF华夏(159985.XSHE),多,36800股,36800股,1.754,64547.2,13305.56,1.392,-,0,-1398.4,0股,25.97%,1058454.67,6.1%
2023-05-17,基金,10年地债(511270.XSHG),多,5700股,5700股,108.6,619020,50256.91,99.783,-,0,-51.3,0股,8.84%,1058454.67,58.48%
2023-05-17,基金,纳指ETF(513100.XSHG),多,103600股,103600股,0.953,98730.8,4113.91,0.913,-,0,621.6,0股,4.35%,1058454.67,9.33%
2023-05-17,基金,黄金ETF(518880.XSHG),多,29400股,29400股,4.353,127978.2,13093.75,3.908,-,0,-470.4,0股,11.4%,1058454.67,12.09%
2023-05-17,股票,长江电力(600900.XSHG),多,3200股,3200股,22.88,73216,7051.4,20.676,-,0,-256,0股,10.66%,1058454.67,6.92%
2023-05-17,股票,农业银行(601288.XSHG),多,17900股,17900股,3.58,64082,14149.41,2.79,-,0,-358,0股,28.34%,1058454.67,6.05%
2023-05-17,,Cash,,,,,10880.47,,,,,,,,0
2023-05-18,基金,豆粕ETF华夏(159985.XSHE),多,36800股,36800股,1.76,64768,13526.36,1.392,-,0,220.8,0股,26.4%,1061805.27,6.1%
2023-05-18,基金,10年地债(511270.XSHG),多,5700股,5700股,108.46,618222,49458.91,99.783,-,0,-798,0股,8.7%,1061805.27,58.22%
2023-05-18,基金,纳指ETF(513100.XSHG),多,103600股,103600股,0.968,100284.8,5667.91,0.913,-,0,1554,0股,5.99%,1061805.27,9.44%
2023-05-18,基金,黄金ETF(518880.XSHG),多,29400股,29400股,4.345,127743,12858.55,3.908,-,0,-235.2,0股,11.19%,1061805.27,12.03%
2023-05-18,股票,长江电力(600900.XSHG),多,3200股,3200股,23.08,73856,7691.4,20.676,-,0,640,0股,11.62%,1061805.27,6.96%
2023-05-18,股票,农业银行(601288.XSHG),多,17900股,17900股,3.69,66051,16118.41,2.79,-,0,1969,0股,32.28%,1061805.27,6.22%
2023-05-18,,Cash,,,,,10880.47,,,,,,,,0
2023-05-19,基金,豆粕ETF华夏(159985.XSHE),多,36800股,36800股,1.741,64068.8,12827.16,1.392,-,0,-699.2,0股,25.03%,1061628.77,6.03%
2023-05-19,基金,10年地债(511270.XSHG),多,5700股,5700股,108.595,618991.5,50228.41,99.783,-,0,769.5,0股,8.83%,1061628.77,58.31%
2023-05-19,基金,纳指ETF(513100.XSHG),多,103600股,103600股,0.99,102564,7947.11,0.913,-,0,2279.2,0股,8.4%,1061628.77,9.66%
2023-05-19,基金,黄金ETF(518880.XSHG),多,29400股,29400股,4.33,127302,12417.55,3.908,-,0,-441,0股,10.81%,1061628.77,11.99%
2023-05-19,股票,长江电力(600900.XSHG),多,3200股,3200股,22.82,73024,6859.4,20.676,-,0,-832,0股,10.37%,1061628.77,6.88%
2023-05-19,股票,农业银行(601288.XSHG),多,17900股,17900股,3.62,64798,14865.41,2.79,-,0,-1253,0股,29.77%,1061628.77,6.1%
2023-05-19,,Cash,,,,,10880.47,,,,,,,,0
2023-05-22,基金,豆粕ETF华夏(159985.XSHE),多,36800股,36800股,1.739,63995.2,12753.56,1.392,-,0,-73.6,0股,24.89%,1063033.77,6.02%
2023-05-22,基金,10年地债(511270.XSHG),多,5700股,5700股,108.677,619458.9,50695.81,99.783,-,0,467.4,0股,8.91%,1063033.77,58.27%
2023-05-22,基金,纳指ETF(513100.XSHG),多,103600股,103600股,0.984,101942.4,7325.51,0.913,-,0,-621.6,0股,7.74%,1063033.77,9.59%
2023-05-22,基金,黄金ETF(518880.XSHG),多,29400股,29400股,4.347,127801.8,12917.35,3.908,-,0,499.8,0股,11.24%,1063033.77,12.02%
2023-05-22,股票,长江电力(600900.XSHG),多,3200股,3200股,23.23,74336,8171.4,20.676,-,0,1312,0股,12.35%,1063033.77,6.99%
2023-05-22,股票,农业银行(601288.XSHG),多,17900股,17900股,3.61,64619,14686.41,2.79,-,0,-179,0股,29.41%,1063033.77,6.08%
2023-05-22,,Cash,,,,,10880.47,,,,,,,,0
2023-05-23,基金,豆粕ETF华夏(159985.XSHE),多,36800股,36800股,1.76,64768,13526.36,1.392,-,0,772.8,0股,26.4%,1063257.17,6.09%
2023-05-23,基金,10年地债(511270.XSHG),多,5700股,5700股,108.975,621157.5,52394.41,99.783,-,0,1698.6,0股,9.21%,1063257.17,58.42%
2023-05-23,基金,纳指ETF(513100.XSHG),多,103600股,103600股,0.992,102771.2,8154.31,0.913,-,0,828.8,0股,8.62%,1063257.17,9.67%
2023-05-23,基金,黄金ETF(518880.XSHG),多,29400股,29400股,4.33,127302,12417.55,3.908,-,0,-499.8,0股,10.81%,1063257.17,11.97%
2023-05-23,股票,长江电力(600900.XSHG),多,3200股,3200股,23.04,73728,7563.4,20.676,-,0,-608,0股,11.43%,1063257.17,6.93%
2023-05-23,股票,农业银行(601288.XSHG),多,17900股,17900股,3.5,62650,12717.41,2.79,-,0,-1969,0股,25.47%,1063257.17,5.89%
2023-05-23,,Cash,,,,,10880.47,,,,,,,,0
2023-05-24,基金,豆粕ETF华夏(159985.XSHE),多,36800股,36800股,1.74,64032,12790.36,1.392,-,0,-736,0股,24.96%,1058252.07,6.05%
2023-05-24,基金,10年地债(511270.XSHG),多,5700股,5700股,108.898,620718.6,51955.51,99.783,-,0,-438.9,0股,9.13%,1058252.07,58.66%
2023-05-24,基金,纳指ETF(513100.XSHG),多,103600股,103600股,0.977,101217.2,6600.31,0.913,-,0,-1554,0股,6.98%,1058252.07,9.56%
2023-05-24,基金,黄金ETF(518880.XSHG),多,29400股,29400股,4.352,127948.8,13064.35,3.908,-,0,646.8,0股,11.37%,1058252.07,12.09%
2023-05-24,股票,长江电力(600900.XSHG),多,3200股,3200股,22.63,72416,6251.4,20.676,-,0,-1312,0股,9.45%,1058252.07,6.84%
2023-05-24,股票,农业银行(601288.XSHG),多,17900股,17900股,3.41,61039,11106.41,2.79,-,0,-1611,0股,22.24%,1058252.07,5.77%
2023-05-24,,Cash,,,,,10880.47,,,,,,,,0
2023-05-25,基金,豆粕ETF华夏(159985.XSHE),多,36800股,36800股,1.736,63884.8,12643.16,1.392,-,0,-147.2,0股,24.67%,1059989.47,6.03%
2023-05-25,基金,10年地债(511270.XSHG),多,5700股,5700股,108.892,620684.4,51921.31,99.783,-,0,-34.2,0股,9.13%,1059989.47,58.56%
2023-05-25,基金,纳指ETF(513100.XSHG),多,103600股,103600股,0.993,102874.8,8257.91,0.913,-,0,1657.6,0股,8.73%,1059989.47,9.71%
2023-05-25,基金,黄金ETF(518880.XSHG),多,29400股,29400股,4.335,127449,12564.55,3.908,-,0,-499.8,0股,10.94%,1059989.47,12.02%
2023-05-25,股票,长江电力(600900.XSHG),多,3200股,3200股,22.7,72640,6475.4,20.676,-,0,224,0股,9.79%,1059989.47,6.85%
2023-05-25,股票,农业银行(601288.XSHG),多,17900股,17900股,3.44,61576,11643.41,2.79,-,0,537,0股,23.32%,1059989.47,5.81%
2023-05-25,,Cash,,,,,10880.47,,,,,,,,0
2023-05-26,基金,豆粕ETF华夏(159985.XSHE),多,36800股,36800股,1.747,64289.6,13047.96,1.392,-,0,404.8,0股,25.46%,1059809.47,6.07%
2023-05-26,基金,10年地债(511270.XSHG),多,5700股,5700股,108.754,619897.8,51134.71,99.783,-,0,-786.6,0股,8.99%,1059809.47,58.49%
2023-05-26,基金,纳指ETF(513100.XSHG),多,103600股,103600股,0.996,103185.6,8568.71,0.913,-,0,310.8,0股,9.06%,1059809.47,9.74%
2023-05-26,基金,黄金ETF(518880.XSHG),多,29400股,29400股,4.31,126714,11829.55,3.908,-,0,-735,0股,10.3%,1059809.47,11.96%
2023-05-26,股票,长江电力(600900.XSHG),多,3200股,3200股,22.56,72192,6027.4,20.676,-,0,-448,0股,9.11%,1059809.47,6.81%
2023-05-26,股票,农业银行(601288.XSHG),多,17900股,17900股,3.5,62650,12717.41,2.79,-,0,1074,0股,25.47%,1059809.47,5.91%
2023-05-26,,Cash,,,,,10880.47,,,,,,,,0
2023-05-29,基金,豆粕ETF华夏(159985.XSHE),多,36800股,36800股,1.73,63664,12422.36,1.392,-,0,-625.6,0股,24.24%,1065594.27,5.97%
2023-05-29,基金,10年地债(511270.XSHG),多,5700股,5700股,108.83,620331,51567.91,99.783,-,0,433.2,0股,9.07%,1065594.27,58.21%
2023-05-29,基金,纳指ETF(513100.XSHG),多,103600股,103600股,1.032,106915.2,12298.31,0.913,-,0,3729.6,0股,13%,1065594.27,10.03%
2023-05-29,基金,黄金ETF(518880.XSHG),多,29400股,29400股,4.314,126831.6,11947.15,3.908,-,0,117.6,0股,10.4%,1065594.27,11.9%
2023-05-29,股票,长江电力(600900.XSHG),多,3200股,3200股,22.89,73248,7083.4,20.676,-,0,1056,0股,10.71%,1065594.27,6.87%
2023-05-29,股票,农业银行(601288.XSHG),多,17900股,17900股,3.56,63724,13791.41,2.79,-,0,1074,0股,27.62%,1065594.27,5.98%
2023-05-29,,Cash,,,,,10880.47,,,,,,,,0
2023-05-30,基金,豆粕ETF华夏(159985.XSHE),多,36800股,36800股,1.728,63590.4,12348.76,1.392,-,0,-73.6,0股,24.1%,1064063.17,5.98%
2023-05-30,基金,10年地债(511270.XSHG),多,5700股,5700股,108.859,620496.3,51733.21,99.783,-,0,165.3,0股,9.1%,1064063.17,58.31%
2023-05-30,基金,纳指ETF(513100.XSHG),多,103600股,103600股,1.035,107226,12609.11,0.913,-,0,310.8,0股,13.33%,1064063.17,10.08%
2023-05-30,基金,黄金ETF(518880.XSHG),多,29400股,29400股,4.3,126420,11535.55,3.908,-,0,-411.6,0股,10.04%,1064063.17,11.88%
2023-05-30,股票,长江电力(600900.XSHG),多,3200股,3200股,22.75,72800,6635.4,20.676,-,0,-448,0股,10.03%,1064063.17,6.84%
2023-05-30,股票,农业银行(601288.XSHG),多,17900股,17900股,3.5,62650,12717.41,2.79,-,0,-1074,0股,25.47%,1064063.17,5.89%
2023-05-30,,Cash,,,,,10880.47,,,,,,,,0
2023-05-31,基金,豆粕ETF华夏(159985.XSHE),多,36800股,36800股,1.707,62817.6,11575.96,1.392,-,0,-772.8,0股,22.59%,1065556.87,5.9%
2023-05-31,基金,10年地债(511270.XSHG),多,5700股,5700股,109.066,621676.2,52913.11,99.783,-,0,1179.9,0股,9.3%,1065556.87,58.34%
2023-05-31,基金,纳指ETF(513100.XSHG),多,103600股,103600股,1.031,106811.6,12194.71,0.913,-,0,-414.4,0股,12.89%,1065556.87,10.02%
2023-05-31,基金,黄金ETF(518880.XSHG),多,29400股,29400股,4.365,128331,13446.55,3.908,-,0,1911,0股,11.7%,1065556.87,12.04%
2023-05-31,股票,长江电力(600900.XSHG),多,3200股,3200股,22.51,72032,5867.4,20.676,-,0,-768,0股,8.87%,1065556.87,6.76%
2023-05-31,股票,农业银行(601288.XSHG),多,17900股,17900股,3.52,63008,13075.41,2.79,-,0,358,0股,26.19%,1065556.87,5.91%
2023-05-31,,Cash,,,,,10880.47,,,,,,,,0
2023-06-01,基金,豆粕ETF华夏(159985.XSHE),多,36800股,36800股,1.74,64032,12790.36,1.392,-,0,1214.4,0股,24.96%,1065539.77,6.01%
2023-06-01,基金,10年地债(511270.XSHG),多,5700股,5700股,109.145,622126.5,53363.41,99.783,-,0,450.3,0股,9.38%,1065539.77,58.39%
2023-06-01,基金,纳指ETF(513100.XSHG),多,103600股,103600股,1.03,106708,12091.11,0.913,-,0,-103.6,0股,12.78%,1065539.77,10.01%
2023-06-01,基金,黄金ETF(518880.XSHG),多,29400股,29400股,4.362,128242.8,13358.35,3.908,-,0,-88.2,0股,11.63%,1065539.77,12.04%
2023-06-01,股票,长江电力(600900.XSHG),多,3200股,3200股,22.38,71616,5451.4,20.676,-,0,-416,0股,8.24%,1065539.77,6.72%
2023-06-01,股票,农业银行(601288.XSHG),多,17900股,17900股,3.46,61934,12001.41,2.79,-,0,-1074,0股,24.04%,1065539.77,5.81%
2023-06-01,,Cash,,,,,10880.47,,,,,,,,0
2023-06-02,基金,豆粕ETF华夏(159985.XSHE),多,36800股,36800股,1.716,63148.8,11907.16,1.392,-,0,-883.2,0股,23.24%,1065798.07,5.93%
2023-06-02,基金,10年地债(511270.XSHG),多,5700股,5700股,109.07,621699,52935.91,99.783,-,0,-427.5,0股,9.31%,1065798.07,58.33%
2023-06-02,基金,纳指ETF(513100.XSHG),多,103600股,103600股,1.043,108054.8,13437.91,0.913,-,0,1346.8,0股,14.2%,1065798.07,10.14%
2023-06-02,基金,黄金ETF(518880.XSHG),多,29400股,29400股,4.375,128625,13740.55,3.908,-,0,382.2,0股,11.96%,1065798.07,12.07%
2023-06-02,股票,长江电力(600900.XSHG),多,3200股,3200股,22.33,71456,5291.4,20.676,-,0,-160,0股,8%,1065798.07,6.7%
2023-06-02,股票,农业银行(601288.XSHG),多,17900股,17900股,3.46,61934,12001.41,2.79,-,0,0,0股,24.04%,1065798.07,5.81%
2023-06-02,,Cash,,,,,10880.47,,,,,,,,0
2023-06-05,基金,豆粕ETF华夏(159985.XSHE),多,36800股,36800股,1.768,65062.4,13820.76,1.392,-,0,1913.6,0股,26.97%,1069542.67,6.08%
2023-06-05,基金,10年地债(511270.XSHG),多,5700股,5700股,109.182,622337.4,53574.31,99.783,-,0,638.4,0股,9.42%,1069542.67,58.19%
2023-06-05,基金,纳指ETF(513100.XSHG),多,103600股,103600股,1.048,108572.8,13955.91,0.913,-,0,518,0股,14.75%,1069542.67,10.15%
2023-06-05,基金,黄金ETF(518880.XSHG),多,29400股,29400股,4.324,127125.6,12241.15,3.908,-,0,-1499.4,0股,10.66%,1069542.67,11.89%
2023-06-05,股票,长江电力(600900.XSHG),多,3200股,3200股,22.45,71840,5675.4,20.676,-,0,384,0股,8.58%,1069542.67,6.72%
2023-06-05,股票,农业银行(601288.XSHG),多,17900股,17900股,3.56,63724,13791.41,2.79,-,0,1790,0股,27.62%,1069542.67,5.96%
2023-06-05,,Cash,,,,,10880.47,,,,,,,,0
2023-06-06,基金,豆粕ETF华夏(159985.XSHE),多,36800股,36800股,1.777,65393.6,14151.96,1.392,-,0,331.2,0股,27.62%,1071517.77,6.1%
2023-06-06,基金,10年地债(511270.XSHG),多,5700股,5700股,109.355,623323.5,54560.41,99.783,-,0,986.1,0股,9.59%,1071517.77,58.17%
2023-06-06,基金,纳指ETF(513100.XSHG),多,103600股,103600股,1.049,108676.4,14059.51,0.913,-,0,103.6,0股,14.86%,1071517.77,10.14%
2023-06-06,基金,黄金ETF(518880.XSHG),多,29400股,29400股,4.357,128095.8,13211.35,3.908,-,0,970.2,0股,11.5%,1071517.77,11.95%
2023-06-06,股票,长江电力(600900.XSHG),多,3200股,3200股,22.32,71424,5259.4,20.676,-,0,-416,0股,7.95%,1071517.77,6.67%
2023-06-06,股票,农业银行(601288.XSHG),多,17900股,17900股,3.56,63724,13791.41,2.79,-,0,0,0股,27.62%,1071517.77,5.95%
2023-06-06,,Cash,,,,,10880.47,,,,,,,,0
2023-06-07,基金,豆粕ETF华夏(159985.XSHE),多,36800股,36800股,1.757,64657.6,13415.96,1.392,-,0,-736,0股,26.18%,1073073.87,6.03%
2023-06-07,基金,10年地债(511270.XSHG),多,5700股,5700股,109.472,623990.4,55227.31,99.783,-,0,666.9,0股,9.71%,1073073.87,58.15%
2023-06-07,基金,纳指ETF(513100.XSHG),多,103600股,103600股,1.052,108987.2,14370.31,0.913,-,0,310.8,0股,15.19%,1073073.87,10.16%
2023-06-07,基金,黄金ETF(518880.XSHG),多,29400股,29400股,4.363,128272.2,13387.75,3.908,-,0,176.4,0股,11.65%,1073073.87,11.95%
2023-06-07,股票,长江电力(600900.XSHG),多,3200股,3200股,22.34,71488,5323.4,20.676,-,0,64,0股,8.05%,1073073.87,6.66%
2023-06-07,股票,农业银行(601288.XSHG),多,17900股,17900股,3.62,64798,14865.41,2.79,-,0,1074,0股,29.77%,1073073.87,6.04%
2023-06-07,,Cash,,,,,10880.47,,,,,,,,0
2023-06-08,基金,豆粕ETF华夏(159985.XSHE),多,31600股,31600股,1.757,55521.2,11520.23,1.392,-,0,0,0股,26.18%,1072230.85,5.18%
2023-06-08,基金,10年地债(511270.XSHG),多,6300股,6300股,109.469,689654.7,55224.01,100.703,-,0,-3.3,600股,8.7%,1072230.85,64.32%
2023-06-08,基金,纳指ETF(513100.XSHG),多,86800股,86800股,1.03,89404,10130.39,0.913,-,0,-1909.6,0股,12.78%,1072230.85,8.34%
2023-06-08,基金,黄金ETF(518880.XSHG),多,26600股,26600股,4.338,115390.8,11447.73,3.908,-,0,-665,0股,11.01%,1072230.85,10.76%
2023-06-08,股票,长江电力(600900.XSHG),多,3000股,3000股,22.66,67980,5950.69,20.676,-,0,960,0股,9.59%,1072230.85,6.34%
2023-06-08,股票,农业银行(601288.XSHG),多,12000股,12000股,3.71,44520,11045.64,2.79,-,0,1080,0股,33%,1072230.85,4.15%
2023-06-08,,Cash,,,,,9760.15,,,,,,,,0
2023-06-09,基金,豆粕ETF华夏(159985.XSHE),多,31600股,31600股,1.766,55805.6,11804.63,1.392,-,0,284.4,0股,26.83%,1076185.25,5.19%
2023-06-09,基金,10年地债(511270.XSHG),多,6300股,6300股,109.623,690624.9,56194.21,100.703,-,0,970.2,0股,8.86%,1076185.25,64.17%
2023-06-09,基金,纳指ETF(513100.XSHG),多,86800股,86800股,1.047,90879.6,11605.99,0.913,-,0,1475.6,0股,14.64%,1076185.25,8.44%
2023-06-09,基金,黄金ETF(518880.XSHG),多,26600股,26600股,4.375,116375,12431.93,3.908,-,0,984.2,0股,11.96%,1076185.25,10.81%
2023-06-09,股票,长江电力(600900.XSHG),多,3000股,3000股,22.86,68580,6550.69,20.676,-,0,600,0股,10.56%,1076185.25,6.37%
2023-06-09,股票,农业银行(601288.XSHG),多,12000股,12000股,3.68,44160,10685.64,2.79,-,0,-360,0股,31.92%,1076185.25,4.1%
2023-06-09,,Cash,,,,,9760.15,,,,,,,,0
2023-06-12,基金,豆粕ETF华夏(159985.XSHE),多,31600股,31600股,1.773,56026.8,12025.83,1.392,-,0,221.2,0股,27.33%,1076093.55,5.21%
2023-06-12,基金,10年地债(511270.XSHG),多,6300股,6300股,109.662,690870.6,56439.91,100.703,-,0,245.7,0股,8.9%,1076093.55,64.2%
2023-06-12,基金,纳指ETF(513100.XSHG),多,86800股,86800股,1.059,91921.2,12647.59,0.913,-,0,1041.6,0股,15.95%,1076093.55,8.54%
2023-06-12,基金,黄金ETF(518880.XSHG),多,26600股,26600股,4.378,116454.8,12511.73,3.908,-,0,79.8,0股,12.04%,1076093.55,10.82%
2023-06-12,股票,长江电力(600900.XSHG),多,3000股,3000股,22.38,67140,5110.69,20.676,-,0,-1440,0股,8.24%,1076093.55,6.24%
2023-06-12,股票,农业银行(601288.XSHG),多,12000股,12000股,3.66,43920,10445.64,2.79,-,0,-240,0股,31.2%,1076093.55,4.08%
2023-06-12,,Cash,,,,,9760.15,,,,,,,,0
2023-06-13,基金,豆粕ETF华夏(159985.XSHE),多,31600股,31600股,1.79,56564,12563.03,1.392,-,0,537.2,0股,28.55%,1080501.45,5.23%
2023-06-13,基金,10年地债(511270.XSHG),多,6300股,6300股,109.895,692338.5,57907.81,100.703,-,0,1467.9,0股,9.13%,1080501.45,64.08%
2023-06-13,基金,纳指ETF(513100.XSHG),多,86800股,86800股,1.085,94178,14904.39,0.913,-,0,2256.8,0股,18.8%,1080501.45,8.72%
2023-06-13,基金,黄金ETF(518880.XSHG),多,26600股,26600股,4.388,116720.8,12777.73,3.908,-,0,266,0股,12.29%,1080501.45,10.8%
2023-06-13,股票,长江电力(600900.XSHG),多,3000股,3000股,22.3,66900,4870.69,20.676,-,0,-240,0股,7.85%,1080501.45,6.19%
2023-06-13,股票,农业银行(601288.XSHG),多,12000股,12000股,3.67,44040,10565.64,2.79,-,0,120,0股,31.56%,1080501.45,4.08%
2023-06-13,,Cash,,,,,9760.15,,,,,,,,0
2023-06-14,基金,豆粕ETF华夏(159985.XSHE),多,31600股,31600股,1.787,56469.2,12468.23,1.392,-,0,-94.8,0股,28.34%,1078730.15,5.23%
2023-06-14,基金,10年地债(511270.XSHG),多,6300股,6300股,109.954,692710.2,58279.51,100.703,-,0,371.7,0股,9.19%,1078730.15,64.22%
2023-06-14,基金,纳指ETF(513100.XSHG),多,86800股,86800股,1.086,94264.8,14991.19,0.913,-,0,86.8,0股,18.91%,1078730.15,8.74%
2023-06-14,基金,黄金ETF(518880.XSHG),多,26600股,26600股,4.363,116055.8,12112.73,3.908,-,0,-665,0股,11.65%,1078730.15,10.76%
2023-06-14,股票,长江电力(600900.XSHG),多,3000股,3000股,22.25,66750,4720.69,20.676,-,0,-150,0股,7.61%,1078730.15,6.19%
2023-06-14,股票,农业银行(601288.XSHG),多,12000股,12000股,3.56,42720,9245.64,2.79,-,0,-1320,0股,27.62%,1078730.15,3.96%
2023-06-14,,Cash,,,,,9760.15,,,,,,,,0
2023-06-15,基金,豆粕ETF华夏(159985.XSHE),多,31600股,31600股,1.822,57575.2,13574.23,1.392,-,0,1106,0股,30.85%,1079444.35,5.33%
2023-06-15,基金,10年地债(511270.XSHG),多,6300股,6300股,109.876,692218.8,57788.11,100.703,-,0,-491.4,0股,9.11%,1079444.35,64.13%
2023-06-15,基金,纳指ETF(513100.XSHG),多,86800股,86800股,1.091,94698.8,15425.19,0.913,-,0,434,0股,19.46%,1079444.35,8.77%
2023-06-15,基金,黄金ETF(518880.XSHG),多,26600股,26600股,4.329,115151.4,11208.33,3.908,-,0,-904.4,0股,10.78%,1079444.35,10.67%
2023-06-15,股票,长江电力(600900.XSHG),多,3000股,3000股,22.28,66840,4810.69,20.676,-,0,90,0股,7.76%,1079444.35,6.19%
2023-06-15,股票,农业银行(601288.XSHG),多,12000股,12000股,3.6,43200,9725.64,2.79,-,0,480,0股,29.05%,1079444.35,4%
2023-06-15,,Cash,,,,,9760.15,,,,,,,,0
2023-06-16,基金,豆粕ETF华夏(159985.XSHE),多,31600股,31600股,1.853,58554.8,14553.83,1.392,-,0,979.6,0股,33.08%,1079752.85,5.42%
2023-06-16,基金,10年地债(511270.XSHG),多,6300股,6300股,109.595,690448.5,56017.81,100.703,-,0,-1770.3,0股,8.83%,1079752.85,63.95%
2023-06-16,基金,纳指ETF(513100.XSHG),多,86800股,86800股,1.1,95480,16206.39,0.913,-,0,781.2,0股,20.44%,1079752.85,8.84%
2023-06-16,基金,黄金ETF(518880.XSHG),多,26600股,26600股,4.359,115949.4,12006.33,3.908,-,0,798,0股,11.55%,1079752.85,10.74%
2023-06-16,股票,长江电力(600900.XSHG),多,3000股,3000股,22.2,66600,4570.69,20.676,-,0,-240,0股,7.37%,1079752.85,6.17%
2023-06-16,股票,农业银行(601288.XSHG),多,12000股,12000股,3.58,42960,9485.64,2.79,-,0,-240,0股,28.34%,1079752.85,3.98%
2023-06-16,,Cash,,,,,9760.15,,,,,,,,0
2023-06-19,基金,豆粕ETF华夏(159985.XSHE),多,31600股,31600股,1.893,59818.8,15817.83,1.392,-,0,1264,0股,35.95%,1079017.45,5.54%
2023-06-19,基金,10年地债(511270.XSHG),多,6300股,6300股,109.427,689390.1,54959.41,100.703,-,0,-1058.4,0股,8.66%,1079017.45,63.89%
2023-06-19,基金,纳指ETF(513100.XSHG),多,86800股,86800股,1.096,95132.8,15859.19,0.913,-,0,-347.2,0股,20.01%,1079017.45,8.82%
2023-06-19,基金,黄金ETF(518880.XSHG),多,26600股,26600股,4.366,116135.6,12192.53,3.908,-,0,186.2,0股,11.73%,1079017.45,10.76%
2023-06-19,股票,长江电力(600900.XSHG),多,3000股,3000股,22.18,66540,4510.69,20.676,-,0,-60,0股,7.27%,1079017.45,6.17%
2023-06-19,股票,农业银行(601288.XSHG),多,12000股,12000股,3.52,42240,8765.64,2.79,-,0,-720,0股,26.19%,1079017.45,3.91%
2023-06-19,,Cash,,,,,9760.15,,,,,,,,0
2023-06-20,基金,豆粕ETF华夏(159985.XSHE),多,31600股,31600股,1.901,60071.6,16070.63,1.392,-,0,252.8,0股,36.52%,1077626.25,5.57%
2023-06-20,基金,10年地债(511270.XSHG),多,6300股,6300股,109.227,688130.1,53699.41,100.703,-,0,-1260,0股,8.46%,1077626.25,63.86%
2023-06-20,基金,纳指ETF(513100.XSHG),多,86800股,86800股,1.095,95046,15772.39,0.913,-,0,-86.8,0股,19.9%,1077626.25,8.82%
2023-06-20,基金,黄金ETF(518880.XSHG),多,26600股,26600股,4.374,116348.4,12405.33,3.908,-,0,212.8,0股,11.93%,1077626.25,10.8%
2023-06-20,股票,长江电力(600900.XSHG),多,3000股,3000股,22.09,66270,4240.69,20.676,-,0,-270,0股,6.84%,1077626.25,6.15%
2023-06-20,股票,农业银行(601288.XSHG),多,12000股,12000股,3.5,42000,8525.64,2.79,-,0,-240,0股,25.47%,1077626.25,3.9%
2023-06-20,,Cash,,,,,9760.15,,,,,,,,0
2023-06-21,基金,豆粕ETF华夏(159985.XSHE),多,31600股,31600股,1.943,61398.8,17397.83,1.392,-,0,1327.2,0股,39.54%,1081106.75,5.68%
2023-06-21,基金,10年地债(511270.XSHG),多,6300股,6300股,108.714,684898.2,55507.51,99.903,-,0,1808.1,0股,8.82%,1081106.75,63.35%
2023-06-21,基金,纳指ETF(513100.XSHG),多,86800股,86800股,1.1,95480,16206.39,0.913,-,0,434,0股,20.44%,1081106.75,8.83%
2023-06-21,基金,黄金ETF(518880.XSHG),多,26600股,26600股,4.356,115869.6,11926.53,3.908,-,0,-478.8,0股,11.47%,1081106.75,10.72%
2023-06-21,股票,长江电力(600900.XSHG),多,3000股,3000股,22.1,66300,4270.69,20.676,-,0,30,0股,6.88%,1081106.75,6.13%
2023-06-21,股票,农业银行(601288.XSHG),多,12000股,12000股,3.53,42360,8885.64,2.79,-,0,360,0股,26.54%,1081106.75,3.92%
2023-06-21,,Cash,,,,,14800.15,,,,,,,,0
2023-06-26,基金,豆粕ETF华夏(159985.XSHE),多,31600股,31600股,1.916,60545.6,16544.63,1.392,-,0,-853.2,0股,37.6%,1080284.65,5.6%
2023-06-26,基金,10年地债(511270.XSHG),多,6300股,6300股,108.899,686063.7,56673.01,99.903,-,0,1165.5,0股,9%,1080284.65,63.51%
2023-06-26,基金,纳指ETF(513100.XSHG),多,86800股,86800股,1.091,94698.8,15425.19,0.913,-,0,-781.2,0股,19.46%,1080284.65,8.77%
2023-06-26,基金,黄金ETF(518880.XSHG),多,26600股,26600股,4.354,115816.4,11873.33,3.908,-,0,-53.2,0股,11.42%,1080284.65,10.72%
2023-06-26,股票,长江电力(600900.XSHG),多,3000股,3000股,22.24,66720,4690.69,20.676,-,0,420,0股,7.56%,1080284.65,6.18%
2023-06-26,股票,农业银行(601288.XSHG),多,12000股,12000股,3.47,41640,8165.64,2.79,-,0,-720,0股,24.39%,1080284.65,3.85%
2023-06-26,,Cash,,,,,14800.15,,,,,,,,0
2023-06-27,基金,豆粕ETF华夏(159985.XSHE),多,31600股,31600股,1.9,60040,16039.03,1.392,-,0,-505.6,0股,36.45%,1078736.95,5.57%
2023-06-27,基金,10年地债(511270.XSHG),多,6300股,6300股,108.9,686070,56679.31,99.903,-,0,6.3,0股,9.01%,1078736.95,63.6%
2023-06-27,基金,纳指ETF(513100.XSHG),多,86800股,86800股,1.076,93396.8,14123.19,0.913,-,0,-1302,0股,17.82%,1078736.95,8.66%
2023-06-27,基金,黄金ETF(518880.XSHG),多,26600股,26600股,4.35,115710,11766.93,3.908,-,0,-106.4,0股,11.32%,1078736.95,10.73%
2023-06-27,股票,长江电力(600900.XSHG),多,3000股,3000股,22.12,66360,4330.69,20.676,-,0,-360,0股,6.98%,1078736.95,6.15%
2023-06-27,股票,农业银行(601288.XSHG),多,12000股,12000股,3.53,42360,8885.64,2.79,-,0,720,0股,26.54%,1078736.95,3.93%
2023-06-27,,Cash,,,,,14800.15,,,,,,,,0
2023-06-28,基金,豆粕ETF华夏(159985.XSHE),多,31600股,31600股,1.893,59818.8,15817.83,1.392,-,0,-221.2,0股,35.95%,1080399.05,5.54%
2023-06-28,基金,10年地债(511270.XSHG),多,6300股,6300股,108.917,686177.1,56786.41,99.903,-,0,107.1,0股,9.02%,1080399.05,63.51%
2023-06-28,基金,纳指ETF(513100.XSHG),多,86800股,86800股,1.09,94612,15338.39,0.913,-,0,1215.2,0股,19.35%,1080399.05,8.76%
2023-06-28,基金,黄金ETF(518880.XSHG),多,26600股,26600股,4.335,115311,11367.93,3.908,-,0,-399,0股,10.94%,1080399.05,10.67%
2023-06-28,股票,长江电力(600900.XSHG),多,3000股,3000股,22.48,67440,5410.69,20.676,-,0,1080,0股,8.72%,1080399.05,6.24%
2023-06-28,股票,农业银行(601288.XSHG),多,12000股,12000股,3.52,42240,8765.64,2.79,-,0,-120,0股,26.19%,1080399.05,3.91%
2023-06-28,,Cash,,,,,14800.15,,,,,,,,0
2023-06-29,基金,豆粕ETF华夏(159985.XSHE),多,31600股,31600股,1.888,59660.8,15659.83,1.392,-,0,-158,0股,35.59%,1079774.65,5.53%
2023-06-29,基金,10年地债(511270.XSHG),多,6300股,6300股,108.909,686126.7,56736.01,99.903,-,0,-50.4,0股,9.01%,1079774.65,63.54%
2023-06-29,基金,纳指ETF(513100.XSHG),多,86800股,86800股,1.099,95393.2,16119.59,0.913,-,0,781.2,0股,20.33%,1079774.65,8.83%
2023-06-29,基金,黄金ETF(518880.XSHG),多,26600股,26600股,4.343,115523.8,11580.73,3.908,-,0,212.8,0股,11.14%,1079774.65,10.7%
2023-06-29,股票,长江电力(600900.XSHG),多,3000股,3000股,22.13,66390,4360.69,20.676,-,0,-1050,0股,7.03%,1079774.65,6.15%
2023-06-29,股票,农业银行(601288.XSHG),多,12000股,12000股,3.49,41880,8405.64,2.79,-,0,-360,0股,25.11%,1079774.65,3.88%
2023-06-29,,Cash,,,,,14800.15,,,,,,,,0
2023-06-30,基金,豆粕ETF华夏(159985.XSHE),多,31600股,31600股,1.901,60071.6,16070.63,1.392,-,0,410.8,0股,36.52%,1082194.95,5.55%
2023-06-30,基金,10年地债(511270.XSHG),多,6300股,6300股,109.146,687619.8,58229.11,99.903,-,0,1493.1,0股,9.25%,1082194.95,63.54%
2023-06-30,基金,纳指ETF(513100.XSHG),多,86800股,86800股,1.1,95480,16206.39,0.913,-,0,86.8,0股,20.44%,1082194.95,8.82%
2023-06-30,基金,黄金ETF(518880.XSHG),多,26600股,26600股,4.349,115683.4,11740.33,3.908,-,0,159.6,0股,11.29%,1082194.95,10.69%
2023-06-30,股票,长江电力(600900.XSHG),多,3000股,3000股,22.06,66180,4150.69,20.676,-,0,-210,0股,6.69%,1082194.95,6.12%
2023-06-30,股票,农业银行(601288.XSHG),多,12000股,12000股,3.53,42360,8885.64,2.79,-,0,480,0股,26.54%,1082194.95,3.91%
2023-06-30,,Cash,,,,,14800.15,,,,,,,,0
2023-07-03,基金,豆粕ETF华夏(159985.XSHE),多,31600股,31600股,2.052,64843.2,20842.23,1.392,-,0,4771.6,0股,47.37%,1089196.75,5.95%
2023-07-03,基金,10年地债(511270.XSHG),多,6300股,6300股,109.014,686788.2,57397.51,99.903,-,0,-831.6,0股,9.12%,1089196.75,63.05%
2023-07-03,基金,纳指ETF(513100.XSHG),多,86800股,86800股,1.118,97042.4,17768.79,0.913,-,0,1562.4,0股,22.41%,1089196.75,8.91%
2023-07-03,基金,黄金ETF(518880.XSHG),多,26600股,26600股,4.358,115922.8,11979.73,3.908,-,0,239.4,0股,11.53%,1089196.75,10.64%
2023-07-03,股票,长江电力(600900.XSHG),多,3000股,3000股,22.12,66360,4330.69,20.676,-,0,180,0股,6.98%,1089196.75,6.09%
2023-07-03,股票,农业银行(601288.XSHG),多,12000股,12000股,3.62,43440,9965.64,2.79,-,0,1080,0股,29.77%,1089196.75,3.99%
2023-07-03,,Cash,,,,,14800.15,,,,,,,,0
2023-07-04,基金,豆粕ETF华夏(159985.XSHE),多,31600股,31600股,2.014,63642.4,19641.43,1.392,-,0,-1200.8,0股,44.64%,1087315.85,5.85%
2023-07-04,基金,10年地债(511270.XSHG),多,6300股,6300股,109.111,687399.3,58008.61,99.903,-,0,611.1,0股,9.22%,1087315.85,63.22%
2023-07-04,基金,纳指ETF(513100.XSHG),多,86800股,86800股,1.112,96521.6,17247.99,0.913,-,0,-520.8,0股,21.76%,1087315.85,8.88%
2023-07-04,基金,黄金ETF(518880.XSHG),多,26600股,26600股,4.364,116082.4,12139.33,3.908,-,0,159.6,0股,11.68%,1087315.85,10.68%
2023-07-04,股票,长江电力(600900.XSHG),多,3000股,3000股,22.05,66150,4120.69,20.676,-,0,-210,0股,6.64%,1087315.85,6.08%
2023-07-04,股票,农业银行(601288.XSHG),多,12000股,12000股,3.56,42720,9245.64,2.79,-,0,-720,0股,27.62%,1087315.85,3.93%
2023-07-04,,Cash,,,,,14800.15,,,,,,,,0
2023-07-05,基金,豆粕ETF华夏(159985.XSHE),多,31600股,31600股,2.019,63800.4,19799.43,1.392,-,0,158,0股,45%,1086721.55,5.87%
2023-07-05,基金,10年地债(511270.XSHG),多,6300股,6300股,109.016,686800.8,57410.11,99.903,-,0,-598.5,0股,9.12%,1086721.55,63.2%
2023-07-05,基金,纳指ETF(513100.XSHG),多,86800股,86800股,1.11,96348,17074.39,0.913,-,0,-173.6,0股,21.54%,1086721.55,8.87%
2023-07-05,基金,黄金ETF(518880.XSHG),多,26600股,26600股,4.367,116162.2,12219.13,3.908,-,0,79.8,0股,11.76%,1086721.55,10.69%
2023-07-05,股票,长江电力(600900.XSHG),多,3000股,3000股,22.07,66210,4180.69,20.676,-,0,60,0股,6.74%,1086721.55,6.09%
2023-07-05,股票,农业银行(601288.XSHG),多,12000股,12000股,3.55,42600,9125.64,2.79,-,0,-120,0股,27.26%,1086721.55,3.92%
2023-07-05,,Cash,,,,,14800.15,,,,,,,,0
2023-07-06,基金,豆粕ETF华夏(159985.XSHE),多,31600股,31600股,2.017,63737.2,19736.23,1.392,-,0,-63.2,0股,44.85%,1085825.55,5.87%
2023-07-06,基金,10年地债(511270.XSHG),多,6300股,6300股,108.988,686624.4,57233.71,99.903,-,0,-176.4,0股,9.09%,1085825.55,63.24%
2023-07-06,基金,纳指ETF(513100.XSHG),多,86800股,86800股,1.111,96434.8,17161.19,0.913,-,0,86.8,0股,21.65%,1085825.55,8.88%
2023-07-06,基金,黄金ETF(518880.XSHG),多,26600股,26600股,4.365,116109,12165.93,3.908,-,0,-53.2,0股,11.7%,1085825.55,10.69%
2023-07-06,股票,长江电力(600900.XSHG),多,3000股,3000股,22,66000,3970.69,20.676,-,0,-210,0股,6.4%,1085825.55,6.08%
2023-07-06,股票,农业银行(601288.XSHG),多,12000股,12000股,3.51,42120,8645.64,2.79,-,0,-480,0股,25.83%,1085825.55,3.88%
2023-07-06,,Cash,,,,,14800.15,,,,,,,,0
2023-07-07,基金,豆粕ETF华夏(159985.XSHE),多,31600股,31600股,2.006,63389.6,19388.63,1.392,-,0,-347.6,0股,44.06%,1084966.55,5.84%
2023-07-07,基金,10年地债(511270.XSHG),多,6300股,6300股,108.982,686586.6,57195.91,99.903,-,0,-37.8,0股,9.09%,1084966.55,63.28%
2023-07-07,基金,纳指ETF(513100.XSHG),多,86800股,86800股,1.106,96000.8,16727.19,0.913,-,0,-434,0股,21.1%,1084966.55,8.85%
2023-07-07,基金,黄金ETF(518880.XSHG),多,26600股,26600股,4.359,115949.4,12006.33,3.908,-,0,-159.6,0股,11.55%,1084966.55,10.69%
2023-07-07,股票,长江电力(600900.XSHG),多,3000股,3000股,22,66000,3970.69,20.676,-,0,0,0股,6.4%,1084966.55,6.08%
2023-07-07,股票,农业银行(601288.XSHG),多,12000股,12000股,3.52,42240,8765.64,2.79,-,0,120,0股,26.19%,1084966.55,3.89%
2023-07-07,,Cash,,,,,14800.15,,,,,,,,0
2023-07-10,基金,豆粕ETF华夏(159985.XSHE),多,29600股,29600股,2.008,59436.8,18220.7,1.392,-,0,59.2,0股,44.21%,1084943.85,5.48%
2023-07-10,基金,10年地债(511270.XSHG),多,6400股,6400股,109.096,698214.4,57927.51,100.045,-,0,731.6,100股,9.05%,1084943.85,64.35%
2023-07-10,基金,纳指ETF(513100.XSHG),多,85900股,85900股,1.095,94060.5,15608.85,0.913,-,0,-944.9,0股,19.9%,1084943.85,8.67%
2023-07-10,基金,黄金ETF(518880.XSHG),多,27500股,27500股,4.37,120175,12300.73,3.923,-,0,294.4,900股,11.4%,1084943.85,11.08%
2023-07-10,股票,长江电力(600900.XSHG),多,3000股,3000股,22,66000,3970.69,20.676,-,0,0,0股,6.4%,1084943.85,6.08%
2023-07-10,股票,农业银行(601288.XSHG),多,12000股,12000股,3.51,42120,8645.64,2.79,-,0,-120,0股,25.83%,1084943.85,3.88%
2023-07-10,,Cash,,,,,4937.15,,,,,,,,0
2023-07-11,基金,豆粕ETF华夏(159985.XSHE),多,29600股,29600股,2.017,59703.2,18487.1,1.392,-,0,266.4,0股,44.85%,1086728.45,5.49%
2023-07-11,基金,10年地债(511270.XSHG),多,6400股,6400股,109.198,698867.2,58580.31,100.045,-,0,652.8,0股,9.15%,1086728.45,64.31%
2023-07-11,基金,纳指ETF(513100.XSHG),多,85900股,85900股,1.101,94575.9,16124.25,0.913,-,0,515.4,0股,20.55%,1086728.45,8.7%
2023-07-11,基金,黄金ETF(518880.XSHG),多,27500股,27500股,4.374,120285,12410.73,3.923,-,0,110,0股,11.5%,1086728.45,11.07%
2023-07-11,股票,长江电力(600900.XSHG),多,3000股,3000股,22,66000,3970.69,20.676,-,0,0,0股,6.4%,1086728.45,6.07%
2023-07-11,股票,农业银行(601288.XSHG),多,12000股,12000股,3.53,42360,8885.64,2.79,-,0,240,0股,26.54%,1086728.45,3.9%
2023-07-11,,Cash,,,,,4937.15,,,,,,,,0
2023-07-12,基金,豆粕ETF华夏(159985.XSHE),多,29600股,29600股,2.05,60680,19463.9,1.392,-,0,976.8,0股,47.22%,1088253.45,5.58%
2023-07-12,基金,10年地债(511270.XSHG),多,6400股,6400股,109.18,698752,58465.11,100.045,-,0,-115.2,0股,9.13%,1088253.45,64.21%
2023-07-12,基金,纳指ETF(513100.XSHG),多,85900股,85900股,1.102,94661.8,16210.15,0.913,-,0,85.9,0股,20.66%,1088253.45,8.7%
2023-07-12,基金,黄金ETF(518880.XSHG),多,27500股,27500股,4.371,120202.5,12328.23,3.923,-,0,-82.5,0股,11.43%,1088253.45,11.05%
2023-07-12,股票,长江电力(600900.XSHG),多,3000股,3000股,22.14,66420,4390.69,20.676,-,0,420,0股,7.08%,1088253.45,6.1%
2023-07-12,股票,农业银行(601288.XSHG),多,12000股,12000股,3.55,42600,9125.64,2.79,-,0,240,0股,27.26%,1088253.45,3.91%
2023-07-12,,Cash,,,,,4937.15,,,,,,,,0
2023-07-13,基金,豆粕ETF华夏(159985.XSHE),多,29600股,29600股,2.035,60236,19019.9,1.392,-,0,-444,0股,46.15%,1091550.15,5.52%
2023-07-13,基金,10年地债(511270.XSHG),多,6400股,6400股,109.147,698540.8,58253.91,100.045,-,0,-211.2,0股,9.1%,1091550.15,64%
2023-07-13,基金,纳指ETF(513100.XSHG),多,85900股,85900股,1.118,96036.2,17584.55,0.913,-,0,1374.4,0股,22.41%,1091550.15,8.8%
2023-07-13,基金,黄金ETF(518880.XSHG),多,27500股,27500股,4.408,121220,13345.73,3.923,-,0,1017.5,0股,12.37%,1091550.15,11.11%
2023-07-13,股票,长江电力(600900.XSHG),多,3000股,3000股,22.42,67260,5230.69,20.676,-,0,840,0股,8.43%,1091550.15,6.16%
2023-07-13,股票,农业银行(601288.XSHG),多,12000股,12000股,3.61,43320,9845.64,2.79,-,0,720,0股,29.41%,1091550.15,3.97%
2023-07-13,,Cash,,,,,4937.15,,,,,,,,0
2023-07-14,基金,豆粕ETF华夏(159985.XSHE),多,29600股,29600股,2.036,60265.6,19049.5,1.392,-,0,29.6,0股,46.22%,1091630.15,5.52%
2023-07-14,基金,10年地债(511270.XSHG),多,6400股,6400股,109.11,698304,58017.11,100.045,-,0,-236.8,0股,9.06%,1091630.15,63.97%
2023-07-14,基金,纳指ETF(513100.XSHG),多,85900股,85900股,1.126,96723.4,18271.75,0.913,-,0,687.2,0股,23.29%,1091630.15,8.86%
2023-07-14,基金,黄金ETF(518880.XSHG),多,27500股,27500股,4.388,120670,12795.73,3.923,-,0,-550,0股,11.86%,1091630.15,11.05%
2023-07-14,股票,长江电力(600900.XSHG),多,3000股,3000股,22.47,67410,5380.69,20.676,-,0,150,0股,8.67%,1091630.15,6.18%
2023-07-14,股票,农业银行(601288.XSHG),多,12000股,12000股,3.61,43320,9845.64,2.79,-,0,0,0股,29.41%,1091630.15,3.97%
2023-07-14,,Cash,,,,,4937.15,,,,,,,,0
2023-07-17,基金,豆粕ETF华夏(159985.XSHE),多,29600股,29600股,2.056,60857.6,19641.5,1.392,-,0,592,0股,47.65%,1093800.15,5.56%
2023-07-17,基金,10年地债(511270.XSHG),多,6400股,6400股,109.194,698841.6,58554.71,100.045,-,0,537.6,0股,9.15%,1093800.15,63.89%
2023-07-17,基金,纳指ETF(513100.XSHG),多,85900股,85900股,1.132,97238.8,18787.15,0.913,-,0,515.4,0股,23.95%,1093800.15,8.89%
2023-07-17,基金,黄金ETF(518880.XSHG),多,27500股,27500股,4.406,121165,13290.73,3.923,-,0,495,0股,12.32%,1093800.15,11.08%
2023-07-17,股票,长江电力(600900.XSHG),多,3000股,3000股,22.44,67320,5290.69,20.676,-,0,-90,0股,8.53%,1093800.15,6.15%
2023-07-17,股票,农业银行(601288.XSHG),多,12000股,12000股,3.62,43440,9965.64,2.79,-,0,120,0股,29.77%,1093800.15,3.97%
2023-07-17,,Cash,,,,,4937.15,,,,,,,,0
2023-07-18,基金,豆粕ETF华夏(159985.XSHE),多,29600股,29600股,2.059,60946.4,19730.3,1.392,-,0,88.8,0股,47.87%,1095263.07,5.56%
2023-07-18,基金,10年地债(511270.XSHG),多,6400股,6400股,109.299,699513.6,59226.71,100.045,-,0,672,0股,9.25%,1095263.07,63.87%
2023-07-18,基金,纳指ETF(513100.XSHG),多,85900股,85900股,1.142,98097.8,19646.15,0.913,-,0,859,0股,25.04%,1095263.07,8.96%
2023-07-18,基金,黄金ETF(518880.XSHG),多,27500股,27500股,4.422,121605,13730.73,3.923,-,0,440,0股,12.73%,1095263.07,11.1%
2023-07-18,股票,长江电力(600900.XSHG),多,3000股,3000股,22.41,67230,5200.69,20.676,-,0,-90,0股,8.38%,1095263.07,6.14%
2023-07-18,股票,农业银行(601288.XSHG),多,12000股,12000股,3.4,40800,9992.04,2.567,-,0,26.4,0股,32.43%,1095263.07,3.73%
2023-07-18,,Cash,,,,,7070.27,,,,,,,,0
2023-07-19,基金,豆粕ETF华夏(159985.XSHE),多,29600股,29600股,2.106,62337.6,21121.5,1.392,-,0,1391.2,0股,51.25%,1100194.67,5.67%
2023-07-19,基金,10年地债(511270.XSHG),多,6400股,6400股,109.309,699577.6,59290.71,100.045,-,0,64,0股,9.26%,1100194.67,63.59%
2023-07-19,基金,纳指ETF(513100.XSHG),多,85900股,85900股,1.163,99901.7,21450.05,0.913,-,0,1803.9,0股,27.34%,1100194.67,9.08%
2023-07-19,基金,黄金ETF(518880.XSHG),多,27500股,27500股,4.473,123007.5,15133.23,3.923,-,0,1402.5,0股,14.03%,1100194.67,11.18%
2023-07-19,股票,长江电力(600900.XSHG),多,3000股,3000股,22.5,67500,5470.69,20.676,-,0,270,0股,8.82%,1100194.67,6.14%
2023-07-19,股票,农业银行(601288.XSHG),多,12000股,12000股,3.4,40800,9992.04,2.567,-,0,0,0股,32.43%,1100194.67,3.71%
2023-07-19,,Cash,,,,,7070.27,,,,,,,,0
2023-07-20,基金,豆粕ETF华夏(159985.XSHE),多,29600股,29600股,2.121,62781.6,21565.5,1.392,-,0,444,0股,52.32%,1099326.57,5.71%
2023-07-20,基金,10年地债(511270.XSHG),多,6400股,6400股,109.341,699782.4,59495.51,100.045,-,0,204.8,0股,9.29%,1099326.57,63.66%
2023-07-20,基金,纳指ETF(513100.XSHG),多,85900股,85900股,1.147,98527.3,20075.65,0.913,-,0,-1374.4,0股,25.59%,1099326.57,8.96%
2023-07-20,基金,黄金ETF(518880.XSHG),多,27500股,27500股,4.47,122925,15050.73,3.923,-,0,-82.5,0股,13.95%,1099326.57,11.18%
2023-07-20,股票,长江电力(600900.XSHG),多,3000股,3000股,22.4,67200,5170.69,20.676,-,0,-300,0股,8.34%,1099326.57,6.11%
2023-07-20,股票,农业银行(601288.XSHG),多,12000股,12000股,3.42,41040,10232.04,2.567,-,0,240,0股,33.21%,1099326.57,3.73%
2023-07-20,,Cash,,,,,7070.27,,,,,,,,0
2023-07-21,基金,豆粕ETF华夏(159985.XSHE),多,29600股,29600股,2.103,62248.8,21032.7,1.392,-,0,-532.8,0股,51.03%,1097796.01,5.67%
2023-07-21,基金,10年地债(511270.XSHG),多,6400股,6400股,109.599,701433.6,61146.71,100.045,-,0,1651.2,0股,9.55%,1097796.01,63.89%
2023-07-21,基金,纳指ETF(513100.XSHG),多,85900股,85900股,1.128,96895.2,18443.55,0.913,-,0,-1632.1,0股,23.51%,1097796.01,8.83%
2023-07-21,基金,黄金ETF(518880.XSHG),多,27500股,27500股,4.453,122457.5,14583.23,3.923,-,0,-467.5,0股,13.52%,1097796.01,11.15%
2023-07-21,股票,长江电力(600900.XSHG),多,3000股,3000股,21.6,64800,5233.99,19.855,-,0,63.3,0股,8.79%,1097796.01,5.9%
2023-07-21,股票,农业银行(601288.XSHG),多,12000股,12000股,3.41,40920,10112.04,2.567,-,0,-120,0股,32.82%,1097796.01,3.73%
2023-07-21,,Cash,,,,,9040.91,,,,,,,,0
2023-07-24,基金,豆粕ETF华夏(159985.XSHE),多,29600股,29600股,2.107,62367.2,21151.1,1.392,-,0,118.4,0股,51.32%,1098677.11,5.68%
2023-07-24,基金,10年地债(511270.XSHG),多,6400股,6400股,109.693,702035.2,61748.31,100.045,-,0,601.6,0股,9.64%,1098677.11,63.9%
2023-07-24,基金,纳指ETF(513100.XSHG),多,85900股,85900股,1.132,97238.8,18787.15,0.913,-,0,343.6,0股,23.95%,1098677.11,8.85%
2023-07-24,基金,黄金ETF(518880.XSHG),多,27500股,27500股,4.442,122155,14280.73,3.923,-,0,-302.5,0股,13.24%,1098677.11,11.12%
2023-07-24,股票,长江电力(600900.XSHG),多,3000股,3000股,21.56,64680,5113.99,19.855,-,0,-120,0股,8.59%,1098677.11,5.89%
2023-07-24,股票,农业银行(601288.XSHG),多,12000股,12000股,3.43,41160,10352.04,2.567,-,0,240,0股,33.6%,1098677.11,3.75%
2023-07-24,,Cash,,,,,9040.91,,,,,,,,0
2023-07-25,基金,豆粕ETF华夏(159985.XSHE),多,29600股,29600股,2.146,63521.6,22305.5,1.392,-,0,1154.4,0股,54.12%,1096506.51,5.79%
2023-07-25,基金,10年地债(511270.XSHG),多,6400股,6400股,109.317,699628.8,59341.91,100.045,-,0,-2406.4,0股,9.27%,1096506.51,63.81%
2023-07-25,基金,纳指ETF(513100.XSHG),多,85900股,85900股,1.128,96895.2,18443.55,0.913,-,0,-343.6,0股,23.51%,1096506.51,8.84%
2023-07-25,基金,黄金ETF(518880.XSHG),多,27500股,27500股,4.42,121550,13675.73,3.923,-,0,-605,0股,12.68%,1096506.51,11.09%
2023-07-25,股票,长江电力(600900.XSHG),多,3000股,3000股,21.33,63990,4423.99,19.855,-,0,-690,0股,7.43%,1096506.51,5.84%
2023-07-25,股票,农业银行(601288.XSHG),多,12000股,12000股,3.49,41880,11072.04,2.567,-,0,720,0股,35.94%,1096506.51,3.82%
2023-07-25,,Cash,,,,,9040.91,,,,,,,,0
2023-07-26,基金,豆粕ETF华夏(159985.XSHE),多,29600股,29600股,2.161,63965.6,22749.5,1.392,-,0,444,0股,55.2%,1099646.71,5.82%
2023-07-26,基金,10年地债(511270.XSHG),多,6400股,6400股,109.607,701484.8,61197.91,100.045,-,0,1856,0股,9.56%,1099646.71,63.79%
2023-07-26,基金,纳指ETF(513100.XSHG),多,85900股,85900股,1.131,97152.9,18701.25,0.913,-,0,257.7,0股,23.84%,1099646.71,8.83%
2023-07-26,基金,黄金ETF(518880.XSHG),多,27500股,27500股,4.439,122072.5,14198.23,3.923,-,0,522.5,0股,13.16%,1099646.71,11.1%
2023-07-26,股票,长江电力(600900.XSHG),多,3000股,3000股,21.39,64170,4603.99,19.855,-,0,180,0股,7.73%,1099646.71,5.84%
2023-07-26,股票,农业银行(601288.XSHG),多,12000股,12000股,3.48,41760,10952.04,2.567,-,0,-120,0股,35.55%,1099646.71,3.8%
2023-07-26,,Cash,,,,,9040.91,,,,,,,,0
2023-07-27,基金,豆粕ETF华夏(159985.XSHE),多,29600股,29600股,2.186,64705.6,23489.5,1.392,-,0,740,0股,56.99%,1103230.81,5.87%
2023-07-27,基金,10年地债(511270.XSHG),多,6400股,6400股,109.841,702982.4,62695.51,100.045,-,0,1497.6,0股,9.79%,1103230.81,63.72%
2023-07-27,基金,纳指ETF(513100.XSHG),多,85900股,85900股,1.141,98011.9,19560.25,0.913,-,0,859,0股,24.93%,1103230.81,8.88%
2023-07-27,基金,黄金ETF(518880.XSHG),多,27500股,27500股,4.448,122320,14445.73,3.923,-,0,247.5,0股,13.39%,1103230.81,11.09%
2023-07-27,股票,长江电力(600900.XSHG),多,3000股,3000股,21.23,63690,4123.99,19.855,-,0,-480,0股,6.92%,1103230.81,5.77%
2023-07-27,股票,农业银行(601288.XSHG),多,12000股,12000股,3.54,42480,11672.04,2.567,-,0,720,0股,37.89%,1103230.81,3.85%
2023-07-27,,Cash,,,,,9040.91,,,,,,,,0
2023-07-28,基金,豆粕ETF华夏(159985.XSHE),多,29600股,29600股,2.161,63965.6,22749.5,1.392,-,0,-740,0股,55.2%,1100684.71,5.81%
2023-07-28,基金,10年地债(511270.XSHG),多,6400股,6400股,109.659,701817.6,61530.71,100.045,-,0,-1164.8,0股,9.61%,1100684.71,63.76%
2023-07-28,基金,纳指ETF(513100.XSHG),多,85900股,85900股,1.134,97410.6,18958.95,0.913,-,0,-601.3,0股,24.17%,1100684.71,8.85%
2023-07-28,基金,黄金ETF(518880.XSHG),多,27500股,27500股,4.404,121110,13235.73,3.923,-,0,-1210,0股,12.27%,1100684.71,11%
2023-07-28,股票,长江电力(600900.XSHG),多,3000股,3000股,21.34,64020,4453.99,19.855,-,0,330,0股,7.48%,1100684.71,5.82%
2023-07-28,股票,农业银行(601288.XSHG),多,12000股,12000股,3.61,43320,12512.04,2.567,-,0,840,0股,40.61%,1100684.71,3.94%
2023-07-28,,Cash,,,,,9040.91,,,,,,,,0
2023-07-31,基金,豆粕ETF华夏(159985.XSHE),多,29600股,29600股,2.151,63669.6,22453.5,1.392,-,0,-296,0股,54.48%,1101097.91,5.78%
2023-07-31,基金,10年地债(511270.XSHG),多,6400股,6400股,109.472,700620.8,60333.91,100.045,-,0,-1196.8,0股,9.42%,1101097.91,63.63%
2023-07-31,基金,纳指ETF(513100.XSHG),多,85900股,85900股,1.149,98699.1,20247.45,0.913,-,0,1288.5,0股,25.81%,1101097.91,8.96%
2023-07-31,基金,黄金ETF(518880.XSHG),多,27500股,27500股,4.409,121247.5,13373.23,3.923,-,0,137.5,0股,12.4%,1101097.91,11.01%
2023-07-31,股票,长江电力(600900.XSHG),多,3000股,3000股,21.46,64380,4813.99,19.855,-,0,360,0股,8.08%,1101097.91,5.85%
2023-07-31,股票,农业银行(601288.XSHG),多,12000股,12000股,3.62,43440,12632.04,2.567,-,0,120,0股,41%,1101097.91,3.95%
2023-07-31,,Cash,,,,,9040.91,,,,,,,,0
2023-08-01,基金,豆粕ETF华夏(159985.XSHE),多,29600股,29600股,2.173,64320.8,23104.7,1.392,-,0,651.2,0股,56.06%,1104151.41,5.83%
2023-08-01,基金,10年地债(511270.XSHG),多,6400股,6400股,109.58,701312,61025.11,100.045,-,0,691.2,0股,9.53%,1104151.41,63.52%
2023-08-01,基金,纳指ETF(513100.XSHG),多,85900股,85900股,1.153,99042.7,20591.05,0.913,-,0,343.6,0股,26.25%,1104151.41,8.97%
2023-08-01,基金,黄金ETF(518880.XSHG),多,27500股,27500股,4.426,121715,13840.73,3.923,-,0,467.5,0股,12.83%,1104151.41,11.02%
2023-08-01,股票,长江电力(600900.XSHG),多,3000股,3000股,21.72,65160,5593.99,19.855,-,0,780,0股,9.39%,1104151.41,5.9%
2023-08-01,股票,农业银行(601288.XSHG),多,12000股,12000股,3.63,43560,12752.04,2.567,-,0,120,0股,41.39%,1104151.41,3.95%
2023-08-01,,Cash,,,,,9040.91,,,,,,,,0
2023-08-02,基金,豆粕ETF华夏(159985.XSHE),多,29600股,29600股,2.178,64468.8,23252.7,1.392,-,0,148,0股,56.42%,1101745.91,5.85%
2023-08-02,基金,10年地债(511270.XSHG),多,6400股,6400股,109.686,701990.4,61703.51,100.045,-,0,678.4,0股,9.64%,1101745.91,63.72%
2023-08-02,基金,纳指ETF(513100.XSHG),多,85900股,85900股,1.137,97668.3,19216.65,0.913,-,0,-1374.4,0股,24.49%,1101745.91,8.86%
2023-08-02,基金,黄金ETF(518880.XSHG),多,27500股,27500股,4.425,121687.5,13813.23,3.923,-,0,-27.5,0股,12.8%,1101745.91,11.04%
2023-08-02,股票,长江电力(600900.XSHG),多,3000股,3000股,21.59,64770,5203.99,19.855,-,0,-390,0股,8.74%,1101745.91,5.88%
2023-08-02,股票,农业银行(601288.XSHG),多,12000股,12000股,3.51,42120,11312.04,2.567,-,0,-1440,0股,36.72%,1101745.91,3.82%
2023-08-02,,Cash,,,,,9040.91,,,,,,,,0
2023-08-03,基金,豆粕ETF华夏(159985.XSHE),多,29600股,29600股,2.153,63728.8,22512.7,1.392,-,0,-740,0股,54.62%,1100206.91,5.79%
2023-08-03,基金,10年地债(511270.XSHG),多,6400股,6400股,109.79,702656,62369.11,100.045,-,0,665.6,0股,9.74%,1100206.91,63.87%
2023-08-03,基金,纳指ETF(513100.XSHG),多,85900股,85900股,1.118,96036.2,17584.55,0.913,-,0,-1632.1,0股,22.41%,1100206.91,8.73%
2023-08-03,基金,黄金ETF(518880.XSHG),多,27500股,27500股,4.406,121165,13290.73,3.923,-,0,-522.5,0股,12.32%,1100206.91,11.01%
2023-08-03,股票,长江电力(600900.XSHG),多,3000股,3000股,21.66,64980,5413.99,19.855,-,0,210,0股,9.09%,1100206.91,5.91%
2023-08-03,股票,农业银行(601288.XSHG),多,12000股,12000股,3.55,42600,11792.04,2.567,-,0,480,0股,38.28%,1100206.91,3.87%
2023-08-03,,Cash,,,,,9040.91,,,,,,,,0
2023-08-04,基金,豆粕ETF华夏(159985.XSHE),多,29600股,29600股,2.175,64380,23163.9,1.392,-,0,651.2,0股,56.2%,1101571.61,5.84%
2023-08-04,基金,10年地债(511270.XSHG),多,6400股,6400股,109.845,703008,62721.11,100.045,-,0,352,0股,9.8%,1101571.61,63.82%
2023-08-04,基金,纳指ETF(513100.XSHG),多,85900股,85900股,1.128,96895.2,18443.55,0.913,-,0,859,0股,23.51%,1101571.61,8.8%
2023-08-04,基金,黄金ETF(518880.XSHG),多,27500股,27500股,4.401,121027.5,13153.23,3.923,-,0,-137.5,0股,12.19%,1101571.61,10.99%
2023-08-04,股票,长江电力(600900.XSHG),多,3000股,3000股,21.54,64620,5053.99,19.855,-,0,-360,0股,8.48%,1101571.61,5.87%
2023-08-04,股票,农业银行(601288.XSHG),多,12000股,12000股,3.55,42600,11792.04,2.567,-,0,0,0股,38.28%,1101571.61,3.87%
2023-08-04,,Cash,,,,,9040.91,,,,,,,,0
2023-08-07,基金,豆粕ETF华夏(159985.XSHE),多,29600股,29600股,2.151,63669.6,22453.5,1.392,-,0,-710.4,0股,54.48%,1101476.11,5.78%
2023-08-07,基金,10年地债(511270.XSHG),多,6400股,6400股,109.896,703334.4,63047.51,100.045,-,0,326.4,0股,9.85%,1101476.11,63.85%
2023-08-07,基金,纳指ETF(513100.XSHG),多,85900股,85900股,1.118,96036.2,17584.55,0.913,-,0,-859,0股,22.41%,1101476.11,8.72%
2023-08-07,基金,黄金ETF(518880.XSHG),多,27500股,27500股,4.41,121275,13400.73,3.923,-,0,247.5,0股,12.42%,1101476.11,11.01%
2023-08-07,股票,长江电力(600900.XSHG),多,3000股,3000股,21.92,65760,6193.99,19.855,-,0,1140,0股,10.4%,1101476.11,5.97%
2023-08-07,股票,农业银行(601288.XSHG),多,12000股,12000股,3.53,42360,11552.04,2.567,-,0,-240,0股,37.5%,1101476.11,3.85%
2023-08-07,,Cash,,,,,9040.91,,,,,,,,0
2023-08-08,基金,豆粕ETF华夏(159985.XSHE),多,31200股,31200股,2.142,66830.4,22180.7,1.431,-,0,-272.8,1600股,49.68%,1101550.31,6.07%
2023-08-08,基金,10年地债(511270.XSHG),多,6200股,6200股,109.865,681163,60885.08,100.045,-,0,-192.2,0股,9.82%,1101550.31,61.84%
2023-08-08,基金,纳指ETF(513100.XSHG),多,90900股,90900股,1.12,101808,17736.35,0.925,-,0,151.8,5000股,21.1%,1101550.31,9.24%
2023-08-08,基金,黄金ETF(518880.XSHG),多,32200股,32200股,4.414,142130.8,13510.73,3.994,-,0,110,4700股,10.5%,1101550.31,12.9%
2023-08-08,股票,长江电力(600900.XSHG),多,3000股,3000股,22.1,66300,6733.99,19.855,-,0,540,0股,11.31%,1101550.31,6.02%
2023-08-08,股票,农业银行(601288.XSHG),多,12200股,12000股,3.51,42822,11312.04,2.583,-,0,-240,200股,35.9%,1101550.31,3.89%
2023-08-08,,Cash,,,,,496.11,,,,,,,,0
2023-08-09,基金,豆粕ETF华夏(159985.XSHE),多,31200股,31200股,2.187,68234.4,23584.7,1.431,-,0,1404,0股,52.82%,1102832.01,6.19%
2023-08-09,基金,10年地债(511270.XSHG),多,6200股,6200股,109.851,681076.2,60798.28,100.045,-,0,-86.8,0股,9.8%,1102832.01,61.76%
2023-08-09,基金,纳指ETF(513100.XSHG),多,90900股,90900股,1.119,101717.1,17645.45,0.925,-,0,-90.9,0股,20.99%,1102832.01,9.22%
2023-08-09,基金,黄金ETF(518880.XSHG),多,32200股,32200股,4.411,142034.2,13414.13,3.994,-,0,-96.6,0股,10.43%,1102832.01,12.88%
2023-08-09,股票,长江电力(600900.XSHG),多,3000股,3000股,22.11,66330,6763.99,19.855,-,0,30,0股,11.36%,1102832.01,6.01%
2023-08-09,股票,农业银行(601288.XSHG),多,12200股,12200股,3.52,42944,11434.04,2.583,-,0,122,0股,36.29%,1102832.01,3.89%
2023-08-09,,Cash,,,,,496.11,,,,,,,,0
2023-08-10,基金,豆粕ETF华夏(159985.XSHE),多,31200股,31200股,2.19,68328,23678.3,1.431,-,0,93.6,0股,53.03%,1101461.21,6.2%
2023-08-10,基金,10年地债(511270.XSHG),多,6200股,6200股,109.849,681063.8,60785.88,100.045,-,0,-12.4,0股,9.8%,1101461.21,61.83%
2023-08-10,基金,纳指ETF(513100.XSHG),多,90900股,90900股,1.109,100808.1,16736.45,0.925,-,0,-909,0股,19.91%,1101461.21,9.15%
2023-08-10,基金,黄金ETF(518880.XSHG),多,32200股,32200股,4.396,141551.2,12931.13,3.994,-,0,-483,0股,10.05%,1101461.21,12.85%
2023-08-10,股票,长江电力(600900.XSHG),多,3000股,3000股,22.09,66270,6703.99,19.855,-,0,-60,0股,11.25%,1101461.21,6.02%
2023-08-10,股票,农业银行(601288.XSHG),多,12200股,12200股,3.52,42944,11434.04,2.583,-,0,0,0股,36.29%,1101461.21,3.9%
2023-08-10,,Cash,,,,,496.11,,,,,,,,0
2023-08-11,基金,豆粕ETF华夏(159985.XSHE),多,31200股,31200股,2.206,68827.2,24177.5,1.431,-,0,499.2,0股,54.15%,1100737.51,6.25%
2023-08-11,基金,10年地债(511270.XSHG),多,6200股,6200股,109.821,680890.2,60612.28,100.045,-,0,-173.6,0股,9.77%,1100737.51,61.86%
2023-08-11,基金,纳指ETF(513100.XSHG),多,90900股,90900股,1.11,100899,16827.35,0.925,-,0,90.9,0股,20.02%,1100737.51,9.17%
2023-08-11,基金,黄金ETF(518880.XSHG),多,32200股,32200股,4.415,142163,13542.93,3.994,-,0,611.8,0股,10.53%,1100737.51,12.92%
2023-08-11,股票,长江电力(600900.XSHG),多,3000股,3000股,21.75,65250,5683.99,19.855,-,0,-1020,0股,9.54%,1100737.51,5.93%
2023-08-11,股票,农业银行(601288.XSHG),多,12200股,12200股,3.46,42212,10702.04,2.583,-,0,-732,0股,33.96%,1100737.51,3.83%
2023-08-11,,Cash,,,,,496.11,,,,,,,,0
2023-08-14,基金,豆粕ETF华夏(159985.XSHE),多,31200股,31200股,2.219,69232.8,24583.1,1.431,-,0,405.6,0股,55.06%,1100491.21,6.29%
2023-08-14,基金,10年地债(511270.XSHG),多,6200股,6200股,109.837,680989.4,60711.48,100.045,-,0,99.2,0股,9.79%,1100491.21,61.88%
2023-08-14,基金,纳指ETF(513100.XSHG),多,90900股,90900股,1.103,100262.7,16191.05,0.925,-,0,-636.3,0股,19.26%,1100491.21,9.11%
2023-08-14,基金,黄金ETF(518880.XSHG),多,32200股,32200股,4.421,142356.2,13736.13,3.994,-,0,193.2,0股,10.68%,1100491.21,12.94%
2023-08-14,股票,长江电力(600900.XSHG),多,3000股,3000股,21.81,65430,5863.99,19.855,-,0,180,0股,9.84%,1100491.21,5.95%
2023-08-14,股票,农业银行(601288.XSHG),多,12200股,12200股,3.42,41724,10214.04,2.583,-,0,-488,0股,32.42%,1100491.21,3.79%
2023-08-14,,Cash,,,,,496.11,,,,,,,,0
2023-08-15,基金,豆粕ETF华夏(159985.XSHE),多,31200股,31200股,2.237,69794.4,25144.7,1.431,-,0,561.6,0股,56.32%,1105307.11,6.31%
2023-08-15,基金,10年地债(511270.XSHG),多,6200股,6200股,109.924,681528.8,61250.88,100.045,-,0,539.4,0股,9.87%,1105307.11,61.66%
2023-08-15,基金,纳指ETF(513100.XSHG),多,90900股,90900股,1.124,102171.6,18099.95,0.925,-,0,1908.9,0股,21.53%,1105307.11,9.24%
2023-08-15,基金,黄金ETF(518880.XSHG),多,32200股,32200股,4.431,142678.2,14058.13,3.994,-,0,322,0股,10.93%,1105307.11,12.91%
2023-08-15,股票,长江电力(600900.XSHG),多,3000股,3000股,22.02,66060,6493.99,19.855,-,0,630,0股,10.9%,1105307.11,5.98%
2023-08-15,股票,农业银行(601288.XSHG),多,12200股,12200股,3.49,42578,11068.04,2.583,-,0,854,0股,35.13%,1105307.11,3.85%
2023-08-15,,Cash,,,,,496.11,,,,,,,,0
2023-08-16,基金,豆粕ETF华夏(159985.XSHE),多,31200股,31200股,2.234,69700.8,25051.1,1.431,-,0,-93.6,0股,56.11%,1103842.51,6.31%
2023-08-16,基金,10年地债(511270.XSHG),多,6200股,6200股,109.941,681634.2,61356.28,100.045,-,0,105.4,0股,9.89%,1103842.51,61.75%
2023-08-16,基金,纳指ETF(513100.XSHG),多,90900股,90900股,1.112,101080.8,17009.15,0.925,-,0,-1090.8,0股,20.23%,1103842.51,9.16%
2023-08-16,基金,黄金ETF(518880.XSHG),多,32200股,32200股,4.433,142742.6,14122.53,3.994,-,0,64.4,0股,10.98%,1103842.51,12.93%
2023-08-16,股票,长江电力(600900.XSHG),多,3000股,3000股,21.87,65610,6043.99,19.855,-,0,-450,0股,10.15%,1103842.51,5.94%
2023-08-16,股票,农业银行(601288.XSHG),多,12200股,12200股,3.49,42578,11068.04,2.583,-,0,0,0股,35.13%,1103842.51,3.86%
2023-08-16,,Cash,,,,,496.11,,,,,,,,0
2023-08-17,基金,豆粕ETF华夏(159985.XSHE),多,31200股,31200股,2.27,70824,26174.3,1.431,-,0,1123.2,0股,58.62%,1104057.71,6.41%
2023-08-17,基金,10年地债(511270.XSHG),多,6200股,6200股,109.851,681076.2,60798.28,100.045,-,0,-558,0股,9.8%,1104057.71,61.69%
2023-08-17,基金,纳指ETF(513100.XSHG),多,90900股,90900股,1.104,100353.6,16281.95,0.925,-,0,-727.2,0股,19.37%,1104057.71,9.09%
2023-08-17,基金,黄金ETF(518880.XSHG),多,32200股,32200股,4.429,142613.8,13993.73,3.994,-,0,-128.8,0股,10.88%,1104057.71,12.92%
2023-08-17,股票,长江电力(600900.XSHG),多,3000股,3000股,22.12,66360,6793.99,19.855,-,0,750,0股,11.41%,1104057.71,6.01%
2023-08-17,股票,农业银行(601288.XSHG),多,12200股,12200股,3.47,42334,10824.04,2.583,-,0,-244,0股,34.35%,1104057.71,3.83%
2023-08-17,,Cash,,,,,496.11,,,,,,,,0
2023-08-18,基金,豆粕ETF华夏(159985.XSHE),多,31200股,31200股,2.296,71635.2,26985.5,1.431,-,0,811.2,0股,60.44%,1103144.61,6.49%
2023-08-18,基金,10年地债(511270.XSHG),多,6200股,6200股,109.912,681454.4,61176.48,100.045,-,0,378.2,0股,9.86%,1103144.61,61.77%
2023-08-18,基金,纳指ETF(513100.XSHG),多,90900股,90900股,1.083,98444.7,14373.05,0.925,-,0,-1908.9,0股,17.1%,1103144.61,8.92%
2023-08-18,基金,黄金ETF(518880.XSHG),多,32200股,32200股,4.421,142356.2,13736.13,3.994,-,0,-257.6,0股,10.68%,1103144.61,12.9%
2023-08-18,股票,长江电力(600900.XSHG),多,3000股,3000股,22.06,66180,6613.99,19.855,-,0,-180,0股,11.1%,1103144.61,6%
2023-08-18,股票,农业银行(601288.XSHG),多,12200股,12200股,3.49,42578,11068.04,2.583,-,0,244,0股,35.13%,1103144.61,3.86%
2023-08-18,,Cash,,,,,496.11,,,,,,,,0
2023-08-21,基金,豆粕ETF华夏(159985.XSHE),多,31200股,31200股,2.343,73101.6,28451.9,1.431,-,0,1466.4,0股,63.72%,1104056.71,6.62%
2023-08-21,基金,10年地债(511270.XSHG),多,6200股,6200股,109.91,681442,61164.08,100.045,-,0,-12.4,0股,9.86%,1104056.71,61.72%
2023-08-21,基金,纳指ETF(513100.XSHG),多,90900股,90900股,1.086,98717.4,14645.75,0.925,-,0,272.7,0股,17.42%,1104056.71,8.94%
2023-08-21,基金,黄金ETF(518880.XSHG),多,32200股,32200股,4.438,142903.6,14283.53,3.994,-,0,547.4,0股,11.11%,1104056.71,12.94%
2023-08-21,股票,长江电力(600900.XSHG),多,3000股,3000股,21.85,65550,5983.99,19.855,-,0,-630,0股,10.05%,1104056.71,5.94%
2023-08-21,股票,农业银行(601288.XSHG),多,12200股,12200股,3.43,41846,10336.04,2.583,-,0,-732,0股,32.8%,1104056.71,3.79%
2023-08-21,,Cash,,,,,496.11,,,,,,,,0
2023-08-22,基金,豆粕ETF华夏(159985.XSHE),多,31200股,31200股,2.272,70886.4,26236.7,1.431,-,0,-2215.2,0股,58.76%,1104368.11,6.42%
2023-08-22,基金,10年地债(511270.XSHG),多,6200股,6200股,109.919,681497.8,61219.88,100.045,-,0,55.8,0股,9.87%,1104368.11,61.71%
2023-08-22,基金,纳指ETF(513100.XSHG),多,90900股,90900股,1.104,100353.6,16281.95,0.925,-,0,1636.2,0股,19.37%,1104368.11,9.09%
2023-08-22,基金,黄金ETF(518880.XSHG),多,32200股,32200股,4.431,142678.2,14058.13,3.994,-,0,-225.4,0股,10.93%,1104368.11,12.92%
2023-08-22,股票,长江电力(600900.XSHG),多,3000股,3000股,22,66000,6433.99,19.855,-,0,450,0股,10.8%,1104368.11,5.98%
2023-08-22,股票,农业银行(601288.XSHG),多,12200股,12200股,3.48,42456,10946.04,2.583,-,0,610,0股,34.74%,1104368.11,3.84%
2023-08-22,,Cash,,,,,496.11,,,,,,,,0
2023-08-23,基金,豆粕ETF华夏(159985.XSHE),多,31200股,31200股,2.27,70824,26174.3,1.431,-,0,-62.4,0股,58.62%,1104831.91,6.41%
2023-08-23,基金,10年地债(511270.XSHG),多,6200股,6200股,109.919,681497.8,61219.88,100.045,-,0,0,0股,9.87%,1104831.91,61.68%
2023-08-23,基金,纳指ETF(513100.XSHG),多,90900股,90900股,1.104,100353.6,16281.95,0.925,-,0,0,0股,19.37%,1104831.91,9.08%
2023-08-23,基金,黄金ETF(518880.XSHG),多,32200股,32200股,4.452,143354.4,14734.33,3.994,-,0,676.2,0股,11.46%,1104831.91,12.98%
2023-08-23,股票,长江电力(600900.XSHG),多,3000股,3000股,21.95,65850,6283.99,19.855,-,0,-150,0股,10.55%,1104831.91,5.96%
2023-08-23,股票,农业银行(601288.XSHG),多,12200股,12200股,3.48,42456,10946.04,2.583,-,0,0,0股,34.74%,1104831.91,3.84%
2023-08-23,,Cash,,,,,496.11,,,,,,,,0
2023-08-24,基金,豆粕ETF华夏(159985.XSHE),多,31200股,31200股,2.286,71323.2,26673.5,1.431,-,0,499.2,0股,59.74%,1107559.31,6.44%
2023-08-24,基金,10年地债(511270.XSHG),多,6200股,6200股,109.883,681274.6,60996.68,100.045,-,0,-223.2,0股,9.83%,1107559.31,61.51%
2023-08-24,基金,纳指ETF(513100.XSHG),多,90900股,90900股,1.134,103080.6,19008.95,0.925,-,0,2727,0股,22.61%,1107559.31,9.31%
2023-08-24,基金,黄金ETF(518880.XSHG),多,32200股,32200股,4.464,143740.8,15120.73,3.994,-,0,386.4,0股,11.76%,1107559.31,12.98%
2023-08-24,股票,长江电力(600900.XSHG),多,3000股,3000股,21.77,65310,5743.99,19.855,-,0,-540,0股,9.64%,1107559.31,5.9%
2023-08-24,股票,农业银行(601288.XSHG),多,12200股,12200股,3.47,42334,10824.04,2.583,-,0,-122,0股,34.35%,1107559.31,3.82%
2023-08-24,,Cash,,,,,496.11,,,,,,,,0
2023-08-25,基金,豆粕ETF华夏(159985.XSHE),多,31200股,31200股,2.334,72820.8,28171.1,1.431,-,0,1497.6,0股,63.09%,1104902.01,6.59%
2023-08-25,基金,10年地债(511270.XSHG),多,6200股,6200股,109.718,680251.6,59973.68,100.045,-,0,-1023,0股,9.67%,1104902.01,61.57%
2023-08-25,基金,纳指ETF(513100.XSHG),多,90900股,90900股,1.091,99171.9,15100.25,0.925,-,0,-3908.7,0股,17.96%,1104902.01,8.98%
2023-08-25,基金,黄金ETF(518880.XSHG),多,32200股,32200股,4.448,143225.6,14605.53,3.994,-,0,-515.2,0股,11.36%,1104902.01,12.96%
2023-08-25,股票,长江电力(600900.XSHG),多,3000股,3000股,22.16,66480,6913.99,19.855,-,0,1170,0股,11.61%,1104902.01,6.02%
2023-08-25,股票,农业银行(601288.XSHG),多,12200股,12200股,3.48,42456,10946.04,2.583,-,0,122,0股,34.74%,1104902.01,3.84%
2023-08-25,,Cash,,,,,496.11,,,,,,,,0
2023-08-28,基金,豆粕ETF华夏(159985.XSHE),多,31200股,31200股,2.357,73538.4,28888.7,1.431,-,0,717.6,0股,64.7%,1106266.61,6.65%
2023-08-28,基金,10年地债(511270.XSHG),多,6200股,6200股,109.508,678949.6,58671.68,100.045,-,0,-1302,0股,9.46%,1106266.61,61.37%
2023-08-28,基金,纳指ETF(513100.XSHG),多,90900股,90900股,1.105,100444.5,16372.85,0.925,-,0,1272.6,0股,19.47%,1106266.61,9.08%
2023-08-28,基金,黄金ETF(518880.XSHG),多,32200股,32200股,4.45,143290,14669.93,3.994,-,0,64.4,0股,11.41%,1106266.61,12.95%
2023-08-28,股票,长江电力(600900.XSHG),多,3000股,3000股,22.12,66360,6793.99,19.855,-,0,-120,0股,11.41%,1106266.61,6%
2023-08-28,股票,农业银行(601288.XSHG),多,12200股,12200股,3.54,43188,11678.04,2.583,-,0,732,0股,37.06%,1106266.61,3.9%
2023-08-28,,Cash,,,,,496.11,,,,,,,,0
2023-08-29,基金,豆粕ETF华夏(159985.XSHE),多,31200股,31200股,2.372,74006.4,29356.7,1.431,-,0,468,0股,65.75%,1106105.01,6.69%
2023-08-29,基金,10年地债(511270.XSHG),多,6200股,6200股,109.471,678720.2,58442.28,100.045,-,0,-229.4,0股,9.42%,1106105.01,61.36%
2023-08-29,基金,纳指ETF(513100.XSHG),多,90900股,90900股,1.111,100989.9,16918.25,0.925,-,0,545.4,0股,20.12%,1106105.01,9.13%
2023-08-29,基金,黄金ETF(518880.XSHG),多,32200股,32200股,4.462,143676.4,15056.33,3.994,-,0,386.4,0股,11.71%,1106105.01,12.99%
2023-08-29,股票,长江电力(600900.XSHG),多,3000股,3000股,21.92,65760,6193.99,19.855,-,0,-600,0股,10.4%,1106105.01,5.95%
2023-08-29,股票,农业银行(601288.XSHG),多,12200股,12200股,3.48,42456,10946.04,2.583,-,0,-732,0股,34.74%,1106105.01,3.84%
2023-08-29,,Cash,,,,,496.11,,,,,,,,0
2023-08-30,基金,豆粕ETF华夏(159985.XSHE),多,31200股,31200股,2.367,73850.4,29200.7,1.431,-,0,-156,0股,65.4%,1109030.21,6.66%
2023-08-30,基金,10年地债(511270.XSHG),多,6200股,6200股,109.514,678986.8,58708.88,100.045,-,0,266.6,0股,9.46%,1109030.21,61.22%
2023-08-30,基金,纳指ETF(513100.XSHG),多,90900股,90900股,1.135,103171.5,19099.85,0.925,-,0,2181.6,0股,22.72%,1109030.21,9.3%
2023-08-30,基金,黄金ETF(518880.XSHG),多,32200股,32200股,4.477,144159.4,15539.33,3.994,-,0,483,0股,12.08%,1109030.21,13%
2023-08-30,股票,长江电力(600900.XSHG),多,3000股,3000股,21.97,65910,6343.99,19.855,-,0,150,0股,10.65%,1109030.21,5.94%
2023-08-30,股票,农业银行(601288.XSHG),多,12200股,12200股,3.48,42456,10946.04,2.583,-,0,0,0股,34.74%,1109030.21,3.83%
2023-08-30,,Cash,,,,,496.11,,,,,,,,0
2023-08-31,基金,豆粕ETF华夏(159985.XSHE),多,31200股,31200股,2.372,74006.4,29356.7,1.431,-,0,156,0股,65.75%,1111038.71,6.66%
2023-08-31,基金,10年地债(511270.XSHG),多,6200股,6200股,109.647,679811.4,59533.48,100.045,-,0,824.6,0股,9.6%,1111038.71,61.19%
2023-08-31,基金,纳指ETF(513100.XSHG),多,90900股,90900股,1.14,103626,19554.35,0.925,-,0,454.5,0股,23.26%,1111038.71,9.33%
2023-08-31,基金,黄金ETF(518880.XSHG),多,32200股,32200股,4.494,144706.8,16086.73,3.994,-,0,547.4,0股,12.51%,1111038.71,13.02%
2023-08-31,股票,长江电力(600900.XSHG),多,3000股,3000股,22.06,66180,6613.99,19.855,-,0,270,0股,11.1%,1111038.71,5.96%
2023-08-31,股票,农业银行(601288.XSHG),多,12200股,12200股,3.46,42212,10702.04,2.583,-,0,-244,0股,33.96%,1111038.71,3.8%
2023-08-31,,Cash,,,,,496.11,,,,,,,,0
2023-09-01,基金,豆粕ETF华夏(159985.XSHE),多,31200股,31200股,2.347,73226.4,28576.7,1.431,-,0,-780,0股,64%,1108696.61,6.6%
2023-09-01,基金,10年地债(511270.XSHG),多,6200股,6200股,109.596,679495.2,59217.28,100.045,-,0,-316.2,0股,9.55%,1108696.61,61.29%
2023-09-01,基金,纳指ETF(513100.XSHG),多,90900股,90900股,1.139,103535.1,19463.45,0.925,-,0,-90.9,0股,23.15%,1108696.61,9.34%
2023-09-01,基金,黄金ETF(518880.XSHG),多,32200股,32200股,4.489,144545.8,15925.73,3.994,-,0,-161,0股,12.38%,1108696.61,13.04%
2023-09-01,股票,长江电力(600900.XSHG),多,3000股,3000股,21.81,65430,5863.99,19.855,-,0,-750,0股,9.84%,1108696.61,5.9%
2023-09-01,股票,农业银行(601288.XSHG),多,12200股,12200股,3.44,41968,10458.04,2.583,-,0,-244,0股,33.19%,1108696.61,3.79%
2023-09-01,,Cash,,,,,496.11,,,,,,,,0
2023-09-04,基金,豆粕ETF华夏(159985.XSHE),多,31200股,31200股,2.304,71884.8,27235.1,1.431,-,0,-1341.6,0股,61%,1107449.51,6.49%
2023-09-04,基金,10年地债(511270.XSHG),多,6200股,6200股,109.468,678701.6,58423.68,100.045,-,0,-793.6,0股,9.42%,1107449.51,61.29%
2023-09-04,基金,纳指ETF(513100.XSHG),多,90900股,90900股,1.142,103807.8,19736.15,0.925,-,0,272.7,0股,23.48%,1107449.51,9.37%
2023-09-04,基金,黄金ETF(518880.XSHG),多,32200股,32200股,4.506,145093.2,16473.13,3.994,-,0,547.4,0股,12.81%,1107449.51,13.1%
2023-09-04,股票,长江电力(600900.XSHG),多,3000股,3000股,21.67,65010,5443.99,19.855,-,0,-420,0股,9.14%,1107449.51,5.87%
2023-09-04,股票,农业银行(601288.XSHG),多,12200股,12200股,3.48,42456,10946.04,2.583,-,0,488,0股,34.74%,1107449.51,3.83%
2023-09-04,,Cash,,,,,496.11,,,,,,,,0
2023-09-05,基金,豆粕ETF华夏(159985.XSHE),多,31200股,31200股,2.329,72664.8,28015.1,1.431,-,0,780,0股,62.74%,1108993.01,6.55%
2023-09-05,基金,10年地债(511270.XSHG),多,6200股,6200股,109.548,679197.6,58919.68,100.045,-,0,496,0股,9.5%,1108993.01,61.24%
2023-09-05,基金,纳指ETF(513100.XSHG),多,90900股,90900股,1.141,103716.9,19645.25,0.925,-,0,-90.9,0股,23.37%,1108993.01,9.35%
2023-09-05,基金,黄金ETF(518880.XSHG),多,32200股,32200股,4.508,145157.6,16537.53,3.994,-,0,64.4,0股,12.86%,1108993.01,13.09%
2023-09-05,股票,长江电力(600900.XSHG),多,3000股,3000股,21.89,65670,6103.99,19.855,-,0,660,0股,10.25%,1108993.01,5.92%
2023-09-05,股票,农业银行(601288.XSHG),多,12200股,12200股,3.45,42090,10580.04,2.583,-,0,-366,0股,33.58%,1108993.01,3.8%
2023-09-05,,Cash,,,,,496.11,,,,,,,,0
2023-09-06,基金,豆粕ETF华夏(159985.XSHE),多,31200股,31200股,2.365,73788,29138.3,1.431,-,0,1123.2,0股,65.26%,1110139.21,6.65%
2023-09-06,基金,10年地债(511270.XSHG),多,6200股,6200股,109.557,679253.4,58975.48,100.045,-,0,55.8,0股,9.51%,1110139.21,61.19%
2023-09-06,基金,纳指ETF(513100.XSHG),多,90900股,90900股,1.143,103898.7,19827.05,0.925,-,0,181.8,0股,23.58%,1110139.21,9.36%
2023-09-06,基金,黄金ETF(518880.XSHG),多,32200股,32200股,4.505,145061,16440.93,3.994,-,0,-96.6,0股,12.78%,1110139.21,13.07%
2023-09-06,股票,长江电力(600900.XSHG),多,3000股,3000股,21.81,65430,5863.99,19.855,-,0,-240,0股,9.84%,1110139.21,5.89%
2023-09-06,股票,农业银行(601288.XSHG),多,12200股,12200股,3.46,42212,10702.04,2.583,-,0,122,0股,33.96%,1110139.21,3.8%
2023-09-06,,Cash,,,,,496.11,,,,,,,,0
2023-09-07,基金,豆粕ETF华夏(159985.XSHE),多,31200股,31200股,2.368,73881.6,29231.9,1.431,-,0,93.6,0股,65.47%,1109043.71,6.66%
2023-09-07,基金,10年地债(511270.XSHG),多,6200股,6200股,109.483,678794.6,58516.68,100.045,-,0,-458.8,0股,9.43%,1109043.71,61.21%
2023-09-07,基金,纳指ETF(513100.XSHG),多,90900股,90900股,1.134,103080.6,19008.95,0.925,-,0,-818.1,0股,22.61%,1109043.71,9.29%
2023-09-07,基金,黄金ETF(518880.XSHG),多,32200股,32200股,4.504,145028.8,16408.73,3.994,-,0,-32.2,0股,12.76%,1109043.71,13.08%
2023-09-07,股票,长江电力(600900.XSHG),多,3000股,3000股,21.85,65550,5983.99,19.855,-,0,120,0股,10.05%,1109043.71,5.91%
2023-09-07,股票,农业银行(601288.XSHG),多,12200股,12200股,3.46,42212,10702.04,2.583,-,0,0,0股,33.96%,1109043.71,3.81%
2023-09-07,,Cash,,,,,496.11,,,,,,,,0
2023-09-08,基金,豆粕ETF华夏(159985.XSHE),多,26200股,26200股,2.324,60888.8,23394.5,1.431,-,0,-1152.8,0股,62.39%,1109172.01,5.49%
2023-09-08,基金,10年地债(511270.XSHG),多,6200股,6200股,109.48,678776,58498.08,100.045,-,0,-18.6,0股,9.43%,1109172.01,61.2%
2023-09-08,基金,纳指ETF(513100.XSHG),多,89900股,89900股,1.141,102575.9,19429.13,0.925,-,0,629.3,0股,23.37%,1109172.01,9.25%
2023-09-08,基金,黄金ETF(518880.XSHG),多,32500股,32500股,4.536,147420,17439.13,3.999,-,0,1030.4,300股,13.42%,1109172.01,13.29%
2023-09-08,股票,长江电力(600900.XSHG),多,3500股,3000股,21.84,76440,5978.99,20.132,-,0,-5,500股,8.49%,1109172.01,6.89%
2023-09-08,股票,农业银行(601288.XSHG),多,12400股,12200股,3.45,42780,10580.04,2.597,-,0,-122,200股,32.86%,1109172.01,3.86%
2023-09-08,,Cash,,,,,291.31,,,,,,,,0
2023-09-11,基金,豆粕ETF华夏(159985.XSHE),多,26200股,26200股,2.347,61491.4,23997.1,1.431,-,0,602.6,0股,64%,1109299.41,5.54%
2023-09-11,基金,10年地债(511270.XSHG),多,6200股,6200股,109.393,678236.6,57958.68,100.045,-,0,-539.4,0股,9.34%,1109299.41,61.14%
2023-09-11,基金,纳指ETF(513100.XSHG),多,89900股,89900股,1.134,101946.6,18799.83,0.925,-,0,-629.3,0股,22.61%,1109299.41,9.19%
2023-09-11,基金,黄金ETF(518880.XSHG),多,32500股,32500股,4.545,147712.5,17731.63,3.999,-,0,292.5,0股,13.64%,1109299.41,13.32%
2023-09-11,股票,长江电力(600900.XSHG),多,3500股,3500股,21.99,76965,6503.99,20.132,-,0,525,0股,9.23%,1109299.41,6.94%
2023-09-11,股票,农业银行(601288.XSHG),多,12400股,12400股,3.44,42656,10456.04,2.597,-,0,-124,0股,32.47%,1109299.41,3.85%
2023-09-11,,Cash,,,,,291.31,,,,,,,,0
2023-09-12,基金,豆粕ETF华夏(159985.XSHE),多,26200股,26200股,2.321,60810.2,23315.9,1.431,-,0,-681.2,0股,62.19%,1109684.01,5.48%
2023-09-12,基金,10年地债(511270.XSHG),多,6200股,6200股,109.413,678360.6,58082.68,100.045,-,0,124,0股,9.36%,1109684.01,61.13%
2023-09-12,基金,纳指ETF(513100.XSHG),多,89900股,89900股,1.141,102575.9,19429.13,0.925,-,0,629.3,0股,23.37%,1109684.01,9.24%
2023-09-12,基金,黄金ETF(518880.XSHG),多,32500股,32500股,4.546,147745,17764.13,3.999,-,0,32.5,0股,13.67%,1109684.01,13.31%
2023-09-12,股票,长江电力(600900.XSHG),多,3500股,3500股,22.07,77245,6783.99,20.132,-,0,280,0股,9.63%,1109684.01,6.96%
2023-09-12,股票,农业银行(601288.XSHG),多,12400股,12400股,3.44,42656,10456.04,2.597,-,0,0,0股,32.47%,1109684.01,3.84%
2023-09-12,,Cash,,,,,291.31,,,,,,,,0
2023-09-13,基金,豆粕ETF华夏(159985.XSHE),多,26200股,26200股,2.284,59840.8,22346.5,1.431,-,0,-969.4,0股,59.6%,1108533.41,5.4%
2023-09-13,基金,10年地债(511270.XSHG),多,6200股,6200股,109.393,678236.6,57958.68,100.045,-,0,-124,0股,9.34%,1108533.41,61.18%
2023-09-13,基金,纳指ETF(513100.XSHG),多,89900股,89900股,1.128,101407.2,18260.43,0.925,-,0,-1168.7,0股,21.96%,1108533.41,9.15%
2023-09-13,基金,黄金ETF(518880.XSHG),多,32500股,32500股,4.557,148102.5,18121.63,3.999,-,0,357.5,0股,13.94%,1108533.41,13.36%
2023-09-13,股票,长江电力(600900.XSHG),多,3500股,3500股,22.25,77875,7413.99,20.132,-,0,630,0股,10.52%,1108533.41,7.03%
2023-09-13,股票,农业银行(601288.XSHG),多,12400股,12400股,3.45,42780,10580.04,2.597,-,0,124,0股,32.86%,1108533.41,3.86%
2023-09-13,,Cash,,,,,291.31,,,,,,,,0
2023-09-14,基金,豆粕ETF华夏(159985.XSHE),多,26200股,26200股,2.272,59526.4,22032.1,1.431,-,0,-314.4,0股,58.76%,1112589.11,5.35%
2023-09-14,基金,10年地债(511270.XSHG),多,6200股,6200股,109.45,678590,58312.08,100.045,-,0,353.4,0股,9.4%,1112589.11,60.99%
2023-09-14,基金,纳指ETF(513100.XSHG),多,89900股,89900股,1.136,102126.4,18979.63,0.925,-,0,719.2,0股,22.83%,1112589.11,9.18%
2023-09-14,基金,黄金ETF(518880.XSHG),多,32500股,32500股,4.592,149240,19259.13,3.999,-,0,1137.5,0股,14.82%,1112589.11,13.41%
2023-09-14,股票,长江电力(600900.XSHG),多,3500股,3500股,22.69,79415,8953.99,20.132,-,0,1540,0股,12.71%,1112589.11,7.14%
2023-09-14,股票,农业银行(601288.XSHG),多,12400股,12400股,3.5,43400,11200.04,2.597,-,0,620,0股,34.78%,1112589.11,3.9%
2023-09-14,,Cash,,,,,291.31,,,,,,,,0
2023-09-15,基金,豆粕ETF华夏(159985.XSHE),多,26200股,26200股,2.32,60784,23289.7,1.431,-,0,1257.6,0股,62.12%,1111511.71,5.47%
2023-09-15,基金,10年地债(511270.XSHG),多,6200股,6200股,109.373,678112.6,57834.68,100.045,-,0,-477.4,0股,9.32%,1111511.71,61.01%
2023-09-15,基金,纳指ETF(513100.XSHG),多,89900股,89900股,1.142,102665.8,19519.03,0.925,-,0,539.4,0股,23.48%,1111511.71,9.24%
2023-09-15,基金,黄金ETF(518880.XSHG),多,32500股,32500股,4.548,147810,17829.13,3.999,-,0,-1430,0股,13.72%,1111511.71,13.3%
2023-09-15,股票,长江电力(600900.XSHG),多,3500股,3500股,22.52,78820,8358.99,20.132,-,0,-595,0股,11.86%,1111511.71,7.09%
2023-09-15,股票,农业银行(601288.XSHG),多,12400股,12400股,3.47,43028,10828.04,2.597,-,0,-372,0股,33.63%,1111511.71,3.87%
2023-09-15,,Cash,,,,,291.31,,,,,,,,0
2023-09-18,基金,豆粕ETF华夏(159985.XSHE),多,26200股,26200股,2.302,60312.4,22818.1,1.431,-,0,-471.6,0股,60.86%,1108343.71,5.44%
2023-09-18,基金,10年地债(511270.XSHG),多,6200股,6200股,109.387,678199.4,57921.48,100.045,-,0,86.8,0股,9.34%,1108343.71,61.19%
2023-09-18,基金,纳指ETF(513100.XSHG),多,89900股,89900股,1.124,101047.6,17900.83,0.925,-,0,-1618.2,0股,21.53%,1108343.71,9.12%
2023-09-18,基金,黄金ETF(518880.XSHG),多,32500股,32500股,4.524,147030,17049.13,3.999,-,0,-780,0股,13.12%,1108343.71,13.27%
2023-09-18,股票,长江电力(600900.XSHG),多,3500股,3500股,22.41,78435,7973.99,20.132,-,0,-385,0股,11.32%,1108343.71,7.08%
2023-09-18,股票,农业银行(601288.XSHG),多,12400股,12400股,3.47,43028,10828.04,2.597,-,0,0,0股,33.63%,1108343.71,3.88%
2023-09-18,,Cash,,,,,291.31,,,,,,,,0
2023-09-19,基金,豆粕ETF华夏(159985.XSHE),多,26200股,26200股,2.251,58976.2,21481.9,1.431,-,0,-1336.2,0股,57.29%,1109392.71,5.32%
2023-09-19,基金,10年地债(511270.XSHG),多,6200股,6200股,109.415,678373,58095.08,100.045,-,0,173.6,0股,9.37%,1109392.71,61.15%
2023-09-19,基金,纳指ETF(513100.XSHG),多,89900股,89900股,1.123,100957.7,17810.93,0.925,-,0,-89.9,0股,21.42%,1109392.71,9.1%
2023-09-19,基金,黄金ETF(518880.XSHG),多,32500股,32500股,4.559,148167.5,18186.63,3.999,-,0,1137.5,0股,13.99%,1109392.71,13.36%
2023-09-19,股票,长江电力(600900.XSHG),多,3500股,3500股,22.53,78855,8393.99,20.132,-,0,420,0股,11.91%,1109392.71,7.11%
2023-09-19,股票,农业银行(601288.XSHG),多,12400股,12400股,3.53,43772,11572.04,2.597,-,0,744,0股,35.94%,1109392.71,3.95%
2023-09-19,,Cash,,,,,291.31,,,,,,,,0
2023-09-20,基金,豆粕ETF华夏(159985.XSHE),多,26200股,26200股,2.276,59631.2,22136.9,1.431,-,0,655,0股,59.04%,1111677.71,5.36%
2023-09-20,基金,10年地债(511270.XSHG),多,6200股,6200股,109.363,678050.6,57772.68,100.045,-,0,-322.4,0股,9.31%,1111677.71,60.99%
2023-09-20,基金,纳指ETF(513100.XSHG),多,89900股,89900股,1.124,101047.6,17900.83,0.925,-,0,89.9,0股,21.53%,1111677.71,9.09%
2023-09-20,基金,黄金ETF(518880.XSHG),多,32500股,32500股,4.594,149305,19324.13,3.999,-,0,1137.5,0股,14.87%,1111677.71,13.43%
2023-09-20,股票,长江电力(600900.XSHG),多,3500股,3500股,22.56,78960,8498.99,20.132,-,0,105,0股,12.06%,1111677.71,7.1%
2023-09-20,股票,农业银行(601288.XSHG),多,12400股,12400股,3.58,44392,12192.04,2.597,-,0,620,0股,37.86%,1111677.71,3.99%
2023-09-20,,Cash,,,,,291.31,,,,,,,,0
2023-09-21,基金,豆粕ETF华夏(159985.XSHE),多,26200股,26200股,2.253,59028.6,21534.3,1.431,-,0,-602.6,0股,57.43%,1107835.61,5.33%
2023-09-21,基金,10年地债(511270.XSHG),多,6200股,6200股,109.36,678032,57754.08,100.045,-,0,-18.6,0股,9.31%,1107835.61,61.2%
2023-09-21,基金,纳指ETF(513100.XSHG),多,89900股,89900股,1.103,99159.7,16012.93,0.925,-,0,-1887.9,0股,19.26%,1107835.61,8.95%
2023-09-21,基金,黄金ETF(518880.XSHG),多,32500股,32500股,4.58,148850,18869.13,3.999,-,0,-455,0股,14.52%,1107835.61,13.44%
2023-09-21,股票,长江电力(600900.XSHG),多,3500股,3500股,22.38,78330,7868.99,20.132,-,0,-630,0股,11.17%,1107835.61,7.07%
2023-09-21,股票,农业银行(601288.XSHG),多,12400股,12400股,3.56,44144,11944.04,2.597,-,0,-248,0股,37.09%,1107835.61,3.98%
2023-09-21,,Cash,,,,,291.31,,,,,,,,0
2023-09-22,基金,豆粕ETF华夏(159985.XSHE),多,26200股,26200股,2.261,59238.2,21743.9,1.431,-,0,209.6,0股,57.99%,1106547.01,5.35%
2023-09-22,基金,10年地债(511270.XSHG),多,6200股,6200股,109.261,677418.2,57140.28,100.045,-,0,-613.8,0股,9.21%,1106547.01,61.22%
2023-09-22,基金,纳指ETF(513100.XSHG),多,89900股,89900股,1.092,98170.8,15024.03,0.925,-,0,-988.9,0股,18.07%,1106547.01,8.87%
2023-09-22,基金,黄金ETF(518880.XSHG),多,32500股,32500股,4.561,148232.5,18251.63,3.999,-,0,-617.5,0股,14.04%,1106547.01,13.4%
2023-09-22,股票,长江电力(600900.XSHG),多,3500股,3500股,22.48,78680,8218.99,20.132,-,0,350,0股,11.66%,1106547.01,7.11%
2023-09-22,股票,农业银行(601288.XSHG),多,12400股,12400股,3.59,44516,12316.04,2.597,-,0,372,0股,38.25%,1106547.01,4.02%
2023-09-22,,Cash,,,,,291.31,,,,,,,,0
2023-09-25,基金,豆粕ETF华夏(159985.XSHE),多,26200股,26200股,2.253,59028.6,21534.3,1.431,-,0,-209.6,0股,57.43%,1107444.01,5.33%
2023-09-25,基金,10年地债(511270.XSHG),多,6200股,6200股,109.24,677288,57010.08,100.045,-,0,-130.2,0股,9.19%,1107444.01,61.16%
2023-09-25,基金,纳指ETF(513100.XSHG),多,89900股,89900股,1.094,98350.6,15203.83,0.925,-,0,179.8,0股,18.29%,1107444.01,8.88%
2023-09-25,基金,黄金ETF(518880.XSHG),多,32500股,32500股,4.581,148882.5,18901.63,3.999,-,0,650,0股,14.54%,1107444.01,13.44%
2023-09-25,股票,长江电力(600900.XSHG),多,3500股,3500股,22.49,78715,8253.99,20.132,-,0,35,0股,11.71%,1107444.01,7.11%
2023-09-25,股票,农业银行(601288.XSHG),多,12400股,12400股,3.62,44888,12688.04,2.597,-,0,372,0股,39.4%,1107444.01,4.05%
2023-09-25,,Cash,,,,,291.31,,,,,,,,0
2023-09-26,基金,豆粕ETF华夏(159985.XSHE),多,26200股,26200股,2.268,59421.6,21927.3,1.431,-,0,393,0股,58.48%,1106427.21,5.37%
2023-09-26,基金,10年地债(511270.XSHG),多,6200股,6200股,108.524,672848.8,56786.88,99.365,-,0,-223.2,0股,9.22%,1106427.21,60.81%
2023-09-26,基金,纳指ETF(513100.XSHG),多,89900股,89900股,1.085,97541.5,14394.73,0.925,-,0,-809.1,0股,17.31%,1106427.21,8.82%
2023-09-26,基金,黄金ETF(518880.XSHG),多,32500股,32500股,4.578,148785,18804.13,3.999,-,0,-97.5,0股,14.47%,1106427.21,13.45%
2023-09-26,股票,长江电力(600900.XSHG),多,3500股,3500股,22.41,78435,7973.99,20.132,-,0,-280,0股,11.32%,1106427.21,7.09%
2023-09-26,股票,农业银行(601288.XSHG),多,12400股,12400股,3.62,44888,12688.04,2.597,-,0,0,0股,39.4%,1106427.21,4.06%
2023-09-26,,Cash,,,,,4507.31,,,,,,,,0
2023-09-27,基金,豆粕ETF华夏(159985.XSHE),多,26200股,26200股,2.288,59945.6,22451.3,1.431,-,0,524,0股,59.88%,1101420.11,5.44%
2023-09-27,基金,10年地债(511270.XSHG),多,6200股,6200股,108.274,671298.8,55236.88,99.365,-,0,-1550,0股,8.97%,1101420.11,60.95%
2023-09-27,基金,纳指ETF(513100.XSHG),多,89900股,89900股,1.081,97181.9,14035.13,0.925,-,0,-359.6,0股,16.88%,1101420.11,8.82%
2023-09-27,基金,黄金ETF(518880.XSHG),多,32500股,32500股,4.511,146607.5,16626.63,3.999,-,0,-2177.5,0股,12.79%,1101420.11,13.31%
2023-09-27,股票,长江电力(600900.XSHG),多,3500股,3500股,22.21,77735,7273.99,20.132,-,0,-700,0股,10.32%,1101420.11,7.06%
2023-09-27,股票,农业银行(601288.XSHG),多,12400股,12400股,3.56,44144,11944.04,2.597,-,0,-744,0股,37.09%,1101420.11,4.01%
2023-09-27,,Cash,,,,,4507.31,,,,,,,,0
2023-09-28,基金,豆粕ETF华夏(159985.XSHE),多,26200股,26200股,2.283,59814.6,22320.3,1.431,-,0,-131,0股,59.53%,1101135.91,5.43%
2023-09-28,基金,10年地债(511270.XSHG),多,6200股,6200股,108.56,673072,57010.08,99.365,-,0,1773.2,0股,9.25%,1101135.91,61.13%
2023-09-28,基金,纳指ETF(513100.XSHG),多,89900股,89900股,1.08,97092,13945.23,0.925,-,0,-89.9,0股,16.77%,1101135.91,8.82%
2023-09-28,基金,黄金ETF(518880.XSHG),多,32500股,32500股,4.436,144170,14189.13,3.999,-,0,-2437.5,0股,10.92%,1101135.91,13.09%
2023-09-28,股票,长江电力(600900.XSHG),多,3500股,3500股,22.24,77840,7378.99,20.132,-,0,105,0股,10.47%,1101135.91,7.07%
2023-09-28,股票,农业银行(601288.XSHG),多,12400股,12400股,3.6,44640,12440.04,2.597,-,0,496,0股,38.63%,1101135.91,4.05%
2023-09-28,,Cash,,,,,4507.31,,,,,,,,0
2023-10-09,基金,豆粕ETF华夏(159985.XSHE),多,26200股,26200股,2.212,57954.4,20460.1,1.431,-,0,-1860.2,0股,54.57%,1100436.01,5.27%
2023-10-09,基金,10年地债(511270.XSHG),多,6200股,6200股,108.497,672681.4,56619.48,99.365,-,0,-390.6,0股,9.19%,1100436.01,61.13%
2023-10-09,基金,纳指ETF(513100.XSHG),多,89900股,89900股,1.096,98530.4,15383.63,0.925,-,0,1438.4,0股,18.5%,1100436.01,8.95%
2023-10-09,基金,黄金ETF(518880.XSHG),多,32500股,32500股,4.405,143162.5,13181.63,3.999,-,0,-1007.5,0股,10.14%,1100436.01,13.01%
2023-10-09,股票,长江电力(600900.XSHG),多,3500股,3500股,22.56,78960,8498.99,20.132,-,0,1120,0股,12.06%,1100436.01,7.18%
2023-10-09,股票,农业银行(601288.XSHG),多,12400股,12400股,3.6,44640,12440.04,2.597,-,0,0,0股,38.63%,1100436.01,4.06%
2023-10-09,,Cash,,,,,4507.31,,,,,,,,0
2023-10-10,基金,豆粕ETF华夏(159985.XSHE),多,26200股,26200股,2.172,56906.4,19412.1,1.431,-,0,-1048,0股,51.77%,1099307.01,5.18%
2023-10-10,基金,10年地债(511270.XSHG),多,6200股,6200股,108.517,672805.4,56743.48,99.365,-,0,124,0股,9.21%,1099307.01,61.2%
2023-10-10,基金,纳指ETF(513100.XSHG),多,89900股,89900股,1.111,99878.9,16732.13,0.925,-,0,1348.5,0股,20.12%,1099307.01,9.09%
2023-10-10,基金,黄金ETF(518880.XSHG),多,32500股,32500股,4.348,141310,11329.13,3.999,-,0,-1852.5,0股,8.72%,1099307.01,12.85%
2023-10-10,股票,长江电力(600900.XSHG),多,3500股,3500股,22.61,79135,8673.99,20.132,-,0,175,0股,12.31%,1099307.01,7.2%
2023-10-10,股票,农业银行(601288.XSHG),多,12400股,12400股,3.61,44764,12564.04,2.597,-,0,124,0股,39.02%,1099307.01,4.07%
2023-10-10,,Cash,,,,,4507.31,,,,,,,,0
2023-10-11,基金,豆粕ETF华夏(159985.XSHE),多,26200股,26200股,2.165,56723,19228.7,1.431,-,0,-183.4,0股,51.28%,1099517.21,5.16%
2023-10-11,基金,10年地债(511270.XSHG),多,6200股,6200股,108.351,671776.2,55714.28,99.365,-,0,-1029.2,0股,9.04%,1099517.21,61.1%
2023-10-11,基金,纳指ETF(513100.XSHG),多,89900股,89900股,1.118,100508.2,17361.43,0.925,-,0,629.3,0股,20.88%,1099517.21,9.14%
2023-10-11,基金,黄金ETF(518880.XSHG),多,32500股,32500股,4.355,141537.5,11556.63,3.999,-,0,227.5,0股,8.89%,1099517.21,12.87%
2023-10-11,股票,长江电力(600900.XSHG),多,3500股,3500股,22.63,79205,8743.99,20.132,-,0,70,0股,12.41%,1099517.21,7.2%
2023-10-11,股票,农业银行(601288.XSHG),多,12400股,12400股,3.65,45260,13060.04,2.597,-,0,496,0股,40.56%,1099517.21,4.12%
2023-10-11,,Cash,,,,,4507.31,,,,,,,,0
2023-10-12,基金,豆粕ETF华夏(159985.XSHE),多,26200股,26200股,2.181,57142.2,19647.9,1.431,-,0,419.2,0股,52.4%,1101572.11,5.19%
2023-10-12,基金,10年地债(511270.XSHG),多,6200股,6200股,108.252,671162.4,55100.48,99.365,-,0,-613.8,0股,8.94%,1101572.11,60.93%
2023-10-12,基金,纳指ETF(513100.XSHG),多,89900股,89900股,1.128,101407.2,18260.43,0.925,-,0,899,0股,21.96%,1101572.11,9.21%
2023-10-12,基金,黄金ETF(518880.XSHG),多,32500股,32500股,4.39,142675,12694.13,3.999,-,0,1137.5,0股,9.77%,1101572.11,12.95%
2023-10-12,股票,长江电力(600900.XSHG),多,3500股,3500股,22.62,79170,8708.99,20.132,-,0,-35,0股,12.36%,1101572.11,7.19%
2023-10-12,股票,农业银行(601288.XSHG),多,12400股,12400股,3.67,45508,13308.04,2.597,-,0,248,0股,41.33%,1101572.11,4.13%
2023-10-12,,Cash,,,,,4507.31,,,,,,,,0
2023-10-13,基金,豆粕ETF华夏(159985.XSHE),多,26200股,26200股,2.216,58059.2,20564.9,1.431,-,0,917,0股,54.85%,1103781.01,5.26%
2023-10-13,基金,10年地债(511270.XSHG),多,6200股,6200股,108.301,671466.2,55404.28,99.365,-,0,303.8,0股,8.99%,1103781.01,60.83%
2023-10-13,基金,纳指ETF(513100.XSHG),多,89900股,89900股,1.122,100867.8,17721.03,0.925,-,0,-539.4,0股,21.31%,1103781.01,9.14%
2023-10-13,基金,黄金ETF(518880.XSHG),多,32500股,32500股,4.405,143162.5,13181.63,3.999,-,0,487.5,0股,10.14%,1103781.01,12.97%
2023-10-13,股票,长江电力(600900.XSHG),多,3500股,3500股,22.74,79590,9128.99,20.132,-,0,420,0股,12.96%,1103781.01,7.21%
2023-10-13,股票,农业银行(601288.XSHG),多,12400股,12400股,3.72,46128,13928.04,2.597,-,0,620,0股,43.25%,1103781.01,4.18%
2023-10-13,,Cash,,,,,4507.31,,,,,,,,0
2023-10-16,基金,豆粕ETF华夏(159985.XSHE),多,27300股,27300股,2.224,60715.2,20789.9,1.462,-,0,225,1100股,52.07%,1105153.61,5.49%
2023-10-16,基金,10年地债(511270.XSHG),多,6200股,6200股,108.355,671801,55739.08,99.365,-,0,334.8,0股,9.05%,1105153.61,60.79%
2023-10-16,基金,纳指ETF(513100.XSHG),多,93300股,93300股,1.111,103656.3,16735.53,0.932,-,0,-985.5,3400股,19.25%,1105153.61,9.38%
2023-10-16,基金,黄金ETF(518880.XSHG),多,31800股,31800股,4.46,141828,14646.72,3.999,-,0,1749,0股,11.52%,1105153.61,12.83%
2023-10-16,股票,长江电力(600900.XSHG),多,3500股,3500股,22.78,79730,9268.99,20.132,-,0,140,0股,13.15%,1105153.61,7.21%
2023-10-16,股票,农业银行(601288.XSHG),多,12400股,12400股,3.71,46004,13804.04,2.597,-,0,-124,0股,42.87%,1105153.61,4.16%
2023-10-16,,Cash,,,,,1419.11,,,,,,,,0
2023-10-17,基金,豆粕ETF华夏(159985.XSHE),多,27300股,27300股,2.22,60606,20680.7,1.462,-,0,-109.2,0股,51.8%,1106939.01,5.48%
2023-10-17,基金,10年地债(511270.XSHG),多,6200股,6200股,108.316,671559.2,55497.28,99.365,-,0,-241.8,0股,9.01%,1106939.01,60.67%
2023-10-17,基金,纳指ETF(513100.XSHG),多,93300股,93300股,1.119,104402.7,17481.93,0.932,-,0,746.4,0股,20.11%,1106939.01,9.43%
2023-10-17,基金,黄金ETF(518880.XSHG),多,31800股,31800股,4.48,142464,15282.72,3.999,-,0,636,0股,12.02%,1106939.01,12.87%
2023-10-17,股票,长江电力(600900.XSHG),多,3500股,3500股,22.96,80360,9898.99,20.132,-,0,630,0股,14.05%,1106939.01,7.26%
2023-10-17,股票,农业银行(601288.XSHG),多,12400股,12400股,3.72,46128,13928.04,2.597,-,0,124,0股,43.25%,1106939.01,4.17%
2023-10-17,,Cash,,,,,1419.11,,,,,,,,0
2023-10-18,基金,豆粕ETF华夏(159985.XSHE),多,27300股,27300股,2.227,60797.1,20871.8,1.462,-,0,191.1,0股,52.28%,1108361.81,5.49%
2023-10-18,基金,10年地债(511270.XSHG),多,6200股,6200股,108.335,671677,55615.08,99.365,-,0,117.8,0股,9.03%,1108361.81,60.6%
2023-10-18,基金,纳指ETF(513100.XSHG),多,93300股,93300股,1.114,103936.2,17015.43,0.932,-,0,-466.5,0股,19.58%,1108361.81,9.38%
2023-10-18,基金,黄金ETF(518880.XSHG),多,31800股,31800股,4.523,143831.4,16650.12,3.999,-,0,1367.4,0股,13.09%,1108361.81,12.98%
2023-10-18,股票,长江电力(600900.XSHG),多,3500股,3500股,22.95,80325,9863.99,20.132,-,0,-35,0股,14%,1108361.81,7.25%
2023-10-18,股票,农业银行(601288.XSHG),多,12400股,12400股,3.74,46376,14176.04,2.597,-,0,248,0股,44.03%,1108361.81,4.18%
2023-10-18,,Cash,,,,,1419.11,,,,,,,,0
2023-10-19,基金,豆粕ETF华夏(159985.XSHE),多,27300股,27300股,2.237,61070.1,21144.8,1.462,-,0,273,0股,52.96%,1105786.61,5.52%
2023-10-19,基金,10年地债(511270.XSHG),多,6200股,6200股,108.329,671639.8,55577.88,99.365,-,0,-37.2,0股,9.02%,1105786.61,60.74%
2023-10-19,基金,纳指ETF(513100.XSHG),多,93300股,93300股,1.1,102630,15709.23,0.932,-,0,-1306.2,0股,18.07%,1105786.61,9.28%
2023-10-19,基金,黄金ETF(518880.XSHG),多,31800股,31800股,4.547,144594.6,17413.32,3.999,-,0,763.2,0股,13.69%,1105786.61,13.08%
2023-10-19,股票,长江电力(600900.XSHG),多,3500股,3500股,22.55,78925,8463.99,20.132,-,0,-1400,0股,12.01%,1105786.61,7.14%
2023-10-19,股票,农业银行(601288.XSHG),多,12400股,12400股,3.67,45508,13308.04,2.597,-,0,-868,0股,41.33%,1105786.61,4.12%
2023-10-19,,Cash,,,,,1419.11,,,,,,,,0
2023-10-20,基金,豆粕ETF华夏(159985.XSHE),多,27300股,27300股,2.242,61206.6,21281.3,1.462,-,0,136.5,0股,53.3%,1105209.31,5.54%
2023-10-20,基金,10年地债(511270.XSHG),多,6200股,6200股,108.301,671466.2,55404.28,99.365,-,0,-173.6,0股,8.99%,1105209.31,60.75%
2023-10-20,基金,纳指ETF(513100.XSHG),多,93300股,93300股,1.086,101323.8,14403.03,0.932,-,0,-1306.2,0股,16.57%,1105209.31,9.17%
2023-10-20,基金,黄金ETF(518880.XSHG),多,31800股,31800股,4.597,146184.6,19003.32,3.999,-,0,1590,0股,14.94%,1105209.31,13.23%
2023-10-20,股票,长江电力(600900.XSHG),多,3500股,3500股,22.35,78225,7763.99,20.132,-,0,-700,0股,11.02%,1105209.31,7.08%
2023-10-20,股票,农业银行(601288.XSHG),多,12400股,12400股,3.66,45384,13184.04,2.597,-,0,-124,0股,40.94%,1105209.31,4.11%
2023-10-20,,Cash,,,,,1419.11,,,,,,,,0
2023-10-23,基金,豆粕ETF华夏(159985.XSHE),多,27300股,27300股,2.222,60660.6,20735.3,1.462,-,0,-546,0股,51.94%,1102893.61,5.5%
2023-10-23,基金,10年地债(511270.XSHG),多,6200股,6200股,108.303,671478.6,55416.68,99.365,-,0,12.4,0股,9%,1102893.61,60.88%
2023-10-23,基金,纳指ETF(513100.XSHG),多,93300股,93300股,1.079,100670.7,13749.93,0.932,-,0,-653.1,0股,15.82%,1102893.61,9.13%
2023-10-23,基金,黄金ETF(518880.XSHG),多,31800股,31800股,4.572,145389.6,18208.32,3.999,-,0,-795,0股,14.32%,1102893.61,13.18%
2023-10-23,股票,长江电力(600900.XSHG),多,3500股,3500股,22.29,78015,7553.99,20.132,-,0,-210,0股,10.72%,1102893.61,7.07%
2023-10-23,股票,农业银行(601288.XSHG),多,12400股,12400股,3.65,45260,13060.04,2.597,-,0,-124,0股,40.56%,1102893.61,4.1%
2023-10-23,,Cash,,,,,1419.11,,,,,,,,0
2023-10-24,基金,豆粕ETF华夏(159985.XSHE),多,27300股,27300股,2.208,60278.4,20353.1,1.462,-,0,-382.2,0股,50.98%,1102174.91,5.47%
2023-10-24,基金,10年地债(511270.XSHG),多,6200股,6200股,108.053,669928.6,53866.68,99.365,-,0,-1550,0股,8.74%,1102174.91,60.78%
2023-10-24,基金,纳指ETF(513100.XSHG),多,93300股,93300股,1.086,101323.8,14403.03,0.932,-,0,653.1,0股,16.57%,1102174.91,9.19%
2023-10-24,基金,黄金ETF(518880.XSHG),多,31800股,31800股,4.575,145485,18303.72,3.999,-,0,95.4,0股,14.39%,1102174.91,13.2%
2023-10-24,股票,长江电力(600900.XSHG),多,3500股,3500股,22.6,79100,8638.99,20.132,-,0,1085,0股,12.26%,1102174.91,7.18%
2023-10-24,股票,农业银行(601288.XSHG),多,12400股,12400股,3.6,44640,12440.04,2.597,-,0,-620,0股,38.63%,1102174.91,4.05%
2023-10-24,,Cash,,,,,1419.11,,,,,,,,0
2023-10-25,基金,豆粕ETF华夏(159985.XSHE),多,27300股,27300股,2.232,60933.6,21008.3,1.462,-,0,655.2,0股,52.62%,1097975.31,5.55%
2023-10-25,基金,10年地债(511270.XSHG),多,6200股,6200股,107.892,668930.4,52868.48,99.365,-,0,-998.2,0股,8.58%,1097975.31,60.92%
2023-10-25,基金,纳指ETF(513100.XSHG),多,93300股,93300股,1.082,100950.6,14029.83,0.932,-,0,-373.2,0股,16.14%,1097975.31,9.19%
2023-10-25,基金,黄金ETF(518880.XSHG),多,31800股,31800股,4.557,144912.6,17731.32,3.999,-,0,-572.4,0股,13.94%,1097975.31,13.2%
2023-10-25,股票,长江电力(600900.XSHG),多,3500股,3500股,21.91,76685,6223.99,20.132,-,0,-2415,0股,8.83%,1097975.31,6.98%
2023-10-25,股票,农业银行(601288.XSHG),多,12400股,12400股,3.56,44144,11944.04,2.597,-,0,-496,0股,37.09%,1097975.31,4.02%
2023-10-25,,Cash,,,,,1419.11,,,,,,,,0
2023-10-26,基金,豆粕ETF华夏(159985.XSHE),多,27300股,27300股,2.238,61097.4,21172.1,1.462,-,0,163.8,0股,53.03%,1098305.01,5.56%
2023-10-26,基金,10年地债(511270.XSHG),多,6200股,6200股,107.889,668911.8,52849.88,99.365,-,0,-18.6,0股,8.58%,1098305.01,60.9%
2023-10-26,基金,纳指ETF(513100.XSHG),多,93300股,93300股,1.049,97871.7,10950.93,0.932,-,0,-3078.9,0股,12.6%,1098305.01,8.91%
2023-10-26,基金,黄金ETF(518880.XSHG),多,31800股,31800股,4.59,145962,18780.72,3.999,-,0,1049.4,0股,14.77%,1098305.01,13.29%
2023-10-26,股票,长江电力(600900.XSHG),多,3500股,3500股,22.33,78155,7693.99,20.132,-,0,1470,0股,10.92%,1098305.01,7.12%
2023-10-26,股票,农业银行(601288.XSHG),多,12400股,12400股,3.62,44888,12688.04,2.597,-,0,744,0股,39.4%,1098305.01,4.09%
2023-10-26,,Cash,,,,,1419.11,,,,,,,,0
2023-10-27,基金,豆粕ETF华夏(159985.XSHE),多,27300股,27300股,2.251,61452.3,21527,1.462,-,0,354.9,0股,53.92%,1099370.11,5.59%
2023-10-27,基金,10年地债(511270.XSHG),多,6200股,6200股,107.928,669153.6,53091.68,99.365,-,0,241.8,0股,8.62%,1099370.11,60.87%
2023-10-27,基金,纳指ETF(513100.XSHG),多,93300股,93300股,1.053,98244.9,11324.13,0.932,-,0,373.2,0股,13.03%,1099370.11,8.94%
2023-10-27,基金,黄金ETF(518880.XSHG),多,31800股,31800股,4.599,146248.2,19066.92,3.999,-,0,286.2,0股,14.99%,1099370.11,13.3%
2023-10-27,股票,长江电力(600900.XSHG),多,3500股,3500股,22.24,77840,7378.99,20.132,-,0,-315,0股,10.47%,1099370.11,7.08%
2023-10-27,股票,农业银行(601288.XSHG),多,12400股,12400股,3.63,45012,12812.04,2.597,-,0,124,0股,39.79%,1099370.11,4.09%
2023-10-27,,Cash,,,,,1419.11,,,,,,,,0
2023-10-30,基金,豆粕ETF华夏(159985.XSHE),多,27300股,27300股,2.291,62544.3,22619,1.462,-,0,1092,0股,56.65%,1100796.51,5.68%
2023-10-30,基金,10年地债(511270.XSHG),多,6200股,6200股,107.922,669116.4,53054.48,99.365,-,0,-37.2,0股,8.61%,1100796.51,60.78%
2023-10-30,基金,纳指ETF(513100.XSHG),多,93300股,93300股,1.055,98431.5,11510.73,0.932,-,0,186.6,0股,13.24%,1100796.51,8.94%
2023-10-30,基金,黄金ETF(518880.XSHG),多,31800股,31800股,4.609,146566.2,19384.92,3.999,-,0,318,0股,15.24%,1100796.51,13.31%
2023-10-30,股票,长江电力(600900.XSHG),多,3500股,3500股,22.45,78575,8113.99,20.132,-,0,735,0股,11.52%,1100796.51,7.14%
2023-10-30,股票,农业银行(601288.XSHG),多,12400股,12400股,3.56,44144,11944.04,2.597,-,0,-868,0股,37.09%,1100796.51,4.01%
2023-10-30,,Cash,,,,,1419.11,,,,,,,,0
2023-10-31,基金,豆粕ETF华夏(159985.XSHE),多,27300股,27300股,2.244,61261.2,21335.9,1.462,-,0,-1283.1,0股,53.44%,1101274.91,5.56%
2023-10-31,基金,10年地债(511270.XSHG),多,6200股,6200股,108.037,669829.4,53767.48,99.365,-,0,713,0股,8.73%,1101274.91,60.82%
2023-10-31,基金,纳指ETF(513100.XSHG),多,93300股,93300股,1.054,98338.2,11417.43,0.932,-,0,-93.3,0股,13.14%,1101274.91,8.93%
2023-10-31,基金,黄金ETF(518880.XSHG),多,31800股,31800股,4.62,146916,19734.72,3.999,-,0,349.8,0股,15.52%,1101274.91,13.34%
2023-10-31,股票,长江电力(600900.XSHG),多,3500股,3500股,22.57,78995,8533.99,20.132,-,0,420,0股,12.11%,1101274.91,7.17%
2023-10-31,股票,农业银行(601288.XSHG),多,12400股,12400股,3.59,44516,12316.04,2.597,-,0,372,0股,38.25%,1101274.91,4.04%
2023-10-31,,Cash,,,,,1419.11,,,,,,,,0
2023-11-01,基金,豆粕ETF华夏(159985.XSHE),多,27300股,27300股,2.268,61916.4,21991.1,1.462,-,0,655.2,0股,55.08%,1103996.81,5.61%
2023-11-01,基金,10年地债(511270.XSHG),多,6200股,6200股,108.121,670350.2,54288.28,99.365,-,0,520.8,0股,8.81%,1103996.81,60.72%
2023-11-01,基金,纳指ETF(513100.XSHG),多,93300股,93300股,1.069,99737.7,12816.93,0.932,-,0,1399.5,0股,14.75%,1103996.81,9.03%
2023-11-01,基金,黄金ETF(518880.XSHG),多,31800股,31800股,4.603,146375.4,19194.12,3.999,-,0,-540.6,0股,15.09%,1103996.81,13.26%
2023-11-01,股票,长江电力(600900.XSHG),多,3500股,3500股,22.66,79310,8848.99,20.132,-,0,315,0股,12.56%,1103996.81,7.18%
2023-11-01,股票,农业银行(601288.XSHG),多,12400股,12400股,3.62,44888,12688.04,2.597,-,0,372,0股,39.4%,1103996.81,4.07%
2023-11-01,,Cash,,,,,1419.11,,,,,,,,0
2023-11-02,基金,豆粕ETF华夏(159985.XSHE),多,27300股,27300股,2.298,62735.4,22810.1,1.462,-,0,819,0股,57.13%,1109179.41,5.66%
2023-11-02,基金,10年地债(511270.XSHG),多,6200股,6200股,108.306,671497.2,55435.28,99.365,-,0,1147,0股,9%,1109179.41,60.54%
2023-11-02,基金,纳指ETF(513100.XSHG),多,93300股,93300股,1.091,101790.3,14869.53,0.932,-,0,2052.6,0股,17.11%,1109179.41,9.18%
2023-11-02,基金,黄金ETF(518880.XSHG),多,31800股,31800股,4.613,146693.4,19512.12,3.999,-,0,318,0股,15.34%,1109179.41,13.23%
2023-11-02,股票,长江电力(600900.XSHG),多,3500股,3500股,22.76,79660,9198.99,20.132,-,0,350,0股,13.06%,1109179.41,7.18%
2023-11-02,股票,农业银行(601288.XSHG),多,12400股,12400股,3.66,45384,13184.04,2.597,-,0,496,0股,40.94%,1109179.41,4.09%
2023-11-02,,Cash,,,,,1419.11,,,,,,,,0
2023-11-03,基金,豆粕ETF华夏(159985.XSHE),多,27300股,27300股,2.315,63199.5,23274.2,1.462,-,0,464.1,0股,58.29%,1111564.11,5.69%
2023-11-03,基金,10年地债(511270.XSHG),多,6200股,6200股,108.619,673437.8,57375.88,99.365,-,0,1940.6,0股,9.31%,1111564.11,60.58%
2023-11-03,基金,纳指ETF(513100.XSHG),多,93300股,93300股,1.099,102536.7,15615.93,0.932,-,0,746.4,0股,17.97%,1111564.11,9.22%
2023-11-03,基金,黄金ETF(518880.XSHG),多,31800股,31800股,4.61,146598,19416.72,3.999,-,0,-95.4,0股,15.27%,1111564.11,13.19%
2023-11-03,股票,长江电力(600900.XSHG),多,3500股,3500股,22.71,79485,9023.99,20.132,-,0,-175,0股,12.81%,1111564.11,7.15%
2023-11-03,股票,农业银行(601288.XSHG),多,12400股,12400股,3.62,44888,12688.04,2.597,-,0,-496,0股,39.4%,1111564.11,4.04%
2023-11-03,,Cash,,,,,1419.11,,,,,,,,0
2023-11-06,基金,豆粕ETF华夏(159985.XSHE),多,27300股,27300股,2.357,64346.1,24420.8,1.462,-,0,1146.6,0股,61.17%,1110474.31,5.79%
2023-11-06,基金,10年地债(511270.XSHG),多,6200股,6200股,108.541,672954.2,56892.28,99.365,-,0,-483.6,0股,9.23%,1110474.31,60.6%
2023-11-06,基金,纳指ETF(513100.XSHG),多,93300股,93300股,1.111,103656.3,16735.53,0.932,-,0,1119.6,0股,19.25%,1110474.31,9.33%
2023-11-06,基金,黄金ETF(518880.XSHG),多,31800股,31800股,4.587,145866.6,18685.32,3.999,-,0,-731.4,0股,14.69%,1110474.31,13.14%
2023-11-06,股票,长江电力(600900.XSHG),多,3500股,3500股,22.24,77840,7378.99,20.132,-,0,-1645,0股,10.47%,1110474.31,7.01%
2023-11-06,股票,农业银行(601288.XSHG),多,12400股,12400股,3.58,44392,12192.04,2.597,-,0,-496,0股,37.86%,1110474.31,4%
2023-11-06,,Cash,,,,,1419.11,,,,,,,,0
2023-11-07,基金,豆粕ETF华夏(159985.XSHE),多,27300股,27300股,2.351,64182.3,24257,1.462,-,0,-163.8,0股,60.76%,1110983.61,5.78%
2023-11-07,基金,10年地债(511270.XSHG),多,6200股,6200股,108.68,673816,57754.08,99.365,-,0,861.8,0股,9.37%,1110983.61,60.65%
2023-11-07,基金,纳指ETF(513100.XSHG),多,93300股,93300股,1.11,103563,16642.23,0.932,-,0,-93.3,0股,19.15%,1110983.61,9.32%
2023-11-07,基金,黄金ETF(518880.XSHG),多,31800股,31800股,4.569,145294.2,18112.92,3.999,-,0,-572.4,0股,14.24%,1110983.61,13.08%
2023-11-07,股票,长江电力(600900.XSHG),多,3500股,3500股,22.27,77945,7483.99,20.132,-,0,105,0股,10.62%,1110983.61,7.02%
2023-11-07,股票,农业银行(601288.XSHG),多,12400股,12400股,3.61,44764,12564.04,2.597,-,0,372,0股,39.02%,1110983.61,4.03%
2023-11-07,,Cash,,,,,1419.11,,,,,,,,0
2023-11-08,基金,豆粕ETF华夏(159985.XSHE),多,27800股,27800股,2.366,65774.8,24664,1.479,-,0,407,500股,59.99%,1111707.01,5.92%
2023-11-08,基金,10年地债(511270.XSHG),多,6100股,6100股,108.64,662704,56578.56,99.365,-,0,-244,0股,9.33%,1111707.01,59.61%
2023-11-08,基金,纳指ETF(513100.XSHG),多,88800股,88800股,1.12,99456,16727.55,0.932,-,0,888,0股,20.22%,1111707.01,8.95%
2023-11-08,基金,黄金ETF(518880.XSHG),多,32500股,32500股,4.551,147907.5,17537.72,4.011,-,0,-575.2,700股,13.45%,1111707.01,13.3%
2023-11-08,股票,长江电力(600900.XSHG),多,3500股,3500股,22.37,78295,7833.99,20.132,-,0,350,0股,11.12%,1111707.01,7.04%
2023-11-08,股票,农业银行(601288.XSHG),多,15900股,12400股,3.6,57240,12440.04,2.818,-,0,-124,3500股,27.77%,1111707.01,5.15%
2023-11-08,,Cash,,,,,329.71,,,,,,,,0
2023-11-09,基金,豆粕ETF华夏(159985.XSHE),多,27800股,27800股,2.359,65580.2,24469.4,1.479,-,0,-194.6,0股,59.52%,1112592.21,5.89%
2023-11-09,基金,10年地债(511270.XSHG),多,6100股,6100股,108.682,662960.2,56834.76,99.365,-,0,256.2,0股,9.38%,1112592.21,59.59%
2023-11-09,基金,纳指ETF(513100.XSHG),多,88800股,88800股,1.127,100077.6,17349.15,0.932,-,0,621.6,0股,20.97%,1112592.21,8.99%
2023-11-09,基金,黄金ETF(518880.XSHG),多,32500股,32500股,4.521,146932.5,16562.72,4.011,-,0,-975,0股,12.7%,1112592.21,13.21%
2023-11-09,股票,长江电力(600900.XSHG),多,3500股,3500股,22.57,78995,8533.99,20.132,-,0,700,0股,12.11%,1112592.21,7.1%
2023-11-09,股票,农业银行(601288.XSHG),多,15900股,15900股,3.63,57717,12917.04,2.818,-,0,477,0股,28.83%,1112592.21,5.19%
2023-11-09,,Cash,,,,,329.71,,,,,,,,0
2023-11-10,基金,豆粕ETF华夏(159985.XSHE),多,27800股,27800股,2.306,64106.8,22996,1.479,-,0,-1473.4,0股,55.94%,1110866.81,5.77%
2023-11-10,基金,10年地债(511270.XSHG),多,6100股,6100股,108.625,662612.5,56487.06,99.365,-,0,-347.7,0股,9.32%,1110866.81,59.65%
2023-11-10,基金,纳指ETF(513100.XSHG),多,88800股,88800股,1.116,99100.8,16372.35,0.932,-,0,-976.8,0股,19.79%,1110866.81,8.92%
2023-11-10,基金,黄金ETF(518880.XSHG),多,32500股,32500股,4.554,148005,17635.22,4.011,-,0,1072.5,0股,13.53%,1110866.81,13.32%
2023-11-10,股票,长江电力(600900.XSHG),多,3500股,3500股,22.57,78995,8533.99,20.132,-,0,0,0股,12.11%,1110866.81,7.11%
2023-11-10,股票,农业银行(601288.XSHG),多,15900股,15900股,3.63,57717,12917.04,2.818,-,0,0,0股,28.83%,1110866.81,5.2%
2023-11-10,,Cash,,,,,329.71,,,,,,,,0
2023-11-13,基金,豆粕ETF华夏(159985.XSHE),多,27800股,27800股,2.322,64551.6,23440.8,1.479,-,0,444.8,0股,57.02%,1113325.31,5.8%
2023-11-13,基金,10年地债(511270.XSHG),多,6100股,6100股,108.74,663314,57188.56,99.365,-,0,701.5,0股,9.44%,1113325.31,59.58%
2023-11-13,基金,纳指ETF(513100.XSHG),多,88800股,88800股,1.14,101232,18503.55,0.932,-,0,2131.2,0股,22.37%,1113325.31,9.09%
2023-11-13,基金,黄金ETF(518880.XSHG),多,32500股,32500股,4.538,147485,17115.22,4.011,-,0,-520,0股,13.13%,1113325.31,13.25%
2023-11-13,股票,长江电力(600900.XSHG),多,3500股,3500股,22.53,78855,8393.99,20.132,-,0,-140,0股,11.91%,1113325.31,7.08%
2023-11-13,股票,农业银行(601288.XSHG),多,15900股,15900股,3.62,57558,12758.04,2.818,-,0,-159,0股,28.48%,1113325.31,5.17%
2023-11-13,,Cash,,,,,329.71,,,,,,,,0
2023-11-14,基金,豆粕ETF华夏(159985.XSHE),多,27800股,27800股,2.344,65163.2,24052.4,1.479,-,0,611.6,0股,58.51%,1113223.51,5.85%
2023-11-14,基金,10年地债(511270.XSHG),多,6100股,6100股,108.524,661996.4,55870.96,99.365,-,0,-1317.6,0股,9.22%,1113223.51,59.47%
2023-11-14,基金,纳指ETF(513100.XSHG),多,88800股,88800股,1.144,101587.2,18858.75,0.932,-,0,355.2,0股,22.8%,1113223.51,9.13%
2023-11-14,基金,黄金ETF(518880.XSHG),多,32500股,32500股,4.558,148135,17765.22,4.011,-,0,650,0股,13.63%,1113223.51,13.31%
2023-11-14,股票,长江电力(600900.XSHG),多,3500股,3500股,22.37,78295,7833.99,20.132,-,0,-560,0股,11.12%,1113223.51,7.03%
2023-11-14,股票,农业银行(601288.XSHG),多,15900股,15900股,3.63,57717,12917.04,2.818,-,0,159,0股,28.83%,1113223.51,5.18%
2023-11-14,,Cash,,,,,329.71,,,,,,,,0
2023-11-15,基金,豆粕ETF华夏(159985.XSHE),多,27800股,27800股,2.368,65830.4,24719.6,1.479,-,0,667.2,0股,60.13%,1116436.11,5.9%
2023-11-15,基金,10年地债(511270.XSHG),多,6100股,6100股,108.443,661502.3,55376.86,99.365,-,0,-494.1,0股,9.14%,1116436.11,59.25%
2023-11-15,基金,纳指ETF(513100.XSHG),多,88800股,88800股,1.164,103363.2,20634.75,0.932,-,0,1776,0股,24.94%,1116436.11,9.26%
2023-11-15,基金,黄金ETF(518880.XSHG),多,32500股,32500股,4.577,148752.5,18382.72,4.011,-,0,617.5,0股,14.1%,1116436.11,13.32%
2023-11-15,股票,长江电力(600900.XSHG),多,3500股,3500股,22.6,79100,8638.99,20.132,-,0,805,0股,12.26%,1116436.11,7.09%
2023-11-15,股票,农业银行(601288.XSHG),多,15900股,15900股,3.62,57558,12758.04,2.818,-,0,-159,0股,28.48%,1116436.11,5.16%
2023-11-15,,Cash,,,,,329.71,,,,,,,,0
2023-11-16,基金,豆粕ETF华夏(159985.XSHE),多,27800股,27800股,2.364,65719.2,24608.4,1.479,-,0,-111.2,0股,59.86%,1116865.51,5.88%
2023-11-16,基金,10年地债(511270.XSHG),多,6100股,6100股,108.559,662209.9,56084.46,99.365,-,0,707.6,0股,9.25%,1116865.51,59.29%
2023-11-16,基金,纳指ETF(513100.XSHG),多,88800股,88800股,1.159,102919.2,20190.75,0.932,-,0,-444,0股,24.41%,1116865.51,9.22%
2023-11-16,基金,黄金ETF(518880.XSHG),多,32500股,32500股,4.559,148167.5,17797.72,4.011,-,0,-585,0股,13.65%,1116865.51,13.27%
2023-11-16,股票,长江电力(600900.XSHG),多,3500股,3500股,22.71,79485,9023.99,20.132,-,0,385,0股,12.81%,1116865.51,7.12%
2023-11-16,股票,农业银行(601288.XSHG),多,15900股,15900股,3.65,58035,13235.04,2.818,-,0,477,0股,29.54%,1116865.51,5.2%
2023-11-16,,Cash,,,,,329.71,,,,,,,,0
2023-11-17,基金,豆粕ETF华夏(159985.XSHE),多,27800股,27800股,2.311,64245.8,23135,1.479,-,0,-1473.4,0股,56.27%,1116079.01,5.76%
2023-11-17,基金,10年地债(511270.XSHG),多,6100股,6100股,108.677,662929.7,56804.26,99.365,-,0,719.8,0股,9.37%,1116079.01,59.4%
2023-11-17,基金,纳指ETF(513100.XSHG),多,88800股,88800股,1.161,103096.8,20368.35,0.932,-,0,177.6,0股,24.62%,1116079.01,9.24%
2023-11-17,基金,黄金ETF(518880.XSHG),多,32500股,32500股,4.572,148590,18220.22,4.011,-,0,422.5,0股,13.98%,1116079.01,13.31%
2023-11-17,股票,长江电力(600900.XSHG),多,3500股,3500股,22.62,79170,8708.99,20.132,-,0,-315,0股,12.36%,1116079.01,7.09%
2023-11-17,股票,农业银行(601288.XSHG),多,15900股,15900股,3.63,57717,12917.04,2.818,-,0,-318,0股,28.83%,1116079.01,5.17%
2023-11-17,,Cash,,,,,329.71,,,,,,,,0
2023-11-20,基金,豆粕ETF华夏(159985.XSHE),多,27800股,27800股,2.283,63467.4,22356.6,1.479,-,0,-778.4,0股,54.38%,1112513.11,5.7%
2023-11-20,基金,10年地债(511270.XSHG),多,6100股,6100股,108.65,662765,56639.56,99.365,-,0,-164.7,0股,9.34%,1112513.11,59.57%
2023-11-20,基金,纳指ETF(513100.XSHG),多,88800股,88800股,1.145,101676,18947.55,0.932,-,0,-1420.8,0股,22.9%,1112513.11,9.14%
2023-11-20,基金,黄金ETF(518880.XSHG),多,32500股,32500股,4.522,146965,16595.22,4.011,-,0,-1625,0股,12.73%,1112513.11,13.21%
2023-11-20,股票,长江电力(600900.XSHG),多,3500股,3500股,22.65,79275,8813.99,20.132,-,0,105,0股,12.51%,1112513.11,7.13%
2023-11-20,股票,农业银行(601288.XSHG),多,15900股,15900股,3.65,58035,13235.04,2.818,-,0,318,0股,29.54%,1112513.11,5.22%
2023-11-20,,Cash,,,,,329.71,,,,,,,,0
2023-11-21,基金,豆粕ETF华夏(159985.XSHE),多,27800股,27800股,2.306,64106.8,22996,1.479,-,0,639.4,0股,55.94%,1114757.41,5.75%
2023-11-21,基金,10年地债(511270.XSHG),多,6100股,6100股,108.675,662917.5,56792.06,99.365,-,0,152.5,0股,9.37%,1114757.41,59.47%
2023-11-21,基金,纳指ETF(513100.XSHG),多,88800股,88800股,1.158,102830.4,20101.95,0.932,-,0,1154.4,0股,24.3%,1114757.41,9.22%
2023-11-21,基金,黄金ETF(518880.XSHG),多,32500股,32500股,4.516,146770,16400.22,4.011,-,0,-195,0股,12.58%,1114757.41,13.17%
2023-11-21,股票,长江电力(600900.XSHG),多,3500股,3500股,22.7,79450,8988.99,20.132,-,0,175,0股,12.76%,1114757.41,7.13%
2023-11-21,股票,农业银行(601288.XSHG),多,15900股,15900股,3.67,58353,13553.04,2.818,-,0,318,0股,30.25%,1114757.41,5.23%
2023-11-21,,Cash,,,,,329.71,,,,,,,,0
2023-11-22,基金,豆粕ETF华夏(159985.XSHE),多,27800股,27800股,2.287,63578.6,22467.8,1.479,-,0,-528.2,0股,54.65%,1112935.41,5.71%
2023-11-22,基金,10年地债(511270.XSHG),多,6100股,6100股,108.696,663045.6,56920.16,99.365,-,0,128.1,0股,9.39%,1112935.41,59.58%
2023-11-22,基金,纳指ETF(513100.XSHG),多,88800股,88800股,1.15,102120,19391.55,0.932,-,0,-710.4,0股,23.44%,1112935.41,9.18%
2023-11-22,基金,黄金ETF(518880.XSHG),多,32500股,32500股,4.499,146217.5,15847.72,4.011,-,0,-552.5,0股,12.16%,1112935.41,13.14%
2023-11-22,股票,长江电力(600900.XSHG),多,3500股,3500股,22.7,79450,8988.99,20.132,-,0,0,0股,12.76%,1112935.41,7.14%
2023-11-22,股票,农业银行(601288.XSHG),多,15900股,15900股,3.66,58194,13394.04,2.818,-,0,-159,0股,29.9%,1112935.41,5.23%
2023-11-22,,Cash,,,,,329.71,,,,,,,,0
2023-11-23,基金,豆粕ETF华夏(159985.XSHE),多,27800股,27800股,2.266,62994.8,21884,1.479,-,0,-583.8,0股,53.23%,1111419.11,5.67%
2023-11-23,基金,10年地债(511270.XSHG),多,6100股,6100股,108.523,661990.3,55864.86,99.365,-,0,-1055.3,0股,9.22%,1111419.11,59.56%
2023-11-23,基金,纳指ETF(513100.XSHG),多,88800股,88800股,1.156,102652.8,19924.35,0.932,-,0,532.8,0股,24.08%,1111419.11,9.24%
2023-11-23,基金,黄金ETF(518880.XSHG),多,32500股,32500股,4.495,146087.5,15717.72,4.011,-,0,-130,0股,12.06%,1111419.11,13.14%
2023-11-23,股票,长江电力(600900.XSHG),多,3500股,3500股,22.62,79170,8708.99,20.132,-,0,-280,0股,12.36%,1111419.11,7.12%
2023-11-23,股票,农业银行(601288.XSHG),多,15900股,15900股,3.66,58194,13394.04,2.818,-,0,0,0股,29.9%,1111419.11,5.24%
2023-11-23,,Cash,,,,,329.71,,,,,,,,0
2023-11-24,基金,豆粕ETF华夏(159985.XSHE),多,27800股,27800股,2.273,63189.4,22078.6,1.479,-,0,194.6,0股,53.71%,1112689.11,5.68%
2023-11-24,基金,10年地债(511270.XSHG),多,6100股,6100股,108.629,662636.9,56511.46,99.365,-,0,646.6,0股,9.32%,1112689.11,59.55%
2023-11-24,基金,纳指ETF(513100.XSHG),多,88800股,88800股,1.157,102741.6,20013.15,0.932,-,0,88.8,0股,24.19%,1112689.11,9.23%
2023-11-24,基金,黄金ETF(518880.XSHG),多,32500股,32500股,4.499,146217.5,15847.72,4.011,-,0,130,0股,12.16%,1112689.11,13.14%
2023-11-24,股票,长江电力(600900.XSHG),多,3500股,3500股,22.68,79380,8918.99,20.132,-,0,210,0股,12.66%,1112689.11,7.13%
2023-11-24,股票,农业银行(601288.XSHG),多,15900股,15900股,3.66,58194,13394.04,2.818,-,0,0,0股,29.9%,1112689.11,5.23%
2023-11-24,,Cash,,,,,329.71,,,,,,,,0
2023-11-27,基金,豆粕ETF华夏(159985.XSHE),多,27800股,27800股,2.233,62077.4,20966.6,1.479,-,0,-1112,0股,51%,1111514.31,5.58%
2023-11-27,基金,10年地债(511270.XSHG),多,6100股,6100股,108.574,662301.4,56175.96,99.365,-,0,-335.5,0股,9.27%,1111514.31,59.59%
2023-11-27,基金,纳指ETF(513100.XSHG),多,88800股,88800股,1.151,102208.8,19480.35,0.932,-,0,-532.8,0股,23.55%,1111514.31,9.2%
2023-11-27,基金,黄金ETF(518880.XSHG),多,32500股,32500股,4.546,147745,17375.22,4.011,-,0,1527.5,0股,13.33%,1111514.31,13.29%
2023-11-27,股票,长江电力(600900.XSHG),多,3500股,3500股,22.61,79135,8673.99,20.132,-,0,-245,0股,12.31%,1111514.31,7.12%
2023-11-27,股票,农业银行(601288.XSHG),多,15900股,15900股,3.63,57717,12917.04,2.818,-,0,-477,0股,28.83%,1111514.31,5.19%
2023-11-27,,Cash,,,,,329.71,,,,,,,,0
2023-11-28,基金,豆粕ETF华夏(159985.XSHE),多,27800股,27800股,2.234,62105.2,20994.4,1.479,-,0,27.8,0股,51.07%,1112501.11,5.58%
2023-11-28,基金,10年地债(511270.XSHG),多,6100股,6100股,108.65,662765,56639.56,99.365,-,0,463.6,0股,9.34%,1112501.11,59.57%
2023-11-28,基金,纳指ETF(513100.XSHG),多,88800股,88800股,1.154,102475.2,19746.75,0.932,-,0,266.4,0股,23.87%,1112501.11,9.21%
2023-11-28,基金,黄金ETF(518880.XSHG),多,32500股,32500股,4.56,148200,17830.22,4.011,-,0,455,0股,13.68%,1112501.11,13.32%
2023-11-28,股票,长江电力(600900.XSHG),多,3500股,3500股,22.5,78750,8288.99,20.132,-,0,-385,0股,11.76%,1112501.11,7.08%
2023-11-28,股票,农业银行(601288.XSHG),多,15900股,15900股,3.64,57876,13076.04,2.818,-,0,159,0股,29.19%,1112501.11,5.2%
2023-11-28,,Cash,,,,,329.71,,,,,,,,0
2023-11-29,基金,豆粕ETF华夏(159985.XSHE),多,27800股,27800股,2.224,61827.2,20716.4,1.479,-,0,-278,0股,50.39%,1112992.61,5.56%
2023-11-29,基金,10年地债(511270.XSHG),多,6100股,6100股,108.66,662826,56700.56,99.365,-,0,61,0股,9.35%,1112992.61,59.55%
2023-11-29,基金,纳指ETF(513100.XSHG),多,88800股,88800股,1.154,102475.2,19746.75,0.932,-,0,0,0股,23.87%,1112992.61,9.21%
2023-11-29,基金,黄金ETF(518880.XSHG),多,32500股,32500股,4.591,149207.5,18837.72,4.011,-,0,1007.5,0股,14.45%,1112992.61,13.41%
2023-11-29,股票,长江电力(600900.XSHG),多,3500股,3500股,22.46,78610,8148.99,20.132,-,0,-140,0股,11.57%,1112992.61,7.06%
2023-11-29,股票,农业银行(601288.XSHG),多,15900股,15900股,3.63,57717,12917.04,2.818,-,0,-159,0股,28.83%,1112992.61,5.19%
2023-11-29,,Cash,,,,,329.71,,,,,,,,0
2023-11-30,基金,豆粕ETF华夏(159985.XSHE),多,27800股,27800股,2.227,61910.6,20799.8,1.479,-,0,83.4,0股,50.59%,1115304.21,5.55%
2023-11-30,基金,10年地债(511270.XSHG),多,6100股,6100股,108.76,663436,57310.56,99.365,-,0,610,0股,9.46%,1115304.21,59.48%
2023-11-30,基金,纳指ETF(513100.XSHG),多,88800股,88800股,1.153,102386.4,19657.95,0.932,-,0,-88.8,0股,23.76%,1115304.21,9.18%
2023-11-30,基金,黄金ETF(518880.XSHG),多,32500股,32500股,4.589,149142.5,18772.72,4.011,-,0,-65,0股,14.4%,1115304.21,13.37%
2023-11-30,股票,长江电力(600900.XSHG),多,3500股,3500股,22.83,79905,9443.99,20.132,-,0,1295,0股,13.4%,1115304.21,7.16%
2023-11-30,股票,农业银行(601288.XSHG),多,15900股,15900股,3.66,58194,13394.04,2.818,-,0,477,0股,29.9%,1115304.21,5.22%
2023-11-30,,Cash,,,,,329.71,,,,,,,,0
2023-12-01,基金,豆粕ETF华夏(159985.XSHE),多,27800股,27800股,2.209,61410.2,20299.4,1.479,-,0,-500.4,0股,49.38%,1114698.71,5.51%
2023-12-01,基金,10年地债(511270.XSHG),多,6100股,6100股,108.899,664283.9,58158.46,99.365,-,0,847.9,0股,9.6%,1114698.71,59.59%
2023-12-01,基金,纳指ETF(513100.XSHG),多,88800股,88800股,1.148,101942.4,19213.95,0.932,-,0,-444,0股,23.23%,1114698.71,9.15%
2023-12-01,基金,黄金ETF(518880.XSHG),多,32500股,32500股,4.589,149142.5,18772.72,4.011,-,0,0,0股,14.4%,1114698.71,13.38%
2023-12-01,股票,长江电力(600900.XSHG),多,3500股,3500股,22.73,79555,9093.99,20.132,-,0,-350,0股,12.91%,1114698.71,7.14%
2023-12-01,股票,农业银行(601288.XSHG),多,15900股,15900股,3.65,58035,13235.04,2.818,-,0,-159,0股,29.54%,1114698.71,5.21%
2023-12-01,,Cash,,,,,329.71,,,,,,,,0
2023-12-04,基金,豆粕ETF华夏(159985.XSHE),多,27800股,27800股,2.225,61855,20744.2,1.479,-,0,444.8,0股,50.46%,1117635.61,5.53%
2023-12-04,基金,10年地债(511270.XSHG),多,6100股,6100股,109.034,665107.4,58981.96,99.365,-,0,823.5,0股,9.73%,1117635.61,59.51%
2023-12-04,基金,纳指ETF(513100.XSHG),多,88800股,88800股,1.15,102120,19391.55,0.932,-,0,177.6,0股,23.44%,1117635.61,9.14%
2023-12-04,基金,黄金ETF(518880.XSHG),多,32500股,32500股,4.643,150897.5,20527.72,4.011,-,0,1755,0股,15.75%,1117635.61,13.5%
2023-12-04,股票,长江电力(600900.XSHG),多,3500股,3500股,22.7,79450,8988.99,20.132,-,0,-105,0股,12.76%,1117635.61,7.11%
2023-12-04,股票,农业银行(601288.XSHG),多,15900股,15900股,3.64,57876,13076.04,2.818,-,0,-159,0股,29.19%,1117635.61,5.18%
2023-12-04,,Cash,,,,,329.71,,,,,,,,0
2023-12-05,基金,豆粕ETF华夏(159985.XSHE),多,27800股,27800股,2.235,62133,21022.2,1.479,-,0,278,0股,51.14%,1113637.81,5.58%
2023-12-05,基金,10年地债(511270.XSHG),多,6100股,6100股,109.005,664930.5,58805.06,99.365,-,0,-176.9,0股,9.7%,1113637.81,59.71%
2023-12-05,基金,纳指ETF(513100.XSHG),多,88800股,88800股,1.137,100965.6,18237.15,0.932,-,0,-1154.4,0股,22.04%,1113637.81,9.07%
2023-12-05,基金,黄金ETF(518880.XSHG),多,32500股,32500股,4.58,148850,18480.22,4.011,-,0,-2047.5,0股,14.18%,1113637.81,13.37%
2023-12-05,股票,长江电力(600900.XSHG),多,3500股,3500股,22.58,79030,8568.99,20.132,-,0,-420,0股,12.16%,1113637.81,7.1%
2023-12-05,股票,农业银行(601288.XSHG),多,15900股,15900股,3.61,57399,12599.04,2.818,-,0,-477,0股,28.12%,1113637.81,5.15%
2023-12-05,,Cash,,,,,329.71,,,,,,,,0
2023-12-06,基金,豆粕ETF华夏(159985.XSHE),多,27800股,27800股,2.228,61938.4,20827.6,1.479,-,0,-194.6,0股,50.66%,1113271.41,5.56%
2023-12-06,基金,10年地债(511270.XSHG),多,6100股,6100股,109.009,664954.9,58829.46,99.365,-,0,24.4,0股,9.71%,1113271.41,59.73%
2023-12-06,基金,纳指ETF(513100.XSHG),多,88800股,88800股,1.153,102386.4,19657.95,0.932,-,0,1420.8,0股,23.76%,1113271.41,9.2%
2023-12-06,基金,黄金ETF(518880.XSHG),多,32500股,32500股,4.578,148785,18415.22,4.011,-,0,-65,0股,14.13%,1113271.41,13.36%
2023-12-06,股票,长江电力(600900.XSHG),多,3500股,3500股,22.5,78750,8288.99,20.132,-,0,-280,0股,11.76%,1113271.41,7.07%
2023-12-06,股票,农业银行(601288.XSHG),多,15900股,15900股,3.53,56127,11327.04,2.818,-,0,-1272,0股,25.28%,1113271.41,5.04%
2023-12-06,,Cash,,,,,329.71,,,,,,,,0
2023-12-07,基金,豆粕ETF华夏(159985.XSHE),多,27800股,27800股,2.221,61743.8,20633,1.479,-,0,-194.6,0股,50.19%,1113127.41,5.55%
2023-12-07,基金,10年地债(511270.XSHG),多,6100股,6100股,109.039,665137.9,59012.46,99.365,-,0,183,0股,9.74%,1113127.41,59.75%
2023-12-07,基金,纳指ETF(513100.XSHG),多,88800股,88800股,1.14,101232,18503.55,0.932,-,0,-1154.4,0股,22.37%,1113127.41,9.09%
2023-12-07,基金,黄金ETF(518880.XSHG),多,32500股,32500股,4.584,148980,18610.22,4.011,-,0,195,0股,14.27%,1113127.41,13.38%
2023-12-07,股票,长江电力(600900.XSHG),多,3500股,3500股,22.6,79100,8638.99,20.132,-,0,350,0股,12.26%,1113127.41,7.11%
2023-12-07,股票,农业银行(601288.XSHG),多,15900股,15900股,3.56,56604,11804.04,2.818,-,0,477,0股,26.35%,1113127.41,5.09%
2023-12-07,,Cash,,,,,329.71,,,,,,,,0
2023-12-08,基金,豆粕ETF华夏(159985.XSHE),多,28400股,28400股,2.245,63758,21304.4,1.495,-,0,671.4,600股,50.18%,1115589.21,5.72%
2023-12-08,基金,10年地债(511270.XSHG),多,6100股,6100股,109.013,664979.3,58853.86,99.365,-,0,-158.6,0股,9.71%,1115589.21,59.61%
2023-12-08,基金,纳指ETF(513100.XSHG),多,88000股,88000股,1.157,101816,19832.85,0.932,-,0,1496,0股,24.19%,1115589.21,9.13%
2023-12-08,基金,黄金ETF(518880.XSHG),多,31200股,31200股,4.591,143239.2,18084.21,4.011,-,0,218.4,0股,14.45%,1115589.21,12.84%
2023-12-08,股票,长江电力(600900.XSHG),多,3700股,3500股,22.62,83694,8720.99,20.263,-,0,82,200股,11.63%,1115589.21,7.5%
2023-12-08,股票,农业银行(601288.XSHG),多,16200股,15900股,3.57,57834,11960.04,2.832,-,0,156,300股,26.07%,1115589.21,5.18%
2023-12-08,,Cash,,,,,268.71,,,,,,,,0
2023-12-11,基金,豆粕ETF华夏(159985.XSHE),多,28400股,28400股,2.245,63758,21304.4,1.495,-,0,0,0股,50.18%,1115969.11,5.71%
2023-12-11,基金,10年地债(511270.XSHG),多,6100股,6100股,109.08,665388,59262.56,99.365,-,0,408.7,0股,9.78%,1115969.11,59.62%
2023-12-11,基金,纳指ETF(513100.XSHG),多,88000股,88000股,1.164,102432,20448.85,0.932,-,0,616,0股,24.94%,1115969.11,9.18%
2023-12-11,基金,黄金ETF(518880.XSHG),多,31200股,31200股,4.557,142178.4,17023.41,4.011,-,0,-1060.8,0股,13.6%,1115969.11,12.74%
2023-12-11,股票,长江电力(600900.XSHG),多,3700股,3700股,22.82,84434,9460.99,20.263,-,0,740,0股,12.62%,1115969.11,7.57%
2023-12-11,股票,农业银行(601288.XSHG),多,16200股,16200股,3.55,57510,11636.04,2.832,-,0,-324,0股,25.37%,1115969.11,5.15%
2023-12-11,,Cash,,,,,268.71,,,,,,,,0
2023-12-12,基金,豆粕ETF华夏(159985.XSHE),多,28400股,28400股,2.279,64723.6,22270,1.495,-,0,965.6,0股,52.46%,1119349.41,5.78%
2023-12-12,基金,10年地债(511270.XSHG),多,6100股,6100股,109.083,665406.3,59280.86,99.365,-,0,18.3,0股,9.78%,1119349.41,59.45%
2023-12-12,基金,纳指ETF(513100.XSHG),多,88000股,88000股,1.178,103664,21680.85,0.932,-,0,1232,0股,26.45%,1119349.41,9.26%
2023-12-12,基金,黄金ETF(518880.XSHG),多,31200股,31200股,4.539,141616.8,16461.81,4.011,-,0,-561.6,0股,13.15%,1119349.41,12.65%
2023-12-12,股票,长江电力(600900.XSHG),多,3700股,3700股,22.98,85026,10052.99,20.263,-,0,592,0股,13.41%,1119349.41,7.6%
2023-12-12,股票,农业银行(601288.XSHG),多,16200股,16200股,3.62,58644,12770.04,2.832,-,0,1134,0股,27.84%,1119349.41,5.24%
2023-12-12,,Cash,,,,,268.71,,,,,,,,0
2023-12-13,基金,豆粕ETF华夏(159985.XSHE),多,28400股,28400股,2.274,64581.6,22128,1.495,-,0,-142,0股,52.12%,1120729.11,5.76%
2023-12-13,基金,10年地债(511270.XSHG),多,6100股,6100股,109.19,666059,59933.56,99.365,-,0,652.7,0股,9.89%,1120729.11,59.43%
2023-12-13,基金,纳指ETF(513100.XSHG),多,88000股,88000股,1.191,104808,22824.85,0.932,-,0,1144,0股,27.84%,1120729.11,9.35%
2023-12-13,基金,黄金ETF(518880.XSHG),多,31200股,31200股,4.529,141304.8,16149.81,4.011,-,0,-312,0股,12.9%,1120729.11,12.61%
2023-12-13,股票,长江电力(600900.XSHG),多,3700股,3700股,22.99,85063,10089.99,20.263,-,0,37,0股,13.46%,1120729.11,7.59%
2023-12-13,股票,农业银行(601288.XSHG),多,16200股,16200股,3.62,58644,12770.04,2.832,-,0,0,0股,27.84%,1120729.11,5.23%
2023-12-13,,Cash,,,,,268.71,,,,,,,,0
2023-12-14,基金,豆粕ETF华夏(159985.XSHE),多,28400股,28400股,2.235,63474,21020.4,1.495,-,0,-1107.6,0股,49.51%,1122998.41,5.65%
2023-12-14,基金,10年地债(511270.XSHG),多,6100股,6100股,109.191,666065.1,59939.66,99.365,-,0,6.1,0股,9.89%,1122998.41,59.31%
2023-12-14,基金,纳指ETF(513100.XSHG),多,88000股,88000股,1.204,105952,23968.85,0.932,-,0,1144,0股,29.24%,1122998.41,9.43%
2023-12-14,基金,黄金ETF(518880.XSHG),多,31200股,31200股,4.598,143457.6,18302.61,4.011,-,0,2152.8,0股,14.62%,1122998.41,12.77%
2023-12-14,股票,长江电力(600900.XSHG),多,3700股,3700股,23.01,85137,10163.99,20.263,-,0,74,0股,13.56%,1122998.41,7.58%
2023-12-14,股票,农业银行(601288.XSHG),多,16200股,16200股,3.62,58644,12770.04,2.832,-,0,0,0股,27.84%,1122998.41,5.22%
2023-12-14,,Cash,,,,,268.71,,,,,,,,0
2023-12-15,基金,豆粕ETF华夏(159985.XSHE),多,28400股,28400股,2.235,63474,21020.4,1.495,-,0,0,0股,49.51%,1120940.61,5.66%
2023-12-15,基金,10年地债(511270.XSHG),多,6100股,6100股,109.299,666723.9,60598.46,99.365,-,0,658.8,0股,10%,1120940.61,59.48%
2023-12-15,基金,纳指ETF(513100.XSHG),多,88000股,88000股,1.193,104984,23000.85,0.932,-,0,-968,0股,28.06%,1120940.61,9.37%
2023-12-15,基金,黄金ETF(518880.XSHG),多,31200股,31200股,4.59,143208,18053.01,4.011,-,0,-249.6,0股,14.42%,1120940.61,12.78%
2023-12-15,股票,长江电力(600900.XSHG),多,3700股,3700股,22.78,84286,9312.99,20.263,-,0,-851,0股,12.42%,1120940.61,7.52%
2023-12-15,股票,农业银行(601288.XSHG),多,16200股,16200股,3.58,57996,12122.04,2.832,-,0,-648,0股,26.42%,1120940.61,5.17%
2023-12-15,,Cash,,,,,268.71,,,,,,,,0
2023-12-18,基金,豆粕ETF华夏(159985.XSHE),多,28400股,28400股,2.216,62934.4,20480.8,1.495,-,0,-539.6,0股,48.24%,1123459.31,5.6%
2023-12-18,基金,10年地债(511270.XSHG),多,6100股,6100股,109.46,667706,61580.56,99.365,-,0,982.1,0股,10.16%,1123459.31,59.43%
2023-12-18,基金,纳指ETF(513100.XSHG),多,88000股,88000股,1.202,105776,23792.85,0.932,-,0,792,0股,29.02%,1123459.31,9.42%
2023-12-18,基金,黄金ETF(518880.XSHG),多,31200股,31200股,4.576,142771.2,17616.21,4.011,-,0,-436.8,0股,14.08%,1123459.31,12.71%
2023-12-18,股票,长江电力(600900.XSHG),多,3700股,3700股,23.07,85359,10385.99,20.263,-,0,1073,0股,13.85%,1123459.31,7.6%
2023-12-18,股票,农业银行(601288.XSHG),多,16200股,16200股,3.62,58644,12770.04,2.832,-,0,648,0股,27.84%,1123459.31,5.22%
2023-12-18,,Cash,,,,,268.71,,,,,,,,0
2023-12-19,基金,豆粕ETF华夏(159985.XSHE),多,28400股,28400股,2.218,62991.2,20537.6,1.495,-,0,56.8,0股,48.38%,1124348.51,5.6%
2023-12-19,基金,10年地债(511270.XSHG),多,6100股,6100股,109.388,667266.8,61141.36,99.365,-,0,-439.2,0股,10.09%,1124348.51,59.35%
2023-12-19,基金,纳指ETF(513100.XSHG),多,88000股,88000股,1.209,106392,24408.85,0.932,-,0,616,0股,29.77%,1124348.51,9.46%
2023-12-19,基金,黄金ETF(518880.XSHG),多,31200股,31200股,4.589,143176.8,18021.81,4.011,-,0,405.6,0股,14.4%,1124348.51,12.73%
2023-12-19,股票,长江电力(600900.XSHG),多,3700股,3700股,23.05,85285,10311.99,20.263,-,0,-74,0股,13.75%,1124348.51,7.59%
2023-12-19,股票,农业银行(601288.XSHG),多,16200股,16200股,3.64,58968,13094.04,2.832,-,0,324,0股,28.54%,1124348.51,5.24%
2023-12-19,,Cash,,,,,268.71,,,,,,,,0
2023-12-20,基金,豆粕ETF华夏(159985.XSHE),多,28400股,28400股,2.203,62565.2,20111.6,1.495,-,0,-426,0股,47.37%,1126342.91,5.55%
2023-12-20,基金,10年地债(511270.XSHG),多,6100股,6100股,109.482,667840.2,61714.76,99.365,-,0,573.4,0股,10.18%,1126342.91,59.29%
2023-12-20,基金,纳指ETF(513100.XSHG),多,88000股,88000股,1.216,107008,25024.85,0.932,-,0,616,0股,30.52%,1126342.91,9.5%
2023-12-20,基金,黄金ETF(518880.XSHG),多,31200股,31200股,4.604,143644.8,18489.81,4.011,-,0,468,0股,14.77%,1126342.91,12.75%
2023-12-20,股票,长江电力(600900.XSHG),多,3700股,3700股,23.3,86210,11236.99,20.263,-,0,925,0股,14.99%,1126342.91,7.65%
2023-12-20,股票,农业银行(601288.XSHG),多,16200股,16200股,3.63,58806,12932.04,2.832,-,0,-162,0股,28.19%,1126342.91,5.22%
2023-12-20,,Cash,,,,,268.71,,,,,,,,0
2023-12-21,基金,豆粕ETF华夏(159985.XSHE),多,28400股,28400股,2.203,62565.2,20111.6,1.495,-,0,0,0股,47.37%,1124569.01,5.56%
2023-12-21,基金,10年地债(511270.XSHG),多,6100股,6100股,109.561,668322.1,62196.66,99.365,-,0,481.9,0股,10.26%,1124569.01,59.43%
2023-12-21,基金,纳指ETF(513100.XSHG),多,88000股,88000股,1.2,105600,23616.85,0.932,-,0,-1408,0股,28.81%,1124569.01,9.39%
2023-12-21,基金,黄金ETF(518880.XSHG),多,31200股,31200股,4.605,143676,18521.01,4.011,-,0,31.2,0股,14.8%,1124569.01,12.78%
2023-12-21,股票,长江电力(600900.XSHG),多,3700股,3700股,23.15,85655,10681.99,20.263,-,0,-555,0股,14.25%,1124569.01,7.62%
2023-12-21,股票,农业银行(601288.XSHG),多,16200股,16200股,3.61,58482,12608.04,2.832,-,0,-324,0股,27.48%,1124569.01,5.2%
2023-12-21,,Cash,,,,,268.71,,,,,,,,0
2023-12-22,基金,豆粕ETF华夏(159985.XSHE),多,28400股,28400股,2.182,61968.8,19515.2,1.495,-,0,-596.4,0股,45.97%,1125920.91,5.5%
2023-12-22,基金,10年地债(511270.XSHG),多,6100股,6100股,109.07,665327,62495.56,98.825,-,0,298.9,0股,10.37%,1125920.91,59.09%
2023-12-22,基金,纳指ETF(513100.XSHG),多,88000股,88000股,1.206,106128,24144.85,0.932,-,0,528,0股,29.45%,1125920.91,9.43%
2023-12-22,基金,黄金ETF(518880.XSHG),多,31200股,31200股,4.627,144362.4,19207.41,4.011,-,0,686.4,0股,15.35%,1125920.91,12.82%
2023-12-22,股票,长江电力(600900.XSHG),多,3700股,3700股,23.18,85766,10792.99,20.263,-,0,111,0股,14.4%,1125920.91,7.62%
2023-12-22,股票,农业银行(601288.XSHG),多,16200股,16200股,3.63,58806,12932.04,2.832,-,0,324,0股,28.19%,1125920.91,5.22%
2023-12-22,,Cash,,,,,3562.71,,,,,,,,0
2023-12-25,基金,豆粕ETF华夏(159985.XSHE),多,28400股,28400股,2.196,62366.4,19912.8,1.495,-,0,397.6,0股,46.9%,1127924.91,5.53%
2023-12-25,基金,10年地债(511270.XSHG),多,6100股,6100股,109.07,665327,62495.56,98.825,-,0,0,0股,10.37%,1127924.91,58.99%
2023-12-25,基金,纳指ETF(513100.XSHG),多,88000股,88000股,1.207,106216,24232.85,0.932,-,0,88,0股,29.56%,1127924.91,9.42%
2023-12-25,基金,黄金ETF(518880.XSHG),多,31200股,31200股,4.634,144580.8,19425.81,4.011,-,0,218.4,0股,15.52%,1127924.91,12.82%
2023-12-25,股票,长江电力(600900.XSHG),多,3700股,3700股,23.4,86580,11606.99,20.263,-,0,814,0股,15.48%,1127924.91,7.68%
2023-12-25,股票,农业银行(601288.XSHG),多,16200股,16200股,3.66,59292,13418.04,2.832,-,0,486,0股,29.25%,1127924.91,5.26%
2023-12-25,,Cash,,,,,3562.71,,,,,,,,0
2023-12-26,基金,豆粕ETF华夏(159985.XSHE),多,28400股,28400股,2.194,62309.6,19856,1.495,-,0,-56.8,0股,46.77%,1129639.01,5.52%
2023-12-26,基金,10年地债(511270.XSHG),多,6100股,6100股,109.073,665345.3,62513.86,98.825,-,0,18.3,0股,10.37%,1129639.01,58.9%
2023-12-26,基金,纳指ETF(513100.XSHG),多,88000股,88000股,1.215,106920,24936.85,0.932,-,0,704,0股,30.42%,1129639.01,9.46%
2023-12-26,基金,黄金ETF(518880.XSHG),多,31200股,31200股,4.647,144986.4,19831.41,4.011,-,0,405.6,0股,15.85%,1129639.01,12.83%
2023-12-26,股票,长江电力(600900.XSHG),多,3700股,3700股,23.53,87061,12087.99,20.263,-,0,481,0股,16.12%,1129639.01,7.71%
2023-12-26,股票,农业银行(601288.XSHG),多,16200股,16200股,3.67,59454,13580.04,2.832,-,0,162,0股,29.6%,1129639.01,5.26%
2023-12-26,,Cash,,,,,3562.71,,,,,,,,0
2023-12-27,基金,豆粕ETF华夏(159985.XSHE),多,28400股,28400股,2.213,62849.2,20395.6,1.495,-,0,539.6,0股,48.04%,1130851.51,5.56%
2023-12-27,基金,10年地债(511270.XSHG),多,6100股,6100股,109.006,664936.6,62105.16,98.825,-,0,-408.7,0股,10.3%,1130851.51,58.8%
2023-12-27,基金,纳指ETF(513100.XSHG),多,88000股,88000股,1.219,107272,25288.85,0.932,-,0,352,0股,30.85%,1130851.51,9.49%
2023-12-27,基金,黄金ETF(518880.XSHG),多,31200股,31200股,4.66,145392,20237.01,4.011,-,0,405.6,0股,16.17%,1130851.51,12.86%
2023-12-27,股票,长江电力(600900.XSHG),多,3700股,3700股,23.53,87061,12087.99,20.263,-,0,0,0股,16.12%,1130851.51,7.7%
2023-12-27,股票,农业银行(601288.XSHG),多,16200股,16200股,3.69,59778,13904.04,2.832,-,0,324,0股,30.31%,1130851.51,5.29%
2023-12-27,,Cash,,,,,3562.71,,,,,,,,0
2023-12-28,基金,豆粕ETF华夏(159985.XSHE),多,28400股,28400股,2.21,62764,20310.4,1.495,-,0,-85.2,0股,47.84%,1127575.81,5.57%
2023-12-28,基金,10年地债(511270.XSHG),多,6100股,6100股,108.827,663844.7,61013.26,98.825,-,0,-1091.9,0股,10.12%,1127575.81,58.87%
2023-12-28,基金,纳指ETF(513100.XSHG),多,88000股,88000股,1.216,107008,25024.85,0.932,-,0,-264,0股,30.52%,1127575.81,9.49%
2023-12-28,基金,黄金ETF(518880.XSHG),多,31200股,31200股,4.662,145454.4,20299.41,4.011,-,0,62.4,0股,16.22%,1127575.81,12.9%
2023-12-28,股票,长江电力(600900.XSHG),多,3700股,3700股,23.28,86136,11162.99,20.263,-,0,-925,0股,14.89%,1127575.81,7.64%
2023-12-28,股票,农业银行(601288.XSHG),多,16200股,16200股,3.63,58806,12932.04,2.832,-,0,-972,0股,28.19%,1127575.81,5.22%
2023-12-28,,Cash,,,,,3562.71,,,,,,,,0
2023-12-29,基金,豆粕ETF华夏(159985.XSHE),多,28400股,28400股,2.183,61997.2,19543.6,1.495,-,0,-766.8,0股,46.04%,1126095.71,5.51%
2023-12-29,基金,10年地债(511270.XSHG),多,6100股,6100股,108.762,663448.2,60616.76,98.825,-,0,-396.5,0股,10.06%,1126095.71,58.92%
2023-12-29,基金,纳指ETF(513100.XSHG),多,88000股,88000股,1.213,106744,24760.85,0.932,-,0,-264,0股,30.2%,1126095.71,9.48%
2023-12-29,基金,黄金ETF(518880.XSHG),多,31200股,31200股,4.648,145017.6,19862.61,4.011,-,0,-436.8,0股,15.87%,1126095.71,12.88%
2023-12-29,股票,长江电力(600900.XSHG),多,3700股,3700股,23.34,86358,11384.99,20.263,-,0,222,0股,15.19%,1126095.71,7.67%
2023-12-29,股票,农业银行(601288.XSHG),多,16200股,16200股,3.64,58968,13094.04,2.832,-,0,162,0股,28.54%,1126095.71,5.24%
2023-12-29,,Cash,,,,,3562.71,,,,,,,,0
2024-01-02,基金,豆粕ETF华夏(159985.XSHE),多,28400股,28400股,2.135,60634,18180.4,1.495,-,0,-1363.2,0股,42.82%,1127319.71,5.38%
2024-01-02,基金,10年地债(511270.XSHG),多,6100股,6100股,108.878,664155.8,61324.36,98.825,-,0,707.6,0股,10.17%,1127319.71,58.91%
2024-01-02,基金,纳指ETF(513100.XSHG),多,88000股,88000股,1.21,106480,24496.85,0.932,-,0,-264,0股,29.88%,1127319.71,9.45%
2024-01-02,基金,黄金ETF(518880.XSHG),多,31200股,31200股,4.666,145579.2,20424.21,4.011,-,0,561.6,0股,16.32%,1127319.71,12.91%
2024-01-02,股票,长江电力(600900.XSHG),多,3700股,3700股,23.68,87616,12642.99,20.263,-,0,1258,0股,16.86%,1127319.71,7.77%
2024-01-02,股票,农业银行(601288.XSHG),多,16200股,16200股,3.66,59292,13418.04,2.832,-,0,324,0股,29.25%,1127319.71,5.26%
2024-01-02,,Cash,,,,,3562.71,,,,,,,,0
2024-01-03,基金,豆粕ETF华夏(159985.XSHE),多,28400股,28400股,2.134,60605.6,18152,1.495,-,0,-28.4,0股,42.76%,1127751.41,5.37%
2024-01-03,基金,10年地债(511270.XSHG),多,6100股,6100股,109.035,665113.5,62282.06,98.825,-,0,957.7,0股,10.33%,1127751.41,58.98%
2024-01-03,基金,纳指ETF(513100.XSHG),多,88000股,88000股,1.191,104808,22824.85,0.932,-,0,-1672,0股,27.84%,1127751.41,9.29%
2024-01-03,基金,黄金ETF(518880.XSHG),多,31200股,31200股,4.663,145485.6,20330.61,4.011,-,0,-93.6,0股,16.24%,1127751.41,12.9%
2024-01-03,股票,长江电力(600900.XSHG),多,3700股,3700股,23.76,87912,12938.99,20.263,-,0,296,0股,17.26%,1127751.41,7.8%
2024-01-03,股票,农业银行(601288.XSHG),多,16200股,16200股,3.72,60264,14390.04,2.832,-,0,972,0股,31.37%,1127751.41,5.34%
2024-01-03,,Cash,,,,,3562.71,,,,,,,,0
2024-01-04,基金,豆粕ETF华夏(159985.XSHE),多,28400股,28400股,2.143,60861.2,18407.6,1.495,-,0,255.6,0股,43.36%,1129679.11,5.39%
2024-01-04,基金,10年地债(511270.XSHG),多,6100股,6100股,109.3,666730,63898.56,98.825,-,0,1616.5,0股,10.6%,1129679.11,59.02%
2024-01-04,基金,纳指ETF(513100.XSHG),多,88000股,88000股,1.185,104280,22296.85,0.932,-,0,-528,0股,27.2%,1129679.11,9.23%
2024-01-04,基金,黄金ETF(518880.XSHG),多,31200股,31200股,4.651,145111.2,19956.21,4.011,-,0,-374.4,0股,15.95%,1129679.11,12.85%
2024-01-04,股票,长江电力(600900.XSHG),多,3700股,3700股,23.8,88060,13086.99,20.263,-,0,148,0股,17.46%,1129679.11,7.8%
2024-01-04,股票,农业银行(601288.XSHG),多,16200股,16200股,3.77,61074,15200.04,2.832,-,0,810,0股,33.13%,1129679.11,5.41%
2024-01-04,,Cash,,,,,3562.71,,,,,,,,0
2024-01-05,基金,豆粕ETF华夏(159985.XSHE),多,28400股,28400股,2.11,59924,17470.4,1.495,-,0,-937.2,0股,41.15%,1129138.61,5.31%
2024-01-05,基金,10年地债(511270.XSHG),多,6100股,6100股,109.571,668383.1,65551.66,98.825,-,0,1653.1,0股,10.87%,1129138.61,59.19%
2024-01-05,基金,纳指ETF(513100.XSHG),多,88000股,88000股,1.176,103488,21504.85,0.932,-,0,-792,0股,26.23%,1129138.61,9.17%
2024-01-05,基金,黄金ETF(518880.XSHG),多,31200股,31200股,4.664,145516.8,20361.81,4.011,-,0,405.6,0股,16.27%,1129138.61,12.89%
2024-01-05,股票,长江电力(600900.XSHG),多,3700股,3700股,23.74,87838,12864.99,20.263,-,0,-222,0股,17.16%,1129138.61,7.78%
2024-01-05,股票,农业银行(601288.XSHG),多,16200股,16200股,3.73,60426,14552.04,2.832,-,0,-648,0股,31.72%,1129138.61,5.35%
2024-01-05,,Cash,,,,,3562.71,,,,,,,,0
2024-01-08,基金,豆粕ETF华夏(159985.XSHE),多,28400股,28400股,2.077,58986.8,16533.2,1.495,-,0,-937.2,0股,38.94%,1127190.01,5.23%
2024-01-08,基金,10年地债(511270.XSHG),多,6100股,6100股,109.545,668224.5,65393.06,98.825,-,0,-158.6,0股,10.85%,1127190.01,59.28%
2024-01-08,基金,纳指ETF(513100.XSHG),多,88000股,88000股,1.179,103752,21768.85,0.932,-,0,264,0股,26.55%,1127190.01,9.2%
2024-01-08,基金,黄金ETF(518880.XSHG),多,31200股,31200股,4.65,145080,19925.01,4.011,-,0,-436.8,0股,15.92%,1127190.01,12.87%
2024-01-08,股票,长江电力(600900.XSHG),多,3700股,3700股,23.6,87320,12346.99,20.263,-,0,-518,0股,16.47%,1127190.01,7.75%
2024-01-08,股票,农业银行(601288.XSHG),多,16200股,16200股,3.72,60264,14390.04,2.832,-,0,-162,0股,31.37%,1127190.01,5.35%
2024-01-08,,Cash,,,,,3562.71,,,,,,,,0
2024-01-09,基金,豆粕ETF华夏(159985.XSHE),多,29300股,29300股,2.08,60944,16623.8,1.513,-,0,90.6,900股,37.51%,1131161.61,5.39%
2024-01-09,基金,10年地债(511270.XSHG),多,6100股,6100股,109.793,669737.3,66905.86,98.825,-,0,1512.8,0股,11.1%,1131161.61,59.21%
2024-01-09,基金,纳指ETF(513100.XSHG),多,82700股,82700股,1.209,99984.3,22938.77,0.932,-,0,2481,0股,29.77%,1131161.61,8.84%
2024-01-09,基金,黄金ETF(518880.XSHG),多,30000股,30000股,4.649,139470,19128.66,4.011,-,0,-30,0股,15.9%,1131161.61,12.33%
2024-01-09,股票,长江电力(600900.XSHG),多,3700股,3700股,23.54,87098,12124.99,20.263,-,0,-222,0股,16.17%,1131161.61,7.7%
2024-01-09,股票,农业银行(601288.XSHG),多,19300股,16200股,3.72,71796,14421.04,2.973,-,0,31,3100股,25.13%,1131161.61,6.35%
2024-01-09,,Cash,,,,,2132.01,,,,,,,,0
2024-01-10,基金,豆粕ETF华夏(159985.XSHE),多,29300股,29300股,2.065,60504.5,16184.3,1.513,-,0,-439.5,0股,36.52%,1130243.41,5.35%
2024-01-10,基金,10年地债(511270.XSHG),多,6100股,6100股,109.956,670731.6,67900.16,98.825,-,0,994.3,0股,11.26%,1130243.41,59.34%
2024-01-10,基金,纳指ETF(513100.XSHG),多,82700股,82700股,1.209,99984.3,22938.77,0.932,-,0,0,0股,29.77%,1130243.41,8.85%
2024-01-10,基金,黄金ETF(518880.XSHG),多,30000股,30000股,4.631,138930,18588.66,4.011,-,0,-540,0股,15.45%,1130243.41,12.29%
2024-01-10,股票,长江电力(600900.XSHG),多,3700股,3700股,23.34,86358,11384.99,20.263,-,0,-740,0股,15.19%,1130243.41,7.64%
2024-01-10,股票,农业银行(601288.XSHG),多,19300股,19300股,3.71,71603,14228.04,2.973,-,0,-193,0股,24.8%,1130243.41,6.34%
2024-01-10,,Cash,,,,,2132.01,,,,,,,,0
2024-01-11,基金,豆粕ETF华夏(159985.XSHE),多,29300股,29300股,2.06,60358,16037.8,1.513,-,0,-146.5,0股,36.19%,1128986.21,5.35%
2024-01-11,基金,10年地债(511270.XSHG),多,6100股,6100股,109.871,670213.1,67381.66,98.825,-,0,-518.5,0股,11.18%,1128986.21,59.36%
2024-01-11,基金,纳指ETF(513100.XSHG),多,82700股,82700股,1.223,101142.1,24096.57,0.932,-,0,1157.8,0股,31.28%,1128986.21,8.96%
2024-01-11,基金,黄金ETF(518880.XSHG),多,30000股,30000股,4.631,138930,18588.66,4.011,-,0,0,0股,15.45%,1128986.21,12.31%
2024-01-11,股票,长江电力(600900.XSHG),多,3700股,3700股,23.18,85766,10792.99,20.263,-,0,-592,0股,14.4%,1128986.21,7.6%
2024-01-11,股票,农业银行(601288.XSHG),多,19300股,19300股,3.65,70445,13070.04,2.973,-,0,-1158,0股,22.78%,1128986.21,6.24%
2024-01-11,,Cash,,,,,2132.01,,,,,,,,0
2024-01-12,基金,豆粕ETF华夏(159985.XSHE),多,29300股,29300股,2.026,59361.8,15041.6,1.513,-,0,-996.2,0股,33.94%,1130607.11,5.25%
2024-01-12,基金,10年地债(511270.XSHG),多,6100股,6100股,109.91,670451,67619.56,98.825,-,0,237.9,0股,11.22%,1130607.11,59.3%
2024-01-12,基金,纳指ETF(513100.XSHG),多,82700股,82700股,1.219,100811.3,23765.77,0.932,-,0,-330.8,0股,30.85%,1130607.11,8.92%
2024-01-12,基金,黄金ETF(518880.XSHG),多,30000股,30000股,4.646,139380,19038.66,4.011,-,0,450,0股,15.82%,1130607.11,12.33%
2024-01-12,股票,长江电力(600900.XSHG),多,3700股,3700股,23.53,87061,12087.99,20.263,-,0,1295,0股,16.12%,1130607.11,7.7%
2024-01-12,股票,农业银行(601288.XSHG),多,19300股,19300股,3.7,71410,14035.04,2.973,-,0,965,0股,24.46%,1130607.11,6.32%
2024-01-12,,Cash,,,,,2132.01,,,,,,,,0
2024-01-15,基金,豆粕ETF华夏(159985.XSHE),多,29300股,29300股,2.018,59127.4,14807.2,1.513,-,0,-234.4,0股,33.41%,1131096.71,5.23%
2024-01-15,基金,10年地债(511270.XSHG),多,6100股,6100股,109.774,669621.4,66789.96,98.825,-,0,-829.6,0股,11.08%,1131096.71,59.2%
2024-01-15,基金,纳指ETF(513100.XSHG),多,82700股,82700股,1.227,101472.9,24427.37,0.932,-,0,661.6,0股,31.71%,1131096.71,8.97%
2024-01-15,基金,黄金ETF(518880.XSHG),多,30000股,30000股,4.673,140190,19848.66,4.011,-,0,810,0股,16.49%,1131096.71,12.39%
2024-01-15,股票,长江电力(600900.XSHG),多,3700股,3700股,23.5,86950,11976.99,20.263,-,0,-111,0股,15.98%,1131096.71,7.69%
2024-01-15,股票,农业银行(601288.XSHG),多,19300股,19300股,3.71,71603,14228.04,2.973,-,0,193,0股,24.8%,1131096.71,6.33%
2024-01-15,,Cash,,,,,2132.01,,,,,,,,0
2024-01-16,基金,豆粕ETF华夏(159985.XSHE),多,29300股,29300股,2.024,59303.2,14983,1.513,-,0,175.8,0股,33.81%,1130499.21,5.25%
2024-01-16,基金,10年地债(511270.XSHG),多,6100股,6100股,109.665,668956.5,66125.06,98.825,-,0,-664.9,0股,10.97%,1130499.21,59.17%
2024-01-16,基金,纳指ETF(513100.XSHG),多,82700股,82700股,1.215,100480.5,23434.97,0.932,-,0,-992.4,0股,30.42%,1130499.21,8.89%
2024-01-16,基金,黄金ETF(518880.XSHG),多,30000股,30000股,4.677,140310,19968.66,4.011,-,0,120,0股,16.59%,1130499.21,12.41%
2024-01-16,股票,长江电力(600900.XSHG),多,3700股,3700股,23.55,87135,12161.99,20.263,-,0,185,0股,16.22%,1130499.21,7.71%
2024-01-16,股票,农业银行(601288.XSHG),多,19300股,19300股,3.74,72182,14807.04,2.973,-,0,579,0股,25.81%,1130499.21,6.38%
2024-01-16,,Cash,,,,,2132.01,,,,,,,,0
2024-01-17,基金,豆粕ETF华夏(159985.XSHE),多,29300股,29300股,2.005,58746.5,14426.3,1.513,-,0,-556.7,0股,32.55%,1127680.31,5.21%
2024-01-17,基金,10年地债(511270.XSHG),多,6100股,6100股,109.8,669780,66948.56,98.825,-,0,823.5,0股,11.11%,1127680.31,59.39%
2024-01-17,基金,纳指ETF(513100.XSHG),多,82700股,82700股,1.214,100397.8,23352.27,0.932,-,0,-82.7,0股,30.31%,1127680.31,8.9%
2024-01-17,基金,黄金ETF(518880.XSHG),多,30000股,30000股,4.631,138930,18588.66,4.011,-,0,-1380,0股,15.45%,1127680.31,12.32%
2024-01-17,股票,长江电力(600900.XSHG),多,3700股,3700股,23.32,86284,11310.99,20.263,-,0,-851,0股,15.09%,1127680.31,7.65%
2024-01-17,股票,农业银行(601288.XSHG),多,19300股,19300股,3.7,71410,14035.04,2.973,-,0,-772,0股,24.46%,1127680.31,6.33%
2024-01-17,,Cash,,,,,2132.01,,,,,,,,0
2024-01-18,基金,豆粕ETF华夏(159985.XSHE),多,29300股,29300股,1.987,58219.1,13898.9,1.513,-,0,-527.4,0股,31.36%,1127160.61,5.17%
2024-01-18,基金,10年地债(511270.XSHG),多,6100股,6100股,109.866,670182.6,67351.16,98.825,-,0,402.6,0股,11.17%,1127160.61,59.46%
2024-01-18,基金,纳指ETF(513100.XSHG),多,82700股,82700股,1.217,100645.9,23600.37,0.932,-,0,248.1,0股,30.63%,1127160.61,8.93%
2024-01-18,基金,黄金ETF(518880.XSHG),多,30000股,30000股,4.616,138480,18138.66,4.011,-,0,-450,0股,15.07%,1127160.61,12.29%
2024-01-18,股票,长江电力(600900.XSHG),多,3700股,3700股,23.32,86284,11310.99,20.263,-,0,0,0股,15.09%,1127160.61,7.65%
2024-01-18,股票,农业银行(601288.XSHG),多,19300股,19300股,3.69,71217,13842.04,2.973,-,0,-193,0股,24.13%,1127160.61,6.32%
2024-01-18,,Cash,,,,,2132.01,,,,,,,,0
2024-01-19,基金,豆粕ETF华夏(159985.XSHE),多,29300股,29300股,1.994,58424.2,14104,1.513,-,0,205.1,0股,31.82%,1131826.41,5.16%
2024-01-19,基金,10年地债(511270.XSHG),多,6100股,6100股,110.048,671292.8,68461.36,98.825,-,0,1110.2,0股,11.36%,1131826.41,59.31%
2024-01-19,基金,纳指ETF(513100.XSHG),多,82700股,82700股,1.242,102713.4,25667.87,0.932,-,0,2067.5,0股,33.32%,1131826.41,9.08%
2024-01-19,基金,黄金ETF(518880.XSHG),多,30000股,30000股,4.643,139290,18948.66,4.011,-,0,810,0股,15.75%,1131826.41,12.31%
2024-01-19,股票,长江电力(600900.XSHG),多,3700股,3700股,23.5,86950,11976.99,20.263,-,0,666,0股,15.98%,1131826.41,7.68%
2024-01-19,股票,农业银行(601288.XSHG),多,19300股,19300股,3.68,71024,13649.04,2.973,-,0,-193,0股,23.79%,1131826.41,6.28%
2024-01-19,,Cash,,,,,2132.01,,,,,,,,0
2024-01-22,基金,豆粕ETF华夏(159985.XSHE),多,29300股,29300股,2.001,58629.3,14309.1,1.513,-,0,205.1,0股,32.29%,1134409.81,5.17%
2024-01-22,基金,10年地债(511270.XSHG),多,6100股,6100股,110.175,672067.5,69236.06,98.825,-,0,774.7,0股,11.49%,1134409.81,59.24%
2024-01-22,基金,纳指ETF(513100.XSHG),多,82700股,82700股,1.28,105856,28810.47,0.932,-,0,3142.6,0股,37.39%,1134409.81,9.33%
2024-01-22,基金,黄金ETF(518880.XSHG),多,30000股,30000股,4.625,138750,18408.66,4.011,-,0,-540,0股,15.3%,1134409.81,12.23%
2024-01-22,股票,长江电力(600900.XSHG),多,3700股,3700股,23.23,85951,10977.99,20.263,-,0,-999,0股,14.64%,1134409.81,7.58%
2024-01-22,股票,农业银行(601288.XSHG),多,19300股,19300股,3.68,71024,13649.04,2.973,-,0,0,0股,23.79%,1134409.81,6.26%
2024-01-22,,Cash,,,,,2132.01,,,,,,,,0
2024-01-23,基金,豆粕ETF华夏(159985.XSHE),多,29300股,29300股,2.002,58658.6,14338.4,1.513,-,0,29.3,0股,32.35%,1133454.21,5.18%
2024-01-23,基金,10年地债(511270.XSHG),多,6100股,6100股,110.089,671542.9,68711.46,98.825,-,0,-524.6,0股,11.4%,1133454.21,59.25%
2024-01-23,基金,纳指ETF(513100.XSHG),多,82700股,82700股,1.271,105111.7,28066.17,0.932,-,0,-744.3,0股,36.43%,1133454.21,9.27%
2024-01-23,基金,黄金ETF(518880.XSHG),多,30000股,30000股,4.632,138960,18618.66,4.011,-,0,210,0股,15.47%,1133454.21,12.26%
2024-01-23,股票,长江电力(600900.XSHG),多,3700股,3700股,23.25,86025,11051.99,20.263,-,0,74,0股,14.74%,1133454.21,7.59%
2024-01-23,股票,农业银行(601288.XSHG),多,19300股,19300股,3.68,71024,13649.04,2.973,-,0,0,0股,23.79%,1133454.21,6.27%
2024-01-23,,Cash,,,,,2132.01,,,,,,,,0
2024-01-24,基金,豆粕ETF华夏(159985.XSHE),多,29300股,29300股,2.022,59244.6,14924.4,1.513,-,0,586,0股,33.67%,1137979.61,5.21%
2024-01-24,基金,10年地债(511270.XSHG),多,6100股,6100股,110.084,671512.4,68680.96,98.825,-,0,-30.5,0股,11.39%,1137979.61,59.01%
2024-01-24,基金,纳指ETF(513100.XSHG),多,82700股,82700股,1.278,105690.6,28645.07,0.932,-,0,578.9,0股,37.18%,1137979.61,9.29%
2024-01-24,基金,黄金ETF(518880.XSHG),多,30000股,30000股,4.626,138780,18438.66,4.011,-,0,-180,0股,15.32%,1137979.61,12.2%
2024-01-24,股票,长江电力(600900.XSHG),多,3700股,3700股,23.85,88245,13271.99,20.263,-,0,2220,0股,17.7%,1137979.61,7.75%
2024-01-24,股票,农业银行(601288.XSHG),多,19300股,19300股,3.75,72375,15000.04,2.973,-,0,1351,0股,26.14%,1137979.61,6.36%
2024-01-24,,Cash,,,,,2132.01,,,,,,,,0
2024-01-25,基金,豆粕ETF华夏(159985.XSHE),多,29300股,29300股,2.007,58805.1,14484.9,1.513,-,0,-439.5,0股,32.68%,1139386.01,5.16%
2024-01-25,基金,10年地债(511270.XSHG),多,6100股,6100股,110.372,673269.2,70437.76,98.825,-,0,1756.8,0股,11.68%,1139386.01,59.09%
2024-01-25,基金,纳指ETF(513100.XSHG),多,82700股,82700股,1.271,105111.7,28066.17,0.932,-,0,-578.9,0股,36.43%,1139386.01,9.23%
2024-01-25,基金,黄金ETF(518880.XSHG),多,30000股,30000股,4.605,138150,17808.66,4.011,-,0,-630,0股,14.8%,1139386.01,12.12%
2024-01-25,股票,长江电力(600900.XSHG),多,3700股,3700股,23.94,88578,13604.99,20.263,-,0,333,0股,18.15%,1139386.01,7.77%
2024-01-25,股票,农业银行(601288.XSHG),多,19300股,19300股,3.8,73340,15965.04,2.973,-,0,965,0股,27.83%,1139386.01,6.44%
2024-01-25,,Cash,,,,,2132.01,,,,,,,,0
2024-01-26,基金,豆粕ETF华夏(159985.XSHE),多,29300股,29300股,1.976,57896.8,13576.6,1.513,-,0,-908.3,0股,30.63%,1140575.31,5.08%
2024-01-26,基金,10年地债(511270.XSHG),多,6100股,6100股,110.448,673732.8,70901.36,98.825,-,0,463.6,0股,11.76%,1140575.31,59.07%
2024-01-26,基金,纳指ETF(513100.XSHG),多,82700股,82700股,1.261,104284.7,27239.17,0.932,-,0,-827,0股,35.35%,1140575.31,9.14%
2024-01-26,基金,黄金ETF(518880.XSHG),多,30000股,30000股,4.625,138750,18408.66,4.011,-,0,600,0股,15.3%,1140575.31,12.16%
2024-01-26,股票,长江电力(600900.XSHG),多,3700股,3700股,24.13,89281,14307.99,20.263,-,0,703,0股,19.08%,1140575.31,7.83%
2024-01-26,股票,农业银行(601288.XSHG),多,19300股,19300股,3.86,74498,17123.04,2.973,-,0,1158,0股,29.84%,1140575.31,6.53%
2024-01-26,,Cash,,,,,2132.01,,,,,,,,0
2024-01-29,基金,豆粕ETF华夏(159985.XSHE),多,29300股,29300股,1.939,56812.7,12492.5,1.513,-,0,-1084.1,0股,28.19%,1142739.51,4.97%
2024-01-29,基金,10年地债(511270.XSHG),多,6100股,6100股,110.544,674318.4,71486.96,98.825,-,0,585.6,0股,11.86%,1142739.51,59.01%
2024-01-29,基金,纳指ETF(513100.XSHG),多,82700股,82700股,1.272,105194.4,28148.87,0.932,-,0,909.7,0股,36.54%,1142739.51,9.21%
2024-01-29,基金,黄金ETF(518880.XSHG),多,30000股,30000股,4.634,139020,18678.66,4.011,-,0,270,0股,15.52%,1142739.51,12.17%
2024-01-29,股票,长江电力(600900.XSHG),多,3700股,3700股,24.27,89799,14825.99,20.263,-,0,518,0股,19.78%,1142739.51,7.86%
2024-01-29,股票,农业银行(601288.XSHG),多,19300股,19300股,3.91,75463,18088.04,2.973,-,0,965,0股,31.53%,1142739.51,6.6%
2024-01-29,,Cash,,,,,2132.01,,,,,,,,0
2024-01-30,基金,豆粕ETF华夏(159985.XSHE),多,29300股,29300股,1.934,56666.2,12346,1.513,-,0,-146.5,0股,27.86%,1145661.61,4.95%
2024-01-30,基金,10年地债(511270.XSHG),多,6100股,6100股,110.91,676551,73719.56,98.825,-,0,2232.6,0股,12.23%,1145661.61,59.05%
2024-01-30,基金,纳指ETF(513100.XSHG),多,82700股,82700股,1.292,106848.4,29802.87,0.932,-,0,1654,0股,38.68%,1145661.61,9.33%
2024-01-30,基金,黄金ETF(518880.XSHG),多,30000股,30000股,4.647,139410,19068.66,4.011,-,0,390,0股,15.85%,1145661.61,12.17%
2024-01-30,股票,长江电力(600900.XSHG),多,3700股,3700股,24.1,89170,14196.99,20.263,-,0,-629,0股,18.94%,1145661.61,7.78%
2024-01-30,股票,农业银行(601288.XSHG),多,19300股,19300股,3.88,74884,17509.04,2.973,-,0,-579,0股,30.52%,1145661.61,6.54%
2024-01-30,,Cash,,,,,2132.01,,,,,,,,0
2024-01-31,基金,豆粕ETF华夏(159985.XSHE),多,29300股,29300股,1.97,57721,13400.8,1.513,-,0,1054.8,0股,30.24%,1148018.81,5.03%
2024-01-31,基金,10年地债(511270.XSHG),多,6100股,6100股,111.26,678686,75854.56,98.825,-,0,2135,0股,12.58%,1148018.81,59.12%
2024-01-31,基金,纳指ETF(513100.XSHG),多,82700股,82700股,1.264,104532.8,27487.27,0.932,-,0,-2315.6,0股,35.68%,1148018.81,9.11%
2024-01-31,基金,黄金ETF(518880.XSHG),多,30000股,30000股,4.653,139590,19248.66,4.011,-,0,180,0股,16%,1148018.81,12.16%
2024-01-31,股票,长江电力(600900.XSHG),多,3700股,3700股,24.4,90280,15306.99,20.263,-,0,1110,0股,20.42%,1148018.81,7.86%
2024-01-31,股票,农业银行(601288.XSHG),多,19300股,19300股,3.89,75077,17702.04,2.973,-,0,193,0股,30.85%,1148018.81,6.54%
2024-01-31,,Cash,,,,,2132.01,,,,,,,,0
2024-02-01,基金,豆粕ETF华夏(159985.XSHE),多,29300股,29300股,2.002,58658.6,14338.4,1.513,-,0,937.6,0股,32.35%,1148483.31,5.11%
2024-02-01,基金,10年地债(511270.XSHG),多,6100股,6100股,111.423,679680.3,76848.86,98.825,-,0,994.3,0股,12.75%,1148483.31,59.18%
2024-02-01,基金,纳指ETF(513100.XSHG),多,82700股,82700股,1.252,103540.4,26494.87,0.932,-,0,-992.4,0股,34.39%,1148483.31,9.02%
2024-02-01,基金,黄金ETF(518880.XSHG),多,30000股,30000股,4.668,140040,19698.66,4.011,-,0,450,0股,16.37%,1148483.31,12.19%
2024-02-01,股票,长江电力(600900.XSHG),多,3700股,3700股,24.15,89355,14381.99,20.263,-,0,-925,0股,19.18%,1148483.31,7.78%
2024-02-01,股票,农业银行(601288.XSHG),多,19300股,19300股,3.89,75077,17702.04,2.973,-,0,0,0股,30.85%,1148483.31,6.54%
2024-02-01,,Cash,,,,,2132.01,,,,,,,,0
2024-02-02,基金,豆粕ETF华夏(159985.XSHE),多,29300股,29300股,1.966,57603.8,13283.6,1.513,-,0,-1054.8,0股,29.97%,1151987.81,5%
2024-02-02,基金,10年地债(511270.XSHG),多,6100股,6100股,111.459,679899.9,77068.46,98.825,-,0,219.6,0股,12.78%,1151987.81,59.02%
2024-02-02,基金,纳指ETF(513100.XSHG),多,82700股,82700股,1.283,106104.1,29058.57,0.932,-,0,2563.7,0股,37.72%,1151987.81,9.21%
2024-02-02,基金,黄金ETF(518880.XSHG),多,30000股,30000股,4.679,140370,20028.66,4.011,-,0,330,0股,16.64%,1151987.81,12.19%
2024-02-02,股票,长江电力(600900.XSHG),多,3700股,3700股,24.28,89836,14862.99,20.263,-,0,481,0股,19.82%,1151987.81,7.8%
2024-02-02,股票,农业银行(601288.XSHG),多,19300股,19300股,3.94,76042,18667.04,2.973,-,0,965,0股,32.54%,1151987.81,6.6%
2024-02-02,,Cash,,,,,2132.01,,,,,,,,0
2024-02-05,基金,豆粕ETF华夏(159985.XSHE),多,29300股,29300股,1.965,57574.5,13254.3,1.513,-,0,-29.3,0股,29.91%,1156128.21,4.98%
2024-02-05,基金,10年地债(511270.XSHG),多,6100股,6100股,111.694,681333.4,78501.96,98.825,-,0,1433.5,0股,13.02%,1156128.21,58.93%
2024-02-05,基金,纳指ETF(513100.XSHG),多,82700股,82700股,1.289,106600.3,29554.77,0.932,-,0,496.2,0股,38.36%,1156128.21,9.22%
2024-02-05,基金,黄金ETF(518880.XSHG),多,30000股,30000股,4.643,139290,18948.66,4.011,-,0,-1080,0股,15.75%,1156128.21,12.05%
2024-02-05,股票,长江电力(600900.XSHG),多,3700股,3700股,24.76,91612,16638.99,20.263,-,0,1776,0股,22.19%,1156128.21,7.92%
2024-02-05,股票,农业银行(601288.XSHG),多,19300股,19300股,4.02,77586,20211.04,2.973,-,0,1544,0股,35.23%,1156128.21,6.71%
2024-02-05,,Cash,,,,,2132.01,,,,,,,,0
2024-02-06,基金,豆粕ETF华夏(159985.XSHE),多,29300股,29300股,1.97,57721,13400.8,1.513,-,0,146.5,0股,30.24%,1153463.51,5%
2024-02-06,基金,10年地债(511270.XSHG),多,6100股,6100股,111.058,677453.8,74622.36,98.825,-,0,-3879.6,0股,12.38%,1153463.51,58.73%
2024-02-06,基金,纳指ETF(513100.XSHG),多,82700股,82700股,1.291,106765.7,29720.17,0.932,-,0,165.4,0股,38.57%,1153463.51,9.26%
2024-02-06,基金,黄金ETF(518880.XSHG),多,30000股,30000股,4.633,138990,18648.66,4.011,-,0,-300,0股,15.5%,1153463.51,12.05%
2024-02-06,股票,长江电力(600900.XSHG),多,3700股,3700股,24.72,91464,16490.99,20.263,-,0,-148,0股,22%,1153463.51,7.93%
2024-02-06,股票,农业银行(601288.XSHG),多,19300股,19300股,4.09,78937,21562.04,2.973,-,0,1351,0股,37.58%,1153463.51,6.84%
2024-02-06,,Cash,,,,,2132.01,,,,,,,,0
2024-02-07,基金,豆粕ETF华夏(159985.XSHE),多,29300股,29300股,1.957,57340.1,13019.9,1.513,-,0,-380.9,0股,29.38%,1151819.71,4.98%
2024-02-07,基金,10年地债(511270.XSHG),多,6100股,6100股,111.203,678338.3,75506.86,98.825,-,0,884.5,0股,12.53%,1151819.71,58.89%
2024-02-07,基金,纳指ETF(513100.XSHG),多,82700股,82700股,1.279,105773.3,28727.77,0.932,-,0,-992.4,0股,37.29%,1151819.71,9.18%
2024-02-07,基金,黄金ETF(518880.XSHG),多,30000股,30000股,4.642,139260,18918.66,4.011,-,0,270,0股,15.72%,1151819.71,12.09%
2024-02-07,股票,长江电力(600900.XSHG),多,3700股,3700股,24.7,91390,16416.99,20.263,-,0,-74,0股,21.9%,1151819.71,7.93%
2024-02-07,股票,农业银行(601288.XSHG),多,19300股,19300股,4.02,77586,20211.04,2.973,-,0,-1351,0股,35.23%,1151819.71,6.74%
2024-02-07,,Cash,,,,,2132.01,,,,,,,,0
2024-02-08,基金,豆粕ETF华夏(159985.XSHE),多,34300股,34300股,1.973,67673.9,13543.7,1.578,-,0,523.8,5000股,25.02%,1156282.51,5.85%
2024-02-08,基金,10年地债(511270.XSHG),多,5800股,5800股,111.577,647146.6,73962.61,98.825,-,0,2169.2,0股,12.9%,1156282.51,55.97%
2024-02-08,基金,纳指ETF(513100.XSHG),多,81000股,81000股,1.308,105948,30486.24,0.932,-,0,2349,0股,40.4%,1156282.51,9.16%
2024-02-08,基金,黄金ETF(518880.XSHG),多,32600股,32600股,4.662,151981.2,19529.06,4.063,-,0,610.4,2600股,14.74%,1156282.51,13.14%
2024-02-08,股票,长江电力(600900.XSHG),多,4000股,3700股,24.64,98560,16230.99,20.582,-,0,-186,300股,19.71%,1156282.51,8.52%
2024-02-08,股票,农业银行(601288.XSHG),多,21400股,19300股,3.96,84744,19116.04,3.067,-,0,-1095,2100股,29.13%,1156282.51,7.33%
2024-02-08,,Cash,,,,,228.81,,,,,,,,0
2024-02-19,基金,豆粕ETF华夏(159985.XSHE),多,34300股,34300股,2,68600,14469.8,1.578,-,0,926.1,0股,26.73%,1161303.61,5.91%
2024-02-19,基金,10年地债(511270.XSHG),多,5800股,5800股,111.653,647587.4,74403.41,98.825,-,0,440.8,0股,12.98%,1161303.61,55.76%
2024-02-19,基金,纳指ETF(513100.XSHG),多,81000股,81000股,1.301,105381,29919.24,0.932,-,0,-567,0股,39.65%,1161303.61,9.07%
2024-02-19,基金,黄金ETF(518880.XSHG),多,32600股,32600股,4.644,151394.4,18942.26,4.063,-,0,-586.8,0股,14.3%,1161303.61,13.04%
2024-02-19,股票,长江电力(600900.XSHG),多,4000股,4000股,25.2,100800,18470.99,20.582,-,0,2240,0股,22.44%,1161303.61,8.68%
2024-02-19,股票,农业银行(601288.XSHG),多,21400股,21400股,4.08,87312,21684.04,3.067,-,0,2568,0股,33.04%,1161303.61,7.52%
2024-02-19,,Cash,,,,,228.81,,,,,,,,0
2024-02-20,基金,豆粕ETF华夏(159985.XSHE),多,34300股,34300股,1.993,68359.9,14229.7,1.578,-,0,-240.1,0股,26.29%,1164175.71,5.87%
2024-02-20,基金,10年地债(511270.XSHG),多,5800股,5800股,111.736,648068.8,74884.81,98.825,-,0,481.4,0股,13.06%,1164175.71,55.67%
2024-02-20,基金,纳指ETF(513100.XSHG),多,81000股,81000股,1.299,105219,29757.24,0.932,-,0,-162,0股,39.43%,1164175.71,9.04%
2024-02-20,基金,黄金ETF(518880.XSHG),多,32600股,32600股,4.642,151329.2,18877.06,4.063,-,0,-65.2,0股,14.25%,1164175.71,13%
2024-02-20,股票,长江电力(600900.XSHG),多,4000股,4000股,25.54,102160,19830.99,20.582,-,0,1360,0股,24.09%,1164175.71,8.78%
2024-02-20,股票,农业银行(601288.XSHG),多,21400股,21400股,4.15,88810,23182.04,3.067,-,0,1498,0股,35.32%,1164175.71,7.63%
2024-02-20,,Cash,,,,,228.81,,,,,,,,0
2024-02-21,基金,豆粕ETF华夏(159985.XSHE),多,34300股,34300股,1.976,67776.8,13646.6,1.578,-,0,-583.1,0股,25.21%,1162623.01,5.83%
2024-02-21,基金,10年地债(511270.XSHG),多,5800股,5800股,111.799,648434.2,75250.21,98.825,-,0,365.4,0股,13.13%,1162623.01,55.77%
2024-02-21,基金,纳指ETF(513100.XSHG),多,81000股,81000股,1.282,103842,28380.24,0.932,-,0,-1377,0股,37.61%,1162623.01,8.93%
2024-02-21,基金,黄金ETF(518880.XSHG),多,32600股,32600股,4.642,151329.2,18877.06,4.063,-,0,0,0股,14.25%,1162623.01,13.02%
2024-02-21,股票,长江电力(600900.XSHG),多,4000股,4000股,25.39,101560,19230.99,20.582,-,0,-600,0股,23.36%,1162623.01,8.74%
2024-02-21,股票,农业银行(601288.XSHG),多,21400股,21400股,4.18,89452,23824.04,3.067,-,0,642,0股,36.3%,1162623.01,7.69%
2024-02-21,,Cash,,,,,228.81,,,,,,,,0
2024-02-22,基金,豆粕ETF华夏(159985.XSHE),多,34300股,34300股,1.971,67605.3,13475.1,1.578,-,0,-171.5,0股,24.89%,1165197.91,5.8%
2024-02-22,基金,10年地债(511270.XSHG),多,5800股,5800股,111.798,648428.4,75244.41,98.825,-,0,-5.8,0股,13.13%,1165197.91,55.65%
2024-02-22,基金,纳指ETF(513100.XSHG),多,81000股,81000股,1.304,105624,30162.24,0.932,-,0,1782,0股,39.97%,1165197.91,9.06%
2024-02-22,基金,黄金ETF(518880.XSHG),多,32600股,32600股,4.639,151231.4,18779.26,4.063,-,0,-97.8,0股,14.18%,1165197.91,12.98%
2024-02-22,股票,长江电力(600900.XSHG),多,4000股,4000股,25.55,102200,19870.99,20.582,-,0,640,0股,24.14%,1165197.91,8.77%
2024-02-22,股票,农业银行(601288.XSHG),多,21400股,21400股,4.2,89880,24252.04,3.067,-,0,428,0股,36.95%,1165197.91,7.71%
2024-02-22,,Cash,,,,,228.81,,,,,,,,0
2024-02-23,基金,豆粕ETF华夏(159985.XSHE),多,34300股,34300股,1.972,67639.6,13509.4,1.578,-,0,34.3,0股,24.96%,1168908.01,5.79%
2024-02-23,基金,10年地债(511270.XSHG),多,5800股,5800股,111.927,649176.6,75992.61,98.825,-,0,748.2,0股,13.26%,1168908.01,55.54%
2024-02-23,基金,纳指ETF(513100.XSHG),多,81000股,81000股,1.321,107001,31539.24,0.932,-,0,1377,0股,41.79%,1168908.01,9.15%
2024-02-23,基金,黄金ETF(518880.XSHG),多,32600股,32600股,4.63,150938,18485.86,4.063,-,0,-293.4,0股,13.96%,1168908.01,12.91%
2024-02-23,股票,长江电力(600900.XSHG),多,4000股,4000股,25.69,102760,20430.99,20.582,-,0,560,0股,24.82%,1168908.01,8.79%
2024-02-23,股票,农业银行(601288.XSHG),多,21400股,21400股,4.26,91164,25536.04,3.067,-,0,1284,0股,38.91%,1168908.01,7.8%
2024-02-23,,Cash,,,,,228.81,,,,,,,,0
2024-02-26,基金,豆粕ETF华夏(159985.XSHE),多,34300股,34300股,1.968,67502.4,13372.2,1.578,-,0,-137.2,0股,24.7%,1162920.81,5.8%
2024-02-26,基金,10年地债(511270.XSHG),多,5800股,5800股,111.935,649223,76039.01,98.825,-,0,46.4,0股,13.27%,1162920.81,55.83%
2024-02-26,基金,纳指ETF(513100.XSHG),多,81000股,81000股,1.308,105948,30486.24,0.932,-,0,-1053,0股,40.4%,1162920.81,9.11%
2024-02-26,基金,黄金ETF(518880.XSHG),多,32600股,32600股,4.651,151622.6,19170.46,4.063,-,0,684.6,0股,14.47%,1162920.81,13.04%
2024-02-26,股票,长江电力(600900.XSHG),多,4000股,4000股,24.95,99800,17470.99,20.582,-,0,-2960,0股,21.22%,1162920.81,8.58%
2024-02-26,股票,农业银行(601288.XSHG),多,21400股,21400股,4.14,88596,22968.04,3.067,-,0,-2568,0股,35%,1162920.81,7.62%
2024-02-26,,Cash,,,,,228.81,,,,,,,,0
2024-02-27,基金,豆粕ETF华夏(159985.XSHE),多,34300股,34300股,1.994,68394.2,14264,1.578,-,0,891.8,0股,26.35%,1164311.21,5.87%
2024-02-27,基金,10年地债(511270.XSHG),多,5800股,5800股,112.017,649698.6,76514.61,98.825,-,0,475.6,0股,13.35%,1164311.21,55.8%
2024-02-27,基金,纳指ETF(513100.XSHG),多,81000股,81000股,1.306,105786,30324.24,0.932,-,0,-162,0股,40.18%,1164311.21,9.09%
2024-02-27,基金,黄金ETF(518880.XSHG),多,32600股,32600股,4.646,151459.6,19007.46,4.063,-,0,-163,0股,14.35%,1164311.21,13.01%
2024-02-27,股票,长江电力(600900.XSHG),多,4000股,4000股,24.93,99720,17390.99,20.582,-,0,-80,0股,21.12%,1164311.21,8.56%
2024-02-27,股票,农业银行(601288.XSHG),多,21400股,21400股,4.16,89024,23396.04,3.067,-,0,428,0股,35.65%,1164311.21,7.65%
2024-02-27,,Cash,,,,,228.81,,,,,,,,0
2024-02-28,基金,豆粕ETF华夏(159985.XSHE),多,34300股,34300股,1.991,68291.3,14161.1,1.578,-,0,-102.9,0股,26.16%,1166264.11,5.86%
2024-02-28,基金,10年地债(511270.XSHG),多,5800股,5800股,112.08,650064,76880.01,98.825,-,0,365.4,0股,13.41%,1166264.11,55.74%
2024-02-28,基金,纳指ETF(513100.XSHG),多,81000股,81000股,1.309,106029,30567.24,0.932,-,0,243,0股,40.51%,1166264.11,9.09%
2024-02-28,基金,黄金ETF(518880.XSHG),多,32600股,32600股,4.645,151427,18974.86,4.063,-,0,-32.6,0股,14.33%,1166264.11,12.98%
2024-02-28,股票,长江电力(600900.XSHG),多,4000股,4000股,25.3,101200,18870.99,20.582,-,0,1480,0股,22.92%,1166264.11,8.68%
2024-02-28,股票,农业银行(601288.XSHG),多,21400股,21400股,4.16,89024,23396.04,3.067,-,0,0,0股,35.65%,1166264.11,7.63%
2024-02-28,,Cash,,,,,228.81,,,,,,,,0
2024-02-29,基金,豆粕ETF华夏(159985.XSHE),多,34300股,34300股,1.99,68257,14126.8,1.578,-,0,-34.3,0股,26.1%,1166310.01,5.85%
2024-02-29,基金,10年地债(511270.XSHG),多,5800股,5800股,112.27,651166,77982.01,98.825,-,0,1102,0股,13.61%,1166310.01,55.83%
2024-02-29,基金,纳指ETF(513100.XSHG),多,81000股,81000股,1.3,105300,29838.24,0.932,-,0,-729,0股,39.54%,1166310.01,9.03%
2024-02-29,基金,黄金ETF(518880.XSHG),多,32600股,32600股,4.647,151492.2,19040.06,4.063,-,0,65.2,0股,14.38%,1166310.01,12.99%
2024-02-29,股票,长江电力(600900.XSHG),多,4000股,4000股,25.05,100200,17870.99,20.582,-,0,-1000,0股,21.71%,1166310.01,8.59%
2024-02-29,股票,农业银行(601288.XSHG),多,21400股,21400股,4.19,89666,24038.04,3.067,-,0,642,0股,36.63%,1166310.01,7.69%
2024-02-29,,Cash,,,,,228.81,,,,,,,,0
2024-03-01,基金,豆粕ETF华夏(159985.XSHE),多,34300股,34300股,2.034,69766.2,15636,1.578,-,0,1509.2,0股,28.89%,1170798.61,5.96%
2024-03-01,基金,10年地债(511270.XSHG),多,5800股,5800股,112.228,650922.4,77738.41,98.825,-,0,-243.6,0股,13.56%,1170798.61,55.6%
2024-03-01,基金,纳指ETF(513100.XSHG),多,81000股,81000股,1.321,107001,31539.24,0.932,-,0,1701,0股,41.79%,1170798.61,9.14%
2024-03-01,基金,黄金ETF(518880.XSHG),多,32600股,32600股,4.667,152144.2,19692.06,4.063,-,0,652,0股,14.87%,1170798.61,12.99%
2024-03-01,股票,长江电力(600900.XSHG),多,4000股,4000股,25,100000,17670.99,20.582,-,0,-200,0股,21.46%,1170798.61,8.54%
2024-03-01,股票,农业银行(601288.XSHG),多,21400股,21400股,4.24,90736,25108.04,3.067,-,0,1070,0股,38.26%,1170798.61,7.75%
2024-03-01,,Cash,,,,,228.81,,,,,,,,0
2024-03-04,基金,豆粕ETF华夏(159985.XSHE),多,34300股,34300股,2.07,71001,16870.8,1.578,-,0,1234.8,0股,31.17%,1177408.41,6.03%
2024-03-04,基金,10年地债(511270.XSHG),多,5800股,5800股,112.267,651148.6,77964.61,98.825,-,0,226.2,0股,13.6%,1177408.41,55.3%
2024-03-04,基金,纳指ETF(513100.XSHG),多,81000股,81000股,1.339,108459,32997.24,0.932,-,0,1458,0股,43.73%,1177408.41,9.21%
2024-03-04,基金,黄金ETF(518880.XSHG),多,32600股,32600股,4.725,154035,21582.86,4.063,-,0,1890.8,0股,16.29%,1177408.41,13.08%
2024-03-04,股票,长江电力(600900.XSHG),多,4000股,4000股,25.45,101800,19470.99,20.582,-,0,1800,0股,23.65%,1177408.41,8.65%
2024-03-04,股票,农业银行(601288.XSHG),多,21400股,21400股,4.24,90736,25108.04,3.067,-,0,0,0股,38.26%,1177408.41,7.71%
2024-03-04,,Cash,,,,,228.81,,,,,,,,0
2024-03-05,基金,豆粕ETF华夏(159985.XSHE),多,34300股,34300股,2.064,70795.2,16665,1.578,-,0,-205.8,0股,30.79%,1183025.61,5.98%
2024-03-05,基金,10年地债(511270.XSHG),多,5800股,5800股,112.344,651595.2,78411.21,98.825,-,0,446.6,0股,13.68%,1183025.61,55.08%
2024-03-05,基金,纳指ETF(513100.XSHG),多,81000股,81000股,1.329,107649,32187.24,0.932,-,0,-810,0股,42.65%,1183025.61,9.1%
2024-03-05,基金,黄金ETF(518880.XSHG),多,32600股,32600股,4.789,156121.4,23669.26,4.063,-,0,2086.4,0股,17.87%,1183025.61,13.2%
2024-03-05,股票,长江电力(600900.XSHG),多,4000股,4000股,25.94,103760,21430.99,20.582,-,0,1960,0股,26.03%,1183025.61,8.77%
2024-03-05,股票,农业银行(601288.XSHG),多,21400股,21400股,4.34,92876,27248.04,3.067,-,0,2140,0股,41.52%,1183025.61,7.85%
2024-03-05,,Cash,,,,,228.81,,,,,,,,0
2024-03-06,基金,豆粕ETF华夏(159985.XSHE),多,34300股,34300股,2.063,70760.9,16630.7,1.578,-,0,-34.3,0股,30.72%,1183278.71,5.98%
2024-03-06,基金,10年地债(511270.XSHG),多,5800股,5800股,112.617,653178.6,79994.61,98.825,-,0,1583.4,0股,13.96%,1183278.71,55.2%
2024-03-06,基金,纳指ETF(513100.XSHG),多,81000股,81000股,1.324,107244,31782.24,0.932,-,0,-405,0股,42.12%,1183278.71,9.06%
2024-03-06,基金,黄金ETF(518880.XSHG),多,32600股,32600股,4.824,157262.4,24810.26,4.063,-,0,1141,0股,18.73%,1183278.71,13.29%
2024-03-06,股票,长江电力(600900.XSHG),多,4000股,4000股,25.86,103440,21110.99,20.582,-,0,-320,0股,25.64%,1183278.71,8.74%
2024-03-06,股票,农业银行(601288.XSHG),多,21400股,21400股,4.26,91164,25536.04,3.067,-,0,-1712,0股,38.91%,1183278.71,7.7%
2024-03-06,,Cash,,,,,228.81,,,,,,,,0
2024-03-07,基金,豆粕ETF华夏(159985.XSHE),多,34300股,34300股,2.071,71035.3,16905.1,1.578,-,0,274.4,0股,31.23%,1185998.11,5.99%
2024-03-07,基金,10年地债(511270.XSHG),多,5800股,5800股,112.72,653776,80592.01,98.825,-,0,597.4,0股,14.06%,1185998.11,55.12%
2024-03-07,基金,纳指ETF(513100.XSHG),多,81000股,81000股,1.315,106515,31053.24,0.932,-,0,-729,0股,41.15%,1185998.11,8.98%
2024-03-07,基金,黄金ETF(518880.XSHG),多,32600股,32600股,4.885,159251,26798.86,4.063,-,0,1988.6,0股,20.23%,1185998.11,13.43%
2024-03-07,股票,长江电力(600900.XSHG),多,4000股,4000股,25.9,103600,21270.99,20.582,-,0,160,0股,25.84%,1185998.11,8.74%
2024-03-07,股票,农业银行(601288.XSHG),多,21400股,21400股,4.28,91592,25964.04,3.067,-,0,428,0股,39.56%,1185998.11,7.72%
2024-03-07,,Cash,,,,,228.81,,,,,,,,0
2024-03-08,基金,豆粕ETF华夏(159985.XSHE),多,35100股,35100股,2.129,74727.9,18925.7,1.59,-,0,2020.6,800股,33.92%,1190335.93,6.28%
2024-03-08,基金,10年地债(511270.XSHG),多,5800股,5800股,112.92,654936,81752.01,98.825,-,0,1160,0股,14.26%,1190335.93,55.02%
2024-03-08,基金,纳指ETF(513100.XSHG),多,93100股,93100股,1.337,124474.7,32823.14,0.984,-,0,1769.9,12100股,35.81%,1190335.93,10.46%
2024-03-08,基金,黄金ETF(518880.XSHG),多,31900股,31900股,4.881,155703.9,26095.83,4.063,-,0,-127.6,0股,20.13%,1190335.93,13.08%
2024-03-08,股票,长江电力(600900.XSHG),多,3400股,3400股,25.83,87822,17842.34,20.582,-,0,-238,0股,25.5%,1190335.93,7.38%
2024-03-08,股票,农业银行(601288.XSHG),多,19500股,19500股,4.27,83265,23463.82,3.067,-,0,-195,0股,39.24%,1190335.93,7%
2024-03-08,,Cash,,,,,9406.43,,,,,,,,0
2024-03-11,基金,豆粕ETF华夏(159985.XSHE),多,35100股,35100股,2.116,74271.6,18469.4,1.59,-,0,-456.3,0股,33.1%,1187444.03,6.25%
2024-03-11,基金,10年地债(511270.XSHG),多,5800股,5800股,112.864,654611.2,81427.21,98.825,-,0,-324.8,0股,14.21%,1187444.03,55.13%
2024-03-11,基金,纳指ETF(513100.XSHG),多,93100股,93100股,1.317,122612.7,30961.14,0.984,-,0,-1862,0股,33.78%,1187444.03,10.33%
2024-03-11,基金,黄金ETF(518880.XSHG),多,31900股,31900股,4.899,156278.1,26670.03,4.063,-,0,574.2,0股,20.58%,1187444.03,13.16%
2024-03-11,股票,长江电力(600900.XSHG),多,3400股,3400股,25.76,87584,17604.34,20.582,-,0,-238,0股,25.16%,1187444.03,7.38%
2024-03-11,股票,农业银行(601288.XSHG),多,19500股,19500股,4.24,82680,22878.82,3.067,-,0,-585,0股,38.26%,1187444.03,6.96%
2024-03-11,,Cash,,,,,9406.43,,,,,,,,0
2024-03-12,基金,豆粕ETF华夏(159985.XSHE),多,35100股,35100股,2.119,74376.9,18574.7,1.59,-,0,105.3,0股,33.29%,1180153.63,6.3%
2024-03-12,基金,10年地债(511270.XSHG),多,5800股,5800股,112.5,652500,79316.01,98.825,-,0,-2111.2,0股,13.84%,1180153.63,55.29%
2024-03-12,基金,纳指ETF(513100.XSHG),多,93100股,93100股,1.322,123078.2,31426.64,0.984,-,0,465.5,0股,34.29%,1180153.63,10.43%
2024-03-12,基金,黄金ETF(518880.XSHG),多,31900股,31900股,4.879,155640.1,26032.03,4.063,-,0,-638,0股,20.09%,1180153.63,13.19%
2024-03-12,股票,长江电力(600900.XSHG),多,3400股,3400股,24.83,84422,14442.34,20.582,-,0,-3162,0股,20.64%,1180153.63,7.15%
2024-03-12,股票,农业银行(601288.XSHG),多,19500股,19500股,4.14,80730,20928.82,3.067,-,0,-1950,0股,35%,1180153.63,6.84%
2024-03-12,,Cash,,,,,9406.43,,,,,,,,0
2024-03-13,基金,豆粕ETF华夏(159985.XSHE),多,35100股,35100股,2.119,74376.9,18574.7,1.59,-,0,0,0股,33.29%,1180715.33,6.3%
2024-03-13,基金,10年地债(511270.XSHG),多,5800股,5800股,112.55,652790,79606.01,98.825,-,0,290,0股,13.89%,1180715.33,55.29%
2024-03-13,基金,纳指ETF(513100.XSHG),多,93100股,93100股,1.33,123823,32171.44,0.984,-,0,744.8,0股,35.1%,1180715.33,10.49%
2024-03-13,基金,黄金ETF(518880.XSHG),多,31900股,31900股,4.87,155353,25744.93,4.063,-,0,-287.1,0股,19.86%,1180715.33,13.16%
2024-03-13,股票,长江电力(600900.XSHG),多,3400股,3400股,24.89,84626,14646.34,20.582,-,0,204,0股,20.93%,1180715.33,7.17%
2024-03-13,股票,农业银行(601288.XSHG),多,19500股,19500股,4.12,80340,20538.82,3.067,-,0,-390,0股,34.35%,1180715.33,6.8%
2024-03-13,,Cash,,,,,9406.43,,,,,,,,0
2024-03-14,基金,豆粕ETF华夏(159985.XSHE),多,35100股,35100股,2.156,75675.6,19873.4,1.59,-,0,1298.7,0股,35.61%,1180061.93,6.41%
2024-03-14,基金,10年地债(511270.XSHG),多,5800股,5800股,112.254,651073.2,77889.21,98.825,-,0,-1716.8,0股,13.59%,1180061.93,55.17%
2024-03-14,基金,纳指ETF(513100.XSHG),多,93100股,93100股,1.324,123264.4,31612.84,0.984,-,0,-558.6,0股,34.49%,1180061.93,10.45%
2024-03-14,基金,黄金ETF(518880.XSHG),多,31900股,31900股,4.877,155576.3,25968.23,4.063,-,0,223.3,0股,20.04%,1180061.93,13.18%
2024-03-14,股票,长江电力(600900.XSHG),多,3400股,3400股,24.69,83946,13966.34,20.582,-,0,-680,0股,19.96%,1180061.93,7.11%
2024-03-14,股票,农业银行(601288.XSHG),多,19500股,19500股,4.16,81120,21318.82,3.067,-,0,780,0股,35.65%,1180061.93,6.87%
2024-03-14,,Cash,,,,,9406.43,,,,,,,,0
2024-03-15,基金,豆粕ETF华夏(159985.XSHE),多,35100股,35100股,2.167,76061.7,20259.5,1.59,-,0,386.1,0股,36.31%,1181609.83,6.44%
2024-03-15,基金,10年地债(511270.XSHG),多,5800股,5800股,112.45,652210,79026.01,98.825,-,0,1136.8,0股,13.79%,1181609.83,55.2%
2024-03-15,基金,纳指ETF(513100.XSHG),多,93100股,93100股,1.316,122519.6,30868.04,0.984,-,0,-744.8,0股,33.68%,1181609.83,10.37%
2024-03-15,基金,黄金ETF(518880.XSHG),多,31900股,31900股,4.899,156278.1,26670.03,4.063,-,0,701.8,0股,20.58%,1181609.83,13.23%
2024-03-15,股票,长江电力(600900.XSHG),多,3400股,3400股,24.71,84014,14034.34,20.582,-,0,68,0股,20.05%,1181609.83,7.11%
2024-03-15,股票,农业银行(601288.XSHG),多,19500股,19500股,4.16,81120,21318.82,3.067,-,0,0,0股,35.65%,1181609.83,6.87%
2024-03-15,,Cash,,,,,9406.43,,,,,,,,0
2024-03-18,基金,豆粕ETF华夏(159985.XSHE),多,35100股,35100股,2.148,75394.8,19592.6,1.59,-,0,-666.9,0股,35.11%,1179169.23,6.39%
2024-03-18,基金,10年地债(511270.XSHG),多,5800股,5800股,112.483,652401.4,79217.41,98.825,-,0,191.4,0股,13.82%,1179169.23,55.33%
2024-03-18,基金,纳指ETF(513100.XSHG),多,93100股,93100股,1.316,122519.6,30868.04,0.984,-,0,0,0股,33.68%,1179169.23,10.39%
2024-03-18,基金,黄金ETF(518880.XSHG),多,31900股,31900股,4.86,155034,25425.93,4.063,-,0,-1244.1,0股,19.62%,1179169.23,13.15%
2024-03-18,股票,长江电力(600900.XSHG),多,3400股,3400股,24.67,83878,13898.34,20.582,-,0,-136,0股,19.86%,1179169.23,7.11%
2024-03-18,股票,农业银行(601288.XSHG),多,19500股,19500股,4.13,80535,20733.82,3.067,-,0,-585,0股,34.67%,1179169.23,6.83%
2024-03-18,,Cash,,,,,9406.43,,,,,,,,0
2024-03-19,基金,豆粕ETF华夏(159985.XSHE),多,35100股,35100股,2.168,76096.8,20294.6,1.59,-,0,702,0股,36.37%,1179856.53,6.45%
2024-03-19,基金,10年地债(511270.XSHG),多,5800股,5800股,112.643,653329.4,80145.41,98.825,-,0,928,0股,13.98%,1179856.53,55.37%
2024-03-19,基金,纳指ETF(513100.XSHG),多,93100股,93100股,1.309,121867.9,30216.34,0.984,-,0,-651.7,0股,32.97%,1179856.53,10.33%
2024-03-19,基金,黄金ETF(518880.XSHG),多,31900股,31900股,4.87,155353,25744.93,4.063,-,0,319,0股,19.86%,1179856.53,13.17%
2024-03-19,股票,长江电力(600900.XSHG),多,3400股,3400股,24.72,84048,14068.34,20.582,-,0,170,0股,20.1%,1179856.53,7.12%
2024-03-19,股票,农业银行(601288.XSHG),多,19500股,19500股,4.09,79755,19953.82,3.067,-,0,-780,0股,33.37%,1179856.53,6.76%
2024-03-19,,Cash,,,,,9406.43,,,,,,,,0
2024-03-20,基金,豆粕ETF华夏(159985.XSHE),多,35100股,35100股,2.192,76939.2,21137,1.59,-,0,842.4,0股,37.88%,1183459.03,6.5%
2024-03-20,基金,10年地债(511270.XSHG),多,5800股,5800股,112.685,653573,80389.01,98.825,-,0,243.6,0股,14.02%,1183459.03,55.23%
2024-03-20,基金,纳指ETF(513100.XSHG),多,93100股,93100股,1.314,122333.4,30681.84,0.984,-,0,465.5,0股,33.48%,1183459.03,10.34%
2024-03-20,基金,黄金ETF(518880.XSHG),多,31900股,31900股,4.88,155672,26063.93,4.063,-,0,319,0股,20.11%,1183459.03,13.15%
2024-03-20,股票,长江电力(600900.XSHG),多,3400股,3400股,25,85000,15020.34,20.582,-,0,952,0股,21.46%,1183459.03,7.18%
2024-03-20,股票,农业银行(601288.XSHG),多,19500股,19500股,4.13,80535,20733.82,3.067,-,0,780,0股,34.67%,1183459.03,6.81%
2024-03-20,,Cash,,,,,9406.43,,,,,,,,0
2024-03-21,基金,豆粕ETF华夏(159985.XSHE),多,35100股,35100股,2.23,78273,22470.8,1.59,-,0,1333.8,0股,40.27%,1190294.93,6.58%
2024-03-21,基金,10年地债(511270.XSHG),多,5800股,5800股,112.727,653816.6,80632.61,98.825,-,0,243.6,0股,14.07%,1190294.93,54.93%
2024-03-21,基金,纳指ETF(513100.XSHG),多,93100股,93100股,1.337,124474.7,32823.14,0.984,-,0,2141.3,0股,35.81%,1190294.93,10.46%
2024-03-21,基金,黄金ETF(518880.XSHG),多,31900股,31900股,4.978,158798.2,29190.13,4.063,-,0,3126.2,0股,22.52%,1190294.93,13.34%
2024-03-21,股票,长江电力(600900.XSHG),多,3400股,3400股,24.94,84796,14816.34,20.582,-,0,-204,0股,21.17%,1190294.93,7.12%
2024-03-21,股票,农业银行(601288.XSHG),多,19500股,19500股,4.14,80730,20928.82,3.067,-,0,195,0股,35%,1190294.93,6.78%
2024-03-21,,Cash,,,,,9406.43,,,,,,,,0
2024-03-22,基金,豆粕ETF华夏(159985.XSHE),多,35100股,35100股,2.192,76939.2,21137,1.59,-,0,-1333.8,0股,37.88%,1189306.63,6.47%
2024-03-22,基金,10年地债(511270.XSHG),多,5800股,5800股,112.771,654071.8,80887.81,98.825,-,0,255.2,0股,14.11%,1189306.63,55%
2024-03-22,基金,纳指ETF(513100.XSHG),多,93100股,93100股,1.338,124567.8,32916.24,0.984,-,0,93.1,0股,35.91%,1189306.63,10.47%
2024-03-22,基金,黄金ETF(518880.XSHG),多,31900股,31900股,4.946,157777.4,28169.33,4.063,-,0,-1020.8,0股,21.73%,1189306.63,13.27%
2024-03-22,股票,长江电力(600900.XSHG),多,3400股,3400股,25.01,85034,15054.34,20.582,-,0,238,0股,21.51%,1189306.63,7.15%
2024-03-22,股票,农业银行(601288.XSHG),多,19500股,19500股,4.18,81510,21708.82,3.067,-,0,780,0股,36.3%,1189306.63,6.85%
2024-03-22,,Cash,,,,,9406.43,,,,,,,,0
2024-03-25,基金,豆粕ETF华夏(159985.XSHE),多,35100股,35100股,2.134,74903.4,19101.2,1.59,-,0,-2035.8,0股,34.23%,1187340.83,6.31%
2024-03-25,基金,10年地债(511270.XSHG),多,5800股,5800股,112.709,653712.2,80528.21,98.825,-,0,-359.6,0股,14.05%,1187340.83,55.06%
2024-03-25,基金,纳指ETF(513100.XSHG),多,93100股,93100股,1.334,124195.4,32543.84,0.984,-,0,-372.4,0股,35.51%,1187340.83,10.46%
2024-03-25,基金,黄金ETF(518880.XSHG),多,31900股,31900股,4.956,158096.4,28488.33,4.063,-,0,319,0股,21.98%,1187340.83,13.32%
2024-03-25,股票,长江电力(600900.XSHG),多,3400股,3400股,24.98,84932,14952.34,20.582,-,0,-102,0股,21.37%,1187340.83,7.15%
2024-03-25,股票,农业银行(601288.XSHG),多,19500股,19500股,4.21,82095,22293.82,3.067,-,0,585,0股,37.28%,1187340.83,6.91%
2024-03-25,,Cash,,,,,9406.43,,,,,,,,0
2024-03-26,基金,豆粕ETF华夏(159985.XSHE),多,35100股,35100股,2.139,75078.9,19276.7,1.59,-,0,175.5,0股,34.54%,1188076.23,6.32%
2024-03-26,基金,10年地债(511270.XSHG),多,5800股,5800股,112.653,653387.4,80203.41,98.825,-,0,-324.8,0股,13.99%,1188076.23,55%
2024-03-26,基金,纳指ETF(513100.XSHG),多,93100股,93100股,1.341,124847.1,33195.54,0.984,-,0,651.7,0股,36.22%,1188076.23,10.51%
2024-03-26,基金,黄金ETF(518880.XSHG),多,31900股,31900股,4.966,158415.4,28807.33,4.063,-,0,319,0股,22.23%,1188076.23,13.33%
2024-03-26,股票,长江电力(600900.XSHG),多,3400股,3400股,24.84,84456,14476.34,20.582,-,0,-476,0股,20.69%,1188076.23,7.11%
2024-03-26,股票,农业银行(601288.XSHG),多,19500股,19500股,4.23,82485,22683.82,3.067,-,0,390,0股,37.93%,1188076.23,6.94%
2024-03-26,,Cash,,,,,9406.43,,,,,,,,0
2024-03-27,基金,豆粕ETF华夏(159985.XSHE),多,35100股,35100股,2.147,75359.7,19557.5,1.59,-,0,280.8,0股,35.05%,1191154.33,6.33%
2024-03-27,基金,10年地债(511270.XSHG),多,5800股,5800股,112.825,654385,81201.01,98.825,-,0,997.6,0股,14.17%,1191154.33,54.94%
2024-03-27,基金,纳指ETF(513100.XSHG),多,93100股,93100股,1.342,124940.2,33288.64,0.984,-,0,93.1,0股,36.32%,1191154.33,10.49%
2024-03-27,基金,黄金ETF(518880.XSHG),多,31900股,31900股,4.99,159181,29572.93,4.063,-,0,765.6,0股,22.82%,1191154.33,13.36%
2024-03-27,股票,长江电力(600900.XSHG),多,3400股,3400股,24.83,84422,14442.34,20.582,-,0,-34,0股,20.64%,1191154.33,7.09%
2024-03-27,股票,农业银行(601288.XSHG),多,19500股,19500股,4.28,83460,23658.82,3.067,-,0,975,0股,39.56%,1191154.33,7.01%
2024-03-27,,Cash,,,,,9406.43,,,,,,,,0
2024-03-28,基金,豆粕ETF华夏(159985.XSHE),多,35100股,35100股,2.11,74061,18258.8,1.59,-,0,-1298.7,0股,32.72%,1188720.23,6.23%
2024-03-28,基金,10年地债(511270.XSHG),多,5800股,5800股,112.171,650591.8,81177.81,98.175,-,0,-23.2,0股,14.26%,1188720.23,54.73%
2024-03-28,基金,纳指ETF(513100.XSHG),多,93100股,93100股,1.339,124660.9,33009.34,0.984,-,0,-279.3,0股,36.02%,1188720.23,10.49%
2024-03-28,基金,黄金ETF(518880.XSHG),多,31900股,31900股,5.029,160425.1,30817.03,4.063,-,0,1244.1,0股,23.78%,1188720.23,13.5%
2024-03-28,股票,长江电力(600900.XSHG),多,3400股,3400股,24.85,84490,14510.34,20.582,-,0,68,0股,20.74%,1188720.23,7.11%
2024-03-28,股票,农业银行(601288.XSHG),多,19500股,19500股,4.17,81315,21513.82,3.067,-,0,-2145,0股,35.98%,1188720.23,6.84%
2024-03-28,,Cash,,,,,13176.43,,,,,,,,0
2024-03-29,基金,豆粕ETF华夏(159985.XSHE),多,35100股,35100股,2.137,75008.7,19206.5,1.59,-,0,947.7,0股,34.42%,1194250.03,6.28%
2024-03-29,基金,10年地债(511270.XSHG),多,5800股,5800股,112.211,650823.8,81409.81,98.175,-,0,232,0股,14.3%,1194250.03,54.5%
2024-03-29,基金,纳指ETF(513100.XSHG),多,93100股,93100股,1.337,124474.7,32823.14,0.984,-,0,-186.2,0股,35.81%,1194250.03,10.42%
2024-03-29,基金,黄金ETF(518880.XSHG),多,31900股,31900股,5.126,163519.4,33911.33,4.063,-,0,3094.3,0股,26.16%,1194250.03,13.69%
2024-03-29,股票,长江电力(600900.XSHG),多,3400股,3400股,24.93,84762,14782.34,20.582,-,0,272,0股,21.12%,1194250.03,7.1%
2024-03-29,股票,农业银行(601288.XSHG),多,19500股,19500股,4.23,82485,22683.82,3.067,-,0,1170,0股,37.93%,1194250.03,6.91%
2024-03-29,,Cash,,,,,13176.43,,,,,,,,0
2024-04-01,基金,豆粕ETF华夏(159985.XSHE),多,35100股,35100股,2.157,75710.7,19908.5,1.59,-,0,702,0股,35.68%,1195303.63,6.33%
2024-04-01,基金,10年地债(511270.XSHG),多,5800股,5800股,112.117,650278.6,80864.61,98.175,-,0,-545.2,0股,14.2%,1195303.63,54.4%
2024-04-01,基金,纳指ETF(513100.XSHG),多,93100股,93100股,1.344,125126.4,33474.84,0.984,-,0,651.7,0股,36.52%,1195303.63,10.47%
2024-04-01,基金,黄金ETF(518880.XSHG),多,31900股,31900股,5.155,164444.5,34836.43,4.063,-,0,925.1,0股,26.88%,1195303.63,13.76%
2024-04-01,股票,长江电力(600900.XSHG),多,3400股,3400股,24.73,84082,14102.34,20.582,-,0,-680,0股,20.15%,1195303.63,7.03%
2024-04-01,股票,农业银行(601288.XSHG),多,19500股,19500股,4.23,82485,22683.82,3.067,-,0,0,0股,37.93%,1195303.63,6.9%
2024-04-01,,Cash,,,,,13176.43,,,,,,,,0
2024-04-02,基金,豆粕ETF华夏(159985.XSHE),多,35100股,35100股,2.137,75008.7,19206.5,1.59,-,0,-702,0股,34.42%,1195294.83,6.28%
2024-04-02,基金,10年地债(511270.XSHG),多,5800股,5800股,112.197,650742.6,81328.61,98.175,-,0,464,0股,14.28%,1195294.83,54.44%
2024-04-02,基金,纳指ETF(513100.XSHG),多,93100股,93100股,1.34,124754,33102.44,0.984,-,0,-372.4,0股,36.12%,1195294.83,10.44%
2024-04-02,基金,黄金ETF(518880.XSHG),多,31900股,31900股,5.159,164572.1,34964.03,4.063,-,0,127.6,0股,26.98%,1195294.83,13.77%
2024-04-02,股票,长江电力(600900.XSHG),多,3400股,3400股,24.64,83776,13796.34,20.582,-,0,-306,0股,19.71%,1195294.83,7.01%
2024-04-02,股票,农业银行(601288.XSHG),多,19500股,19500股,4.27,83265,23463.82,3.067,-,0,780,0股,39.24%,1195294.83,6.97%
2024-04-02,,Cash,,,,,13176.43,,,,,,,,0
2024-04-03,基金,豆粕ETF华夏(159985.XSHE),多,35100股,35100股,2.123,74517.3,18715.1,1.59,-,0,-491.4,0股,33.54%,1196203.13,6.23%
2024-04-03,基金,10年地债(511270.XSHG),多,5800股,5800股,112.301,651345.8,81931.81,98.175,-,0,603.2,0股,14.39%,1196203.13,54.45%
2024-04-03,基金,纳指ETF(513100.XSHG),多,93100股,93100股,1.327,123543.7,31892.14,0.984,-,0,-1210.3,0股,34.8%,1196203.13,10.33%
2024-04-03,基金,黄金ETF(518880.XSHG),多,31900股,31900股,5.231,166868.9,37260.83,4.063,-,0,2296.8,0股,28.75%,1196203.13,13.95%
2024-04-03,股票,长江电力(600900.XSHG),多,3400股,3400股,24.44,83096,13116.34,20.582,-,0,-680,0股,18.74%,1196203.13,6.95%
2024-04-03,股票,农业银行(601288.XSHG),多,19500股,19500股,4.29,83655,23853.82,3.067,-,0,390,0股,39.89%,1196203.13,6.99%
2024-04-03,,Cash,,,,,13176.43,,,,,,,,0
2024-04-08,基金,豆粕ETF华夏(159985.XSHE),多,35100股,35100股,2.141,75149.1,19346.9,1.59,-,0,631.8,0股,34.67%,1205835.73,6.23%
2024-04-08,基金,10年地债(511270.XSHG),多,5800股,5800股,112.485,652413,82999.01,98.175,-,0,1067.2,0股,14.58%,1205835.73,54.1%
2024-04-08,基金,纳指ETF(513100.XSHG),多,93100股,93100股,1.326,123450.6,31799.04,0.984,-,0,-93.1,0股,34.7%,1205835.73,10.24%
2024-04-08,基金,黄金ETF(518880.XSHG),多,31900股,31900股,5.354,170792.6,41184.53,4.063,-,0,3923.7,0股,31.78%,1205835.73,14.16%
2024-04-08,股票,长江电力(600900.XSHG),多,3400股,3400股,25.36,86224,16244.34,20.582,-,0,3128,0股,23.21%,1205835.73,7.15%
2024-04-08,股票,农业银行(601288.XSHG),多,19500股,19500股,4.34,84630,24828.82,3.067,-,0,975,0股,41.52%,1205835.73,7.02%
2024-04-08,,Cash,,,,,13176.43,,,,,,,,0
2024-04-09,基金,豆粕ETF华夏(159985.XSHE),多,35100股,35100股,2.15,75465,19662.8,1.59,-,0,315.9,0股,35.24%,1205344.13,6.26%
2024-04-09,基金,10年地债(511270.XSHG),多,5800股,5800股,112.556,652824.8,83410.81,98.175,-,0,411.8,0股,14.65%,1205344.13,54.16%
2024-04-09,基金,纳指ETF(513100.XSHG),多,93100股,93100股,1.328,123636.8,31985.24,0.984,-,0,186.2,0股,34.9%,1205344.13,10.26%
2024-04-09,基金,黄金ETF(518880.XSHG),多,31900股,31900股,5.369,171271.1,41663.03,4.063,-,0,478.5,0股,32.15%,1205344.13,14.21%
2024-04-09,股票,长江电力(600900.XSHG),多,3400股,3400股,25.15,85510,15530.34,20.582,-,0,-714,0股,22.19%,1205344.13,7.09%
2024-04-09,股票,农业银行(601288.XSHG),多,19500股,19500股,4.28,83460,23658.82,3.067,-,0,-1170,0股,39.56%,1205344.13,6.92%
2024-04-09,,Cash,,,,,13176.43,,,,,,,,0
2024-04-10,基金,豆粕ETF华夏(159985.XSHE),多,38200股,38200股,2.143,81862.6,19395.4,1.635,-,0,-267.4,3100股,31.05%,1208684.01,6.77%
2024-04-10,基金,10年地债(511270.XSHG),多,5600股,5600股,112.696,631097.6,81318.57,98.175,-,0,784,0股,14.79%,1208684.01,52.21%
2024-04-10,基金,纳指ETF(513100.XSHG),多,101700股,101700股,1.333,135566.1,32459.34,1.014,-,0,474.1,8600股,31.48%,1208684.01,11.22%
2024-04-10,基金,黄金ETF(518880.XSHG),多,37900股,37900股,5.388,204205.2,42293.13,4.272,-,0,630.1,6000股,26.12%,1208684.01,16.89%
2024-04-10,股票,长江电力(600900.XSHG),多,3000股,3000股,25.63,76890,15143.24,20.582,-,0,1440,0股,24.52%,1208684.01,6.36%
2024-04-10,股票,农业银行(601288.XSHG),多,18400股,18400股,4.29,78936,22508.22,3.067,-,0,184,0股,39.89%,1208684.01,6.53%
2024-04-10,,Cash,,,,,126.51,,,,,,,,0
2024-04-11,基金,豆粕ETF华夏(159985.XSHE),多,38200股,38200股,2.12,80984,18516.8,1.635,-,0,-878.6,0股,29.64%,1204064.21,6.73%
2024-04-11,基金,10年地债(511270.XSHG),多,5600股,5600股,112.593,630520.8,80741.77,98.175,-,0,-576.8,0股,14.69%,1204064.21,52.37%
2024-04-11,基金,纳指ETF(513100.XSHG),多,101700股,101700股,1.321,134345.7,31238.94,1.014,-,0,-1220.4,0股,30.3%,1204064.21,11.16%
2024-04-11,基金,黄金ETF(518880.XSHG),多,37900股,37900股,5.348,202689.2,40777.13,4.272,-,0,-1516,0股,25.18%,1204064.21,16.83%
2024-04-11,股票,长江电力(600900.XSHG),多,3000股,3000股,25.61,76830,15083.24,20.582,-,0,-60,0股,24.43%,1204064.21,6.38%
2024-04-11,股票,农业银行(601288.XSHG),多,18400股,18400股,4.27,78568,22140.22,3.067,-,0,-368,0股,39.24%,1204064.21,6.53%
2024-04-11,,Cash,,,,,126.51,,,,,,,,0
2024-04-12,基金,豆粕ETF华夏(159985.XSHE),多,38200股,38200股,2.141,81786.2,19319,1.635,-,0,802.2,0股,30.93%,1212902.81,6.74%
2024-04-12,基金,10年地债(511270.XSHG),多,5600股,5600股,112.678,630996.8,81217.77,98.175,-,0,476,0股,14.77%,1212902.81,52.02%
2024-04-12,基金,纳指ETF(513100.XSHG),多,101700股,101700股,1.341,136379.7,33272.94,1.014,-,0,2034,0股,32.27%,1212902.81,11.24%
2024-04-12,基金,黄金ETF(518880.XSHG),多,37900股,37900股,5.504,208601.6,46689.53,4.272,-,0,5912.4,0股,28.84%,1212902.81,17.2%
2024-04-12,股票,长江电力(600900.XSHG),多,3000股,3000股,25.42,76260,14513.24,20.582,-,0,-570,0股,23.5%,1212902.81,6.29%
2024-04-12,股票,农业银行(601288.XSHG),多,18400股,18400股,4.28,78752,22324.22,3.067,-,0,184,0股,39.56%,1212902.81,6.49%
2024-04-12,,Cash,,,,,126.51,,,,,,,,0
2024-04-15,基金,豆粕ETF华夏(159985.XSHE),多,38200股,38200股,2.169,82855.8,20388.6,1.635,-,0,1069.6,0股,32.64%,1213035.91,6.83%
2024-04-15,基金,10年地债(511270.XSHG),多,5600股,5600股,112.77,631512,81732.97,98.175,-,0,515.2,0股,14.87%,1213035.91,52.06%
2024-04-15,基金,纳指ETF(513100.XSHG),多,101700股,101700股,1.329,135159.3,32052.54,1.014,-,0,-1220.4,0股,31.09%,1213035.91,11.14%
2024-04-15,基金,黄金ETF(518880.XSHG),多,37900股,37900股,5.417,205304.3,43392.23,4.272,-,0,-3297.3,0股,26.8%,1213035.91,16.92%
2024-04-15,股票,长江电力(600900.XSHG),多,3000股,3000股,25.89,77670,15923.24,20.582,-,0,1410,0股,25.79%,1213035.91,6.4%
2024-04-15,股票,农业银行(601288.XSHG),多,18400股,18400股,4.37,80408,23980.22,3.067,-,0,1656,0股,42.5%,1213035.91,6.63%
2024-04-15,,Cash,,,,,126.51,,,,,,,,0
2024-04-16,基金,豆粕ETF华夏(159985.XSHE),多,38200股,38200股,2.19,83658,21190.8,1.635,-,0,802.2,0股,33.92%,1213785.81,6.89%
2024-04-16,基金,10年地债(511270.XSHG),多,5600股,5600股,112.959,632570.4,82791.37,98.175,-,0,1058.4,0股,15.06%,1213785.81,52.12%
2024-04-16,基金,纳指ETF(513100.XSHG),多,101700股,101700股,1.293,131498.1,28391.34,1.014,-,0,-3661.2,0股,27.54%,1213785.81,10.83%
2024-04-16,基金,黄金ETF(518880.XSHG),多,37900股,37900股,5.452,206630.8,44718.73,4.272,-,0,1326.5,0股,27.62%,1213785.81,17.02%
2024-04-16,股票,长江电力(600900.XSHG),多,3000股,3000股,25.93,77790,16043.24,20.582,-,0,120,0股,25.98%,1213785.81,6.41%
2024-04-16,股票,农业银行(601288.XSHG),多,18400股,18400股,4.43,81512,25084.22,3.067,-,0,1104,0股,44.45%,1213785.81,6.72%
2024-04-16,,Cash,,,,,126.51,,,,,,,,0
2024-04-17,基金,豆粕ETF华夏(159985.XSHE),多,38200股,38200股,2.125,81175,18707.8,1.635,-,0,-2483,0股,29.95%,1212731.41,6.69%
2024-04-17,基金,10年地债(511270.XSHG),多,5600股,5600股,113.046,633057.6,83278.57,98.175,-,0,487.2,0股,15.15%,1212731.41,52.2%
2024-04-17,基金,纳指ETF(513100.XSHG),多,101700股,101700股,1.292,131396.4,28289.64,1.014,-,0,-101.7,0股,27.44%,1212731.41,10.83%
2024-04-17,基金,黄金ETF(518880.XSHG),多,37900股,37900股,5.461,206971.9,45059.83,4.272,-,0,341.1,0股,27.83%,1212731.41,17.07%
2024-04-17,股票,长江电力(600900.XSHG),多,3000股,3000股,25.98,77940,16193.24,20.582,-,0,150,0股,26.23%,1212731.41,6.43%
2024-04-17,股票,农业银行(601288.XSHG),多,18400股,18400股,4.46,82064,25636.22,3.067,-,0,552,0股,45.43%,1212731.41,6.77%
2024-04-17,,Cash,,,,,126.51,,,,,,,,0
2024-04-18,基金,豆粕ETF华夏(159985.XSHE),多,38200股,38200股,2.142,81824.4,19357.2,1.635,-,0,649.4,0股,30.99%,1213620.11,6.74%
2024-04-18,基金,10年地债(511270.XSHG),多,5600股,5600股,113.169,633746.4,83967.37,98.175,-,0,688.8,0股,15.27%,1213620.11,52.22%
2024-04-18,基金,纳指ETF(513100.XSHG),多,101700股,101700股,1.289,131091.3,27984.54,1.014,-,0,-305.1,0股,27.14%,1213620.11,10.8%
2024-04-18,基金,黄金ETF(518880.XSHG),多,37900股,37900股,5.445,206365.5,44453.43,4.272,-,0,-606.4,0股,27.46%,1213620.11,17%
2024-04-18,股票,长江电力(600900.XSHG),多,3000股,3000股,25.95,77850,16103.24,20.582,-,0,-90,0股,26.08%,1213620.11,6.41%
2024-04-18,股票,农业银行(601288.XSHG),多,18400股,18400股,4.49,82616,26188.22,3.067,-,0,552,0股,46.41%,1213620.11,6.81%
2024-04-18,,Cash,,,,,126.51,,,,,,,,0
2024-04-19,基金,豆粕ETF华夏(159985.XSHE),多,38200股,38200股,2.163,82626.6,20159.4,1.635,-,0,802.2,0股,32.27%,1214271.21,6.8%
2024-04-19,基金,10年地债(511270.XSHG),多,5600股,5600股,113.229,634082.4,84303.37,98.175,-,0,336,0股,15.33%,1214271.21,52.22%
2024-04-19,基金,纳指ETF(513100.XSHG),多,101700股,101700股,1.264,128548.8,25442.04,1.014,-,0,-2542.5,0股,24.68%,1214271.21,10.59%
2024-04-19,基金,黄金ETF(518880.XSHG),多,37900股,37900股,5.471,207350.9,45438.83,4.272,-,0,985.4,0股,28.06%,1214271.21,17.08%
2024-04-19,股票,长江电力(600900.XSHG),多,3000股,3000股,26,78000,16253.24,20.582,-,0,150,0股,26.32%,1214271.21,6.42%
2024-04-19,股票,农业银行(601288.XSHG),多,18400股,18400股,4.54,83536,27108.22,3.067,-,0,920,0股,48.04%,1214271.21,6.88%
2024-04-19,,Cash,,,,,126.51,,,,,,,,0
2024-04-22,基金,豆粕ETF华夏(159985.XSHE),多,38200股,38200股,2.156,82359.2,19892,1.635,-,0,-267.4,0股,31.84%,1209037.31,6.81%
2024-04-22,基金,10年地债(511270.XSHG),多,5600股,5600股,113.418,635140.8,85361.77,98.175,-,0,1058.4,0股,15.53%,1209037.31,52.53%
2024-04-22,基金,纳指ETF(513100.XSHG),多,101700股,101700股,1.256,127735.2,24628.44,1.014,-,0,-813.6,0股,23.89%,1209037.31,10.57%
2024-04-22,基金,黄金ETF(518880.XSHG),多,37900股,37900股,5.364,203295.6,41383.53,4.272,-,0,-4055.3,0股,25.56%,1209037.31,16.81%
2024-04-22,股票,长江电力(600900.XSHG),多,3000股,3000股,25.86,77580,15833.24,20.582,-,0,-420,0股,25.64%,1209037.31,6.42%
2024-04-22,股票,农业银行(601288.XSHG),多,18400股,18400股,4.5,82800,26372.22,3.067,-,0,-736,0股,46.74%,1209037.31,6.85%
2024-04-22,,Cash,,,,,126.51,,,,,,,,0
2024-04-23,基金,豆粕ETF华夏(159985.XSHE),多,38200股,38200股,2.167,82779.4,20312.2,1.635,-,0,420.2,0股,32.52%,1205094.61,6.87%
2024-04-23,基金,10年地债(511270.XSHG),多,5600股,5600股,113.526,635745.6,85966.57,98.175,-,0,604.8,0股,15.64%,1205094.61,52.75%
2024-04-23,基金,纳指ETF(513100.XSHG),多,101700股,101700股,1.259,128040.3,24933.54,1.014,-,0,305.1,0股,24.18%,1205094.61,10.62%
2024-04-23,基金,黄金ETF(518880.XSHG),多,37900股,37900股,5.232,198292.8,36380.73,4.272,-,0,-5002.8,0股,22.47%,1205094.61,16.45%
2024-04-23,股票,长江电力(600900.XSHG),多,3000股,3000股,25.77,77310,15563.24,20.582,-,0,-270,0股,25.2%,1205094.61,6.42%
2024-04-23,股票,农业银行(601288.XSHG),多,18400股,18400股,4.5,82800,26372.22,3.067,-,0,0,0股,46.74%,1205094.61,6.87%
2024-04-23,,Cash,,,,,126.51,,,,,,,,0
2024-04-24,基金,豆粕ETF华夏(159985.XSHE),多,38200股,38200股,2.19,83658,21190.8,1.635,-,0,878.6,0股,33.92%,1208483.11,6.92%
2024-04-24,基金,10年地债(511270.XSHG),多,5600股,5600股,113.09,633304,83524.97,98.175,-,0,-2441.6,0股,15.19%,1208483.11,52.4%
2024-04-24,基金,纳指ETF(513100.XSHG),多,101700股,101700股,1.289,131091.3,27984.54,1.014,-,0,3051,0股,27.14%,1208483.11,10.85%
2024-04-24,基金,黄金ETF(518880.XSHG),多,37900股,37900股,5.287,200377.3,38465.23,4.272,-,0,2084.5,0股,23.76%,1208483.11,16.58%
2024-04-24,股票,长江电力(600900.XSHG),多,3000股,3000股,25.77,77310,15563.24,20.582,-,0,0,0股,25.2%,1208483.11,6.4%
2024-04-24,股票,农业银行(601288.XSHG),多,18400股,18400股,4.49,82616,26188.22,3.067,-,0,-184,0股,46.41%,1208483.11,6.84%
2024-04-24,,Cash,,,,,126.51,,,,,,,,0
2024-04-25,基金,豆粕ETF华夏(159985.XSHE),多,38200股,38200股,2.182,83352.4,20885.2,1.635,-,0,-305.6,0股,33.43%,1208072.91,6.9%
2024-04-25,基金,10年地债(511270.XSHG),多,5600股,5600股,113.297,634463.2,84684.17,98.175,-,0,1159.2,0股,15.4%,1208072.91,52.52%
2024-04-25,基金,纳指ETF(513100.XSHG),多,101700股,101700股,1.268,128955.6,25848.84,1.014,-,0,-2135.7,0股,25.07%,1208072.91,10.67%
2024-04-25,基金,黄金ETF(518880.XSHG),多,37900股,37900股,5.288,200415.2,38503.13,4.272,-,0,37.9,0股,23.78%,1208072.91,16.59%
2024-04-25,股票,长江电力(600900.XSHG),多,3000股,3000股,25.68,77040,15293.24,20.582,-,0,-270,0股,24.77%,1208072.91,6.38%
2024-04-25,股票,农业银行(601288.XSHG),多,18400股,18400股,4.55,83720,27292.22,3.067,-,0,1104,0股,48.37%,1208072.91,6.93%
2024-04-25,,Cash,,,,,126.51,,,,,,,,0
2024-04-26,基金,豆粕ETF华夏(159985.XSHE),多,38200股,38200股,2.187,83543.4,21076.2,1.635,-,0,191,0股,33.74%,1206659.61,6.92%
2024-04-26,基金,10年地债(511270.XSHG),多,5600股,5600股,112.721,631237.6,81458.57,98.175,-,0,-3225.6,0股,14.82%,1206659.61,52.31%
2024-04-26,基金,纳指ETF(513100.XSHG),多,101700股,101700股,1.29,131193,28086.24,1.014,-,0,2237.4,0股,27.24%,1206659.61,10.87%
2024-04-26,基金,黄金ETF(518880.XSHG),多,37900股,37900股,5.329,201969.1,40057.03,4.272,-,0,1553.9,0股,24.74%,1206659.61,16.74%
2024-04-26,股票,长江电力(600900.XSHG),多,3000股,3000股,25.57,76710,14963.24,20.582,-,0,-330,0股,24.23%,1206659.61,6.36%
2024-04-26,股票,农业银行(601288.XSHG),多,18400股,18400股,4.45,81880,25452.22,3.067,-,0,-1840,0股,45.11%,1206659.61,6.79%
2024-04-26,,Cash,,,,,126.51,,,,,,,,0
2024-04-29,基金,豆粕ETF华夏(159985.XSHE),多,38200股,38200股,2.177,83161.4,20694.2,1.635,-,0,-382,0股,33.13%,1201062.71,6.92%
2024-04-29,基金,10年地债(511270.XSHG),多,5600股,5600股,112.061,627541.6,77762.57,98.175,-,0,-3696,0股,14.14%,1201062.71,52.25%
2024-04-29,基金,纳指ETF(513100.XSHG),多,101700股,101700股,1.298,132006.6,28899.84,1.014,-,0,813.6,0股,28.03%,1201062.71,10.99%
2024-04-29,基金,黄金ETF(518880.XSHG),多,37900股,37900股,5.294,200642.6,38730.53,4.272,-,0,-1326.5,0股,23.92%,1201062.71,16.71%
2024-04-29,股票,长江电力(600900.XSHG),多,3000股,3000股,25.48,76440,14693.24,20.582,-,0,-270,0股,23.8%,1201062.71,6.36%
2024-04-29,股票,农业银行(601288.XSHG),多,18400股,18400股,4.41,81144,24716.22,3.067,-,0,-736,0股,43.8%,1201062.71,6.76%
2024-04-29,,Cash,,,,,126.51,,,,,,,,0
2024-04-30,基金,豆粕ETF华夏(159985.XSHE),多,38200股,38200股,2.188,83581.6,21114.4,1.635,-,0,420.2,0股,33.8%,1204127.41,6.94%
2024-04-30,基金,10年地债(511270.XSHG),多,5600股,5600股,112.436,629641.6,79862.57,98.175,-,0,2100,0股,14.53%,1204127.41,52.29%
2024-04-30,基金,纳指ETF(513100.XSHG),多,101700股,101700股,1.299,132108.3,29001.54,1.014,-,0,101.7,0股,28.13%,1204127.41,10.97%
2024-04-30,基金,黄金ETF(518880.XSHG),多,37900股,37900股,5.286,200339.4,38427.33,4.272,-,0,-303.2,0股,23.73%,1204127.41,16.64%
2024-04-30,股票,长江电力(600900.XSHG),多,3000股,3000股,25.79,77370,15623.24,20.582,-,0,930,0股,25.3%,1204127.41,6.43%
2024-04-30,股票,农业银行(601288.XSHG),多,18400股,18400股,4.4,80960,24532.22,3.067,-,0,-184,0股,43.48%,1204127.41,6.72%
2024-04-30,,Cash,,,,,126.51,,,,,,,,0
2024-05-06,基金,豆粕ETF华夏(159985.XSHE),多,38200股,38200股,2.244,85720.8,23253.6,1.635,-,0,2139.2,0股,37.23%,1205052.51,7.11%
2024-05-06,基金,10年地债(511270.XSHG),多,5600股,5600股,112.717,631215.2,81436.17,98.175,-,0,1573.6,0股,14.81%,1205052.51,52.38%
2024-05-06,基金,纳指ETF(513100.XSHG),多,101700股,101700股,1.302,132413.4,29306.64,1.014,-,0,305.1,0股,28.42%,1205052.51,10.99%
2024-05-06,基金,黄金ETF(518880.XSHG),多,37900股,37900股,5.254,199126.6,37214.53,4.272,-,0,-1212.8,0股,22.98%,1205052.51,16.52%
2024-05-06,股票,长江电力(600900.XSHG),多,3000股,3000股,25.47,76410,14663.24,20.582,-,0,-960,0股,23.75%,1205052.51,6.34%
2024-05-06,股票,农业银行(601288.XSHG),多,18400股,18400股,4.35,80040,23612.22,3.067,-,0,-920,0股,41.85%,1205052.51,6.64%
2024-05-06,,Cash,,,,,126.51,,,,,,,,0
2024-05-07,基金,豆粕ETF华夏(159985.XSHE),多,38200股,38200股,2.315,88433,25965.8,1.635,-,0,2712.2,0股,41.57%,1211164.61,7.3%
2024-05-07,基金,10年地债(511270.XSHG),多,5600股,5600股,112.959,632570.4,82791.37,98.175,-,0,1355.2,0股,15.06%,1211164.61,52.23%
2024-05-07,基金,纳指ETF(513100.XSHG),多,101700股,101700股,1.315,133735.5,30628.74,1.014,-,0,1322.1,0股,29.71%,1211164.61,11.04%
2024-05-07,基金,黄金ETF(518880.XSHG),多,37900股,37900股,5.268,199657.2,37745.13,4.272,-,0,530.6,0股,23.31%,1211164.61,16.48%
2024-05-07,股票,长江电力(600900.XSHG),多,3000股,3000股,25.35,76050,14303.24,20.582,-,0,-360,0股,23.16%,1211164.61,6.28%
2024-05-07,股票,农业银行(601288.XSHG),多,18400股,18400股,4.38,80592,24164.22,3.067,-,0,552,0股,42.82%,1211164.61,6.65%
2024-05-07,,Cash,,,,,126.51,,,,,,,,0
2024-05-08,基金,豆粕ETF华夏(159985.XSHE),多,38200股,38200股,2.322,88700.4,26233.2,1.635,-,0,267.4,0股,42%,1212321.31,7.32%
2024-05-08,基金,10年地债(511270.XSHG),多,5600股,5600股,112.986,632721.6,82942.57,98.175,-,0,151.2,0股,15.09%,1212321.31,52.19%
2024-05-08,基金,纳指ETF(513100.XSHG),多,101700股,101700股,1.317,133938.9,30832.14,1.014,-,0,203.4,0股,29.9%,1212321.31,11.05%
2024-05-08,基金,黄金ETF(518880.XSHG),多,37900股,37900股,5.261,199391.9,37479.83,4.272,-,0,-265.3,0股,23.15%,1212321.31,16.45%
2024-05-08,股票,长江电力(600900.XSHG),多,3000股,3000股,25.31,75930,14183.24,20.582,-,0,-120,0股,22.97%,1212321.31,6.26%
2024-05-08,股票,农业银行(601288.XSHG),多,18400股,18400股,4.43,81512,25084.22,3.067,-,0,920,0股,44.45%,1212321.31,6.72%
2024-05-08,,Cash,,,,,126.51,,,,,,,,0
2024-05-09,基金,豆粕ETF华夏(159985.XSHE),多,38200股,38200股,2.31,88242,25774.8,1.635,-,0,-458.4,0股,41.26%,1209984.51,7.29%
2024-05-09,基金,10年地债(511270.XSHG),多,5600股,5600股,112.917,632335.2,82556.17,98.175,-,0,-386.4,0股,15.02%,1209984.51,52.26%
2024-05-09,基金,纳指ETF(513100.XSHG),多,101700股,101700股,1.314,133633.8,30527.04,1.014,-,0,-305.1,0股,29.61%,1209984.51,11.04%
2024-05-09,基金,黄金ETF(518880.XSHG),多,37900股,37900股,5.25,198975,37062.93,4.272,-,0,-416.9,0股,22.89%,1209984.51,16.44%
2024-05-09,股票,长江电力(600900.XSHG),多,3000股,3000股,25.36,76080,14333.24,20.582,-,0,150,0股,23.21%,1209984.51,6.29%
2024-05-09,股票,农业银行(601288.XSHG),多,18400股,18400股,4.38,80592,24164.22,3.067,-,0,-920,0股,42.82%,1209984.51,6.66%
2024-05-09,,Cash,,,,,126.51,,,,,,,,0
2024-05-10,基金,豆粕ETF华夏(159985.XSHE),多,38200股,38200股,2.275,86905,24437.8,1.635,-,0,-1337,0股,39.12%,1213827.11,7.16%
2024-05-10,基金,10年地债(511270.XSHG),多,5600股,5600股,112.878,632116.8,82337.77,98.175,-,0,-218.4,0股,14.98%,1213827.11,52.08%
2024-05-10,基金,纳指ETF(513100.XSHG),多,101700股,101700股,1.321,134345.7,31238.94,1.014,-,0,711.9,0股,30.3%,1213827.11,11.07%
2024-05-10,基金,黄金ETF(518880.XSHG),多,37900股,37900股,5.369,203485.1,41573.03,4.272,-,0,4510.1,0股,25.68%,1213827.11,16.76%
2024-05-10,股票,长江电力(600900.XSHG),多,3000股,3000股,25.48,76440,14693.24,20.582,-,0,360,0股,23.8%,1213827.11,6.3%
2024-05-10,股票,农业银行(601288.XSHG),多,18400股,18400股,4.37,80408,23980.22,3.067,-,0,-184,0股,42.5%,1213827.11,6.62%
2024-05-10,,Cash,,,,,126.51,,,,,,,,0
2024-05-13,基金,豆粕ETF华夏(159985.XSHE),多,43900股,43900股,2.296,100794.4,25217.2,1.722,-,0,779.4,5700股,33.37%,1215968.47,8.29%
2024-05-13,基金,10年地债(511270.XSHG),多,4900股,4900股,113.042,553905.8,72849.15,98.175,-,0,803.6,0股,15.14%,1215968.47,45.55%
2024-05-13,基金,纳指ETF(513100.XSHG),多,121400股,121400股,1.326,160976.4,31786.84,1.064,-,0,547.9,19700股,24.6%,1215968.47,13.24%
2024-05-13,基金,黄金ETF(518880.XSHG),多,32900股,32900股,5.337,175587.3,35035.66,4.272,-,0,-1052.8,0股,24.93%,1215968.47,14.44%
2024-05-13,股票,长江电力(600900.XSHG),多,5100股,3000股,25.62,130662,15491.24,22.583,-,0,798,2100股,13.45%,1215968.47,10.75%
2024-05-13,股票,农业银行(601288.XSHG),多,21400股,18400股,4.38,93732,24254.22,3.247,-,0,274,3000股,34.91%,1215968.47,7.71%
2024-05-13,,Cash,,,,,310.57,,,,,,,,0
2024-05-14,基金,豆粕ETF华夏(159985.XSHE),多,43900股,43900股,2.287,100399.3,24822.1,1.722,-,0,-395.1,0股,32.84%,1214245.27,8.27%
2024-05-14,基金,10年地债(511270.XSHG),多,4900股,4900股,113.041,553900.9,72844.25,98.175,-,0,-4.9,0股,15.14%,1214245.27,45.62%
2024-05-14,基金,纳指ETF(513100.XSHG),多,121400股,121400股,1.326,160976.4,31786.84,1.064,-,0,0,0股,24.6%,1214245.27,13.26%
2024-05-14,基金,黄金ETF(518880.XSHG),多,32900股,32900股,5.329,175324.1,34772.46,4.272,-,0,-263.2,0股,24.74%,1214245.27,14.44%
2024-05-14,股票,长江电力(600900.XSHG),多,5100股,5100股,25.58,130458,15287.24,22.583,-,0,-204,0股,13.27%,1214245.27,10.74%
2024-05-14,股票,农业银行(601288.XSHG),多,21400股,21400股,4.34,92876,23398.22,3.247,-,0,-856,0股,33.68%,1214245.27,7.65%
2024-05-14,,Cash,,,,,310.57,,,,,,,,0
2024-05-15,基金,豆粕ETF华夏(159985.XSHE),多,43900股,43900股,2.302,101057.8,25480.6,1.722,-,0,658.5,0股,33.71%,1216766.67,8.31%
2024-05-15,基金,10年地债(511270.XSHG),多,4900股,4900股,113.027,553832.3,72775.65,98.175,-,0,-68.6,0股,15.13%,1216766.67,45.52%
2024-05-15,基金,纳指ETF(513100.XSHG),多,121400股,121400股,1.335,162069,32879.44,1.064,-,0,1092.6,0股,25.45%,1216766.67,13.32%
2024-05-15,基金,黄金ETF(518880.XSHG),多,32900股,32900股,5.37,176673,36121.36,4.272,-,0,1348.9,0股,25.7%,1216766.67,14.52%
2024-05-15,股票,长江电力(600900.XSHG),多,5100股,5100股,25.48,129948,14777.24,22.583,-,0,-510,0股,12.83%,1216766.67,10.68%
2024-05-15,股票,农业银行(601288.XSHG),多,21400股,21400股,4.34,92876,23398.22,3.247,-,0,0,0股,33.68%,1216766.67,7.63%
2024-05-15,,Cash,,,,,310.57,,,,,,,,0
2024-05-16,基金,豆粕ETF华夏(159985.XSHE),多,43900股,43900股,2.298,100882.2,25305,1.722,-,0,-175.6,0股,33.48%,1219882.07,8.27%
2024-05-16,基金,10年地债(511270.XSHG),多,4900股,4900股,112.832,552876.8,71820.15,98.175,-,0,-955.5,0股,14.93%,1219882.07,45.32%
2024-05-16,基金,纳指ETF(513100.XSHG),多,121400股,121400股,1.358,164861.2,35671.64,1.064,-,0,2792.2,0股,27.61%,1219882.07,13.51%
2024-05-16,基金,黄金ETF(518880.XSHG),多,32900股,32900股,5.417,178219.3,37667.66,4.272,-,0,1546.3,0股,26.8%,1219882.07,14.61%
2024-05-16,股票,长江电力(600900.XSHG),多,5100股,5100股,25.42,129642,14471.24,22.583,-,0,-306,0股,12.57%,1219882.07,10.63%
2024-05-16,股票,农业银行(601288.XSHG),多,21400股,21400股,4.35,93090,23612.22,3.247,-,0,214,0股,33.99%,1219882.07,7.63%
2024-05-16,,Cash,,,,,310.57,,,,,,,,0
2024-05-17,基金,豆粕ETF华夏(159985.XSHE),多,43900股,43900股,2.325,102067.5,26490.3,1.722,-,0,1185.3,0股,35.05%,1222604.37,8.35%
2024-05-17,基金,10年地债(511270.XSHG),多,4900股,4900股,112.721,552332.9,71276.25,98.175,-,0,-543.9,0股,14.82%,1222604.37,45.18%
2024-05-17,基金,纳指ETF(513100.XSHG),多,121400股,121400股,1.355,164497,35307.44,1.064,-,0,-364.2,0股,27.33%,1222604.37,13.45%
2024-05-17,基金,黄金ETF(518880.XSHG),多,32900股,32900股,5.416,178186.4,37634.76,4.272,-,0,-32.9,0股,26.78%,1222604.37,14.57%
2024-05-17,股票,长江电力(600900.XSHG),多,5100股,5100股,25.78,131478,16307.24,22.583,-,0,1836,0股,14.16%,1222604.37,10.75%
2024-05-17,股票,农业银行(601288.XSHG),多,21400股,21400股,4.38,93732,24254.22,3.247,-,0,642,0股,34.91%,1222604.37,7.67%
2024-05-17,,Cash,,,,,310.57,,,,,,,,0
2024-05-20,基金,豆粕ETF华夏(159985.XSHE),多,43900股,43900股,2.317,101716.3,26139.1,1.722,-,0,-351.2,0股,34.59%,1228055.57,8.28%
2024-05-20,基金,10年地债(511270.XSHG),多,4900股,4900股,112.781,552626.9,71570.25,98.175,-,0,294,0股,14.88%,1228055.57,45%
2024-05-20,基金,纳指ETF(513100.XSHG),多,121400股,121400股,1.357,164739.8,35550.24,1.064,-,0,242.8,0股,27.52%,1228055.57,13.41%
2024-05-20,基金,黄金ETF(518880.XSHG),多,32900股,32900股,5.55,182595,42043.36,4.272,-,0,4408.6,0股,29.91%,1228055.57,14.87%
2024-05-20,股票,长江电力(600900.XSHG),多,5100股,5100股,25.99,132549,17378.24,22.583,-,0,1071,0股,15.09%,1228055.57,10.79%
2024-05-20,股票,农业银行(601288.XSHG),多,21400股,21400股,4.37,93518,24040.22,3.247,-,0,-214,0股,34.6%,1228055.57,7.62%
2024-05-20,,Cash,,,,,310.57,,,,,,,,0
2024-05-21,基金,豆粕ETF华夏(159985.XSHE),多,43900股,43900股,2.319,101804.1,26226.9,1.722,-,0,87.8,0股,34.7%,1227772.57,8.29%
2024-05-21,基金,10年地债(511270.XSHG),多,4900股,4900股,112.706,552259.4,71202.75,98.175,-,0,-367.5,0股,14.8%,1227772.57,44.98%
2024-05-21,基金,纳指ETF(513100.XSHG),多,121400股,121400股,1.364,165589.6,36400.04,1.064,-,0,849.8,0股,28.18%,1227772.57,13.49%
2024-05-21,基金,黄金ETF(518880.XSHG),多,32900股,32900股,5.481,180324.9,39773.26,4.272,-,0,-2270.1,0股,28.3%,1227772.57,14.69%
2024-05-21,股票,长江电力(600900.XSHG),多,5100股,5100股,26.1,133110,17939.24,22.583,-,0,561,0股,15.58%,1227772.57,10.84%
2024-05-21,股票,农业银行(601288.XSHG),多,21400股,21400股,4.41,94374,24896.22,3.247,-,0,856,0股,35.83%,1227772.57,7.69%
2024-05-21,,Cash,,,,,310.57,,,,,,,,0
2024-05-22,基金,豆粕ETF华夏(159985.XSHE),多,43900股,43900股,2.338,102638.2,27061,1.722,-,0,834.1,0股,35.81%,1229383.37,8.35%
2024-05-22,基金,10年地债(511270.XSHG),多,4900股,4900股,112.748,552465.2,71408.55,98.175,-,0,205.8,0股,14.84%,1229383.37,44.94%
2024-05-22,基金,纳指ETF(513100.XSHG),多,121400股,121400股,1.369,166196.6,37007.04,1.064,-,0,607,0股,28.65%,1229383.37,13.52%
2024-05-22,基金,黄金ETF(518880.XSHG),多,32900股,32900股,5.492,180686.8,40135.16,4.272,-,0,361.9,0股,28.56%,1229383.37,14.7%
2024-05-22,股票,长江电力(600900.XSHG),多,5100股,5100股,25.98,132498,17327.24,22.583,-,0,-612,0股,15.04%,1229383.37,10.78%
2024-05-22,股票,农业银行(601288.XSHG),多,21400股,21400股,4.42,94588,25110.22,3.247,-,0,214,0股,36.14%,1229383.37,7.69%
2024-05-22,,Cash,,,,,310.57,,,,,,,,0
2024-05-23,基金,豆粕ETF华夏(159985.XSHE),多,43900股,43900股,2.341,102769.9,27192.7,1.722,-,0,131.7,0股,35.98%,1227858.37,8.37%
2024-05-23,基金,10年地债(511270.XSHG),多,4900股,4900股,112.869,553058.1,72001.45,98.175,-,0,592.9,0股,14.97%,1227858.37,45.04%
2024-05-23,基金,纳指ETF(513100.XSHG),多,121400股,121400股,1.381,167653.4,38463.84,1.064,-,0,1456.8,0股,29.77%,1227858.37,13.65%
2024-05-23,基金,黄金ETF(518880.XSHG),多,32900股,32900股,5.366,176541.4,35989.76,4.272,-,0,-4145.4,0股,25.61%,1227858.37,14.38%
2024-05-23,股票,长江电力(600900.XSHG),多,5100股,5100股,26.15,133365,18194.24,22.583,-,0,867,0股,15.8%,1227858.37,10.86%
2024-05-23,股票,农业银行(601288.XSHG),多,21400股,21400股,4.4,94160,24682.22,3.247,-,0,-428,0股,35.53%,1227858.37,7.67%
2024-05-23,,Cash,,,,,310.57,,,,,,,,0
2024-05-24,基金,豆粕ETF华夏(159985.XSHE),多,43900股,43900股,2.322,101935.8,26358.6,1.722,-,0,-834.1,0股,34.88%,1223300.47,8.33%
2024-05-24,基金,10年地债(511270.XSHG),多,4900股,4900股,112.882,553121.8,72065.15,98.175,-,0,63.7,0股,14.98%,1223300.47,45.22%
2024-05-24,基金,纳指ETF(513100.XSHG),多,121400股,121400股,1.358,164861.2,35671.64,1.064,-,0,-2792.2,0股,27.61%,1223300.47,13.48%
2024-05-24,基金,黄金ETF(518880.XSHG),多,32900股,32900股,5.319,174995.1,34443.46,4.272,-,0,-1546.3,0股,24.51%,1223300.47,14.31%
2024-05-24,股票,长江电力(600900.XSHG),多,5100股,5100股,26.3,134130,18959.24,22.583,-,0,765,0股,16.46%,1223300.47,10.96%
2024-05-24,股票,农业银行(601288.XSHG),多,21400股,21400股,4.39,93946,24468.22,3.247,-,0,-214,0股,35.22%,1223300.47,7.68%
2024-05-24,,Cash,,,,,310.57,,,,,,,,0
2024-05-27,基金,豆粕ETF华夏(159985.XSHE),多,43900股,43900股,2.32,101848,26270.8,1.722,-,0,-87.8,0股,34.76%,1227713.77,8.3%
2024-05-27,基金,10年地债(511270.XSHG),多,4900股,4900股,112.796,552700.4,71643.75,98.175,-,0,-421.4,0股,14.89%,1227713.77,45.02%
2024-05-27,基金,纳指ETF(513100.XSHG),多,121400股,121400股,1.374,166803.6,37614.04,1.064,-,0,1942.4,0股,29.12%,1227713.77,13.59%
2024-05-27,基金,黄金ETF(518880.XSHG),多,32900股,32900股,5.338,175620.2,35068.56,4.272,-,0,625.1,0股,24.95%,1227713.77,14.3%
2024-05-27,股票,长江电力(600900.XSHG),多,5100股,5100股,26.51,135201,20030.24,22.583,-,0,1071,0股,17.39%,1227713.77,11.01%
2024-05-27,股票,农业银行(601288.XSHG),多,21400股,21400股,4.45,95230,25752.22,3.247,-,0,1284,0股,37.07%,1227713.77,7.76%
2024-05-27,,Cash,,,,,310.57,,,,,,,,0
2024-05-28,基金,豆粕ETF华夏(159985.XSHE),多,43900股,43900股,2.298,100882.2,25305,1.722,-,0,-965.8,0股,33.48%,1229220.67,8.21%
2024-05-28,基金,10年地债(511270.XSHG),多,4900股,4900股,112.927,553342.3,72285.65,98.175,-,0,641.9,0股,15.03%,1229220.67,45.02%
2024-05-28,基金,纳指ETF(513100.XSHG),多,121400股,121400股,1.38,167532,38342.44,1.064,-,0,728.4,0股,29.68%,1229220.67,13.63%
2024-05-28,基金,黄金ETF(518880.XSHG),多,32900股,32900股,5.334,175488.6,34936.96,4.272,-,0,-131.6,0股,24.86%,1229220.67,14.28%
2024-05-28,股票,长江电力(600900.XSHG),多,5100股,5100股,26.71,136221,21050.24,22.583,-,0,1020,0股,18.28%,1229220.67,11.08%
2024-05-28,股票,农业银行(601288.XSHG),多,21400股,21400股,4.46,95444,25966.22,3.247,-,0,214,0股,37.37%,1229220.67,7.76%
2024-05-28,,Cash,,,,,310.57,,,,,,,,0
2024-05-29,基金,豆粕ETF华夏(159985.XSHE),多,43900股,43900股,2.265,99433.5,23856.3,1.722,-,0,-1448.7,0股,31.57%,1228410.07,8.09%
2024-05-29,基金,10年地债(511270.XSHG),多,4900股,4900股,113.116,554268.4,73211.75,98.175,-,0,926.1,0股,15.22%,1228410.07,45.12%
2024-05-29,基金,纳指ETF(513100.XSHG),多,121400股,121400股,1.374,166803.6,37614.04,1.064,-,0,-728.4,0股,29.12%,1228410.07,13.58%
2024-05-29,基金,黄金ETF(518880.XSHG),多,32900股,32900股,5.37,176673,36121.36,4.272,-,0,1184.4,0股,25.7%,1228410.07,14.38%
2024-05-29,股票,长江电力(600900.XSHG),多,5100股,5100股,26.69,136119,20948.24,22.583,-,0,-102,0股,18.19%,1228410.07,11.08%
2024-05-29,股票,农业银行(601288.XSHG),多,21400股,21400股,4.43,94802,25324.22,3.247,-,0,-642,0股,36.45%,1228410.07,7.72%
2024-05-29,,Cash,,,,,310.57,,,,,,,,0
2024-05-30,基金,豆粕ETF华夏(159985.XSHE),多,43900股,43900股,2.246,98599.4,23022.2,1.722,-,0,-834.1,0股,30.46%,1223833.47,8.06%
2024-05-30,基金,10年地债(511270.XSHG),多,4900股,4900股,113.244,554895.6,73838.95,98.175,-,0,627.2,0股,15.35%,1223833.47,45.34%
2024-05-30,基金,纳指ETF(513100.XSHG),多,121400股,121400股,1.359,164982.6,35793.04,1.064,-,0,-1821,0股,27.71%,1223833.47,13.48%
2024-05-30,基金,黄金ETF(518880.XSHG),多,32900股,32900股,5.317,174929.3,34377.66,4.272,-,0,-1743.7,0股,24.46%,1223833.47,14.29%
2024-05-30,股票,长江电力(600900.XSHG),多,5100股,5100股,26.7,136170,20999.24,22.583,-,0,51,0股,18.23%,1223833.47,11.13%
2024-05-30,股票,农业银行(601288.XSHG),多,21400股,21400股,4.39,93946,24468.22,3.247,-,0,-856,0股,35.22%,1223833.47,7.68%
2024-05-30,,Cash,,,,,310.57,,,,,,,,0
2024-05-31,基金,豆粕ETF华夏(159985.XSHE),多,43900股,43900股,2.256,99038.4,23461.2,1.722,-,0,439,0股,31.04%,1223514.17,8.09%
2024-05-31,基金,10年地债(511270.XSHG),多,4900股,4900股,113.157,554469.3,73412.65,98.175,-,0,-426.3,0股,15.26%,1223514.17,45.32%
2024-05-31,基金,纳指ETF(513100.XSHG),多,121400股,121400股,1.353,164254.2,35064.64,1.064,-,0,-728.4,0股,27.14%,1223514.17,13.42%
2024-05-31,基金,黄金ETF(518880.XSHG),多,32900股,32900股,5.343,175784.7,35233.06,4.272,-,0,855.4,0股,25.07%,1223514.17,14.37%
2024-05-31,股票,长江电力(600900.XSHG),多,5100股,5100股,26.61,135711,20540.24,22.583,-,0,-459,0股,17.83%,1223514.17,11.09%
2024-05-31,股票,农业银行(601288.XSHG),多,21400股,21400股,4.39,93946,24468.22,3.247,-,0,0,0股,35.22%,1223514.17,7.68%
2024-05-31,,Cash,,,,,310.57,,,,,,,,0
2024-06-03,基金,豆粕ETF华夏(159985.XSHE),多,43900股,43900股,2.225,97677.5,22100.3,1.722,-,0,-1360.9,0股,29.24%,1226234.47,7.97%
2024-06-03,基金,10年地债(511270.XSHG),多,4900股,4900股,113.216,554758.4,73701.75,98.175,-,0,289.1,0股,15.32%,1226234.47,45.24%
2024-06-03,基金,纳指ETF(513100.XSHG),多,121400股,121400股,1.359,164982.6,35793.04,1.064,-,0,728.4,0股,27.71%,1226234.47,13.45%
2024-06-03,基金,黄金ETF(518880.XSHG),多,32900股,32900股,5.296,174238.4,33686.76,4.272,-,0,-1546.3,0股,23.97%,1226234.47,14.21%
2024-06-03,股票,长江电力(600900.XSHG),多,5100股,5100股,27.43,139893,24722.24,22.583,-,0,4182,0股,21.47%,1226234.47,11.41%
2024-06-03,股票,农业银行(601288.XSHG),多,21400股,21400股,4.41,94374,24896.22,3.247,-,0,428,0股,35.83%,1226234.47,7.7%
2024-06-03,,Cash,,,,,310.57,,,,,,,,0
2024-06-04,基金,豆粕ETF华夏(159985.XSHE),多,43900股,43900股,2.237,98204.3,22627.1,1.722,-,0,526.8,0股,29.94%,1228327.57,7.99%
2024-06-04,基金,10年地债(511270.XSHG),多,4900股,4900股,113.247,554910.3,73853.65,98.175,-,0,151.9,0股,15.35%,1228327.57,45.18%
2024-06-04,基金,纳指ETF(513100.XSHG),多,121400股,121400股,1.355,164497,35307.44,1.064,-,0,-485.6,0股,27.33%,1228327.57,13.39%
2024-06-04,基金,黄金ETF(518880.XSHG),多,32900股,32900股,5.346,175883.4,35331.76,4.272,-,0,1645,0股,25.14%,1228327.57,14.32%
2024-06-04,股票,长江电力(600900.XSHG),多,5100股,5100股,27.48,140148,24977.24,22.583,-,0,255,0股,21.69%,1228327.57,11.41%
2024-06-04,股票,农业银行(601288.XSHG),多,21400股,21400股,4.41,94374,24896.22,3.247,-,0,0,0股,35.83%,1228327.57,7.68%
2024-06-04,,Cash,,,,,310.57,,,,,,,,0
2024-06-05,基金,豆粕ETF华夏(159985.XSHE),多,43900股,43900股,2.254,98950.6,23373.4,1.722,-,0,746.3,0股,30.93%,1233500.67,8.02%
2024-06-05,基金,10年地债(511270.XSHG),多,4900股,4900股,113.395,555635.5,74578.85,98.175,-,0,725.2,0股,15.5%,1233500.67,45.05%
2024-06-05,基金,纳指ETF(513100.XSHG),多,121400股,121400股,1.366,165832.4,36642.84,1.064,-,0,1335.4,0股,28.36%,1233500.67,13.44%
2024-06-05,基金,黄金ETF(518880.XSHG),多,32900股,32900股,5.324,175159.6,34607.96,4.272,-,0,-723.8,0股,24.62%,1233500.67,14.2%
2024-06-05,股票,长江电力(600900.XSHG),多,5100股,5100股,27.96,142596,27425.24,22.583,-,0,2448,0股,23.81%,1233500.67,11.56%
2024-06-05,股票,农业银行(601288.XSHG),多,21400股,21400股,4.44,95016,25538.22,3.247,-,0,642,0股,36.76%,1233500.67,7.7%
2024-06-05,,Cash,,,,,310.57,,,,,,,,0
2024-06-06,基金,豆粕ETF华夏(159985.XSHE),多,43900股,43900股,2.263,99345.7,23768.5,1.722,-,0,395.1,0股,31.45%,1239623.77,8.01%
2024-06-06,基金,10年地债(511270.XSHG),多,4900股,4900股,113.369,555508.1,74451.45,98.175,-,0,-127.4,0股,15.48%,1239623.77,44.81%
2024-06-06,基金,纳指ETF(513100.XSHG),多,121400股,121400股,1.393,169110.2,39920.64,1.064,-,0,3277.8,0股,30.9%,1239623.77,13.64%
2024-06-06,基金,黄金ETF(518880.XSHG),多,32900股,32900股,5.398,177594.2,37042.56,4.272,-,0,2434.6,0股,26.36%,1239623.77,14.33%
2024-06-06,股票,长江电力(600900.XSHG),多,5100股,5100股,28.03,142953,27782.24,22.583,-,0,357,0股,24.12%,1239623.77,11.53%
2024-06-06,股票,农业银行(601288.XSHG),多,21400股,21400股,4.43,94802,25324.22,3.247,-,0,-214,0股,36.45%,1239623.77,7.65%
2024-06-06,,Cash,,,,,310.57,,,,,,,,0
2024-06-07,基金,豆粕ETF华夏(159985.XSHE),多,43900股,43900股,2.264,99389.6,23812.4,1.722,-,0,43.9,0股,31.51%,1242010.88,8%
2024-06-07,基金,10年地债(511270.XSHG),多,4900股,4900股,113.46,555954,74897.35,98.175,-,0,445.9,0股,15.57%,1242010.88,44.76%
2024-06-07,基金,纳指ETF(513100.XSHG),多,121400股,121400股,1.394,169231.6,40042.04,1.064,-,0,121.4,0股,30.99%,1242010.88,13.63%
2024-06-07,基金,黄金ETF(518880.XSHG),多,32900股,32900股,5.399,177627.1,37075.46,4.272,-,0,32.9,0股,26.38%,1242010.88,14.3%
2024-06-07,股票,长江电力(600900.XSHG),多,5100股,5100股,28.31,144381,29210.24,22.583,-,0,1428,0股,25.36%,1242010.88,11.62%
2024-06-07,股票,农业银行(601288.XSHG),多,21400股,21400股,4.26,91164,26627.48,3.016,-,0,1303.26,0股,41.26%,1242010.88,7.34%
2024-06-07,,Cash,,,,,4263.58,,,,,,,,0
2024-06-11,基金,豆粕ETF华夏(159985.XSHE),多,48800股,48800股,2.247,109653.6,22963.2,1.776,-,0,-849.2,4900股,26.49%,1233400.41,8.89%
2024-06-11,基金,10年地债(511270.XSHG),多,4900股,4900股,113.542,556355.8,75299.15,98.175,-,0,401.8,0股,15.65%,1233400.41,45.11%
2024-06-11,基金,纳指ETF(513100.XSHG),多,116400股,116400股,1.395,162378,38509.26,1.064,-,0,116.4,0股,31.09%,1233400.41,13.17%
2024-06-11,基金,黄金ETF(518880.XSHG),多,31300股,31300股,5.237,163918.1,30201.8,4.272,-,0,-5070.6,0股,22.59%,1233400.41,13.29%
2024-06-11,股票,长江电力(600900.XSHG),多,4800股,4800股,28.18,135264,26867.99,22.583,-,0,-624,0股,24.79%,1233400.41,10.97%
2024-06-11,股票,农业银行(601288.XSHG),多,25300股,21400股,4.17,105501,24350.48,3.208,-,0,-2277,3900股,30.01%,1233400.41,8.55%
2024-06-11,,Cash,,,,,329.91,,,,,,,,0
2024-06-12,基金,豆粕ETF华夏(159985.XSHE),多,48800股,48800股,2.252,109897.6,23207.2,1.776,-,0,244,0股,26.77%,1236710.51,8.89%
2024-06-12,基金,10年地债(511270.XSHG),多,4900股,4900股,113.523,556262.7,75206.05,98.175,-,0,-93.1,0股,15.63%,1236710.51,44.98%
2024-06-12,基金,纳指ETF(513100.XSHG),多,116400股,116400股,1.408,163891.2,40022.46,1.064,-,0,1513.2,0股,32.31%,1236710.51,13.25%
2024-06-12,基金,黄金ETF(518880.XSHG),多,31300股,31300股,5.267,164857.1,31140.8,4.272,-,0,939,0股,23.29%,1236710.51,13.33%
2024-06-12,股票,长江电力(600900.XSHG),多,4800股,4800股,28.38,136224,27827.99,22.583,-,0,960,0股,25.67%,1236710.51,11.02%
2024-06-12,股票,农业银行(601288.XSHG),多,25300股,25300股,4.16,105248,24097.48,3.208,-,0,-253,0股,29.69%,1236710.51,8.51%
2024-06-12,,Cash,,,,,329.91,,,,,,,,0
2024-06-13,基金,豆粕ETF华夏(159985.XSHE),多,48800股,48800股,2.212,107945.6,21255.2,1.776,-,0,-1952,0股,24.52%,1241163.71,8.7%
2024-06-13,基金,10年地债(511270.XSHG),多,4900股,4900股,113.529,556292.1,75235.45,98.175,-,0,29.4,0股,15.64%,1241163.71,44.82%
2024-06-13,基金,纳指ETF(513100.XSHG),多,116400股,116400股,1.436,167150.4,43281.66,1.064,-,0,3259.2,0股,34.94%,1241163.71,13.47%
2024-06-13,基金,黄金ETF(518880.XSHG),多,31300股,31300股,5.269,164919.7,31203.4,4.272,-,0,62.6,0股,23.34%,1241163.71,13.29%
2024-06-13,股票,长江电力(600900.XSHG),多,4800股,4800股,28.7,137760,29363.99,22.583,-,0,1536,0股,27.09%,1241163.71,11.1%
2024-06-13,股票,农业银行(601288.XSHG),多,25300股,25300股,4.22,106766,25615.48,3.208,-,0,1518,0股,31.57%,1241163.71,8.6%
2024-06-13,,Cash,,,,,329.91,,,,,,,,0
2024-06-14,基金,豆粕ETF华夏(159985.XSHE),多,48800股,48800股,2.232,108921.6,22231.2,1.776,-,0,976,0股,25.64%,1240107.41,8.78%
2024-06-14,基金,10年地债(511270.XSHG),多,4900股,4900股,113.754,557394.6,76337.95,98.175,-,0,1102.5,0股,15.87%,1240107.41,44.95%
2024-06-14,基金,纳指ETF(513100.XSHG),多,116400股,116400股,1.435,167034,43165.26,1.064,-,0,-116.4,0股,34.85%,1240107.41,13.47%
2024-06-14,基金,黄金ETF(518880.XSHG),多,31300股,31300股,5.271,164982.3,31266,4.272,-,0,62.6,0股,23.38%,1240107.41,13.3%
2024-06-14,股票,长江电力(600900.XSHG),多,4800股,4800股,27.9,133920,25523.99,22.583,-,0,-3840,0股,23.55%,1240107.41,10.8%
2024-06-14,股票,农业银行(601288.XSHG),多,25300股,25300股,4.25,107525,26374.48,3.208,-,0,759,0股,32.5%,1240107.41,8.67%
2024-06-14,,Cash,,,,,329.91,,,,,,,,0
2024-06-17,基金,豆粕ETF华夏(159985.XSHE),多,48800股,48800股,2.194,107067.2,20376.8,1.776,-,0,-1854.4,0股,23.51%,1237972.61,8.65%
2024-06-17,基金,10年地债(511270.XSHG),多,4900股,4900股,113.926,558237.4,77180.75,98.175,-,0,842.8,0股,16.04%,1237972.61,45.09%
2024-06-17,基金,纳指ETF(513100.XSHG),多,116400股,116400股,1.441,167732.4,43863.66,1.064,-,0,698.4,0股,35.41%,1237972.61,13.55%
2024-06-17,基金,黄金ETF(518880.XSHG),多,31300股,31300股,5.279,165232.7,31516.4,4.272,-,0,250.4,0股,23.57%,1237972.61,13.35%
2024-06-17,股票,长江电力(600900.XSHG),多,4800股,4800股,27.89,133872,25475.99,22.583,-,0,-48,0股,23.5%,1237972.61,10.81%
2024-06-17,股票,农业银行(601288.XSHG),多,25300股,25300股,4.17,105501,24350.48,3.208,-,0,-2024,0股,30.01%,1237972.61,8.52%
2024-06-17,,Cash,,,,,329.91,,,,,,,,0
2024-06-18,基金,豆粕ETF华夏(159985.XSHE),多,48800股,48800股,2.173,106042.4,19352,1.776,-,0,-1024.8,0股,22.32%,1239876.81,8.55%
2024-06-18,基金,10年地债(511270.XSHG),多,4900股,4900股,114.077,558977.3,77920.65,98.175,-,0,739.9,0股,16.2%,1239876.81,45.08%
2024-06-18,基金,纳指ETF(513100.XSHG),多,116400股,116400股,1.46,169944,46075.26,1.064,-,0,2211.6,0股,37.2%,1239876.81,13.71%
2024-06-18,基金,黄金ETF(518880.XSHG),多,31300股,31300股,5.284,165389.2,31672.9,4.272,-,0,156.5,0股,23.69%,1239876.81,13.34%
2024-06-18,股票,长江电力(600900.XSHG),多,4800股,4800股,27.8,133440,25043.99,22.583,-,0,-432,0股,23.1%,1239876.81,10.76%
2024-06-18,股票,农业银行(601288.XSHG),多,25300股,25300股,4.18,105754,24603.48,3.208,-,0,253,0股,30.32%,1239876.81,8.53%
2024-06-18,,Cash,,,,,329.91,,,,,,,,0
2024-06-19,基金,豆粕ETF华夏(159985.XSHE),多,48800股,48800股,2.181,106432.8,19742.4,1.776,-,0,390.4,0股,22.77%,1243389.91,8.56%
2024-06-19,基金,10年地债(511270.XSHG),多,4900股,4900股,114.091,559045.9,77989.25,98.175,-,0,68.6,0股,16.21%,1243389.91,44.96%
2024-06-19,基金,纳指ETF(513100.XSHG),多,116400股,116400股,1.462,170176.8,46308.06,1.064,-,0,232.8,0股,37.38%,1243389.91,13.69%
2024-06-19,基金,黄金ETF(518880.XSHG),多,31300股,31300股,5.305,166046.5,32330.2,4.272,-,0,657.3,0股,24.18%,1243389.91,13.35%
2024-06-19,股票,长江电力(600900.XSHG),多,4800股,4800股,28.04,134592,26195.99,22.583,-,0,1152,0股,24.17%,1243389.91,10.82%
2024-06-19,股票,农业银行(601288.XSHG),多,25300股,25300股,4.22,106766,25615.48,3.208,-,0,1012,0股,31.57%,1243389.91,8.59%
2024-06-19,,Cash,,,,,329.91,,,,,,,,0
2024-06-20,基金,豆粕ETF华夏(159985.XSHE),多,48800股,48800股,2.185,106628,19937.6,1.776,-,0,195.2,0股,23%,1248164.31,8.54%
2024-06-20,基金,10年地债(511270.XSHG),多,4900股,4900股,114.097,559075.3,78018.65,98.175,-,0,29.4,0股,16.22%,1248164.31,44.79%
2024-06-20,基金,纳指ETF(513100.XSHG),多,116400股,116400股,1.472,171340.8,47472.06,1.064,-,0,1164,0股,38.32%,1248164.31,13.73%
2024-06-20,基金,黄金ETF(518880.XSHG),多,31300股,31300股,5.351,167486.3,33770,4.272,-,0,1439.8,0股,25.25%,1248164.31,13.42%
2024-06-20,股票,长江电力(600900.XSHG),多,4800股,4800股,28.34,136032,27635.99,22.583,-,0,1440,0股,25.5%,1248164.31,10.9%
2024-06-20,股票,农业银行(601288.XSHG),多,25300股,25300股,4.24,107272,26121.48,3.208,-,0,506,0股,32.19%,1248164.31,8.59%
2024-06-20,,Cash,,,,,329.91,,,,,,,,0
2024-06-21,基金,豆粕ETF华夏(159985.XSHE),多,48800股,48800股,2.156,105212.8,18522.4,1.776,-,0,-1415.2,0股,21.37%,1243197.21,8.46%
2024-06-21,基金,10年地债(511270.XSHG),多,4900股,4900股,114.003,558614.7,77558.05,98.175,-,0,-460.6,0股,16.12%,1243197.21,44.93%
2024-06-21,基金,纳指ETF(513100.XSHG),多,116400股,116400股,1.45,168780,44911.26,1.064,-,0,-2560.8,0股,36.26%,1243197.21,13.58%
2024-06-21,基金,黄金ETF(518880.XSHG),多,31300股,31300股,5.376,168268.8,34552.5,4.272,-,0,782.5,0股,25.84%,1243197.21,13.54%
2024-06-21,股票,长江电力(600900.XSHG),多,4800股,4800股,28.33,135984,27587.99,22.583,-,0,-48,0股,25.45%,1243197.21,10.94%
2024-06-21,股票,农业银行(601288.XSHG),多,25300股,25300股,4.19,106007,24856.48,3.208,-,0,-1265,0股,30.63%,1243197.21,8.53%
2024-06-21,,Cash,,,,,329.91,,,,,,,,0
2024-06-24,基金,豆粕ETF华夏(159985.XSHE),多,48800股,48800股,2.165,105652,18961.6,1.776,-,0,439.2,0股,21.87%,1245324.41,8.48%
2024-06-24,基金,10年地债(511270.XSHG),多,4900股,4900股,114.181,559486.9,78430.25,98.175,-,0,872.2,0股,16.3%,1245324.41,44.93%
2024-06-24,基金,纳指ETF(513100.XSHG),多,116400股,116400股,1.444,168081.6,44212.86,1.064,-,0,-698.4,0股,35.69%,1245324.41,13.5%
2024-06-24,基金,黄金ETF(518880.XSHG),多,31300股,31300股,5.29,165577,31860.7,4.272,-,0,-2691.8,0股,23.83%,1245324.41,13.3%
2024-06-24,股票,长江电力(600900.XSHG),多,4800股,4800股,28.89,138672,30275.99,22.583,-,0,2688,0股,27.93%,1245324.41,11.14%
2024-06-24,股票,农业银行(601288.XSHG),多,25300股,25300股,4.25,107525,26374.48,3.208,-,0,1518,0股,32.5%,1245324.41,8.63%
2024-06-24,,Cash,,,,,329.91,,,,,,,,0
2024-06-25,基金,豆粕ETF华夏(159985.XSHE),多,48800股,48800股,2.171,105944.8,19254.4,1.776,-,0,292.8,0股,22.21%,1243465.41,8.52%
2024-06-25,基金,10年地债(511270.XSHG),多,4900股,4900股,114.205,559604.5,78547.85,98.175,-,0,117.6,0股,16.33%,1243465.41,45%
2024-06-25,基金,纳指ETF(513100.XSHG),多,116400股,116400股,1.429,166335.6,42466.86,1.064,-,0,-1746,0股,34.28%,1243465.41,13.38%
2024-06-25,基金,黄金ETF(518880.XSHG),多,31300股,31300股,5.302,165952.6,32236.3,4.272,-,0,375.6,0股,24.11%,1243465.41,13.35%
2024-06-25,股票,长江电力(600900.XSHG),多,4800股,4800股,28.65,137520,29123.99,22.583,-,0,-1152,0股,26.87%,1243465.41,11.06%
2024-06-25,股票,农业银行(601288.XSHG),多,25300股,25300股,4.26,107778,26627.48,3.208,-,0,253,0股,32.81%,1243465.41,8.67%
2024-06-25,,Cash,,,,,329.91,,,,,,,,0
2024-06-26,基金,豆粕ETF华夏(159985.XSHE),多,48800股,48800股,2.175,106140,19449.6,1.776,-,0,195.2,0股,22.44%,1246642.91,8.51%
2024-06-26,基金,10年地债(511270.XSHG),多,4900股,4900股,114.267,559908.3,78851.65,98.175,-,0,303.8,0股,16.39%,1246642.91,44.91%
2024-06-26,基金,纳指ETF(513100.XSHG),多,116400股,116400股,1.456,169478.4,45609.66,1.064,-,0,3142.8,0股,36.82%,1246642.91,13.59%
2024-06-26,基金,黄金ETF(518880.XSHG),多,31300股,31300股,5.271,164982.3,31266,4.272,-,0,-970.3,0股,23.38%,1246642.91,13.23%
2024-06-26,股票,长江电力(600900.XSHG),多,4800股,4800股,28.65,137520,29123.99,22.583,-,0,0,0股,26.87%,1246642.91,11.03%
2024-06-26,股票,农业银行(601288.XSHG),多,25300股,25300股,4.28,108284,27133.48,3.208,-,0,506,0股,33.44%,1246642.91,8.69%
2024-06-26,,Cash,,,,,329.91,,,,,,,,0
2024-06-27,基金,豆粕ETF华夏(159985.XSHE),多,48800股,48800股,2.175,106140,19449.6,1.776,-,0,0,0股,22.44%,1247976.01,8.5%
2024-06-27,基金,10年地债(511270.XSHG),多,4900股,4900股,113.575,556517.5,79380.85,97.375,-,0,529.2,0股,16.64%,1247976.01,44.59%
2024-06-27,基金,纳指ETF(513100.XSHG),多,116400股,116400股,1.455,169362,45493.26,1.064,-,0,-116.4,0股,36.73%,1247976.01,13.57%
2024-06-27,基金,黄金ETF(518880.XSHG),多,31300股,31300股,5.242,164074.6,30358.3,4.272,-,0,-907.7,0股,22.7%,1247976.01,13.15%
2024-06-27,股票,长江电力(600900.XSHG),多,4800股,4800股,28.82,138336,29939.99,22.583,-,0,816,0股,27.62%,1247976.01,11.08%
2024-06-27,股票,农业银行(601288.XSHG),多,25300股,25300股,4.32,109296,28145.48,3.208,-,0,1012,0股,34.68%,1247976.01,8.76%
2024-06-27,,Cash,,,,,4249.91,,,,,,,,0
2024-06-28,基金,豆粕ETF华夏(159985.XSHE),多,48800股,48800股,2.182,106481.6,19791.2,1.776,-,0,341.6,0股,22.83%,1253883.61,8.49%
2024-06-28,基金,10年地债(511270.XSHG),多,4900股,4900股,113.58,556542,79405.35,97.375,-,0,24.5,0股,16.64%,1253883.61,44.39%
2024-06-28,基金,纳指ETF(513100.XSHG),多,116400股,116400股,1.475,171690,47821.26,1.064,-,0,2328,0股,38.61%,1253883.61,13.69%
2024-06-28,基金,黄金ETF(518880.XSHG),多,31300股,31300股,5.297,165796.1,32079.8,4.272,-,0,1721.5,0股,23.99%,1253883.61,13.22%
2024-06-28,股票,长江电力(600900.XSHG),多,4800股,4800股,28.92,138816,30419.99,22.583,-,0,480,0股,28.06%,1253883.61,11.07%
2024-06-28,股票,农业银行(601288.XSHG),多,25300股,25300股,4.36,110308,29157.48,3.208,-,0,1012,0股,35.93%,1253883.61,8.8%
2024-06-28,,Cash,,,,,4249.91,,,,,,,,0
2024-07-01,基金,豆粕ETF华夏(159985.XSHE),多,48800股,48800股,2.176,106188.8,19498.4,1.776,-,0,-292.8,0股,22.49%,1256549.91,8.45%
2024-07-01,基金,10年地债(511270.XSHG),多,4900股,4900股,113.257,554959.3,77822.65,97.375,-,0,-1582.7,0股,16.31%,1256549.91,44.17%
2024-07-01,基金,纳指ETF(513100.XSHG),多,116400股,116400股,1.473,171457.2,47588.46,1.064,-,0,-232.8,0股,38.42%,1256549.91,13.65%
2024-07-01,基金,黄金ETF(518880.XSHG),多,31300股,31300股,5.299,165858.7,32142.4,4.272,-,0,62.6,0股,24.04%,1256549.91,13.2%
2024-07-01,股票,长江电力(600900.XSHG),多,4800股,4800股,29.48,141504,33107.99,22.583,-,0,2688,0股,30.54%,1256549.91,11.26%
2024-07-01,股票,农业银行(601288.XSHG),多,25300股,25300股,4.44,112332,31181.48,3.208,-,0,2024,0股,38.42%,1256549.91,8.94%
2024-07-01,,Cash,,,,,4249.91,,,,,,,,0
2024-07-02,基金,豆粕ETF华夏(159985.XSHE),多,48800股,48800股,2.197,107213.6,20523.2,1.776,-,0,1024.8,0股,23.67%,1261369.91,8.5%
2024-07-02,基金,10年地债(511270.XSHG),多,4900股,4900股,113.55,556395,79258.35,97.375,-,0,1435.7,0股,16.61%,1261369.91,44.11%
2024-07-02,基金,纳指ETF(513100.XSHG),多,116400股,116400股,1.474,171573.6,47704.86,1.064,-,0,116.4,0股,38.51%,1261369.91,13.6%
2024-07-02,基金,黄金ETF(518880.XSHG),多,31300股,31300股,5.306,166077.8,32361.5,4.272,-,0,219.1,0股,24.2%,1261369.91,13.17%
2024-07-02,股票,长江电力(600900.XSHG),多,4800股,4800股,29.48,141504,33107.99,22.583,-,0,0,0股,30.54%,1261369.91,11.22%
2024-07-02,股票,农业银行(601288.XSHG),多,25300股,25300股,4.52,114356,33205.48,3.208,-,0,2024,0股,40.92%,1261369.91,9.07%
2024-07-02,,Cash,,,,,4249.91,,,,,,,,0
2024-07-03,基金,豆粕ETF华夏(159985.XSHE),多,48800股,48800股,2.19,106872,20181.6,1.776,-,0,-341.6,0股,23.28%,1264014.11,8.45%
2024-07-03,基金,10年地债(511270.XSHG),多,4900股,4900股,113.632,556796.8,79660.15,97.375,-,0,401.8,0股,16.7%,1264014.11,44.05%
2024-07-03,基金,纳指ETF(513100.XSHG),多,116400股,116400股,1.501,174716.4,50847.66,1.064,-,0,3142.8,0股,41.05%,1264014.11,13.82%
2024-07-03,基金,黄金ETF(518880.XSHG),多,31300股,31300股,5.34,167142,33425.7,4.272,-,0,1064.2,0股,25%,1264014.11,13.22%
2024-07-03,股票,长江电力(600900.XSHG),多,4800股,4800股,29.3,140640,32243.99,22.583,-,0,-864,0股,29.75%,1264014.11,11.13%
2024-07-03,股票,农业银行(601288.XSHG),多,25300股,25300股,4.49,113597,32446.48,3.208,-,0,-759,0股,39.98%,1264014.11,8.99%
2024-07-03,,Cash,,,,,4249.91,,,,,,,,0
2024-07-04,基金,豆粕ETF华夏(159985.XSHE),多,48800股,48800股,2.14,104432,17741.6,1.776,-,0,-2440,0股,20.47%,1264617.91,8.26%
2024-07-04,基金,10年地债(511270.XSHG),多,4900股,4900股,113.585,556566.5,79429.85,97.375,-,0,-230.3,0股,16.65%,1264617.91,44.01%
2024-07-04,基金,纳指ETF(513100.XSHG),多,116400股,116400股,1.51,175764,51895.26,1.064,-,0,1047.6,0股,41.9%,1264617.91,13.9%
2024-07-04,基金,黄金ETF(518880.XSHG),多,31300股,31300股,5.365,167924.5,34208.2,4.272,-,0,782.5,0股,25.58%,1264617.91,13.28%
2024-07-04,股票,长江电力(600900.XSHG),多,4800股,4800股,29.39,141072,32675.99,22.583,-,0,432,0股,30.15%,1264617.91,11.16%
2024-07-04,股票,农业银行(601288.XSHG),多,25300股,25300股,4.53,114609,33458.48,3.208,-,0,1012,0股,41.23%,1264617.91,9.06%
2024-07-04,,Cash,,,,,4249.91,,,,,,,,0
2024-07-05,基金,豆粕ETF华夏(159985.XSHE),多,48800股,48800股,2.158,105310.4,18620,1.776,-,0,878.4,0股,21.48%,1265548.01,8.32%
2024-07-05,基金,10年地债(511270.XSHG),多,4900股,4900股,113.472,556012.8,78876.15,97.375,-,0,-553.7,0股,16.53%,1265548.01,43.93%
2024-07-05,基金,纳指ETF(513100.XSHG),多,116400股,116400股,1.529,177975.6,54106.86,1.064,-,0,2211.6,0股,43.68%,1265548.01,14.06%
2024-07-05,基金,黄金ETF(518880.XSHG),多,31300股,31300股,5.381,168425.3,34709,4.272,-,0,500.8,0股,25.96%,1265548.01,13.31%
2024-07-05,股票,长江电力(600900.XSHG),多,4800股,4800股,29.32,140736,32339.99,22.583,-,0,-336,0股,29.84%,1265548.01,11.12%
2024-07-05,股票,农业银行(601288.XSHG),多,25300股,25300股,4.46,112838,31687.48,3.208,-,0,-1771,0股,39.05%,1265548.01,8.92%
2024-07-05,,Cash,,,,,4249.91,,,,,,,,0
2024-07-08,基金,豆粕ETF华夏(159985.XSHE),多,54600股,54600股,2.145,117117,17910.2,1.817,-,0,-709.8,5800股,18.05%,1270356.3,9.22%
2024-07-08,基金,10年地债(511270.XSHG),多,5200股,5200股,113.278,589045.6,77927.35,98.292,-,0,-948.8,300股,15.25%,1270356.3,46.37%
2024-07-08,基金,纳指ETF(513100.XSHG),多,112500股,112500股,1.552,174600,54881.5,1.064,-,0,2587.5,0股,45.84%,1270356.3,13.74%
2024-07-08,基金,黄金ETF(518880.XSHG),多,27300股,27300股,5.384,146983.2,30355.24,4.272,-,0,81.9,0股,26.03%,1270356.3,11.57%
2024-07-08,股票,长江电力(600900.XSHG),多,4200股,4200股,29.92,125664,30817.49,22.583,-,0,2520,0股,32.49%,1270356.3,9.89%
2024-07-08,股票,农业银行(601288.XSHG),多,25400股,25300股,4.5,114300,32698.48,3.213,-,0,1011,100股,40.07%,1270356.3,9%
2024-07-08,,Cash,,,,,2646.5,,,,,,,,0
2024-07-09,基金,豆粕ETF华夏(159985.XSHE),多,54600股,54600股,2.11,115206,15999.2,1.817,-,0,-1911,0股,16.13%,1273464.3,9.05%
2024-07-09,基金,10年地债(511270.XSHG),多,5200股,5200股,113.551,590465.2,79346.95,98.292,-,0,1419.6,0股,15.52%,1273464.3,46.37%
2024-07-09,基金,纳指ETF(513100.XSHG),多,112500股,112500股,1.568,176400,56681.5,1.064,-,0,1800,0股,47.35%,1273464.3,13.85%
2024-07-09,基金,黄金ETF(518880.XSHG),多,27300股,27300股,5.362,146382.6,29754.64,4.272,-,0,-600.6,0股,25.51%,1273464.3,11.49%
2024-07-09,股票,长江电力(600900.XSHG),多,4200股,4200股,30.31,127302,32455.49,22.583,-,0,1638,0股,34.22%,1273464.3,10%
2024-07-09,股票,农业银行(601288.XSHG),多,25400股,25400股,4.53,115062,33460.48,3.213,-,0,762,0股,41%,1273464.3,9.04%
2024-07-09,,Cash,,,,,2646.5,,,,,,,,0
2024-07-10,基金,豆粕ETF华夏(159985.XSHE),多,54600股,54600股,2.087,113950.2,14743.4,1.817,-,0,-1255.8,0股,14.86%,1270269.6,8.97%
2024-07-10,基金,10年地债(511270.XSHG),多,5200股,5200股,113.499,590194.8,79076.55,98.292,-,0,-270.4,0股,15.47%,1270269.6,46.46%
2024-07-10,基金,纳指ETF(513100.XSHG),多,112500股,112500股,1.548,174150,54431.5,1.064,-,0,-2250,0股,45.47%,1270269.6,13.71%
2024-07-10,基金,黄金ETF(518880.XSHG),多,27300股,27300股,5.397,147338.1,30710.14,4.272,-,0,955.5,0股,26.33%,1270269.6,11.6%
2024-07-10,股票,长江电力(600900.XSHG),多,4200股,4200股,30.1,126420,31573.49,22.583,-,0,-882,0股,33.29%,1270269.6,9.95%
2024-07-10,股票,农业银行(601288.XSHG),多,25400股,25400股,4.55,115570,33968.48,3.213,-,0,508,0股,41.63%,1270269.6,9.1%
2024-07-10,,Cash,,,,,2646.5,,,,,,,,0
2024-07-11,基金,豆粕ETF华夏(159985.XSHE),多,54600股,54600股,2.064,112694.4,13487.6,1.817,-,0,-1255.8,0股,13.6%,1269974.5,8.87%
2024-07-11,基金,10年地债(511270.XSHG),多,5200股,5200股,113.55,590460,79341.75,98.292,-,0,265.2,0股,15.52%,1269974.5,46.49%
2024-07-11,基金,纳指ETF(513100.XSHG),多,112500股,112500股,1.555,174937.5,55219,1.064,-,0,787.5,0股,46.12%,1269974.5,13.77%
2024-07-11,基金,黄金ETF(518880.XSHG),多,27300股,27300股,5.417,147884.1,31256.14,4.272,-,0,546,0股,26.8%,1269974.5,11.64%
2024-07-11,股票,长江电力(600900.XSHG),多,4200股,4200股,30.19,126798,31951.49,22.583,-,0,378,0股,33.69%,1269974.5,9.98%
2024-07-11,股票,农业银行(601288.XSHG),多,25400股,25400股,4.51,114554,32952.48,3.213,-,0,-1016,0股,40.38%,1269974.5,9.02%
2024-07-11,,Cash,,,,,2646.5,,,,,,,,0
2024-07-12,基金,豆粕ETF华夏(159985.XSHE),多,54600股,54600股,2.052,112039.2,12832.4,1.817,-,0,-655.2,0股,12.93%,1264927.9,8.86%
2024-07-12,基金,10年地债(511270.XSHG),多,5200股,5200股,113.727,591380.4,80262.15,98.292,-,0,920.4,0股,15.7%,1264927.9,46.75%
2024-07-12,基金,纳指ETF(513100.XSHG),多,112500股,112500股,1.492,167850,48131.5,1.064,-,0,-7087.5,0股,40.2%,1264927.9,13.27%
2024-07-12,基金,黄金ETF(518880.XSHG),多,27300股,27300股,5.446,148675.8,32047.84,4.272,-,0,791.7,0股,27.48%,1264927.9,11.75%
2024-07-12,股票,长江电力(600900.XSHG),多,4200股,4200股,29.88,125496,30649.49,22.583,-,0,-1302,0股,32.31%,1264927.9,9.92%
2024-07-12,股票,农业银行(601288.XSHG),多,25400股,25400股,4.6,116840,35238.48,3.213,-,0,2286,0股,43.18%,1264927.9,9.24%
2024-07-12,,Cash,,,,,2646.5,,,,,,,,0
2024-07-15,基金,豆粕ETF华夏(159985.XSHE),多,54600股,54600股,2.01,109746,10539.2,1.817,-,0,-2293.2,0股,10.62%,1273498.6,8.62%
2024-07-15,基金,10年地债(511270.XSHG),多,5200股,5200股,113.79,591708,80589.75,98.292,-,0,327.6,0股,15.77%,1273498.6,46.46%
2024-07-15,基金,纳指ETF(513100.XSHG),多,112500股,112500股,1.539,173137.5,53419,1.064,-,0,5287.5,0股,44.62%,1273498.6,13.6%
2024-07-15,基金,黄金ETF(518880.XSHG),多,27300股,27300股,5.442,148566.6,31938.64,4.272,-,0,-109.2,0股,27.39%,1273498.6,11.67%
2024-07-15,股票,长江电力(600900.XSHG),多,4200股,4200股,30.43,127806,32959.49,22.583,-,0,2310,0股,34.75%,1273498.6,10.04%
2024-07-15,股票,农业银行(601288.XSHG),多,25400股,25400股,4.72,119888,38286.48,3.213,-,0,3048,0股,46.92%,1273498.6,9.41%
2024-07-15,,Cash,,,,,2646.5,,,,,,,,0
2024-07-16,基金,豆粕ETF华夏(159985.XSHE),多,54600股,54600股,1.997,109036.2,9829.4,1.817,-,0,-709.8,0股,9.91%,1275336,8.55%
2024-07-16,基金,10年地债(511270.XSHG),多,5200股,5200股,113.764,591572.8,80454.55,98.292,-,0,-135.2,0股,15.74%,1275336,46.39%
2024-07-16,基金,纳指ETF(513100.XSHG),多,112500股,112500股,1.536,172800,53081.5,1.064,-,0,-337.5,0股,44.34%,1275336,13.55%
2024-07-16,基金,黄金ETF(518880.XSHG),多,27300股,27300股,5.505,150286.5,33658.54,4.272,-,0,1719.9,0股,28.86%,1275336,11.78%
2024-07-16,股票,长江电力(600900.XSHG),多,4200股,4200股,30.8,129360,34513.49,22.583,-,0,1554,0股,36.39%,1275336,10.14%
2024-07-16,股票,农业银行(601288.XSHG),多,25400股,25400股,4.71,119634,38032.48,3.213,-,0,-254,0股,46.61%,1275336,9.38%
2024-07-16,,Cash,,,,,2646.5,,,,,,,,0
2024-07-17,基金,豆粕ETF华夏(159985.XSHE),多,54600股,54600股,2.016,110073.6,10866.8,1.817,-,0,1037.4,0股,10.95%,1277495.1,8.62%
2024-07-17,基金,10年地债(511270.XSHG),多,5200股,5200股,113.861,592077.2,80958.95,98.292,-,0,504.4,0股,15.84%,1277495.1,46.35%
2024-07-17,基金,纳指ETF(513100.XSHG),多,112500股,112500股,1.522,171225,51506.5,1.064,-,0,-1575,0股,43.02%,1277495.1,13.4%
2024-07-17,基金,黄金ETF(518880.XSHG),多,27300股,27300股,5.576,152224.8,35596.84,4.272,-,0,1938.3,0股,30.52%,1277495.1,11.92%
2024-07-17,股票,长江电力(600900.XSHG),多,4200股,4200股,30.8,129360,34513.49,22.583,-,0,0,0股,36.39%,1277495.1,10.13%
2024-07-17,股票,农业银行(601288.XSHG),多,25400股,25400股,4.72,119888,38286.48,3.213,-,0,254,0股,46.92%,1277495.1,9.38%
2024-07-17,,Cash,,,,,2646.5,,,,,,,,0
2024-07-18,基金,豆粕ETF华夏(159985.XSHE),多,54600股,54600股,2.016,110073.6,10866.8,1.817,-,0,0,0股,10.95%,1276306.5,8.62%
2024-07-18,基金,10年地债(511270.XSHG),多,5200股,5200股,113.78,591656,80537.75,98.292,-,0,-421.2,0股,15.76%,1276306.5,46.36%
2024-07-18,基金,纳指ETF(513100.XSHG),多,112500股,112500股,1.495,168187.5,48469,1.064,-,0,-3037.5,0股,40.49%,1276306.5,13.18%
2024-07-18,基金,黄金ETF(518880.XSHG),多,27300股,27300股,5.573,152142.9,35514.94,4.272,-,0,-81.9,0股,30.45%,1276306.5,11.92%
2024-07-18,股票,长江电力(600900.XSHG),多,4200股,4200股,31.36,131712,36865.49,22.583,-,0,2352,0股,38.87%,1276306.5,10.32%
2024-07-18,股票,农业银行(601288.XSHG),多,25400股,25400股,4.72,119888,38286.48,3.213,-,0,0,0股,46.92%,1276306.5,9.39%
2024-07-18,,Cash,,,,,2646.5,,,,,,,,0
2024-07-19,基金,豆粕ETF华夏(159985.XSHE),多,54600股,54600股,2.04,111384,12177.2,1.817,-,0,1310.4,0股,12.27%,1270325.3,8.77%
2024-07-19,基金,10年地债(511270.XSHG),多,5200股,5200股,113.823,591879.6,80761.35,98.292,-,0,223.6,0股,15.8%,1270325.3,46.59%
2024-07-19,基金,纳指ETF(513100.XSHG),多,112500股,112500股,1.471,165487.5,45769,1.064,-,0,-2700,0股,38.23%,1270325.3,13.03%
2024-07-19,基金,黄金ETF(518880.XSHG),多,27300股,27300股,5.425,148102.5,31474.54,4.272,-,0,-4040.4,0股,26.99%,1270325.3,11.66%
2024-07-19,股票,长江电力(600900.XSHG),多,4200股,4200股,30.58,128436,37033.49,21.763,-,0,168,0股,40.52%,1270325.3,10.11%
2024-07-19,股票,农业银行(601288.XSHG),多,25400股,25400股,4.71,119634,38032.48,3.213,-,0,-254,0股,46.61%,1270325.3,9.42%
2024-07-19,,Cash,,,,,5401.7,,,,,,,,0
2024-07-22,基金,豆粕ETF华夏(159985.XSHE),多,54600股,54600股,2.049,111875.4,12668.6,1.817,-,0,491.4,0股,12.77%,1267896.7,8.82%
2024-07-22,基金,10年地债(511270.XSHG),多,5200股,5200股,113.959,592586.8,81468.55,98.292,-,0,707.2,0股,15.94%,1267896.7,46.74%
2024-07-22,基金,纳指ETF(513100.XSHG),多,112500股,112500股,1.463,164587.5,44869,1.064,-,0,-900,0股,37.48%,1267896.7,12.98%
2024-07-22,基金,黄金ETF(518880.XSHG),多,27300股,27300股,5.421,147993.3,31365.34,4.272,-,0,-109.2,0股,26.89%,1267896.7,11.67%
2024-07-22,股票,长江电力(600900.XSHG),多,4200股,4200股,30.38,127596,36193.49,21.763,-,0,-840,0股,39.6%,1267896.7,10.06%
2024-07-22,股票,农业银行(601288.XSHG),多,25400股,25400股,4.64,117856,36254.48,3.213,-,0,-1778,0股,44.43%,1267896.7,9.3%
2024-07-22,,Cash,,,,,5401.7,,,,,,,,0
2024-07-23,基金,豆粕ETF华夏(159985.XSHE),多,54600股,54600股,2.045,111657,12450.2,1.817,-,0,-218.4,0股,12.55%,1272799.4,8.77%
2024-07-23,基金,10年地债(511270.XSHG),多,5200股,5200股,114.06,593112,81993.75,98.292,-,0,525.2,0股,16.04%,1272799.4,46.6%
2024-07-23,基金,纳指ETF(513100.XSHG),多,112500股,112500股,1.477,166162.5,46444,1.064,-,0,1575,0股,38.79%,1272799.4,13.05%
2024-07-23,基金,黄金ETF(518880.XSHG),多,27300股,27300股,5.394,147256.2,30628.24,4.272,-,0,-737.1,0股,26.26%,1272799.4,11.57%
2024-07-23,股票,长江电力(600900.XSHG),多,4200股,4200股,30.67,128814,37411.49,21.763,-,0,1218,0股,40.93%,1272799.4,10.12%
2024-07-23,股票,农业银行(601288.XSHG),多,25400股,25400股,4.74,120396,38794.48,3.213,-,0,2540,0股,47.54%,1272799.4,9.46%
2024-07-23,,Cash,,,,,5401.7,,,,,,,,0
2024-07-24,基金,豆粕ETF华夏(159985.XSHE),多,54600股,54600股,2.047,111766.2,12559.4,1.817,-,0,109.2,0股,12.66%,1274295.6,8.77%
2024-07-24,基金,10年地债(511270.XSHG),多,5200股,5200股,114.136,593507.2,82388.95,98.292,-,0,395.2,0股,16.12%,1274295.6,46.58%
2024-07-24,基金,纳指ETF(513100.XSHG),多,112500股,112500股,1.448,162900,43181.5,1.064,-,0,-3262.5,0股,36.07%,1274295.6,12.78%
2024-07-24,基金,黄金ETF(518880.XSHG),多,27300股,27300股,5.465,149194.5,32566.54,4.272,-,0,1938.3,0股,27.92%,1274295.6,11.71%
2024-07-24,股票,长江电力(600900.XSHG),多,4200股,4200股,31.04,130368,38965.49,21.763,-,0,1554,0股,42.63%,1274295.6,10.23%
2024-07-24,股票,农业银行(601288.XSHG),多,25400股,25400股,4.77,121158,39556.48,3.213,-,0,762,0股,48.48%,1274295.6,9.51%
2024-07-24,,Cash,,,,,5401.7,,,,,,,,0
2024-07-25,基金,豆粕ETF华夏(159985.XSHE),多,54600股,54600股,2.034,111056.4,11849.6,1.817,-,0,-709.8,0股,11.94%,1263901.5,8.79%
2024-07-25,基金,10年地债(511270.XSHG),多,5200股,5200股,114.299,594354.8,83236.55,98.292,-,0,847.6,0股,16.29%,1263901.5,47.03%
2024-07-25,基金,纳指ETF(513100.XSHG),多,112500股,112500股,1.407,158287.5,38569,1.064,-,0,-4612.5,0股,32.22%,1263901.5,12.52%
2024-07-25,基金,黄金ETF(518880.XSHG),多,27300股,27300股,5.327,145427.1,28799.14,4.272,-,0,-3767.4,0股,24.69%,1263901.5,11.51%
2024-07-25,股票,长江电力(600900.XSHG),多,4200股,4200股,30.83,129486,38083.49,21.763,-,0,-882,0股,41.67%,1263901.5,10.24%
2024-07-25,股票,农业银行(601288.XSHG),多,25400股,25400股,4.72,119888,38286.48,3.213,-,0,-1270,0股,46.92%,1263901.5,9.49%
2024-07-25,,Cash,,,,,5401.7,,,,,,,,0
2024-07-26,基金,豆粕ETF华夏(159985.XSHE),多,54600股,54600股,2.049,111875.4,12668.6,1.817,-,0,819,0股,12.77%,1261181,8.87%
2024-07-26,基金,10年地债(511270.XSHG),多,5200股,5200股,114.492,595358.4,84240.15,98.292,-,0,1003.6,0股,16.48%,1261181,47.21%
2024-07-26,基金,纳指ETF(513100.XSHG),多,112500股,112500股,1.409,158512.5,38794,1.064,-,0,225,0股,32.4%,1261181,12.57%
2024-07-26,基金,黄金ETF(518880.XSHG),多,27300股,27300股,5.35,146055,29427.04,4.272,-,0,627.9,0股,25.23%,1261181,11.58%
2024-07-26,股票,长江电力(600900.XSHG),多,4200股,4200股,30.15,126630,35227.49,21.763,-,0,-2856,0股,38.54%,1261181,10.04%
2024-07-26,股票,农业银行(601288.XSHG),多,25400股,25400股,4.62,117348,35746.48,3.213,-,0,-2540,0股,43.81%,1261181,9.3%
2024-07-26,,Cash,,,,,5401.7,,,,,,,,0
2024-07-29,基金,豆粕ETF华夏(159985.XSHE),多,54600股,54600股,2.007,109582.2,10375.4,1.817,-,0,-2293.2,0股,10.46%,1265887.9,8.66%
2024-07-29,基金,10年地债(511270.XSHG),多,5200股,5200股,114.607,595956.4,84838.15,98.292,-,0,598,0股,16.6%,1265887.9,47.08%
2024-07-29,基金,纳指ETF(513100.XSHG),多,112500股,112500股,1.437,161662.5,41944,1.064,-,0,3150,0股,35.04%,1265887.9,12.77%
2024-07-29,基金,黄金ETF(518880.XSHG),多,27300股,27300股,5.387,147065.1,30437.14,4.272,-,0,1010.1,0股,26.1%,1265887.9,11.62%
2024-07-29,股票,长江电力(600900.XSHG),多,4200股,4200股,30.2,126840,35437.49,21.763,-,0,210,0股,38.77%,1265887.9,10.02%
2024-07-29,股票,农业银行(601288.XSHG),多,25400股,25400股,4.7,119380,37778.48,3.213,-,0,2032,0股,46.3%,1265887.9,9.43%
2024-07-29,,Cash,,,,,5401.7,,,,,,,,0
2024-07-30,基金,豆粕ETF华夏(159985.XSHE),多,54600股,54600股,1.997,109036.2,9829.4,1.817,-,0,-546,0股,9.91%,1263414.1,8.63%
2024-07-30,基金,10年地债(511270.XSHG),多,5200股,5200股,114.64,596128,85009.75,98.292,-,0,171.6,0股,16.63%,1263414.1,47.18%
2024-07-30,基金,纳指ETF(513100.XSHG),多,112500股,112500股,1.42,159750,40031.5,1.064,-,0,-1912.5,0股,33.44%,1263414.1,12.64%
2024-07-30,基金,黄金ETF(518880.XSHG),多,27300股,27300股,5.394,147256.2,30628.24,4.272,-,0,191.1,0股,26.26%,1263414.1,11.66%
2024-07-30,股票,长江电力(600900.XSHG),多,4200股,4200股,30.11,126462,35059.49,21.763,-,0,-378,0股,38.36%,1263414.1,10.01%
2024-07-30,股票,农业银行(601288.XSHG),多,25400股,25400股,4.7,119380,37778.48,3.213,-,0,0,0股,46.3%,1263414.1,9.45%
2024-07-30,,Cash,,,,,5401.7,,,,,,,,0
2024-07-31,基金,豆粕ETF华夏(159985.XSHE),多,54600股,54600股,2.005,109473,10266.2,1.817,-,0,436.8,0股,10.35%,1262228.4,8.67%
2024-07-31,基金,10年地债(511270.XSHG),多,5200股,5200股,114.652,596190.4,85072.15,98.292,-,0,62.4,0股,16.64%,1262228.4,47.23%
2024-07-31,基金,纳指ETF(513100.XSHG),多,112500股,112500股,1.429,160762.5,41044,1.064,-,0,1012.5,0股,34.28%,1262228.4,12.74%
2024-07-31,基金,黄金ETF(518880.XSHG),多,27300股,27300股,5.436,148402.8,31774.84,4.272,-,0,1146.6,0股,27.24%,1262228.4,11.76%
2024-07-31,股票,长江电力(600900.XSHG),多,4200股,4200股,29.86,125412,34009.49,21.763,-,0,-1050,0股,37.21%,1262228.4,9.94%
2024-07-31,股票,农业银行(601288.XSHG),多,25400股,25400股,4.59,116586,34984.48,3.213,-,0,-2794,0股,42.87%,1262228.4,9.24%
2024-07-31,,Cash,,,,,5401.7,,,,,,,,0
2024-08-01,基金,豆粕ETF华夏(159985.XSHE),多,54600股,54600股,1.993,108817.8,9611,1.817,-,0,-655.2,0股,9.69%,1269997,8.57%
2024-08-01,基金,10年地债(511270.XSHG),多,5200股,5200股,114.9,597480,86361.75,98.292,-,0,1289.6,0股,16.9%,1269997,47.05%
2024-08-01,基金,纳指ETF(513100.XSHG),多,112500股,112500股,1.463,164587.5,44869,1.064,-,0,3825,0股,37.48%,1269997,12.96%
2024-08-01,基金,黄金ETF(518880.XSHG),多,27300股,27300股,5.48,149604,32976.04,4.272,-,0,1201.2,0股,28.27%,1269997,11.78%
2024-08-01,股票,长江电力(600900.XSHG),多,4200股,4200股,30.12,126504,35101.49,21.763,-,0,1092,0股,38.4%,1269997,9.96%
2024-08-01,股票,农业银行(601288.XSHG),多,25400股,25400股,4.63,117602,36000.48,3.213,-,0,1016,0股,44.12%,1269997,9.26%
2024-08-01,,Cash,,,,,5401.7,,,,,,,,0
2024-08-02,基金,豆粕ETF华夏(159985.XSHE),多,54600股,54600股,2,109200,9993.2,1.817,-,0,382.2,0股,10.07%,1264271,8.64%
2024-08-02,基金,10年地债(511270.XSHG),多,5200股,5200股,114.849,597214.8,86096.55,98.292,-,0,-265.2,0股,16.84%,1264271,47.24%
2024-08-02,基金,纳指ETF(513100.XSHG),多,112500股,112500股,1.396,157050,37331.5,1.064,-,0,-7537.5,0股,31.18%,1264271,12.42%
2024-08-02,基金,黄金ETF(518880.XSHG),多,27300股,27300股,5.505,150286.5,33658.54,4.272,-,0,682.5,0股,28.86%,1264271,11.89%
2024-08-02,股票,长江电力(600900.XSHG),多,4200股,4200股,30.24,127008,35605.49,21.763,-,0,504,0股,38.95%,1264271,10.05%
2024-08-02,股票,农业银行(601288.XSHG),多,25400股,25400股,4.65,118110,36508.48,3.213,-,0,508,0股,44.74%,1264271,9.34%
2024-08-02,,Cash,,,,,5401.7,,,,,,,,0
2024-08-05,基金,豆粕ETF华夏(159985.XSHE),多,54600股,54600股,1.983,108271.8,9065,1.817,-,0,-928.2,0股,9.14%,1246795.2,8.68%
2024-08-05,基金,10年地债(511270.XSHG),多,5200股,5200股,115.127,598660.4,87542.15,98.292,-,0,1445.6,0股,17.13%,1246795.2,48.02%
2024-08-05,基金,纳指ETF(513100.XSHG),多,112500股,112500股,1.287,144787.5,25069,1.064,-,0,-12262.5,0股,20.94%,1246795.2,11.61%
2024-08-05,基金,黄金ETF(518880.XSHG),多,27300股,27300股,5.366,146491.8,29863.84,4.272,-,0,-3794.7,0股,25.61%,1246795.2,11.75%
2024-08-05,股票,长江电力(600900.XSHG),多,4200股,4200股,29.9,125580,34177.49,21.763,-,0,-1428,0股,37.39%,1246795.2,10.07%
2024-08-05,股票,农业银行(601288.XSHG),多,25400股,25400股,4.63,117602,36000.48,3.213,-,0,-508,0股,44.12%,1246795.2,9.43%
2024-08-05,,Cash,,,,,5401.7,,,,,,,,0
2024-08-06,基金,豆粕ETF华夏(159985.XSHE),多,54600股,54600股,1.967,107398.2,8191.4,1.817,-,0,-873.6,0股,8.26%,1245585.4,8.62%
2024-08-06,基金,10年地债(511270.XSHG),多,5200股,5200股,114.942,597698.4,86580.15,98.292,-,0,-962,0股,16.94%,1245585.4,47.99%
2024-08-06,基金,纳指ETF(513100.XSHG),多,112500股,112500股,1.332,149850,30131.5,1.064,-,0,5062.5,0股,25.17%,1245585.4,12.03%
2024-08-06,基金,黄金ETF(518880.XSHG),多,27300股,27300股,5.327,145427.1,28799.14,4.272,-,0,-1064.7,0股,24.69%,1245585.4,11.68%
2024-08-06,股票,长江电力(600900.XSHG),多,4200股,4200股,29.46,123732,32329.49,21.763,-,0,-1848,0股,35.37%,1245585.4,9.93%
2024-08-06,股票,农业银行(601288.XSHG),多,25400股,25400股,4.57,116078,34476.48,3.213,-,0,-1524,0股,42.25%,1245585.4,9.32%
2024-08-06,,Cash,,,,,5401.7,,,,,,,,0
2024-08-07,基金,豆粕ETF华夏(159985.XSHE),多,54600股,54600股,1.94,105924,6717.2,1.817,-,0,-1474.2,0股,6.77%,1246633.5,8.5%
2024-08-07,基金,10年地债(511270.XSHG),多,5200股,5200股,115.116,598603.2,87484.95,98.292,-,0,904.8,0股,17.12%,1246633.5,48.02%
2024-08-07,基金,纳指ETF(513100.XSHG),多,112500股,112500股,1.334,150075,30356.5,1.064,-,0,225,0股,25.36%,1246633.5,12.04%
2024-08-07,基金,黄金ETF(518880.XSHG),多,27300股,27300股,5.352,146109.6,29481.64,4.272,-,0,682.5,0股,25.28%,1246633.5,11.72%
2024-08-07,股票,长江电力(600900.XSHG),多,4200股,4200股,29.75,124950,33547.49,21.763,-,0,1218,0股,36.7%,1246633.5,10.02%
2024-08-07,股票,农业银行(601288.XSHG),多,25400股,25400股,4.55,115570,33968.48,3.213,-,0,-508,0股,41.63%,1246633.5,9.27%
2024-08-07,,Cash,,,,,5401.7,,,,,,,,0
2024-08-08,基金,豆粕ETF华夏(159985.XSHE),多,59300股,59300股,1.945,115338.5,7013.7,1.827,-,0,296.5,4700股,6.47%,1243267.64,9.28%
2024-08-08,基金,10年地债(511270.XSHG),多,5800股,5800股,114.804,665863.2,85771.35,100.016,-,0,-1713.6,600股,14.79%,1243267.64,53.56%
2024-08-08,基金,纳指ETF(513100.XSHG),多,79000股,79000股,1.314,103806,19737.01,1.064,-,0,-1580,0股,23.48%,1243267.64,8.35%
2024-08-08,基金,黄金ETF(518880.XSHG),多,23900股,23900股,5.349,127841.1,25738.24,4.272,-,0,-71.7,0股,25.21%,1243267.64,10.28%
2024-08-08,股票,长江电力(600900.XSHG),多,3800股,3800股,29.78,113164,30466.5,21.763,-,0,114,0股,36.84%,1243267.64,9.1%
2024-08-08,股票,农业银行(601288.XSHG),多,24400股,24400股,4.57,111508,33119.14,3.213,-,0,488,0股,42.25%,1243267.64,8.97%
2024-08-08,,Cash,,,,,5746.84,,,,,,,,0
2024-08-09,基金,豆粕ETF华夏(159985.XSHE),多,59300股,59300股,1.938,114923.4,6598.6,1.827,-,0,-415.1,0股,6.09%,1245915.24,9.22%
2024-08-09,基金,10年地债(511270.XSHG),多,5800股,5800股,114.637,664894.6,84802.75,100.016,-,0,-968.6,0股,14.62%,1245915.24,53.37%
2024-08-09,基金,纳指ETF(513100.XSHG),多,79000股,79000股,1.35,106650,22581.01,1.064,-,0,2844,0股,26.86%,1245915.24,8.56%
2024-08-09,基金,黄金ETF(518880.XSHG),多,23900股,23900股,5.396,128964.4,26861.54,4.272,-,0,1123.3,0股,26.31%,1245915.24,10.35%
2024-08-09,股票,长江电力(600900.XSHG),多,3800股,3800股,29.54,112252,29554.5,21.763,-,0,-912,0股,35.74%,1245915.24,9.01%
2024-08-09,股票,农业银行(601288.XSHG),多,24400股,24400股,4.61,112484,34095.14,3.213,-,0,976,0股,43.49%,1245915.24,9.03%
2024-08-09,,Cash,,,,,5746.84,,,,,,,,0
2024-08-12,基金,豆粕ETF华夏(159985.XSHE),多,59300股,59300股,1.925,114152.5,5827.7,1.827,-,0,-770.9,0股,5.38%,1242230.44,9.19%
2024-08-12,基金,10年地债(511270.XSHG),多,5800股,5800股,113.871,660451.8,80359.95,100.016,-,0,-4442.8,0股,13.85%,1242230.44,53.17%
2024-08-12,基金,纳指ETF(513100.XSHG),多,79000股,79000股,1.365,107835,23766.01,1.064,-,0,1185,0股,28.27%,1242230.44,8.68%
2024-08-12,基金,黄金ETF(518880.XSHG),多,23900股,23900股,5.437,129944.3,27841.44,4.272,-,0,979.9,0股,27.27%,1242230.44,10.46%
2024-08-12,股票,长江电力(600900.XSHG),多,3800股,3800股,29.18,110884,28186.5,21.763,-,0,-1368,0股,34.08%,1242230.44,8.93%
2024-08-12,股票,农业银行(601288.XSHG),多,24400股,24400股,4.64,113216,34827.14,3.213,-,0,732,0股,44.43%,1242230.44,9.11%
2024-08-12,,Cash,,,,,5746.84,,,,,,,,0
2024-08-13,基金,豆粕ETF华夏(159985.XSHE),多,59300股,59300股,1.858,110179.4,1854.6,1.827,-,0,-3973.1,0股,1.71%,1244015.04,8.86%
2024-08-13,基金,10年地债(511270.XSHG),多,5800股,5800股,114.384,663427.2,83335.35,100.016,-,0,2975.4,0股,14.37%,1244015.04,53.33%
2024-08-13,基金,纳指ETF(513100.XSHG),多,79000股,79000股,1.379,108941,24872.01,1.064,-,0,1106,0股,29.59%,1244015.04,8.76%
2024-08-13,基金,黄金ETF(518880.XSHG),多,23900股,23900股,5.474,130828.6,28725.74,4.272,-,0,884.3,0股,28.13%,1244015.04,10.52%
2024-08-13,股票,长江电力(600900.XSHG),多,3800股,3800股,29.26,111188,28490.5,21.763,-,0,304,0股,34.45%,1244015.04,8.94%
2024-08-13,股票,农业银行(601288.XSHG),多,24400股,24400股,4.66,113704,35315.14,3.213,-,0,488,0股,45.05%,1244015.04,9.14%
2024-08-13,,Cash,,,,,5746.84,,,,,,,,0
2024-08-14,基金,豆粕ETF华夏(159985.XSHE),多,59300股,59300股,1.846,109467.8,1143,1.827,-,0,-711.6,0股,1.06%,1249068.24,8.76%
2024-08-14,基金,10年地债(511270.XSHG),多,5800股,5800股,114.799,665834.2,85742.35,100.016,-,0,2407,0股,14.78%,1249068.24,53.31%
2024-08-14,基金,纳指ETF(513100.XSHG),多,79000股,79000股,1.413,111627,27558.01,1.064,-,0,2686,0股,32.78%,1249068.24,8.94%
2024-08-14,基金,黄金ETF(518880.XSHG),多,23900股,23900股,5.456,130398.4,28295.54,4.272,-,0,-430.2,0股,27.71%,1249068.24,10.44%
2024-08-14,股票,长江电力(600900.XSHG),多,3800股,3800股,29.55,112290,29592.5,21.763,-,0,1102,0股,35.78%,1249068.24,8.99%
2024-08-14,股票,农业银行(601288.XSHG),多,24400股,24400股,4.66,113704,35315.14,3.213,-,0,0,0股,45.05%,1249068.24,9.1%
2024-08-14,,Cash,,,,,5746.84,,,,,,,,0
2024-08-15,基金,豆粕ETF华夏(159985.XSHE),多,59300股,59300股,1.868,110772.4,2447.6,1.827,-,0,1304.6,0股,2.26%,1251103.34,8.85%
2024-08-15,基金,10年地债(511270.XSHG),多,5800股,5800股,114.608,664726.4,84634.55,100.016,-,0,-1107.8,0股,14.59%,1251103.34,53.13%
2024-08-15,基金,纳指ETF(513100.XSHG),多,79000股,79000股,1.422,112338,28269.01,1.064,-,0,711,0股,33.63%,1251103.34,8.98%
2024-08-15,基金,黄金ETF(518880.XSHG),多,23900股,23900股,5.443,130087.7,27984.84,4.272,-,0,-310.7,0股,27.41%,1251103.34,10.4%
2024-08-15,股票,长江电力(600900.XSHG),多,3800股,3800股,29.8,113240,30542.5,21.763,-,0,950,0股,36.93%,1251103.34,9.05%
2024-08-15,股票,农业银行(601288.XSHG),多,24400股,24400股,4.68,114192,35803.14,3.213,-,0,488,0股,45.67%,1251103.34,9.13%
2024-08-15,,Cash,,,,,5746.84,,,,,,,,0
2024-08-16,基金,豆粕ETF华夏(159985.XSHE),多,59300股,59300股,1.859,110238.7,1913.9,1.827,-,0,-533.7,0股,1.77%,1257083.04,8.77%
2024-08-16,基金,10年地债(511270.XSHG),多,5800股,5800股,114.831,666019.8,85927.95,100.016,-,0,1293.4,0股,14.81%,1257083.04,52.98%
2024-08-16,基金,纳指ETF(513100.XSHG),多,79000股,79000股,1.469,116051,31982.01,1.064,-,0,3713,0股,38.04%,1257083.04,9.23%
2024-08-16,基金,黄金ETF(518880.XSHG),多,23900股,23900股,5.453,130326.7,28223.84,4.272,-,0,239,0股,27.64%,1257083.04,10.37%
2024-08-16,股票,长江电力(600900.XSHG),多,3800股,3800股,29.62,112556,29858.5,21.763,-,0,-684,0股,36.11%,1257083.04,8.95%
2024-08-16,股票,农业银行(601288.XSHG),多,24400股,24400股,4.76,116144,37755.14,3.213,-,0,1952,0股,48.16%,1257083.04,9.24%
2024-08-16,,Cash,,,,,5746.84,,,,,,,,0
2024-08-19,基金,豆粕ETF华夏(159985.XSHE),多,59300股,59300股,1.848,109586.4,1261.6,1.827,-,0,-652.3,0股,1.16%,1259953.94,8.7%
2024-08-19,基金,10年地债(511270.XSHG),多,5800股,5800股,114.94,666652,86560.15,100.016,-,0,632.2,0股,14.92%,1259953.94,52.91%
2024-08-19,基金,纳指ETF(513100.XSHG),多,79000股,79000股,1.442,113918,29849.01,1.064,-,0,-2133,0股,35.51%,1259953.94,9.04%
2024-08-19,基金,黄金ETF(518880.XSHG),多,23900股,23900股,5.513,131760.7,29657.84,4.272,-,0,1434,0股,29.05%,1259953.94,10.46%
2024-08-19,股票,长江电力(600900.XSHG),多,3800股,3800股,29.73,112974,30276.5,21.763,-,0,418,0股,36.61%,1259953.94,8.97%
2024-08-19,股票,农业银行(601288.XSHG),多,24400股,24400股,4.89,119316,40927.14,3.213,-,0,3172,0股,52.21%,1259953.94,9.47%
2024-08-19,,Cash,,,,,5746.84,,,,,,,,0
2024-08-20,基金,豆粕ETF华夏(159985.XSHE),多,59300股,59300股,1.864,110535.2,2210.4,1.827,-,0,948.8,0股,2.04%,1262810.54,8.75%
2024-08-20,基金,10年地债(511270.XSHG),多,5800股,5800股,114.841,666077.8,85985.95,100.016,-,0,-574.2,0股,14.82%,1262810.54,52.75%
2024-08-20,基金,纳指ETF(513100.XSHG),多,79000股,79000股,1.468,115972,31903.01,1.064,-,0,2054,0股,37.95%,1262810.54,9.18%
2024-08-20,基金,黄金ETF(518880.XSHG),多,23900股,23900股,5.513,131760.7,29657.84,4.272,-,0,0,0股,29.05%,1262810.54,10.43%
2024-08-20,股票,长江电力(600900.XSHG),多,3800股,3800股,29.65,112670,29972.5,21.763,-,0,-304,0股,36.24%,1262810.54,8.92%
2024-08-20,股票,农业银行(601288.XSHG),多,24400股,24400股,4.92,120048,41659.14,3.213,-,0,732,0股,53.14%,1262810.54,9.51%
2024-08-20,,Cash,,,,,5746.84,,,,,,,,0
2024-08-21,基金,豆粕ETF华夏(159985.XSHE),多,59300股,59300股,1.877,111306.1,2981.3,1.827,-,0,770.9,0股,2.75%,1262854.64,8.81%
2024-08-21,基金,10年地债(511270.XSHG),多,5800股,5800股,114.748,665538.4,85446.55,100.016,-,0,-539.4,0股,14.73%,1262854.64,52.7%
2024-08-21,基金,纳指ETF(513100.XSHG),多,79000股,79000股,1.469,116051,31982.01,1.064,-,0,79,0股,38.04%,1262854.64,9.19%
2024-08-21,基金,黄金ETF(518880.XSHG),多,23900股,23900股,5.537,132334.3,30231.44,4.272,-,0,573.6,0股,29.61%,1262854.64,10.48%
2024-08-21,股票,长江电力(600900.XSHG),多,3800股,3800股,29.75,113050,30352.5,21.763,-,0,380,0股,36.7%,1262854.64,8.95%
2024-08-21,股票,农业银行(601288.XSHG),多,24400股,24400股,4.87,118828,40439.14,3.213,-,0,-1220,0股,51.59%,1262854.64,9.41%
2024-08-21,,Cash,,,,,5746.84,,,,,,,,0
2024-08-22,基金,豆粕ETF华夏(159985.XSHE),多,59300股,59300股,1.866,110653.8,2329,1.827,-,0,-652.3,0股,2.15%,1265658.34,8.74%
2024-08-22,基金,10年地债(511270.XSHG),多,5800股,5800股,114.885,666333,86241.15,100.016,-,0,794.6,0股,14.87%,1265658.34,52.65%
2024-08-22,基金,纳指ETF(513100.XSHG),多,79000股,79000股,1.471,116209,32140.01,1.064,-,0,158,0股,38.23%,1265658.34,9.18%
2024-08-22,基金,黄金ETF(518880.XSHG),多,23900股,23900股,5.523,131999.7,29896.84,4.272,-,0,-334.6,0股,29.28%,1265658.34,10.43%
2024-08-22,股票,长江电力(600900.XSHG),多,3800股,3800股,30.24,114912,32214.5,21.763,-,0,1862,0股,38.95%,1265658.34,9.08%
2024-08-22,股票,农业银行(601288.XSHG),多,24400股,24400股,4.91,119804,41415.14,3.213,-,0,976,0股,52.83%,1265658.34,9.47%
2024-08-22,,Cash,,,,,5746.84,,,,,,,,0
2024-08-23,基金,豆粕ETF华夏(159985.XSHE),多,59300股,59300股,1.859,110238.7,1913.9,1.827,-,0,-415.1,0股,1.77%,1262916.74,8.73%
2024-08-23,基金,10年地债(511270.XSHG),多,5800股,5800股,114.927,666576.6,86484.75,100.016,-,0,243.6,0股,14.91%,1262916.74,52.78%
2024-08-23,基金,纳指ETF(513100.XSHG),多,79000股,79000股,1.457,115103,31034.01,1.064,-,0,-1106,0股,36.91%,1262916.74,9.11%
2024-08-23,基金,黄金ETF(518880.XSHG),多,23900股,23900股,5.504,131545.6,29442.74,4.272,-,0,-454.1,0股,28.84%,1262916.74,10.42%
2024-08-23,股票,长江电力(600900.XSHG),多,3800股,3800股,29.91,113658,30960.5,21.763,-,0,-1254,0股,37.44%,1262916.74,9%
2024-08-23,股票,农业银行(601288.XSHG),多,24400股,24400股,4.92,120048,41659.14,3.213,-,0,244,0股,53.14%,1262916.74,9.51%
2024-08-23,,Cash,,,,,5746.84,,,,,,,,0
2024-08-26,基金,豆粕ETF华夏(159985.XSHE),多,59300股,59300股,1.874,111128.2,2803.4,1.827,-,0,889.5,0股,2.59%,1264357.24,8.79%
2024-08-26,基金,10年地债(511270.XSHG),多,5800股,5800股,114.9,666420,86328.15,100.016,-,0,-156.6,0股,14.88%,1264357.24,52.71%
2024-08-26,基金,纳指ETF(513100.XSHG),多,79000股,79000股,1.46,115340,31271.01,1.064,-,0,237,0股,37.2%,1264357.24,9.12%
2024-08-26,基金,黄金ETF(518880.XSHG),多,23900股,23900股,5.538,132358.2,30255.34,4.272,-,0,812.6,0股,29.63%,1264357.24,10.47%
2024-08-26,股票,长江电力(600900.XSHG),多,3800股,3800股,29.82,113316,30618.5,21.763,-,0,-342,0股,37.02%,1264357.24,8.96%
2024-08-26,股票,农业银行(601288.XSHG),多,24400股,24400股,4.92,120048,41659.14,3.213,-,0,0,0股,53.14%,1264357.24,9.49%
2024-08-26,,Cash,,,,,5746.84,,,,,,,,0
2024-08-27,基金,豆粕ETF华夏(159985.XSHE),多,59300股,59300股,1.891,112136.3,3811.5,1.827,-,0,1008.1,0股,3.52%,1264696.34,8.87%
2024-08-27,基金,10年地债(511270.XSHG),多,5800股,5800股,114.807,665880.6,85788.75,100.016,-,0,-539.4,0股,14.79%,1264696.34,52.65%
2024-08-27,基金,纳指ETF(513100.XSHG),多,79000股,79000股,1.442,113918,29849.01,1.064,-,0,-1422,0股,35.51%,1264696.34,9.01%
2024-08-27,基金,黄金ETF(518880.XSHG),多,23900股,23900股,5.534,132262.6,30159.74,4.272,-,0,-95.6,0股,29.54%,1264696.34,10.46%
2024-08-27,股票,长江电力(600900.XSHG),多,3800股,3800股,29.8,113240,30542.5,21.763,-,0,-76,0股,36.93%,1264696.34,8.95%
2024-08-27,股票,农业银行(601288.XSHG),多,24400股,24400股,4.98,121512,43123.14,3.213,-,0,1464,0股,55.01%,1264696.34,9.61%
2024-08-27,,Cash,,,,,5746.84,,,,,,,,0
2024-08-28,基金,豆粕ETF华夏(159985.XSHE),多,59300股,59300股,1.908,113144.4,4819.6,1.827,-,0,1008.1,0股,4.45%,1265067.04,8.94%
2024-08-28,基金,10年地债(511270.XSHG),多,5800股,5800股,114.877,666286.6,86194.75,100.016,-,0,406,0股,14.86%,1265067.04,52.67%
2024-08-28,基金,纳指ETF(513100.XSHG),多,79000股,79000股,1.442,113918,29849.01,1.064,-,0,0,0股,35.51%,1265067.04,9%
2024-08-28,基金,黄金ETF(518880.XSHG),多,23900股,23900股,5.528,132119.2,30016.34,4.272,-,0,-143.4,0股,29.4%,1265067.04,10.44%
2024-08-28,股票,长江电力(600900.XSHG),多,3800股,3800股,29.82,113316,30618.5,21.763,-,0,76,0股,37.02%,1265067.04,8.96%
2024-08-28,股票,农业银行(601288.XSHG),多,24400股,24400股,4.94,120536,42147.14,3.213,-,0,-976,0股,53.77%,1265067.04,9.53%
2024-08-28,,Cash,,,,,5746.84,,,,,,,,0
2024-08-29,基金,豆粕ETF华夏(159985.XSHE),多,59300股,59300股,1.904,112907.2,4582.4,1.827,-,0,-237.2,0股,4.23%,1254025.34,9%
2024-08-29,基金,10年地债(511270.XSHG),多,5800股,5800股,114.731,665439.8,85347.95,100.016,-,0,-846.8,0股,14.71%,1254025.34,53.06%
2024-08-29,基金,纳指ETF(513100.XSHG),多,79000股,79000股,1.407,111153,27084.01,1.064,-,0,-2765,0股,32.22%,1254025.34,8.86%
2024-08-29,基金,黄金ETF(518880.XSHG),多,23900股,23900股,5.535,132286.5,30183.64,4.272,-,0,167.3,0股,29.56%,1254025.34,10.55%
2024-08-29,股票,长江电力(600900.XSHG),多,3800股,3800股,29.36,111568,28870.5,21.763,-,0,-1748,0股,34.91%,1254025.34,8.9%
2024-08-29,股票,农业银行(601288.XSHG),多,24400股,24400股,4.71,114924,36535.14,3.213,-,0,-5612,0股,46.61%,1254025.34,9.16%
2024-08-29,,Cash,,,,,5746.84,,,,,,,,0
2024-08-30,基金,豆粕ETF华夏(159985.XSHE),多,59300股,59300股,1.922,113974.6,5649.8,1.827,-,0,1067.4,0股,5.22%,1251267.24,9.11%
2024-08-30,基金,10年地债(511270.XSHG),多,5800股,5800股,114.775,665695,85603.15,100.016,-,0,255.2,0股,14.76%,1251267.24,53.2%
2024-08-30,基金,纳指ETF(513100.XSHG),多,79000股,79000股,1.417,111943,27874.01,1.064,-,0,790,0股,33.16%,1251267.24,8.95%
2024-08-30,基金,黄金ETF(518880.XSHG),多,23900股,23900股,5.522,131975.8,29872.94,4.272,-,0,-310.7,0股,29.26%,1251267.24,10.55%
2024-08-30,股票,长江电力(600900.XSHG),多,3800股,3800股,29.38,111644,28946.5,21.763,-,0,76,0股,35%,1251267.24,8.92%
2024-08-30,股票,农业银行(601288.XSHG),多,24400股,24400股,4.52,110288,31899.14,3.213,-,0,-4636,0股,40.69%,1251267.24,8.81%
2024-08-30,,Cash,,,,,5746.84,,,,,,,,0
2024-09-02,基金,豆粕ETF华夏(159985.XSHE),多,59300股,59300股,1.926,114211.8,5887,1.827,-,0,237.2,0股,5.43%,1258343.14,9.08%
2024-09-02,基金,10年地债(511270.XSHG),多,5800股,5800股,114.987,666924.6,86832.75,100.016,-,0,1229.6,0股,14.97%,1258343.14,53%
2024-09-02,基金,纳指ETF(513100.XSHG),多,79000股,79000股,1.429,112891,28822.01,1.064,-,0,948,0股,34.28%,1258343.14,8.97%
2024-09-02,基金,黄金ETF(518880.XSHG),多,23900股,23900股,5.491,131234.9,29132.04,4.272,-,0,-740.9,0股,28.53%,1258343.14,10.43%
2024-09-02,股票,长江电力(600900.XSHG),多,3800股,3800股,29.71,112898,30200.5,21.763,-,0,1254,0股,36.52%,1258343.14,8.97%
2024-09-02,股票,农业银行(601288.XSHG),多,24400股,24400股,4.69,114436,36047.14,3.213,-,0,4148,0股,45.99%,1258343.14,9.09%
2024-09-02,,Cash,,,,,5746.84,,,,,,,,0
2024-09-03,基金,豆粕ETF华夏(159985.XSHE),多,59300股,59300股,1.949,115575.7,7250.9,1.827,-,0,1363.9,0股,6.69%,1253088.64,9.22%
2024-09-03,基金,10年地债(511270.XSHG),多,5800股,5800股,115.054,667313.2,87221.35,100.016,-,0,388.6,0股,15.04%,1253088.64,53.25%
2024-09-03,基金,纳指ETF(513100.XSHG),多,79000股,79000股,1.431,113049,28980.01,1.064,-,0,158,0股,34.47%,1253088.64,9.02%
2024-09-03,基金,黄金ETF(518880.XSHG),多,23900股,23900股,5.501,131473.9,29371.04,4.272,-,0,239,0股,28.77%,1253088.64,10.49%
2024-09-03,股票,长江电力(600900.XSHG),多,3800股,3800股,29.11,110618,27920.5,21.763,-,0,-2280,0股,33.76%,1253088.64,8.83%
2024-09-03,股票,农业银行(601288.XSHG),多,24400股,24400股,4.48,109312,30923.14,3.213,-,0,-5124,0股,39.45%,1253088.64,8.72%
2024-09-03,,Cash,,,,,5746.84,,,,,,,,0
2024-09-04,基金,豆粕ETF华夏(159985.XSHE),多,59300股,59300股,1.924,114093.2,5768.4,1.827,-,0,-1482.5,0股,5.33%,1246475.14,9.15%
2024-09-04,基金,10年地债(511270.XSHG),多,5800股,5800股,115.153,667887.4,87795.55,100.016,-,0,574.2,0股,15.13%,1246475.14,53.58%
2024-09-04,基金,纳指ETF(513100.XSHG),多,79000股,79000股,1.356,107124,23055.01,1.064,-,0,-5925,0股,27.42%,1246475.14,8.59%
2024-09-04,基金,黄金ETF(518880.XSHG),多,23900股,23900股,5.463,130565.7,28462.84,4.272,-,0,-908.2,0股,27.88%,1246475.14,10.47%
2024-09-04,股票,长江电力(600900.XSHG),多,3800股,3800股,29.15,110770,28072.5,21.763,-,0,152,0股,33.95%,1246475.14,8.89%
2024-09-04,股票,农业银行(601288.XSHG),多,24400股,24400股,4.52,110288,31899.14,3.213,-,0,976,0股,40.69%,1246475.14,8.85%
2024-09-04,,Cash,,,,,5746.84,,,,,,,,0
2024-09-05,基金,豆粕ETF华夏(159985.XSHE),多,59300股,59300股,1.954,115872.2,7547.4,1.827,-,0,1779,0股,6.97%,1249457.04,9.27%
2024-09-05,基金,10年地债(511270.XSHG),多,5800股,5800股,115.249,668444.2,88352.35,100.016,-,0,556.8,0股,15.23%,1249457.04,53.5%
2024-09-05,基金,纳指ETF(513100.XSHG),多,79000股,79000股,1.36,107440,23371.01,1.064,-,0,316,0股,27.8%,1249457.04,8.6%
2024-09-05,基金,黄金ETF(518880.XSHG),多,23900股,23900股,5.502,131497.8,29394.94,4.272,-,0,932.1,0股,28.79%,1249457.04,10.52%
2024-09-05,股票,长江电力(600900.XSHG),多,3800股,3800股,29.12,110656,27958.5,21.763,-,0,-114,0股,33.81%,1249457.04,8.86%
2024-09-05,股票,农业银行(601288.XSHG),多,24400股,24400股,4.5,109800,31411.14,3.213,-,0,-488,0股,40.07%,1249457.04,8.79%
2024-09-05,,Cash,,,,,5746.84,,,,,,,,0
2024-09-06,基金,豆粕ETF华夏(159985.XSHE),多,59300股,59300股,1.984,117651.2,9326.4,1.827,-,0,1779,0股,8.61%,1253070.14,9.39%
2024-09-06,基金,10年地债(511270.XSHG),多,5800股,5800股,115.311,668803.8,88711.95,100.016,-,0,359.6,0股,15.29%,1253070.14,53.37%
2024-09-06,基金,纳指ETF(513100.XSHG),多,79000股,79000股,1.372,108388,24319.01,1.064,-,0,948,0股,28.93%,1253070.14,8.65%
2024-09-06,基金,黄金ETF(518880.XSHG),多,23900股,23900股,5.517,131856.3,29753.44,4.272,-,0,358.5,0股,29.14%,1253070.14,10.52%
2024-09-06,股票,长江电力(600900.XSHG),多,3800股,3800股,29.1,110580,27882.5,21.763,-,0,-76,0股,33.72%,1253070.14,8.82%
2024-09-06,股票,农业银行(601288.XSHG),多,24400股,24400股,4.51,110044,31655.14,3.213,-,0,244,0股,40.38%,1253070.14,8.78%
2024-09-06,,Cash,,,,,5746.84,,,,,,,,0
2024-09-09,基金,豆粕ETF华夏(159985.XSHE),多,58200股,58200股,1.962,114188.4,7873,1.827,-,0,-1280.4,0股,7.41%,1251358.91,9.13%
2024-09-09,基金,10年地债(511270.XSHG),多,5700股,5700股,115.38,657666,87575.74,100.016,-,0,393.3,0股,15.36%,1251358.91,52.56%
2024-09-09,基金,纳指ETF(513100.XSHG),多,75700股,75700股,1.364,103254.8,22697.55,1.064,-,0,-605.6,0股,28.18%,1251358.91,8.25%
2024-09-09,基金,黄金ETF(518880.XSHG),多,25200股,25200股,5.477,138020.4,28772.74,4.335,-,0,-980.7,1300股,26.34%,1251358.91,11.03%
2024-09-09,股票,长江电力(600900.XSHG),多,5100股,3800股,29.35,149685,28858.5,23.691,-,0,976,1300股,23.88%,1251358.91,11.96%
2024-09-09,股票,农业银行(601288.XSHG),多,19400股,19400股,4.52,87688,25362.43,3.213,-,0,194,0股,40.69%,1251358.91,7.01%
2024-09-09,,Cash,,,,,856.31,,,,,,,,0
2024-09-10,基金,豆粕ETF华夏(159985.XSHE),多,58200股,58200股,1.928,112209.6,5894.2,1.827,-,0,-1978.8,0股,5.54%,1251355.81,8.97%
2024-09-10,基金,10年地债(511270.XSHG),多,5700股,5700股,115.421,657899.7,87809.44,100.016,-,0,233.7,0股,15.4%,1251355.81,52.57%
2024-09-10,基金,纳指ETF(513100.XSHG),多,75700股,75700股,1.368,103557.6,23000.35,1.064,-,0,302.8,0股,28.55%,1251355.81,8.28%
2024-09-10,基金,黄金ETF(518880.XSHG),多,25200股,25200股,5.513,138927.6,29679.94,4.335,-,0,907.2,0股,27.17%,1251355.81,11.1%
2024-09-10,股票,长江电力(600900.XSHG),多,5100股,5100股,29.15,148665,27838.5,23.691,-,0,-1020,0股,23.04%,1251355.81,11.88%
2024-09-10,股票,农业银行(601288.XSHG),多,19400股,19400股,4.6,89240,26914.43,3.213,-,0,1552,0股,43.18%,1251355.81,7.13%
2024-09-10,,Cash,,,,,856.31,,,,,,,,0
2024-09-11,基金,豆粕ETF华夏(159985.XSHE),多,58200股,58200股,1.942,113024.4,6709,1.827,-,0,814.8,0股,6.31%,1244420.61,9.08%
2024-09-11,基金,10年地债(511270.XSHG),多,5700股,5700股,115.498,658338.6,88248.34,100.016,-,0,438.9,0股,15.48%,1244420.61,52.9%
2024-09-11,基金,纳指ETF(513100.XSHG),多,75700股,75700股,1.377,104238.9,23681.65,1.064,-,0,681.3,0股,29.4%,1244420.61,8.38%
2024-09-11,基金,黄金ETF(518880.XSHG),多,25200股,25200股,5.542,139658.4,30410.74,4.335,-,0,730.8,0股,27.84%,1244420.61,11.22%
2024-09-11,股票,长江电力(600900.XSHG),多,5100股,5100股,27.8,141780,20953.5,23.691,-,0,-6885,0股,17.34%,1244420.61,11.39%
2024-09-11,股票,农业银行(601288.XSHG),多,19400股,19400股,4.46,86524,24198.43,3.213,-,0,-2716,0股,38.83%,1244420.61,6.95%
2024-09-11,,Cash,,,,,856.31,,,,,,,,0
2024-09-12,基金,豆粕ETF华夏(159985.XSHE),多,58200股,58200股,1.933,112500.6,6185.2,1.827,-,0,-523.8,0股,5.82%,1247422.11,9.02%
2024-09-12,基金,10年地债(511270.XSHG),多,5700股,5700股,115.459,658116.3,88026.04,100.016,-,0,-222.3,0股,15.44%,1247422.11,52.76%
2024-09-12,基金,纳指ETF(513100.XSHG),多,75700股,75700股,1.421,107569.7,27012.45,1.064,-,0,3330.8,0股,33.53%,1247422.11,8.62%
2024-09-12,基金,黄金ETF(518880.XSHG),多,25200股,25200股,5.531,139381.2,30133.54,4.335,-,0,-277.2,0股,27.58%,1247422.11,11.17%
2024-09-12,股票,长江电力(600900.XSHG),多,5100股,5100股,27.86,142086,21259.5,23.691,-,0,306,0股,17.6%,1247422.11,11.39%
2024-09-12,股票,农业银行(601288.XSHG),多,19400股,19400股,4.48,86912,24586.43,3.213,-,0,388,0股,39.45%,1247422.11,6.97%
2024-09-12,,Cash,,,,,856.31,,,,,,,,0
2024-09-13,基金,豆粕ETF华夏(159985.XSHE),多,58200股,58200股,1.948,113373.6,7058.2,1.827,-,0,873,0股,6.64%,1254132.81,9.04%
2024-09-13,基金,10年地债(511270.XSHG),多,5700股,5700股,115.686,659410.2,89319.94,100.016,-,0,1293.9,0股,15.67%,1254132.81,52.58%
2024-09-13,基金,纳指ETF(513100.XSHG),多,75700股,75700股,1.435,108629.5,28072.25,1.064,-,0,1059.8,0股,34.85%,1254132.81,8.66%
2024-09-13,基金,黄金ETF(518880.XSHG),多,25200股,25200股,5.611,141397.2,32149.54,4.335,-,0,2016,0股,29.43%,1254132.81,11.27%
2024-09-13,股票,长江电力(600900.XSHG),多,5100股,5100股,28.3,144330,23503.5,23.691,-,0,2244,0股,19.45%,1254132.81,11.51%
2024-09-13,股票,农业银行(601288.XSHG),多,19400股,19400股,4.44,86136,23810.43,3.213,-,0,-776,0股,38.2%,1254132.81,6.87%
2024-09-13,,Cash,,,,,856.31,,,,,,,,0
2024-09-18,基金,豆粕ETF华夏(159985.XSHE),多,58200股,58200股,1.991,115876.2,9560.8,1.827,-,0,2502.6,0股,8.99%,1258352.11,9.21%
2024-09-18,基金,10年地债(511270.XSHG),多,5700股,5700股,115.92,660744,90653.74,100.016,-,0,1333.8,0股,15.9%,1258352.11,52.51%
2024-09-18,基金,纳指ETF(513100.XSHG),多,75700股,75700股,1.424,107796.8,27239.55,1.064,-,0,-832.7,0股,33.81%,1258352.11,8.57%
2024-09-18,基金,黄金ETF(518880.XSHG),多,25200股,25200股,5.609,141346.8,32099.14,4.335,-,0,-50.4,0股,29.38%,1258352.11,11.23%
2024-09-18,股票,长江电力(600900.XSHG),多,5100股,5100股,28.32,144432,23605.5,23.691,-,0,102,0股,19.54%,1258352.11,11.48%
2024-09-18,股票,农业银行(601288.XSHG),多,19400股,19400股,4.5,87300,24974.43,3.213,-,0,1164,0股,40.07%,1258352.11,6.94%
2024-09-18,,Cash,,,,,856.31,,,,,,,,0
2024-09-19,基金,豆粕ETF华夏(159985.XSHE),多,58200股,58200股,1.947,113315.4,7000,1.827,-,0,-2560.8,0股,6.58%,1256929.31,9.02%
2024-09-19,基金,10年地债(511270.XSHG),多,5700股,5700股,115.938,660846.6,90756.34,100.016,-,0,102.6,0股,15.92%,1256929.31,52.58%
2024-09-19,基金,纳指ETF(513100.XSHG),多,75700股,75700股,1.44,109008,28450.75,1.064,-,0,1211.2,0股,35.32%,1256929.31,8.67%
2024-09-19,基金,黄金ETF(518880.XSHG),多,25200股,25200股,5.6,141120,31872.34,4.335,-,0,-226.8,0股,29.17%,1256929.31,11.23%
2024-09-19,股票,长江电力(600900.XSHG),多,5100股,5100股,28.33,144483,23656.5,23.691,-,0,51,0股,19.58%,1256929.31,11.49%
2024-09-19,股票,农业银行(601288.XSHG),多,19400股,19400股,4.5,87300,24974.43,3.213,-,0,0,0股,40.07%,1256929.31,6.95%
2024-09-19,,Cash,,,,,856.31,,,,,,,,0
2024-09-20,基金,豆粕ETF华夏(159985.XSHE),多,58200股,58200股,1.947,113315.4,7000,1.827,-,0,0,0股,6.58%,1259821.81,8.99%
2024-09-20,基金,10年地债(511270.XSHG),多,5700股,5700股,116.152,662066.4,91976.14,100.016,-,0,1219.8,0股,16.13%,1259821.81,52.55%
2024-09-20,基金,纳指ETF(513100.XSHG),多,75700股,75700股,1.443,109235.1,28677.85,1.064,-,0,227.1,0股,35.6%,1259821.81,8.67%
2024-09-20,基金,黄金ETF(518880.XSHG),多,25200股,25200股,5.663,142707.6,33459.94,4.335,-,0,1587.6,0股,30.63%,1259821.81,11.33%
2024-09-20,股票,长江电力(600900.XSHG),多,5100股,5100股,28.15,143565,22738.5,23.691,-,0,-918,0股,18.82%,1259821.81,11.4%
2024-09-20,股票,农业银行(601288.XSHG),多,19400股,19400股,4.54,88076,25750.43,3.213,-,0,776,0股,41.32%,1259821.81,6.99%
2024-09-20,,Cash,,,,,856.31,,,,,,,,0
2024-09-23,基金,豆粕ETF华夏(159985.XSHE),多,58200股,58200股,1.94,112908,6592.6,1.827,-,0,-407.4,0股,6.2%,1262811.11,8.94%
2024-09-23,基金,10年地债(511270.XSHG),多,5700股,5700股,116.139,661992.3,91902.04,100.016,-,0,-74.1,0股,16.12%,1262811.11,52.42%
2024-09-23,基金,纳指ETF(513100.XSHG),多,75700股,75700股,1.449,109689.3,29132.05,1.064,-,0,454.2,0股,36.16%,1262811.11,8.69%
2024-09-23,基金,黄金ETF(518880.XSHG),多,25200股,25200股,5.711,143917.2,34669.54,4.335,-,0,1209.6,0股,31.73%,1262811.11,11.4%
2024-09-23,股票,长江电力(600900.XSHG),多,5100股,5100股,28.2,143820,22993.5,23.691,-,0,255,0股,19.03%,1262811.11,11.39%
2024-09-23,股票,农业银行(601288.XSHG),多,19400股,19400股,4.62,89628,27302.43,3.213,-,0,1552,0股,43.81%,1262811.11,7.1%
2024-09-23,,Cash,,,,,856.31,,,,,,,,0
2024-09-24,基金,豆粕ETF华夏(159985.XSHE),多,58200股,58200股,1.967,114479.4,8164,1.827,-,0,1571.4,0股,7.68%,1267224.21,9.03%
2024-09-24,基金,10年地债(511270.XSHG),多,5700股,5700股,115.692,659444.4,89354.14,100.016,-,0,-2547.9,0股,15.67%,1267224.21,52.04%
2024-09-24,基金,纳指ETF(513100.XSHG),多,75700股,75700股,1.441,109083.7,28526.45,1.064,-,0,-605.6,0股,35.41%,1267224.21,8.61%
2024-09-24,基金,黄金ETF(518880.XSHG),多,25200股,25200股,5.697,143564.4,34316.74,4.335,-,0,-352.8,0股,31.41%,1267224.21,11.33%
2024-09-24,股票,长江电力(600900.XSHG),多,5100股,5100股,28.76,146676,25849.5,23.691,-,0,2856,0股,21.39%,1267224.21,11.57%
2024-09-24,股票,农业银行(601288.XSHG),多,19400股,19400股,4.8,93120,30794.43,3.213,-,0,3492,0股,49.41%,1267224.21,7.35%
2024-09-24,,Cash,,,,,856.31,,,,,,,,0
2024-09-25,基金,豆粕ETF华夏(159985.XSHE),多,58200股,58200股,1.94,112908,6592.6,1.827,-,0,-1571.4,0股,6.2%,1270607.61,8.89%
2024-09-25,基金,10年地债(511270.XSHG),多,5700股,5700股,116.229,662505.3,92415.04,100.016,-,0,3060.9,0股,16.21%,1270607.61,52.14%
2024-09-25,基金,纳指ETF(513100.XSHG),多,75700股,75700股,1.43,108251,27693.75,1.064,-,0,-832.7,0股,34.38%,1270607.61,8.52%
2024-09-25,基金,黄金ETF(518880.XSHG),多,25200股,25200股,5.74,144648,35400.34,4.335,-,0,1083.6,0股,32.4%,1270607.61,11.38%
2024-09-25,股票,长江电力(600900.XSHG),多,5100股,5100股,28.93,147543,26716.5,23.691,-,0,867,0股,22.11%,1270607.61,11.61%
2024-09-25,股票,农业银行(601288.XSHG),多,19400股,19400股,4.84,93896,31570.43,3.213,-,0,776,0股,50.65%,1270607.61,7.39%
2024-09-25,,Cash,,,,,856.31,,,,,,,,0
2024-09-26,基金,豆粕ETF华夏(159985.XSHE),多,58200股,58200股,1.971,114712.2,8396.8,1.827,-,0,1804.2,0股,7.9%,1273540.21,9.01%
2024-09-26,基金,10年地债(511270.XSHG),多,5700股,5700股,115.08,655956,90140.74,99.266,-,0,-2274.3,0股,15.93%,1273540.21,51.51%
2024-09-26,基金,纳指ETF(513100.XSHG),多,75700股,75700股,1.445,109386.5,28829.25,1.064,-,0,1135.5,0股,35.79%,1273540.21,8.59%
2024-09-26,基金,黄金ETF(518880.XSHG),多,25200股,25200股,5.751,144925.2,35677.54,4.335,-,0,277.2,0股,32.66%,1273540.21,11.38%
2024-09-26,股票,长江电力(600900.XSHG),多,5100股,5100股,29.13,148563,27736.5,23.691,-,0,1020,0股,22.96%,1273540.21,11.67%
2024-09-26,股票,农业银行(601288.XSHG),多,19400股,19400股,4.89,94866,32540.43,3.213,-,0,970,0股,52.21%,1273540.21,7.45%
2024-09-26,,Cash,,,,,5131.31,,,,,,,,0
2024-09-27,基金,豆粕ETF华夏(159985.XSHE),多,58200股,58200股,1.956,113839.2,7523.8,1.827,-,0,-873,0股,7.08%,1259319.31,9.04%
2024-09-27,基金,10年地债(511270.XSHG),多,5700股,5700股,114.112,650438.4,84623.14,99.266,-,0,-5517.6,0股,14.96%,1259319.31,51.65%
2024-09-27,基金,纳指ETF(513100.XSHG),多,75700股,75700股,1.414,107039.8,26482.55,1.064,-,0,-2346.7,0股,32.87%,1259319.31,8.5%
2024-09-27,基金,黄金ETF(518880.XSHG),多,25200股,25200股,5.708,143841.6,34593.94,4.335,-,0,-1083.6,0股,31.67%,1259319.31,11.42%
2024-09-27,股票,长江电力(600900.XSHG),多,5100股,5100股,28.99,147849,27022.5,23.691,-,0,-714,0股,22.36%,1259319.31,11.74%
2024-09-27,股票,农业银行(601288.XSHG),多,19400股,19400股,4.7,91180,28854.43,3.213,-,0,-3686,0股,46.3%,1259319.31,7.24%
2024-09-27,,Cash,,,,,5131.31,,,,,,,,0
2024-09-30,基金,豆粕ETF华夏(159985.XSHE),多,58200股,58200股,1.998,116283.6,9968.2,1.827,-,0,2444.4,0股,9.38%,1265861.71,9.19%
2024-09-30,基金,10年地债(511270.XSHG),多,5700股,5700股,113.613,647594.1,81778.84,99.266,-,0,-2844.3,0股,14.45%,1265861.71,51.16%
2024-09-30,基金,纳指ETF(513100.XSHG),多,75700股,75700股,1.409,106661.3,26104.05,1.064,-,0,-378.5,0股,32.4%,1265861.71,8.43%
2024-09-30,基金,黄金ETF(518880.XSHG),多,25200股,25200股,5.707,143816.4,34568.74,4.335,-,0,-25.2,0股,31.64%,1265861.71,11.36%
2024-09-30,股票,长江电力(600900.XSHG),多,5100股,5100股,30.05,153255,32428.5,23.691,-,0,5406,0股,26.84%,1265861.71,12.11%
2024-09-30,股票,农业银行(601288.XSHG),多,19400股,19400股,4.8,93120,30794.43,3.213,-,0,1940,0股,49.41%,1265861.71,7.36%
2024-09-30,,Cash,,,,,5131.31,,,,,,,,0
2024-10-08,基金,豆粕ETF华夏(159985.XSHE),多,58200股,58200股,1.918,111627.6,5312.2,1.827,-,0,-4656,0股,5%,1254670.61,8.9%
2024-10-08,基金,10年地债(511270.XSHG),多,5700股,5700股,113.394,646345.8,80530.54,99.266,-,0,-1248.3,0股,14.23%,1254670.61,51.52%
2024-10-08,基金,纳指ETF(513100.XSHG),多,75700股,75700股,1.403,106207.1,25649.85,1.064,-,0,-454.2,0股,31.84%,1254670.61,8.46%
2024-10-08,基金,黄金ETF(518880.XSHG),多,25200股,25200股,5.714,143992.8,34745.14,4.335,-,0,176.4,0股,31.8%,1254670.61,11.48%
2024-10-08,股票,长江电力(600900.XSHG),多,5100股,5100股,29.22,149022,28195.5,23.691,-,0,-4233,0股,23.34%,1254670.61,11.88%
2024-10-08,股票,农业银行(601288.XSHG),多,19400股,19400股,4.76,92344,30018.43,3.213,-,0,-776,0股,48.16%,1254670.61,7.36%
2024-10-08,,Cash,,,,,5131.31,,,,,,,,0
2024-10-09,基金,豆粕ETF华夏(159985.XSHE),多,58200股,58200股,1.919,111685.8,5370.4,1.827,-,0,58.2,0股,5.05%,1252174.01,8.92%
2024-10-09,基金,10年地债(511270.XSHG),多,5700股,5700股,113.86,649002,83186.74,99.266,-,0,2656.2,0股,14.7%,1252174.01,51.83%
2024-10-09,基金,纳指ETF(513100.XSHG),多,75700股,75700股,1.427,108023.9,27466.65,1.064,-,0,1816.8,0股,34.1%,1252174.01,8.63%
2024-10-09,基金,黄金ETF(518880.XSHG),多,25200股,25200股,5.64,142128,32880.34,4.335,-,0,-1864.8,0股,30.1%,1252174.01,11.35%
2024-10-09,股票,长江电力(600900.XSHG),多,5100股,5100股,28.55,145605,24778.5,23.691,-,0,-3417,0股,20.51%,1252174.01,11.63%
2024-10-09,股票,农业银行(601288.XSHG),多,19400股,19400股,4.67,90598,28272.43,3.213,-,0,-1746,0股,45.36%,1252174.01,7.24%
2024-10-09,,Cash,,,,,5131.31,,,,,,,,0
2024-10-10,基金,豆粕ETF华夏(159985.XSHE),多,58200股,58200股,1.918,111627.6,5312.2,1.827,-,0,-58.2,0股,5%,1264005.21,8.83%
2024-10-10,基金,10年地债(511270.XSHG),多,5700股,5700股,114.5,652650,86834.74,99.266,-,0,3648,0股,15.35%,1264005.21,51.63%
2024-10-10,基金,纳指ETF(513100.XSHG),多,75700股,75700股,1.443,109235.1,28677.85,1.064,-,0,1211.2,0股,35.6%,1264005.21,8.64%
2024-10-10,基金,黄金ETF(518880.XSHG),多,25200股,25200股,5.676,143035.2,33787.54,4.335,-,0,907.2,0股,30.93%,1264005.21,11.32%
2024-10-10,股票,长江电力(600900.XSHG),多,5100股,5100股,29.18,148818,27991.5,23.691,-,0,3213,0股,23.17%,1264005.21,11.77%
2024-10-10,股票,农业银行(601288.XSHG),多,19400股,19400股,4.82,93508,31182.43,3.213,-,0,2910,0股,50.03%,1264005.21,7.4%
2024-10-10,,Cash,,,,,5131.31,,,,,,,,0
2024-10-11,基金,豆粕ETF华夏(159985.XSHE),多,58200股,58200股,1.888,109881.6,3566.2,1.827,-,0,-1746,0股,3.35%,1262566.81,8.7%
2024-10-11,基金,10年地债(511270.XSHG),多,5700股,5700股,114.188,650871.6,85056.34,99.266,-,0,-1778.4,0股,15.03%,1262566.81,51.55%
2024-10-11,基金,纳指ETF(513100.XSHG),多,75700股,75700股,1.445,109386.5,28829.25,1.064,-,0,151.4,0股,35.79%,1262566.81,8.66%
2024-10-11,基金,黄金ETF(518880.XSHG),多,25200股,25200股,5.739,144622.8,35375.14,4.335,-,0,1587.6,0股,32.38%,1262566.81,11.45%
2024-10-11,股票,长江电力(600900.XSHG),多,5100股,5100股,29.21,148971,28144.5,23.691,-,0,153,0股,23.29%,1262566.81,11.8%
2024-10-11,股票,农业银行(601288.XSHG),多,19400股,19400股,4.83,93702,31376.43,3.213,-,0,194,0股,50.34%,1262566.81,7.42%
2024-10-11,,Cash,,,,,5131.31,,,,,,,,0
2024-10-14,基金,豆粕ETF华夏(159985.XSHE),多,58200股,58200股,1.9,110580,4264.6,1.827,-,0,698.4,0股,4.01%,1269914.31,8.71%
2024-10-14,基金,10年地债(511270.XSHG),多,5700股,5700股,114.27,651339,85523.74,99.266,-,0,467.4,0股,15.12%,1269914.31,51.29%
2024-10-14,基金,纳指ETF(513100.XSHG),多,75700股,75700股,1.446,109462.2,28904.95,1.064,-,0,75.7,0股,35.88%,1269914.31,8.62%
2024-10-14,基金,黄金ETF(518880.XSHG),多,25200股,25200股,5.799,146134.8,36887.14,4.335,-,0,1512,0股,33.76%,1269914.31,11.51%
2024-10-14,股票,长江电力(600900.XSHG),多,5100股,5100股,29.35,149685,28858.5,23.691,-,0,714,0股,23.88%,1269914.31,11.79%
2024-10-14,股票,农业银行(601288.XSHG),多,19400股,19400股,5.03,97582,35256.43,3.213,-,0,3880,0股,56.57%,1269914.31,7.68%
2024-10-14,,Cash,,,,,5131.31,,,,,,,,0
2024-10-15,基金,豆粕ETF华夏(159985.XSHE),多,66900股,66900股,1.901,127176.9,4261.9,1.837,-,0,-2.7,8700股,3.47%,1268310.86,10.03%
2024-10-15,基金,10年地债(511270.XSHG),多,5600股,5600股,114.353,640376.8,84488.12,99.266,-,0,464.8,0股,15.2%,1268310.86,50.49%
2024-10-15,基金,纳指ETF(513100.XSHG),多,80200股,80200股,1.476,118375.2,31211.95,1.087,-,0,2307,4500股,35.81%,1268310.86,9.33%
2024-10-15,基金,黄金ETF(518880.XSHG),多,27000股,27000股,5.799,156573,36914.14,4.432,-,0,27,1800股,30.85%,1268310.86,12.35%
2024-10-15,股票,长江电力(600900.XSHG),多,4500股,4500股,28.88,129960,23348.38,23.691,-,0,-2115,0股,21.9%,1268310.86,10.25%
2024-10-15,股票,农业银行(601288.XSHG),多,19400股,19400股,4.92,95448,33122.43,3.213,-,0,-2134,0股,53.14%,1268310.86,7.53%
2024-10-15,,Cash,,,,,400.96,,,,,,,,0
2024-10-16,基金,豆粕ETF华夏(159985.XSHE),多,66900股,66900股,1.914,128046.6,5131.6,1.837,-,0,869.7,0股,4.17%,1272104.76,10.07%
2024-10-16,基金,10年地债(511270.XSHG),多,5600股,5600股,114.499,641194.4,85305.72,99.266,-,0,817.6,0股,15.35%,1272104.76,50.4%
2024-10-16,基金,纳指ETF(513100.XSHG),多,80200股,80200股,1.459,117011.8,29848.55,1.087,-,0,-1363.4,0股,34.24%,1272104.76,9.2%
2024-10-16,基金,黄金ETF(518880.XSHG),多,27000股,27000股,5.884,158868,39209.14,4.432,-,0,2295,0股,32.77%,1272104.76,12.49%
2024-10-16,股票,长江电力(600900.XSHG),多,4500股,4500股,28.71,129195,22583.38,23.691,-,0,-765,0股,21.18%,1272104.76,10.16%
2024-10-16,股票,农业银行(601288.XSHG),多,19400股,19400股,5.02,97388,35062.43,3.213,-,0,1940,0股,56.26%,1272104.76,7.66%
2024-10-16,,Cash,,,,,400.96,,,,,,,,0
2024-10-17,基金,豆粕ETF华夏(159985.XSHE),多,66900股,66900股,1.882,125905.8,2990.8,1.837,-,0,-2140.8,0股,2.43%,1269376.56,9.92%
2024-10-17,基金,10年地债(511270.XSHG),多,5600股,5600股,114.632,641939.2,86050.52,99.266,-,0,744.8,0股,15.48%,1269376.56,50.57%
2024-10-17,基金,纳指ETF(513100.XSHG),多,80200股,80200股,1.468,117733.6,30570.35,1.087,-,0,721.8,0股,35.07%,1269376.56,9.27%
2024-10-17,基金,黄金ETF(518880.XSHG),多,27000股,27000股,5.905,159435,39776.14,4.432,-,0,567,0股,33.24%,1269376.56,12.56%
2024-10-17,股票,长江电力(600900.XSHG),多,4500股,4500股,28.3,127350,20738.38,23.691,-,0,-1845,0股,19.45%,1269376.56,10.03%
2024-10-17,股票,农业银行(601288.XSHG),多,19400股,19400股,4.98,96612,34286.43,3.213,-,0,-776,0股,55.01%,1269376.56,7.61%
2024-10-17,,Cash,,,,,400.96,,,,,,,,0
2024-10-18,基金,豆粕ETF华夏(159985.XSHE),多,66900股,66900股,1.9,127110,4195,1.837,-,0,1204.2,0股,3.41%,1269797.56,10.01%
2024-10-18,基金,10年地债(511270.XSHG),多,5600股,5600股,114.393,640600.8,84712.12,99.266,-,0,-1338.4,0股,15.24%,1269797.56,50.45%
2024-10-18,基金,纳指ETF(513100.XSHG),多,80200股,80200股,1.459,117011.8,29848.55,1.087,-,0,-721.8,0股,34.24%,1269797.56,9.21%
2024-10-18,基金,黄金ETF(518880.XSHG),多,27000股,27000股,5.945,160515,40856.14,4.432,-,0,1080,0股,34.14%,1269797.56,12.64%
2024-10-18,股票,长江电力(600900.XSHG),多,4500股,4500股,28.43,127935,21323.38,23.691,-,0,585,0股,20%,1269797.56,10.08%
2024-10-18,股票,农业银行(601288.XSHG),多,19400股,19400股,4.96,96224,33898.43,3.213,-,0,-388,0股,54.39%,1269797.56,7.58%
2024-10-18,,Cash,,,,,400.96,,,,,,,,0
2024-10-21,基金,豆粕ETF华夏(159985.XSHE),多,66900股,66900股,1.895,126775.5,3860.5,1.837,-,0,-334.5,0股,3.14%,1268101.46,10%
2024-10-21,基金,10年地债(511270.XSHG),多,5600股,5600股,114.553,641496.8,85608.12,99.266,-,0,896,0股,15.4%,1268101.46,50.59%
2024-10-21,基金,纳指ETF(513100.XSHG),多,80200股,80200股,1.461,117172.2,30008.95,1.087,-,0,160.4,0股,34.43%,1268101.46,9.24%
2024-10-21,基金,黄金ETF(518880.XSHG),多,27000股,27000股,6.02,162540,42881.14,4.432,-,0,2025,0股,35.84%,1268101.46,12.82%
2024-10-21,股票,长江电力(600900.XSHG),多,4500股,4500股,27.96,125820,19208.38,23.691,-,0,-2115,0股,18.02%,1268101.46,9.92%
2024-10-21,股票,农业银行(601288.XSHG),多,19400股,19400股,4.84,93896,31570.43,3.213,-,0,-2328,0股,50.65%,1268101.46,7.4%
2024-10-21,,Cash,,,,,400.96,,,,,,,,0
2024-10-22,基金,豆粕ETF华夏(159985.XSHE),多,66900股,66900股,1.891,126507.9,3592.9,1.837,-,0,-267.6,0股,2.92%,1268743.46,9.97%
2024-10-22,基金,10年地债(511270.XSHG),多,5600股,5600股,114.588,641692.8,85804.12,99.266,-,0,196,0股,15.44%,1268743.46,50.58%
2024-10-22,基金,纳指ETF(513100.XSHG),多,80200股,80200股,1.459,117011.8,29848.55,1.087,-,0,-160.4,0股,34.24%,1268743.46,9.22%
2024-10-22,基金,黄金ETF(518880.XSHG),多,27000股,27000股,6.018,162486,42827.14,4.432,-,0,-54,0股,35.79%,1268743.46,12.81%
2024-10-22,股票,长江电力(600900.XSHG),多,4500股,4500股,28.08,126360,19748.38,23.691,-,0,540,0股,18.52%,1268743.46,9.96%
2024-10-22,股票,农业银行(601288.XSHG),多,19400股,19400股,4.86,94284,31958.43,3.213,-,0,388,0股,51.28%,1268743.46,7.43%
2024-10-22,,Cash,,,,,400.96,,,,,,,,0
2024-10-23,基金,豆粕ETF华夏(159985.XSHE),多,66900股,66900股,1.899,127043.1,4128.1,1.837,-,0,535.2,0股,3.36%,1269460.26,10.01%
2024-10-23,基金,10年地债(511270.XSHG),多,5600股,5600股,114.402,640651.2,84762.52,99.266,-,0,-1041.6,0股,15.25%,1269460.26,50.47%
2024-10-23,基金,纳指ETF(513100.XSHG),多,80200股,80200股,1.465,117493,30329.75,1.087,-,0,481.2,0股,34.8%,1269460.26,9.26%
2024-10-23,基金,黄金ETF(518880.XSHG),多,27000股,27000股,6.056,163512,43853.14,4.432,-,0,1026,0股,36.65%,1269460.26,12.88%
2024-10-23,股票,长江电力(600900.XSHG),多,4500股,4500股,28.06,126270,19658.38,23.691,-,0,-90,0股,18.44%,1269460.26,9.95%
2024-10-23,股票,农业银行(601288.XSHG),多,19400股,19400股,4.85,94090,31764.43,3.213,-,0,-194,0股,50.97%,1269460.26,7.41%
2024-10-23,,Cash,,,,,400.96,,,,,,,,0
2024-10-24,基金,豆粕ETF华夏(159985.XSHE),多,66900股,66900股,1.897,126909.3,3994.3,1.837,-,0,-133.8,0股,3.25%,1266497.46,10.02%
2024-10-24,基金,10年地债(511270.XSHG),多,5600股,5600股,114.399,640634.4,84745.72,99.266,-,0,-16.8,0股,15.25%,1266497.46,50.58%
2024-10-24,基金,纳指ETF(513100.XSHG),多,80200股,80200股,1.449,116209.8,29046.55,1.087,-,0,-1283.2,0股,33.32%,1266497.46,9.18%
2024-10-24,基金,黄金ETF(518880.XSHG),多,27000股,27000股,5.995,161865,42206.14,4.432,-,0,-1647,0股,35.27%,1266497.46,12.78%
2024-10-24,股票,长江电力(600900.XSHG),多,4500股,4500股,28,126000,19388.38,23.691,-,0,-270,0股,18.19%,1266497.46,9.95%
2024-10-24,股票,农业银行(601288.XSHG),多,19400股,19400股,4.87,94478,32152.43,3.213,-,0,388,0股,51.59%,1266497.46,7.46%
2024-10-24,,Cash,,,,,400.96,,,,,,,,0
2024-10-25,基金,豆粕ETF华夏(159985.XSHE),多,66900股,66900股,1.876,125504.4,2589.4,1.837,-,0,-1404.9,0股,2.11%,1262301.16,9.94%
2024-10-25,基金,10年地债(511270.XSHG),多,5600股,5600股,114.343,640320.8,84432.12,99.266,-,0,-313.6,0股,15.19%,1262301.16,50.73%
2024-10-25,基金,纳指ETF(513100.XSHG),多,80200股,80200股,1.455,116691,29527.75,1.087,-,0,481.2,0股,33.88%,1262301.16,9.24%
2024-10-25,基金,黄金ETF(518880.XSHG),多,27000股,27000股,5.998,161946,42287.14,4.432,-,0,81,0股,35.34%,1262301.16,12.83%
2024-10-25,股票,长江电力(600900.XSHG),多,4500股,4500股,27.54,123930,17318.38,23.691,-,0,-2070,0股,16.24%,1262301.16,9.82%
2024-10-25,股票,农业银行(601288.XSHG),多,19400股,19400股,4.82,93508,31182.43,3.213,-,0,-970,0股,50.03%,1262301.16,7.41%
2024-10-25,,Cash,,,,,400.96,,,,,,,,0
2024-10-28,基金,豆粕ETF华夏(159985.XSHE),多,66900股,66900股,1.894,126708.6,3793.6,1.837,-,0,1204.2,0股,3.09%,1263743.56,10.03%
2024-10-28,基金,10年地债(511270.XSHG),多,5600股,5600股,114.244,639766.4,83877.72,99.266,-,0,-554.4,0股,15.09%,1263743.56,50.62%
2024-10-28,基金,纳指ETF(513100.XSHG),多,80200股,80200股,1.473,118134.6,30971.35,1.087,-,0,1443.6,0股,35.53%,1263743.56,9.35%
2024-10-28,基金,黄金ETF(518880.XSHG),多,27000股,27000股,6.017,162459,42800.14,4.432,-,0,513,0股,35.77%,1263743.56,12.86%
2024-10-28,股票,长江电力(600900.XSHG),多,4500股,4500股,27.54,123930,17318.38,23.691,-,0,0,0股,16.24%,1263743.56,9.81%
2024-10-28,股票,农业银行(601288.XSHG),多,19400股,19400股,4.76,92344,30018.43,3.213,-,0,-1164,0股,48.16%,1263743.56,7.31%
2024-10-28,,Cash,,,,,400.96,,,,,,,,0
2024-10-29,基金,豆粕ETF华夏(159985.XSHE),多,66900股,66900股,1.911,127845.9,4930.9,1.837,-,0,1137.3,0股,4.01%,1267437.06,10.09%
2024-10-29,基金,10年地债(511270.XSHG),多,5600股,5600股,114.257,639839.2,83950.52,99.266,-,0,72.8,0股,15.1%,1267437.06,50.48%
2024-10-29,基金,纳指ETF(513100.XSHG),多,80200股,80200股,1.47,117894,30730.75,1.087,-,0,-240.6,0股,35.26%,1267437.06,9.3%
2024-10-29,基金,黄金ETF(518880.XSHG),多,27000股,27000股,6.068,163836,44177.14,4.432,-,0,1377,0股,36.92%,1267437.06,12.93%
2024-10-29,股票,长江电力(600900.XSHG),多,4500股,4500股,27.71,124695,18083.38,23.691,-,0,765,0股,16.96%,1267437.06,9.84%
2024-10-29,股票,农业银行(601288.XSHG),多,19400股,19400股,4.79,92926,30600.43,3.213,-,0,582,0股,49.1%,1267437.06,7.33%
2024-10-29,,Cash,,,,,400.96,,,,,,,,0
2024-10-30,基金,豆粕ETF华夏(159985.XSHE),多,66900股,66900股,1.913,127979.7,5064.7,1.837,-,0,133.8,0股,4.12%,1269124.86,10.08%
2024-10-30,基金,10年地债(511270.XSHG),多,5600股,5600股,114.264,639878.4,83989.72,99.266,-,0,39.2,0股,15.11%,1269124.86,50.42%
2024-10-30,基金,纳指ETF(513100.XSHG),多,80200股,80200股,1.484,119016.8,31853.55,1.087,-,0,1122.8,0股,36.54%,1269124.86,9.38%
2024-10-30,基金,黄金ETF(518880.XSHG),多,27000股,27000股,6.14,165780,46121.14,4.432,-,0,1944,0股,38.54%,1269124.86,13.06%
2024-10-30,股票,长江电力(600900.XSHG),多,4500股,4500股,27.71,124695,18083.38,23.691,-,0,0,0股,16.96%,1269124.86,9.83%
2024-10-30,股票,农业银行(601288.XSHG),多,19400股,19400股,4.71,91374,29048.43,3.213,-,0,-1552,0股,46.61%,1269124.86,7.2%
2024-10-30,,Cash,,,,,400.96,,,,,,,,0
2024-10-31,基金,豆粕ETF华夏(159985.XSHE),多,66900股,66900股,1.901,127176.9,4261.9,1.837,-,0,-802.8,0股,3.47%,1265300.26,10.05%
2024-10-31,基金,10年地债(511270.XSHG),多,5600股,5600股,114.296,640057.6,84168.92,99.266,-,0,179.2,0股,15.14%,1265300.26,50.59%
2024-10-31,基金,纳指ETF(513100.XSHG),多,80200股,80200股,1.459,117011.8,29848.55,1.087,-,0,-2005,0股,34.24%,1265300.26,9.25%
2024-10-31,基金,黄金ETF(518880.XSHG),多,27000股,27000股,6.103,164781,45122.14,4.432,-,0,-999,0股,37.71%,1265300.26,13.02%
2024-10-31,股票,长江电力(600900.XSHG),多,4500股,4500股,27.58,124110,17498.38,23.691,-,0,-585,0股,16.41%,1265300.26,9.81%
2024-10-31,股票,农业银行(601288.XSHG),多,19400股,19400股,4.73,91762,29436.43,3.213,-,0,388,0股,47.23%,1265300.26,7.25%
2024-10-31,,Cash,,,,,400.96,,,,,,,,0
2024-11-01,基金,豆粕ETF华夏(159985.XSHE),多,66900股,66900股,1.884,126039.6,3124.6,1.837,-,0,-1137.3,0股,2.54%,1264904.76,9.96%
2024-11-01,基金,10年地债(511270.XSHG),多,5600股,5600股,114.428,640796.8,84908.12,99.266,-,0,739.2,0股,15.27%,1264904.76,50.66%
2024-11-01,基金,纳指ETF(513100.XSHG),多,80200股,80200股,1.442,115648.4,28485.15,1.087,-,0,-1363.4,0股,32.68%,1264904.76,9.14%
2024-11-01,基金,黄金ETF(518880.XSHG),多,27000股,27000股,6.051,163377,43718.14,4.432,-,0,-1404,0股,36.54%,1264904.76,12.92%
2024-11-01,股票,长江电力(600900.XSHG),多,4500股,4500股,27.98,125910,19298.38,23.691,-,0,1800,0股,18.1%,1264904.76,9.95%
2024-11-01,股票,农业银行(601288.XSHG),多,19400股,19400股,4.78,92732,30406.43,3.213,-,0,970,0股,48.79%,1264904.76,7.33%
2024-11-01,,Cash,,,,,400.96,,,,,,,,0
2024-11-04,基金,豆粕ETF华夏(159985.XSHE),多,66900股,66900股,1.896,126842.4,3927.4,1.837,-,0,802.8,0股,3.2%,1264207.16,10.03%
2024-11-04,基金,10年地债(511270.XSHG),多,5600股,5600股,114.427,640791.2,84902.52,99.266,-,0,-5.6,0股,15.27%,1264207.16,50.69%
2024-11-04,基金,纳指ETF(513100.XSHG),多,80200股,80200股,1.443,115728.6,28565.35,1.087,-,0,80.2,0股,32.77%,1264207.16,9.15%
2024-11-04,基金,黄金ETF(518880.XSHG),多,27000股,27000股,6.006,162162,42503.14,4.432,-,0,-1215,0股,35.52%,1264207.16,12.83%
2024-11-04,股票,长江电力(600900.XSHG),多,4500股,4500股,27.9,125550,18938.38,23.691,-,0,-360,0股,17.76%,1264207.16,9.93%
2024-11-04,股票,农业银行(601288.XSHG),多,19400股,19400股,4.78,92732,30406.43,3.213,-,0,0,0股,48.79%,1264207.16,7.34%
2024-11-04,,Cash,,,,,400.96,,,,,,,,0
2024-11-05,基金,豆粕ETF华夏(159985.XSHE),多,66900股,66900股,1.882,125905.8,2990.8,1.837,-,0,-936.6,0股,2.43%,1263648.76,9.96%
2024-11-05,基金,10年地债(511270.XSHG),多,5600股,5600股,114.529,641362.4,85473.72,99.266,-,0,571.2,0股,15.38%,1263648.76,50.75%
2024-11-05,基金,纳指ETF(513100.XSHG),多,80200股,80200股,1.438,115327.6,28164.35,1.087,-,0,-401,0股,32.31%,1263648.76,9.13%
2024-11-05,基金,黄金ETF(518880.XSHG),多,27000股,27000股,6.006,162162,42503.14,4.432,-,0,0,0股,35.52%,1263648.76,12.83%
2024-11-05,股票,长江电力(600900.XSHG),多,4500股,4500股,27.86,125370,18758.38,23.691,-,0,-180,0股,17.6%,1263648.76,9.92%
2024-11-05,股票,农业银行(601288.XSHG),多,19400股,19400股,4.8,93120,30794.43,3.213,-,0,388,0股,49.41%,1263648.76,7.37%
2024-11-05,,Cash,,,,,400.96,,,,,,,,0
2024-11-06,基金,豆粕ETF华夏(159985.XSHE),多,66900股,66900股,1.904,127377.6,4462.6,1.837,-,0,1471.8,0股,3.63%,1266639.96,10.06%
2024-11-06,基金,10年地债(511270.XSHG),多,5600股,5600股,114.521,641317.6,85428.92,99.266,-,0,-44.8,0股,15.37%,1266639.96,50.63%
2024-11-06,基金,纳指ETF(513100.XSHG),多,80200股,80200股,1.489,119417.8,32254.55,1.087,-,0,4090.2,0股,37%,1266639.96,9.43%
2024-11-06,基金,黄金ETF(518880.XSHG),多,27000股,27000股,5.994,161838,42179.14,4.432,-,0,-324,0股,35.25%,1266639.96,12.78%
2024-11-06,股票,长江电力(600900.XSHG),多,4500股,4500股,27.5,123750,17138.38,23.691,-,0,-1620,0股,16.08%,1266639.96,9.77%
2024-11-06,股票,农业银行(601288.XSHG),多,19400股,19400股,4.77,92538,30212.43,3.213,-,0,-582,0股,48.48%,1266639.96,7.31%
2024-11-06,,Cash,,,,,400.96,,,,,,,,0
2024-11-07,基金,豆粕ETF华夏(159985.XSHE),多,66900股,66900股,1.952,130588.8,7673.8,1.837,-,0,3211.2,0股,6.24%,1270447.16,10.28%
2024-11-07,基金,10年地债(511270.XSHG),多,5600股,5600股,114.575,641620,85731.32,99.266,-,0,302.4,0股,15.42%,1270447.16,50.5%
2024-11-07,基金,纳指ETF(513100.XSHG),多,80200股,80200股,1.512,121262.4,34099.15,1.087,-,0,1844.6,0股,39.12%,1270447.16,9.54%
2024-11-07,基金,黄金ETF(518880.XSHG),多,27000股,27000股,5.86,158220,38561.14,4.432,-,0,-3618,0股,32.23%,1270447.16,12.45%
2024-11-07,股票,长江电力(600900.XSHG),多,4500股,4500股,27.83,125235,18623.38,23.691,-,0,1485,0股,17.47%,1270447.16,9.86%
2024-11-07,股票,农业银行(601288.XSHG),多,19400股,19400股,4.8,93120,30794.43,3.213,-,0,582,0股,49.41%,1270447.16,7.33%
2024-11-07,,Cash,,,,,400.96,,,,,,,,0
2024-11-08,基金,豆粕ETF华夏(159985.XSHE),多,63600股,63600股,1.934,123002.4,6150.47,1.837,-,0,-1144.8,0股,5.26%,1270635.5,9.68%
2024-11-08,基金,10年地债(511270.XSHG),多,5800股,5800股,114.746,665526.8,86715.72,99.795,-,0,984.4,200股,14.98%,1270635.5,52.38%
2024-11-08,基金,纳指ETF(513100.XSHG),多,73600股,73600股,1.525,112240,32249.79,1.087,-,0,956.8,0股,40.32%,1270635.5,8.83%
2024-11-08,基金,黄金ETF(518880.XSHG),多,26400股,26400股,5.898,155707.2,38707.42,4.432,-,0,1003.2,0股,33.08%,1270635.5,12.25%
2024-11-08,股票,长江电力(600900.XSHG),多,4300股,4300股,27.62,118766,16892.67,23.691,-,0,-903,0股,16.58%,1270635.5,9.35%
2024-11-08,股票,农业银行(601288.XSHG),多,18600股,18600股,4.76,88536,28780.56,3.213,-,0,-744,0股,48.16%,1270635.5,6.97%
2024-11-08,,Cash,,,,,6857.1,,,,,,,,0
2024-11-11,基金,豆粕ETF华夏(159985.XSHE),多,63600股,63600股,1.974,125546.4,8694.47,1.837,-,0,2544,0股,7.44%,1271954.5,9.87%
2024-11-11,基金,10年地债(511270.XSHG),多,5800股,5800股,114.717,665358.6,86547.52,99.795,-,0,-168.2,0股,14.95%,1271954.5,52.31%
2024-11-11,基金,纳指ETF(513100.XSHG),多,73600股,73600股,1.534,112902.4,32912.19,1.087,-,0,662.4,0股,41.15%,1271954.5,8.88%
2024-11-11,基金,黄金ETF(518880.XSHG),多,26400股,26400股,5.905,155892,38892.22,4.432,-,0,184.8,0股,33.24%,1271954.5,12.26%
2024-11-11,股票,长江电力(600900.XSHG),多,4300股,4300股,27.48,118164,16290.67,23.691,-,0,-602,0股,15.99%,1271954.5,9.29%
2024-11-11,股票,农业银行(601288.XSHG),多,18600股,18600股,4.69,87234,27478.56,3.213,-,0,-1302,0股,45.99%,1271954.5,6.86%
2024-11-11,,Cash,,,,,6857.1,,,,,,,,0
2024-11-12,基金,豆粕ETF华夏(159985.XSHE),多,63600股,63600股,1.982,126055.2,9203.27,1.837,-,0,508.8,0股,7.88%,1268072.3,9.94%
2024-11-12,基金,10年地债(511270.XSHG),多,5800股,5800股,114.887,666344.6,87533.52,99.795,-,0,986,0股,15.12%,1268072.3,52.55%
2024-11-12,基金,纳指ETF(513100.XSHG),多,73600股,73600股,1.536,113049.6,33059.39,1.087,-,0,147.2,0股,41.33%,1268072.3,8.92%
2024-11-12,基金,黄金ETF(518880.XSHG),多,26400股,26400股,5.807,153304.8,36305.02,4.432,-,0,-2587.2,0股,31.03%,1268072.3,12.09%
2024-11-12,股票,长江电力(600900.XSHG),多,4300股,4300股,26.97,115971,14097.67,23.691,-,0,-2193,0股,13.84%,1268072.3,9.15%
2024-11-12,股票,农业银行(601288.XSHG),多,18600股,18600股,4.65,86490,26734.56,3.213,-,0,-744,0股,44.74%,1268072.3,6.82%
2024-11-12,,Cash,,,,,6857.1,,,,,,,,0
2024-11-13,基金,豆粕ETF华夏(159985.XSHE),多,63600股,63600股,1.979,125864.4,9012.47,1.837,-,0,-190.8,0股,7.71%,1268184.1,9.92%
2024-11-13,基金,10年地债(511270.XSHG),多,5800股,5800股,114.76,665608,86796.92,99.795,-,0,-736.6,0股,15%,1268184.1,52.49%
2024-11-13,基金,纳指ETF(513100.XSHG),多,73600股,73600股,1.527,112387.2,32396.99,1.087,-,0,-662.4,0股,40.5%,1268184.1,8.86%
2024-11-13,基金,黄金ETF(518880.XSHG),多,26400股,26400股,5.796,153014.4,36014.62,4.432,-,0,-290.4,0股,30.78%,1268184.1,12.07%
2024-11-13,股票,长江电力(600900.XSHG),多,4300股,4300股,27.39,117777,15903.67,23.691,-,0,1806,0股,15.61%,1268184.1,9.29%
2024-11-13,股票,农业银行(601288.XSHG),多,18600股,18600股,4.66,86676,26920.56,3.213,-,0,186,0股,45.05%,1268184.1,6.83%
2024-11-13,,Cash,,,,,6857.1,,,,,,,,0
2024-11-14,基金,豆粕ETF华夏(159985.XSHE),多,63600股,63600股,1.964,124910.4,8058.47,1.837,-,0,-954,0股,6.9%,1265048.3,9.87%
2024-11-14,基金,10年地债(511270.XSHG),多,5800股,5800股,114.768,665654.4,86843.32,99.795,-,0,46.4,0股,15%,1265048.3,52.62%
2024-11-14,基金,纳指ETF(513100.XSHG),多,73600股,73600股,1.529,112534.4,32544.19,1.087,-,0,147.2,0股,40.69%,1265048.3,8.9%
2024-11-14,基金,黄金ETF(518880.XSHG),多,26400股,26400股,5.68,149952,32952.22,4.432,-,0,-3062.4,0股,28.16%,1265048.3,11.85%
2024-11-14,股票,长江电力(600900.XSHG),多,4300股,4300股,27.42,117906,16032.67,23.691,-,0,129,0股,15.74%,1265048.3,9.32%
2024-11-14,股票,农业银行(601288.XSHG),多,18600股,18600股,4.69,87234,27478.56,3.213,-,0,558,0股,45.99%,1265048.3,6.9%
2024-11-14,,Cash,,,,,6857.1,,,,,,,,0
2024-11-15,基金,豆粕ETF华夏(159985.XSHE),多,63600股,63600股,1.908,121348.8,4496.87,1.837,-,0,-3561.6,0股,3.85%,1258936.9,9.64%
2024-11-15,基金,10年地债(511270.XSHG),多,5800股,5800股,114.761,665613.8,86802.72,99.795,-,0,-40.6,0股,15%,1258936.9,52.87%
2024-11-15,基金,纳指ETF(513100.XSHG),多,73600股,73600股,1.51,111136,31145.79,1.087,-,0,-1398.4,0股,38.94%,1258936.9,8.83%
2024-11-15,基金,黄金ETF(518880.XSHG),多,26400股,26400股,5.683,150031.2,33031.42,4.432,-,0,79.2,0股,28.23%,1258936.9,11.92%
2024-11-15,股票,长江电力(600900.XSHG),多,4300股,4300股,27.1,116530,14656.67,23.691,-,0,-1376,0股,14.39%,1258936.9,9.26%
2024-11-15,股票,农业银行(601288.XSHG),多,18600股,18600股,4.7,87420,27664.56,3.213,-,0,186,0股,46.3%,1258936.9,6.94%
2024-11-15,,Cash,,,,,6857.1,,,,,,,,0
2024-11-18,基金,豆粕ETF华夏(159985.XSHE),多,63600股,63600股,1.911,121539.6,4687.67,1.837,-,0,190.8,0股,4.01%,1262559.7,9.63%
2024-11-18,基金,10年地债(511270.XSHG),多,5800股,5800股,114.593,664639.4,85828.32,99.795,-,0,-974.4,0股,14.83%,1262559.7,52.64%
2024-11-18,基金,纳指ETF(513100.XSHG),多,73600股,73600股,1.499,110326.4,30336.19,1.087,-,0,-809.6,0股,37.92%,1262559.7,8.74%
2024-11-18,基金,黄金ETF(518880.XSHG),多,26400股,26400股,5.758,152011.2,35011.42,4.432,-,0,1980,0股,29.92%,1262559.7,12.04%
2024-11-18,股票,长江电力(600900.XSHG),多,4300股,4300股,27.42,117906,16032.67,23.691,-,0,1376,0股,15.74%,1262559.7,9.34%
2024-11-18,股票,农业银行(601288.XSHG),多,18600股,18600股,4.8,89280,29524.56,3.213,-,0,1860,0股,49.41%,1262559.7,7.07%
2024-11-18,,Cash,,,,,6857.1,,,,,,,,0
2024-11-19,基金,豆粕ETF华夏(159985.XSHE),多,63600股,63600股,1.921,122175.6,5323.67,1.837,-,0,636,0股,4.56%,1265650.3,9.65%
2024-11-19,基金,10年地债(511270.XSHG),多,5800股,5800股,114.695,665231,86419.92,99.795,-,0,591.6,0股,14.93%,1265650.3,52.56%
2024-11-19,基金,纳指ETF(513100.XSHG),多,73600股,73600股,1.504,110694.4,30704.19,1.087,-,0,368,0股,38.38%,1265650.3,8.75%
2024-11-19,基金,黄金ETF(518880.XSHG),多,26400股,26400股,5.858,154651.2,37651.42,4.432,-,0,2640,0股,32.18%,1265650.3,12.22%
2024-11-19,股票,长江电力(600900.XSHG),多,4300股,4300股,27.37,117691,15817.67,23.691,-,0,-215,0股,15.53%,1265650.3,9.3%
2024-11-19,股票,农业银行(601288.XSHG),多,18600股,18600股,4.75,88350,28594.56,3.213,-,0,-930,0股,47.85%,1265650.3,6.98%
2024-11-19,,Cash,,,,,6857.1,,,,,,,,0
2024-11-20,基金,豆粕ETF华夏(159985.XSHE),多,63600股,63600股,1.915,121794,4942.07,1.837,-,0,-381.6,0股,4.23%,1267876.7,9.61%
2024-11-20,基金,10年地债(511270.XSHG),多,5800股,5800股,114.684,665167.2,86356.12,99.795,-,0,-63.8,0股,14.92%,1267876.7,52.46%
2024-11-20,基金,纳指ETF(513100.XSHG),多,73600股,73600股,1.521,111945.6,31955.39,1.087,-,0,1251.2,0股,39.95%,1267876.7,8.83%
2024-11-20,基金,黄金ETF(518880.XSHG),多,26400股,26400股,5.857,154624.8,37625.02,4.432,-,0,-26.4,0股,32.16%,1267876.7,12.2%
2024-11-20,股票,长江电力(600900.XSHG),多,4300股,4300股,27.62,118766,16892.67,23.691,-,0,1075,0股,16.58%,1267876.7,9.37%
2024-11-20,股票,农业银行(601288.XSHG),多,18600股,18600股,4.77,88722,28966.56,3.213,-,0,372,0股,48.48%,1267876.7,7%
2024-11-20,,Cash,,,,,6857.1,,,,,,,,0
2024-11-21,基金,豆粕ETF华夏(159985.XSHE),多,63600股,63600股,1.913,121666.8,4814.87,1.837,-,0,-127.2,0股,4.12%,1269886.3,9.58%
2024-11-21,基金,10年地债(511270.XSHG),多,5800股,5800股,114.809,665892.2,87081.12,99.795,-,0,725,0股,15.04%,1269886.3,52.44%
2024-11-21,基金,纳指ETF(513100.XSHG),多,73600股,73600股,1.51,111136,31145.79,1.087,-,0,-809.6,0股,38.94%,1269886.3,8.75%
2024-11-21,基金,黄金ETF(518880.XSHG),多,26400股,26400股,5.933,156631.2,39631.42,4.432,-,0,2006.4,0股,33.87%,1269886.3,12.33%
2024-11-21,股票,长江电力(600900.XSHG),多,4300股,4300股,27.67,118981,17107.67,23.691,-,0,215,0股,16.79%,1269886.3,9.37%
2024-11-21,股票,农业银行(601288.XSHG),多,18600股,18600股,4.77,88722,28966.56,3.213,-,0,0,0股,48.48%,1269886.3,6.99%
2024-11-21,,Cash,,,,,6857.1,,,,,,,,0
2024-11-22,基金,豆粕ETF华夏(159985.XSHE),多,63600股,63600股,1.878,119440.8,2588.87,1.837,-,0,-2226,0股,2.22%,1267663.9,9.42%
2024-11-22,基金,10年地债(511270.XSHG),多,5800股,5800股,114.848,666118.4,87307.32,99.795,-,0,226.2,0股,15.08%,1267663.9,52.55%
2024-11-22,基金,纳指ETF(513100.XSHG),多,73600股,73600股,1.521,111945.6,31955.39,1.087,-,0,809.6,0股,39.95%,1267663.9,8.83%
2024-11-22,基金,黄金ETF(518880.XSHG),多,26400股,26400股,6.01,158664,41664.22,4.432,-,0,2032.8,0股,35.61%,1267663.9,12.52%
2024-11-22,股票,长江电力(600900.XSHG),多,4300股,4300股,27.26,117218,15344.67,23.691,-,0,-1763,0股,15.06%,1267663.9,9.25%
2024-11-22,股票,农业银行(601288.XSHG),多,18600股,18600股,4.7,87420,27664.56,3.213,-,0,-1302,0股,46.3%,1267663.9,6.9%
2024-11-22,,Cash,,,,,6857.1,,,,,,,,0
2024-11-25,基金,豆粕ETF华夏(159985.XSHE),多,63600股,63600股,1.888,120076.8,3224.87,1.837,-,0,636,0股,2.76%,1268127.7,9.47%
2024-11-25,基金,10年地债(511270.XSHG),多,5800股,5800股,115.056,667324.8,88513.72,99.795,-,0,1206.4,0股,15.29%,1268127.7,52.62%
2024-11-25,基金,纳指ETF(513100.XSHG),多,73600股,73600股,1.536,113049.6,33059.39,1.087,-,0,1104,0股,41.33%,1268127.7,8.91%
2024-11-25,基金,黄金ETF(518880.XSHG),多,26400股,26400股,5.916,156182.4,39182.62,4.432,-,0,-2481.6,0股,33.49%,1268127.7,12.32%
2024-11-25,股票,长江电力(600900.XSHG),多,4300股,4300股,27.13,116659,14785.67,23.691,-,0,-559,0股,14.51%,1268127.7,9.2%
2024-11-25,股票,农业银行(601288.XSHG),多,18600股,18600股,4.73,87978,28222.56,3.213,-,0,558,0股,47.23%,1268127.7,6.94%
2024-11-25,,Cash,,,,,6857.1,,,,,,,,0
2024-11-26,基金,豆粕ETF华夏(159985.XSHE),多,63600股,63600股,1.9,120840,3988.07,1.837,-,0,763.2,0股,3.41%,1268104.7,9.53%
2024-11-26,基金,10年地债(511270.XSHG),多,5800股,5800股,115.088,667510.4,88699.32,99.795,-,0,185.6,0股,15.32%,1268104.7,52.64%
2024-11-26,基金,纳指ETF(513100.XSHG),多,73600股,73600股,1.536,113049.6,33059.39,1.087,-,0,0,0股,41.33%,1268104.7,8.91%
2024-11-26,基金,黄金ETF(518880.XSHG),多,26400股,26400股,5.844,154281.6,37281.82,4.432,-,0,-1900.8,0股,31.86%,1268104.7,12.17%
2024-11-26,股票,长江电力(600900.XSHG),多,4300股,4300股,27,116100,14226.67,23.691,-,0,-559,0股,13.97%,1268104.7,9.16%
2024-11-26,股票,农业银行(601288.XSHG),多,18600股,18600股,4.81,89466,29710.56,3.213,-,0,1488,0股,49.72%,1268104.7,7.06%
2024-11-26,,Cash,,,,,6857.1,,,,,,,,0
2024-11-27,基金,豆粕ETF华夏(159985.XSHE),多,63600股,63600股,1.899,120776.4,3924.47,1.837,-,0,-63.6,0股,3.36%,1272491.9,9.49%
2024-11-27,基金,10年地债(511270.XSHG),多,5800股,5800股,115.201,668165.8,89354.72,99.795,-,0,655.4,0股,15.44%,1272491.9,52.51%
2024-11-27,基金,纳指ETF(513100.XSHG),多,73600股,73600股,1.54,113344,33353.79,1.087,-,0,294.4,0股,41.7%,1272491.9,8.91%
2024-11-27,基金,黄金ETF(518880.XSHG),多,26400股,26400股,5.899,155733.6,38733.82,4.432,-,0,1452,0股,33.11%,1272491.9,12.24%
2024-11-27,股票,长江电力(600900.XSHG),多,4300股,4300股,27.39,117777,15903.67,23.691,-,0,1677,0股,15.61%,1272491.9,9.26%
2024-11-27,股票,农业银行(601288.XSHG),多,18600股,18600股,4.83,89838,30082.56,3.213,-,0,372,0股,50.34%,1272491.9,7.06%
2024-11-27,,Cash,,,,,6857.1,,,,,,,,0
2024-11-28,基金,豆粕ETF华夏(159985.XSHE),多,63600股,63600股,1.896,120585.6,3733.67,1.837,-,0,-190.8,0股,3.2%,1272562.3,9.48%
2024-11-28,基金,10年地债(511270.XSHG),多,5800股,5800股,115.403,669337.4,90526.32,99.795,-,0,1171.6,0股,15.64%,1272562.3,52.6%
2024-11-28,基金,纳指ETF(513100.XSHG),多,73600股,73600股,1.531,112681.6,32691.39,1.087,-,0,-662.4,0股,40.87%,1272562.3,8.85%
2024-11-28,基金,黄金ETF(518880.XSHG),多,26400股,26400股,5.869,154941.6,37941.82,4.432,-,0,-792,0股,32.43%,1272562.3,12.18%
2024-11-28,股票,长江电力(600900.XSHG),多,4300股,4300股,27.43,117949,16075.67,23.691,-,0,172,0股,15.78%,1272562.3,9.27%
2024-11-28,股票,农业银行(601288.XSHG),多,18600股,18600股,4.85,90210,30454.56,3.213,-,0,372,0股,50.97%,1272562.3,7.09%
2024-11-28,,Cash,,,,,6857.1,,,,,,,,0
2024-11-29,基金,豆粕ETF华夏(159985.XSHE),多,63600股,63600股,1.898,120712.8,3860.87,1.837,-,0,127.2,0股,3.3%,1274091.1,9.47%
2024-11-29,基金,10年地债(511270.XSHG),多,5800股,5800股,115.596,670456.8,91645.72,99.795,-,0,1119.4,0股,15.83%,1274091.1,52.62%
2024-11-29,基金,纳指ETF(513100.XSHG),多,73600股,73600股,1.532,112755.2,32764.99,1.087,-,0,73.6,0股,40.96%,1274091.1,8.85%
2024-11-29,基金,黄金ETF(518880.XSHG),多,26400股,26400股,5.923,156367.2,39367.42,4.432,-,0,1425.6,0股,33.65%,1274091.1,12.27%
2024-11-29,股票,长江电力(600900.XSHG),多,4300股,4300股,27.32,117476,15602.67,23.691,-,0,-473,0股,15.32%,1274091.1,9.22%
2024-11-29,股票,农业银行(601288.XSHG),多,18600股,18600股,4.81,89466,29710.56,3.213,-,0,-744,0股,49.72%,1274091.1,7.02%
2024-11-29,,Cash,,,,,6857.1,,,,,,,,0
2024-12-02,基金,豆粕ETF华夏(159985.XSHE),多,63600股,63600股,1.887,120013.2,3161.27,1.837,-,0,-699.6,0股,2.71%,1275986.7,9.41%
2024-12-02,基金,10年地债(511270.XSHG),多,5800股,5800股,115.927,672376.6,93565.52,99.795,-,0,1919.8,0股,16.17%,1275986.7,52.69%
2024-12-02,基金,纳指ETF(513100.XSHG),多,73600股,73600股,1.54,113344,33353.79,1.087,-,0,588.8,0股,41.7%,1275986.7,8.88%
2024-12-02,基金,黄金ETF(518880.XSHG),多,26400股,26400股,5.872,155020.8,38021.02,4.432,-,0,-1346.4,0股,32.5%,1275986.7,12.15%
2024-12-02,股票,长江电力(600900.XSHG),多,4300股,4300股,27.61,118723,16849.67,23.691,-,0,1247,0股,16.54%,1275986.7,9.3%
2024-12-02,股票,农业银行(601288.XSHG),多,18600股,18600股,4.82,89652,29896.56,3.213,-,0,186,0股,50.03%,1275986.7,7.03%
2024-12-02,,Cash,,,,,6857.1,,,,,,,,0
2024-12-03,基金,豆粕ETF华夏(159985.XSHE),多,63600股,63600股,1.869,118868.4,2016.47,1.837,-,0,-1144.8,0股,1.73%,1281160.5,9.28%
2024-12-03,基金,10年地债(511270.XSHG),多,5800股,5800股,115.916,672312.8,93501.72,99.795,-,0,-63.8,0股,16.15%,1281160.5,52.48%
2024-12-03,基金,纳指ETF(513100.XSHG),多,73600股,73600股,1.568,115404.8,35414.59,1.087,-,0,2060.8,0股,44.27%,1281160.5,9.01%
2024-12-03,基金,黄金ETF(518880.XSHG),多,26400股,26400股,5.931,156578.4,39578.62,4.432,-,0,1557.6,0股,33.83%,1281160.5,12.22%
2024-12-03,股票,长江电力(600900.XSHG),多,4300股,4300股,27.95,120185,18311.67,23.691,-,0,1462,0股,17.97%,1281160.5,9.38%
2024-12-03,股票,农业银行(601288.XSHG),多,18600股,18600股,4.89,90954,31198.56,3.213,-,0,1302,0股,52.21%,1281160.5,7.1%
2024-12-03,,Cash,,,,,6857.1,,,,,,,,0
2024-12-04,基金,豆粕ETF华夏(159985.XSHE),多,63600股,63600股,1.833,116578.8,-273.13,1.837,-,0,-2289.6,0股,-0.23%,1284024.5,9.08%
2024-12-04,基金,10年地债(511270.XSHG),多,5800股,5800股,116.29,674482,95670.92,99.795,-,0,2169.2,0股,16.53%,1284024.5,52.53%
2024-12-04,基金,纳指ETF(513100.XSHG),多,73600股,73600股,1.575,115920,35929.79,1.087,-,0,515.2,0股,44.92%,1284024.5,9.03%
2024-12-04,基金,黄金ETF(518880.XSHG),多,26400股,26400股,5.929,156525.6,39525.82,4.432,-,0,-52.8,0股,33.78%,1284024.5,12.19%
2024-12-04,股票,长江电力(600900.XSHG),多,4300股,4300股,28.45,122335,20461.67,23.691,-,0,2150,0股,20.09%,1284024.5,9.53%
2024-12-04,股票,农业银行(601288.XSHG),多,18600股,18600股,4.91,91326,31570.56,3.213,-,0,372,0股,52.83%,1284024.5,7.11%
2024-12-04,,Cash,,,,,6857.1,,,,,,,,0
2024-12-05,基金,豆粕ETF华夏(159985.XSHE),多,63600股,63600股,1.806,114861.6,-1990.33,1.837,-,0,-1717.2,0股,-1.7%,1282866.5,8.95%
2024-12-05,基金,10年地债(511270.XSHG),多,5800股,5800股,116.297,674522.6,95711.52,99.795,-,0,40.6,0股,16.54%,1282866.5,52.58%
2024-12-05,基金,纳指ETF(513100.XSHG),多,73600股,73600股,1.589,116950.4,36960.19,1.087,-,0,1030.4,0股,46.21%,1282866.5,9.12%
2024-12-05,基金,黄金ETF(518880.XSHG),多,26400股,26400股,5.927,156472.8,39473.02,4.432,-,0,-52.8,0股,33.74%,1282866.5,12.2%
2024-12-05,股票,长江电力(600900.XSHG),多,4300股,4300股,28.3,121690,19816.67,23.691,-,0,-645,0股,19.45%,1282866.5,9.49%
2024-12-05,股票,农业银行(601288.XSHG),多,18600股,18600股,4.92,91512,31756.56,3.213,-,0,186,0股,53.14%,1282866.5,7.13%
2024-12-05,,Cash,,,,,6857.1,,,,,,,,0
2024-12-06,基金,豆粕ETF华夏(159985.XSHE),多,63600股,63600股,1.8,114480,-2371.93,1.837,-,0,-381.6,0股,-2.03%,1282087.9,8.93%
2024-12-06,基金,10年地债(511270.XSHG),多,5800股,5800股,116.394,675085.2,96274.12,99.795,-,0,562.6,0股,16.63%,1282087.9,52.66%
2024-12-06,基金,纳指ETF(513100.XSHG),多,73600股,73600股,1.584,116582.4,36592.19,1.087,-,0,-368,0股,45.75%,1282087.9,9.09%
2024-12-06,基金,黄金ETF(518880.XSHG),多,26400股,26400股,5.903,155839.2,38839.42,4.432,-,0,-633.6,0股,33.2%,1282087.9,12.16%
2024-12-06,股票,长江电力(600900.XSHG),多,4300股,4300股,28.18,121174,19300.67,23.691,-,0,-516,0股,18.95%,1282087.9,9.45%
2024-12-06,股票,农业银行(601288.XSHG),多,18600股,18600股,4.95,92070,32314.56,3.213,-,0,558,0股,54.08%,1282087.9,7.18%
2024-12-06,,Cash,,,,,6857.1,,,,,,,,0
2024-12-09,基金,豆粕ETF华夏(159985.XSHE),多,65400股,65400股,1.819,118962.6,-1147.33,1.837,-,0,1224.6,1800股,-0.96%,1289402.11,9.23%
2024-12-09,基金,10年地债(511270.XSHG),多,5800股,5800股,116.615,676367,97555.92,99.795,-,0,1281.8,0股,16.85%,1289402.11,52.46%
2024-12-09,基金,纳指ETF(513100.XSHG),多,70400股,70400股,1.61,113344,36831.62,1.087,-,0,1830.4,0股,48.14%,1289402.11,8.79%
2024-12-09,基金,黄金ETF(518880.XSHG),多,28500股,28500股,5.936,169176,39702.22,4.543,-,0,862.8,2100股,30.66%,1289402.11,13.12%
2024-12-09,股票,长江电力(600900.XSHG),多,4300股,4300股,28.41,122163,20289.67,23.691,-,0,989,0股,19.92%,1289402.11,9.47%
2024-12-09,股票,农业银行(601288.XSHG),多,17800股,17800股,5.01,89178,31992.68,3.213,-,0,1068,0股,55.95%,1289402.11,6.92%
2024-12-09,,Cash,,,,,211.51,,,,,,,,0
2024-12-10,基金,豆粕ETF华夏(159985.XSHE),多,65400股,65400股,1.813,118570.2,-1539.73,1.837,-,0,-392.4,0股,-1.28%,1292621.21,9.17%
2024-12-10,基金,10年地债(511270.XSHG),多,5800股,5800股,117.439,681146.2,102335.12,99.795,-,0,4779.2,0股,17.68%,1292621.21,52.69%
2024-12-10,基金,纳指ETF(513100.XSHG),多,70400股,70400股,1.597,112428.8,35916.42,1.087,-,0,-915.2,0股,46.94%,1292621.21,8.7%
2024-12-10,基金,黄金ETF(518880.XSHG),多,28500股,28500股,5.961,169888.5,40414.72,4.543,-,0,712.5,0股,31.21%,1292621.21,13.14%
2024-12-10,股票,长江电力(600900.XSHG),多,4300股,4300股,28.02,120486,18612.67,23.691,-,0,-1677,0股,18.27%,1292621.21,9.32%
2024-12-10,股票,农业银行(601288.XSHG),多,17800股,17800股,5.05,89890,32704.68,3.213,-,0,712,0股,57.19%,1292621.21,6.95%
2024-12-10,,Cash,,,,,211.51,,,,,,,,0
2024-12-11,基金,豆粕ETF华夏(159985.XSHE),多,65400股,65400股,1.797,117523.8,-2586.13,1.837,-,0,-1046.4,0股,-2.15%,1291376.61,9.1%
2024-12-11,基金,10年地债(511270.XSHG),多,5800股,5800股,117.342,680583.6,101772.52,99.795,-,0,-562.6,0股,17.58%,1291376.61,52.7%
2024-12-11,基金,纳指ETF(513100.XSHG),多,70400股,70400股,1.593,112147.2,35634.82,1.087,-,0,-281.6,0股,46.57%,1291376.61,8.68%
2024-12-11,基金,黄金ETF(518880.XSHG),多,28500股,28500股,6.011,171313.5,41839.72,4.543,-,0,1425,0股,32.32%,1291376.61,13.27%
2024-12-11,股票,长江电力(600900.XSHG),多,4300股,4300股,28.17,121131,19257.67,23.691,-,0,645,0股,18.9%,1291376.61,9.38%
2024-12-11,股票,农业银行(601288.XSHG),多,17800股,17800股,4.97,88466,31280.68,3.213,-,0,-1424,0股,54.7%,1291376.61,6.85%
2024-12-11,,Cash,,,,,211.51,,,,,,,,0
2024-12-12,基金,豆粕ETF华夏(159985.XSHE),多,65400股,65400股,1.796,117458.4,-2651.53,1.837,-,0,-65.4,0股,-2.21%,1296487.31,9.06%
2024-12-12,基金,10年地债(511270.XSHG),多,5800股,5800股,117.387,680844.6,102033.52,99.795,-,0,261,0股,17.63%,1296487.31,52.51%
2024-12-12,基金,纳指ETF(513100.XSHG),多,70400股,70400股,1.617,113836.8,37324.42,1.087,-,0,1689.6,0股,48.78%,1296487.31,8.78%
2024-12-12,基金,黄金ETF(518880.XSHG),多,28500股,28500股,6.052,172482,43008.22,4.543,-,0,1168.5,0股,33.22%,1296487.31,13.3%
2024-12-12,股票,长江电力(600900.XSHG),多,4300股,4300股,28.4,122120,20246.67,23.691,-,0,989,0股,19.87%,1296487.31,9.42%
2024-12-12,股票,农业银行(601288.XSHG),多,17800股,17800股,5.03,89534,32348.68,3.213,-,0,1068,0股,56.57%,1296487.31,6.91%
2024-12-12,,Cash,,,,,211.51,,,,,,,,0
2024-12-13,基金,豆粕ETF华夏(159985.XSHE),多,65400股,65400股,1.793,117262.2,-2847.73,1.837,-,0,-196.2,0股,-2.37%,1299424.41,9.02%
2024-12-13,基金,10年地债(511270.XSHG),多,5800股,5800股,117.887,683744.6,104933.52,99.795,-,0,2900,0股,18.13%,1299424.41,52.62%
2024-12-13,基金,纳指ETF(513100.XSHG),多,70400股,70400股,1.629,114681.6,38169.22,1.087,-,0,844.8,0股,49.89%,1299424.41,8.83%
2024-12-13,基金,黄金ETF(518880.XSHG),多,28500股,28500股,6.001,171028.5,41554.72,4.543,-,0,-1453.5,0股,32.1%,1299424.41,13.16%
2024-12-13,股票,长江电力(600900.XSHG),多,4300股,4300股,28.72,123496,21622.67,23.691,-,0,1376,0股,21.23%,1299424.41,9.5%
2024-12-13,股票,农业银行(601288.XSHG),多,17800股,17800股,5,89000,31814.68,3.213,-,0,-534,0股,55.63%,1299424.41,6.85%
2024-12-13,,Cash,,,,,211.51,,,,,,,,0
2024-12-16,基金,豆粕ETF华夏(159985.XSHE),多,65400股,65400股,1.798,117589.2,-2520.73,1.837,-,0,327,0股,-2.1%,1305900.41,9%
2024-12-16,基金,10年地债(511270.XSHG),多,5800股,5800股,118.217,685658.6,106847.52,99.795,-,0,1914,0股,18.46%,1305900.41,52.5%
2024-12-16,基金,纳指ETF(513100.XSHG),多,70400股,70400股,1.649,116089.6,39577.22,1.087,-,0,1408,0股,51.73%,1305900.41,8.89%
2024-12-16,基金,黄金ETF(518880.XSHG),多,28500股,28500股,5.947,169489.5,40015.72,4.543,-,0,-1539,0股,30.91%,1305900.41,12.98%
2024-12-16,股票,长江电力(600900.XSHG),多,4300股,4300股,29.28,125904,24030.67,23.691,-,0,2408,0股,23.59%,1305900.41,9.64%
2024-12-16,股票,农业银行(601288.XSHG),多,17800股,17800股,5.11,90958,33772.68,3.213,-,0,1958,0股,59.06%,1305900.41,6.97%
2024-12-16,,Cash,,,,,211.51,,,,,,,,0
2024-12-17,基金,豆粕ETF华夏(159985.XSHE),多,65400股,65400股,1.772,115888.8,-4221.13,1.837,-,0,-1700.4,0股,-3.51%,1304028.51,8.89%
2024-12-17,基金,10年地债(511270.XSHG),多,5800股,5800股,118.09,684922,106110.92,99.795,-,0,-736.6,0股,18.33%,1304028.51,52.52%
2024-12-17,基金,纳指ETF(513100.XSHG),多,70400股,70400股,1.663,117075.2,40562.82,1.087,-,0,985.6,0股,53.01%,1304028.51,8.98%
2024-12-17,基金,黄金ETF(518880.XSHG),多,28500股,28500股,5.94,169290,39816.22,4.543,-,0,-199.5,0股,30.75%,1304028.51,12.98%
2024-12-17,股票,长江电力(600900.XSHG),多,4300股,4300股,29.27,125861,23987.67,23.691,-,0,-43,0股,23.55%,1304028.51,9.65%
2024-12-17,股票,农业银行(601288.XSHG),多,17800股,17800股,5.1,90780,33594.68,3.213,-,0,-178,0股,58.75%,1304028.51,6.96%
2024-12-17,,Cash,,,,,211.51,,,,,,,,0
2024-12-18,基金,豆粕ETF华夏(159985.XSHE),多,65400股,65400股,1.741,113861.4,-6248.53,1.837,-,0,-2027.4,0股,-5.2%,1301533.71,8.75%
2024-12-18,基金,10年地债(511270.XSHG),多,5800股,5800股,117.804,683263.2,104452.12,99.795,-,0,-1658.8,0股,18.05%,1301533.71,52.5%
2024-12-18,基金,纳指ETF(513100.XSHG),多,70400股,70400股,1.674,117849.6,41337.22,1.087,-,0,774.4,0股,54.03%,1301533.71,9.05%
2024-12-18,基金,黄金ETF(518880.XSHG),多,28500股,28500股,5.932,169062,39588.22,4.543,-,0,-228,0股,30.58%,1301533.71,12.99%
2024-12-18,股票,长江电力(600900.XSHG),多,4300股,4300股,29.42,126506,24632.67,23.691,-,0,645,0股,24.18%,1301533.71,9.72%
2024-12-18,股票,农业银行(601288.XSHG),多,17800股,17800股,5.1,90780,33594.68,3.213,-,0,0,0股,58.75%,1301533.71,6.97%
2024-12-18,,Cash,,,,,211.51,,,,,,,,0
2024-12-19,基金,豆粕ETF华夏(159985.XSHE),多,65400股,65400股,1.743,113992.2,-6117.73,1.837,-,0,130.8,0股,-5.09%,1297333.21,8.79%
2024-12-19,基金,10年地债(511270.XSHG),多,5800股,5800股,118.125,685125,106313.92,99.795,-,0,1861.8,0股,18.37%,1297333.21,52.81%
2024-12-19,基金,纳指ETF(513100.XSHG),多,70400股,70400股,1.63,114752,38239.62,1.087,-,0,-3097.6,0股,49.98%,1297333.21,8.85%
2024-12-19,基金,黄金ETF(518880.XSHG),多,28500股,28500股,5.885,167722.5,38248.72,4.543,-,0,-1339.5,0股,29.54%,1297333.21,12.93%
2024-12-19,股票,长江电力(600900.XSHG),多,4300股,4300股,29.26,125818,23944.67,23.691,-,0,-688,0股,23.5%,1297333.21,9.7%
2024-12-19,股票,农业银行(601288.XSHG),多,17800股,17800股,5.04,89712,32526.68,3.213,-,0,-1068,0股,56.88%,1297333.21,6.92%
2024-12-19,,Cash,,,,,211.51,,,,,,,,0
2024-12-20,基金,豆粕ETF华夏(159985.XSHE),多,65400股,65400股,1.784,116673.6,-3436.33,1.837,-,0,2681.4,0股,-2.86%,1298914.71,8.98%
2024-12-20,基金,10年地债(511270.XSHG),多,5800股,5800股,118.346,686406.8,107595.72,99.795,-,0,1281.8,0股,18.59%,1298914.71,52.84%
2024-12-20,基金,纳指ETF(513100.XSHG),多,70400股,70400股,1.597,112428.8,35916.42,1.087,-,0,-2323.2,0股,46.94%,1298914.71,8.66%
2024-12-20,基金,黄金ETF(518880.XSHG),多,28500股,28500股,5.892,167922,38448.22,4.543,-,0,199.5,0股,29.7%,1298914.71,12.93%
2024-12-20,股票,长江电力(600900.XSHG),多,4300股,4300股,29.2,125560,23686.67,23.691,-,0,-258,0股,23.25%,1298914.71,9.67%
2024-12-20,股票,农业银行(601288.XSHG),多,17800股,17800股,5.04,89712,32526.68,3.213,-,0,0,0股,56.88%,1298914.71,6.91%
2024-12-20,,Cash,,,,,211.51,,,,,,,,0
2024-12-23,基金,豆粕ETF华夏(159985.XSHE),多,65400股,65400股,1.773,115954.2,-4155.73,1.837,-,0,-719.4,0股,-3.46%,1307801.01,8.87%
2024-12-23,基金,10年地债(511270.XSHG),多,5800股,5800股,118.31,686198,107386.92,99.795,-,0,-208.8,0股,18.55%,1307801.01,52.47%
2024-12-23,基金,纳指ETF(513100.XSHG),多,70400股,70400股,1.652,116300.8,39788.42,1.087,-,0,3872,0股,52%,1307801.01,8.89%
2024-12-23,基金,黄金ETF(518880.XSHG),多,28500股,28500股,5.951,169603.5,40129.72,4.543,-,0,1681.5,0股,30.99%,1307801.01,12.97%
2024-12-23,股票,长江电力(600900.XSHG),多,4300股,4300股,29.57,127151,25277.67,23.691,-,0,1591,0股,24.81%,1307801.01,9.72%
2024-12-23,股票,农业银行(601288.XSHG),多,17800股,17800股,5.19,92382,35196.68,3.213,-,0,2670,0股,61.55%,1307801.01,7.06%
2024-12-23,,Cash,,,,,211.51,,,,,,,,0
2024-12-24,基金,豆粕ETF华夏(159985.XSHE),多,65400股,65400股,1.781,116477.4,-3632.53,1.837,-,0,523.2,0股,-3.02%,1309229.61,8.9%
2024-12-24,基金,10年地债(511270.XSHG),多,5800股,5800股,118.3,686140,107328.92,99.795,-,0,-58,0股,18.54%,1309229.61,52.41%
2024-12-24,基金,纳指ETF(513100.XSHG),多,70400股,70400股,1.648,116019.2,39506.82,1.087,-,0,-281.6,0股,51.63%,1309229.61,8.86%
2024-12-24,基金,黄金ETF(518880.XSHG),多,28500股,28500股,5.921,168748.5,39274.72,4.543,-,0,-855,0股,30.33%,1309229.61,12.89%
2024-12-24,股票,长江电力(600900.XSHG),多,4300股,4300股,29.81,128183,26309.67,23.691,-,0,1032,0股,25.83%,1309229.61,9.79%
2024-12-24,股票,农业银行(601288.XSHG),多,17800股,17800股,5.25,93450,36264.68,3.213,-,0,1068,0股,63.42%,1309229.61,7.14%
2024-12-24,,Cash,,,,,211.51,,,,,,,,0
2024-12-25,基金,豆粕ETF华夏(159985.XSHE),多,65400股,65400股,1.792,117196.8,-2913.13,1.837,-,0,719.4,0股,-2.43%,1312301.71,8.93%
2024-12-25,基金,10年地债(511270.XSHG),多,5800股,5800股,117.432,681105.6,106934.52,98.995,-,0,-394.4,0股,18.62%,1312301.71,51.9%
2024-12-25,基金,纳指ETF(513100.XSHG),多,70400股,70400股,1.667,117356.8,40844.42,1.087,-,0,1337.6,0股,53.38%,1312301.71,8.94%
2024-12-25,基金,黄金ETF(518880.XSHG),多,28500股,28500股,5.936,169176,39702.22,4.543,-,0,427.5,0股,30.66%,1312301.71,12.89%
2024-12-25,股票,长江电力(600900.XSHG),多,4300股,4300股,29.79,128097,26223.67,23.691,-,0,-86,0股,25.74%,1312301.71,9.76%
2024-12-25,股票,农业银行(601288.XSHG),多,17800股,17800股,5.31,94518,37332.68,3.213,-,0,1068,0股,65.28%,1312301.71,7.2%
2024-12-25,,Cash,,,,,4851.51,,,,,,,,0
2024-12-26,基金,豆粕ETF华夏(159985.XSHE),多,65400股,65400股,1.806,118112.4,-1997.53,1.837,-,0,915.6,0股,-1.66%,1310871.11,9.01%
2024-12-26,基金,10年地债(511270.XSHG),多,5800股,5800股,117.302,680351.6,106180.52,98.995,-,0,-754,0股,18.49%,1310871.11,51.9%
2024-12-26,基金,纳指ETF(513100.XSHG),多,70400股,70400股,1.674,117849.6,41337.22,1.087,-,0,492.8,0股,54.03%,1310871.11,8.99%
2024-12-26,基金,黄金ETF(518880.XSHG),多,28500股,28500股,5.94,169290,39816.22,4.543,-,0,114,0股,30.75%,1310871.11,12.91%
2024-12-26,股票,长江电力(600900.XSHG),多,4300股,4300股,29.32,126076,24202.67,23.691,-,0,-2021,0股,23.76%,1310871.11,9.62%
2024-12-26,股票,农业银行(601288.XSHG),多,17800股,17800股,5.3,94340,37154.68,3.213,-,0,-178,0股,64.97%,1310871.11,7.2%
2024-12-26,,Cash,,,,,4851.51,,,,,,,,0
2024-12-27,基金,豆粕ETF华夏(159985.XSHE),多,65400股,65400股,1.808,118243.2,-1866.73,1.837,-,0,130.8,0股,-1.55%,1312971.61,9.01%
2024-12-27,基金,10年地债(511270.XSHG),多,5800股,5800股,117.517,681598.6,107427.52,98.995,-,0,1247,0股,18.71%,1312971.61,51.91%
2024-12-27,基金,纳指ETF(513100.XSHG),多,70400股,70400股,1.662,117004.8,40492.42,1.087,-,0,-844.8,0股,52.92%,1312971.61,8.91%
2024-12-27,基金,黄金ETF(518880.XSHG),多,28500股,28500股,5.945,169432.5,39958.72,4.543,-,0,142.5,0股,30.86%,1312971.61,12.9%
2024-12-27,股票,长江电力(600900.XSHG),多,4300股,4300股,29.61,127323,25449.67,23.691,-,0,1247,0股,24.98%,1312971.61,9.7%
2024-12-27,股票,农业银行(601288.XSHG),多,17800股,17800股,5.31,94518,37332.68,3.213,-,0,178,0股,65.28%,1312971.61,7.2%
2024-12-27,,Cash,,,,,4851.51,,,,,,,,0
2024-12-30,基金,豆粕ETF华夏(159985.XSHE),多,65400股,65400股,1.816,118766.4,-1343.53,1.837,-,0,523.2,0股,-1.12%,1310070.41,9.07%
2024-12-30,基金,10年地债(511270.XSHG),多,5800股,5800股,117.278,680212.4,106041.32,98.995,-,0,-1386.2,0股,18.47%,1310070.41,51.92%
2024-12-30,基金,纳指ETF(513100.XSHG),多,70400股,70400股,1.639,115385.6,38873.22,1.087,-,0,-1619.2,0股,50.81%,1310070.41,8.81%
2024-12-30,基金,黄金ETF(518880.XSHG),多,28500股,28500股,5.923,168805.5,39331.72,4.543,-,0,-627,0股,30.38%,1310070.41,12.89%
2024-12-30,股票,长江电力(600900.XSHG),多,4300股,4300股,29.41,126463,24589.67,23.691,-,0,-860,0股,24.14%,1310070.41,9.65%
2024-12-30,股票,农业银行(601288.XSHG),多,17800股,17800股,5.37,95586,38400.68,3.213,-,0,1068,0股,67.15%,1310070.41,7.3%
2024-12-30,,Cash,,,,,4851.51,,,,,,,,0
2024-12-31,基金,豆粕ETF华夏(159985.XSHE),多,65400股,65400股,1.827,119485.8,-624.13,1.837,-,0,719.4,0股,-0.52%,1311583.91,9.11%
2024-12-31,基金,10年地债(511270.XSHG),多,5800股,5800股,117.5,681500,107328.92,98.995,-,0,1287.6,0股,18.69%,1311583.91,51.96%
2024-12-31,基金,纳指ETF(513100.XSHG),多,70400股,70400股,1.629,114681.6,38169.22,1.087,-,0,-704,0股,49.89%,1311583.91,8.74%
2024-12-31,基金,黄金ETF(518880.XSHG),多,28500股,28500股,5.928,168948,39474.22,4.543,-,0,142.5,0股,30.49%,1311583.91,12.88%
2024-12-31,股票,长江电力(600900.XSHG),多,4300股,4300股,29.55,127065,25191.67,23.691,-,0,602,0股,24.73%,1311583.91,9.69%
2024-12-31,股票,农业银行(601288.XSHG),多,17800股,17800股,5.34,95052,37866.68,3.213,-,0,-534,0股,66.22%,1311583.91,7.25%
2024-12-31,,Cash,,,,,4851.51,,,,,,,,0
2025-01-02,基金,豆粕ETF华夏(159985.XSHE),多,65400股,65400股,1.841,120401.4,291.47,1.837,-,0,915.6,0股,0.24%,1315518.81,9.15%
2025-01-02,基金,10年地债(511270.XSHG),多,5800股,5800股,118.299,686134.2,111963.12,98.995,-,0,4634.2,0股,19.5%,1315518.81,52.16%
2025-01-02,基金,纳指ETF(513100.XSHG),多,70400股,70400股,1.643,115667.2,39154.82,1.087,-,0,985.6,0股,51.17%,1315518.81,8.79%
2025-01-02,基金,黄金ETF(518880.XSHG),多,28500股,28500股,5.977,170344.5,40870.72,4.543,-,0,1396.5,0股,31.57%,1315518.81,12.95%
2025-01-02,股票,长江电力(600900.XSHG),多,4300股,4300股,29.2,125560,23686.67,23.691,-,0,-1505,0股,23.25%,1315518.81,9.54%
2025-01-02,股票,农业银行(601288.XSHG),多,17800股,17800股,5.2,92560,35374.68,3.213,-,0,-2492,0股,61.86%,1315518.81,7.04%
2025-01-02,,Cash,,,,,4851.51,,,,,,,,0
2025-01-03,基金,豆粕ETF华夏(159985.XSHE),多,65400股,65400股,1.816,118766.4,-1343.53,1.837,-,0,-1635,0股,-1.12%,1313712.21,9.04%
2025-01-03,基金,10年地债(511270.XSHG),多,5800股,5800股,118.437,686934.6,112763.52,98.995,-,0,800.4,0股,19.64%,1313712.21,52.29%
2025-01-03,基金,纳指ETF(513100.XSHG),多,70400股,70400股,1.633,114963.2,38450.82,1.087,-,0,-704,0股,50.25%,1313712.21,8.75%
2025-01-03,基金,黄金ETF(518880.XSHG),多,28500股,28500股,6.029,171826.5,42352.72,4.543,-,0,1482,0股,32.71%,1313712.21,13.08%
2025-01-03,股票,长江电力(600900.XSHG),多,4300股,4300股,29,124700,22826.67,23.691,-,0,-860,0股,22.41%,1313712.21,9.49%
2025-01-03,股票,农业银行(601288.XSHG),多,17800股,17800股,5.15,91670,34484.68,3.213,-,0,-890,0股,60.3%,1313712.21,6.98%
2025-01-03,,Cash,,,,,4851.51,,,,,,,,0
2025-01-06,基金,豆粕ETF华夏(159985.XSHE),多,65400股,65400股,1.826,119420.4,-689.53,1.837,-,0,654,0股,-0.57%,1317095.31,9.07%
2025-01-06,基金,10年地债(511270.XSHG),多,5800股,5800股,118.621,688001.8,113830.72,98.995,-,0,1067.2,0股,19.83%,1317095.31,52.24%
2025-01-06,基金,纳指ETF(513100.XSHG),多,70400股,70400股,1.669,117497.6,40985.22,1.087,-,0,2534.4,0股,53.57%,1317095.31,8.92%
2025-01-06,基金,黄金ETF(518880.XSHG),多,28500股,28500股,5.99,170715,41241.22,4.543,-,0,-1111.5,0股,31.85%,1317095.31,12.96%
2025-01-06,股票,长江电力(600900.XSHG),多,4300股,4300股,28.89,124227,22353.67,23.691,-,0,-473,0股,21.94%,1317095.31,9.43%
2025-01-06,股票,农业银行(601288.XSHG),多,17800股,17800股,5.19,92382,35196.68,3.213,-,0,712,0股,61.55%,1317095.31,7.01%
2025-01-06,,Cash,,,,,4851.51,,,,,,,,0
2025-01-07,基金,豆粕ETF华夏(159985.XSHE),多,65400股,65400股,1.795,117393,-2716.93,1.837,-,0,-2027.4,0股,-2.26%,1314555.91,8.93%
2025-01-07,基金,10年地债(511270.XSHG),多,5800股,5800股,118.531,687479.8,113308.72,98.995,-,0,-522,0股,19.73%,1314555.91,52.3%
2025-01-07,基金,纳指ETF(513100.XSHG),多,70400股,70400股,1.659,116793.6,40281.22,1.087,-,0,-704,0股,52.65%,1314555.91,8.88%
2025-01-07,基金,黄金ETF(518880.XSHG),多,28500股,28500股,6,171000,41526.22,4.543,-,0,285,0股,32.07%,1314555.91,13.01%
2025-01-07,股票,长江电力(600900.XSHG),多,4300股,4300股,28.7,123410,21536.67,23.691,-,0,-817,0股,21.14%,1314555.91,9.39%
2025-01-07,股票,农业银行(601288.XSHG),多,17800股,17800股,5.26,93628,36442.68,3.213,-,0,1246,0股,63.73%,1314555.91,7.12%
2025-01-07,,Cash,,,,,4851.51,,,,,,,,0
2025-01-08,基金,豆粕ETF华夏(159985.XSHE),多,65400股,65400股,1.794,117327.6,-2782.33,1.837,-,0,-65.4,0股,-2.32%,1315596.85,8.92%
2025-01-08,基金,10年地债(511270.XSHG),多,5800股,5800股,118.518,687404.4,113233.32,98.995,-,0,-75.4,0股,19.72%,1315596.85,52.25%
2025-01-08,基金,纳指ETF(513100.XSHG),多,70400股,70400股,1.642,115596.8,39084.42,1.087,-,0,-1196.8,0股,51.08%,1315596.85,8.79%
2025-01-08,基金,黄金ETF(518880.XSHG),多,28500股,28500股,6.03,171855,42381.22,4.543,-,0,855,0股,32.73%,1315596.85,13.06%
2025-01-08,股票,长江电力(600900.XSHG),多,4300股,4300股,29,124700,22826.67,23.691,-,0,1290,0股,22.41%,1315596.85,9.48%
2025-01-08,股票,农业银行(601288.XSHG),多,17800股,17800股,5.18,92204,37090.6,3.096,-,0,647.92,0股,67.3%,1315596.85,7.01%
2025-01-08,,Cash,,,,,6509.05,,,,,,,,0
2025-01-09,基金,豆粕ETF华夏(159985.XSHE),多,68200股,68200股,1.774,120986.8,-4121.13,1.834,-,0,-1338.8,2800股,-3.29%,1311950.29,9.22%
2025-01-09,基金,10年地债(511270.XSHG),多,5800股,5800股,118.306,686174.8,112003.72,98.995,-,0,-1229.6,0股,19.51%,1311950.29,52.3%
2025-01-09,基金,纳指ETF(513100.XSHG),多,72200股,72200股,1.636,118119.2,38658.42,1.101,-,0,-426,1800股,48.65%,1311950.29,9%
2025-01-09,基金,黄金ETF(518880.XSHG),多,28600股,28600股,6.065,173459,43381.62,4.548,-,0,1000.4,100股,33.35%,1311950.29,13.22%
2025-01-09,股票,长江电力(600900.XSHG),多,4300股,4300股,28.79,123797,21923.67,23.691,-,0,-903,0股,21.52%,1311950.29,9.44%
2025-01-09,股票,农业银行(601288.XSHG),多,17300股,17300股,5.14,88922,35356.73,3.096,-,0,-692,0股,66.01%,1311950.29,6.78%
2025-01-09,,Cash,,,,,491.49,,,,,,,,0
2025-01-10,基金,豆粕ETF华夏(159985.XSHE),多,68200股,68200股,1.803,122964.6,-2143.33,1.834,-,0,1977.8,0股,-1.71%,1315456.69,9.35%
2025-01-10,基金,10年地债(511270.XSHG),多,5800股,5800股,118.507,687340.6,113169.52,98.995,-,0,1165.8,0股,19.71%,1315456.69,52.25%
2025-01-10,基金,纳指ETF(513100.XSHG),多,72200股,72200股,1.63,117686,38225.22,1.101,-,0,-433.2,0股,48.11%,1315456.69,8.95%
2025-01-10,基金,黄金ETF(518880.XSHG),多,28600股,28600股,6.105,174603,44525.62,4.548,-,0,1144,0股,34.23%,1315456.69,13.27%
2025-01-10,股票,长江电力(600900.XSHG),多,4300股,4300股,28.87,124141,22267.67,23.691,-,0,344,0股,21.86%,1315456.69,9.44%
2025-01-10,股票,农业银行(601288.XSHG),多,17300股,17300股,5.1,88230,34664.73,3.096,-,0,-692,0股,64.71%,1315456.69,6.71%
2025-01-10,,Cash,,,,,491.49,,,,,,,,0
2025-01-13,基金,豆粕ETF华夏(159985.XSHE),多,68200股,68200股,1.859,126783.8,1675.87,1.834,-,0,3819.2,0股,1.34%,1313160.69,9.65%
2025-01-13,基金,10年地债(511270.XSHG),多,5800股,5800股,118.105,685009,110837.92,98.995,-,0,-2331.6,0股,19.3%,1313160.69,52.16%
2025-01-13,基金,纳指ETF(513100.XSHG),多,72200股,72200股,1.592,114942.4,35481.62,1.101,-,0,-2743.6,0股,44.65%,1313160.69,8.75%
2025-01-13,基金,黄金ETF(518880.XSHG),多,28600股,28600股,6.12,175032,44954.62,4.548,-,0,429,0股,34.56%,1313160.69,13.33%
2025-01-13,股票,长江电力(600900.XSHG),多,4300股,4300股,28.81,123883,22009.67,23.691,-,0,-258,0股,21.6%,1313160.69,9.43%
2025-01-13,股票,农业银行(601288.XSHG),多,17300股,17300股,5.03,87019,33453.73,3.096,-,0,-1211,0股,62.45%,1313160.69,6.63%
2025-01-13,,Cash,,,,,491.49,,,,,,,,0
2025-01-14,基金,豆粕ETF华夏(159985.XSHE),多,68200股,68200股,1.866,127261.2,2153.27,1.834,-,0,477.4,0股,1.72%,1314223.89,9.68%
2025-01-14,基金,10年地债(511270.XSHG),多,5800股,5800股,118.144,685235.2,111064.12,98.995,-,0,226.2,0股,19.34%,1314223.89,52.14%
2025-01-14,基金,纳指ETF(513100.XSHG),多,72200股,72200股,1.611,116314.2,36853.42,1.101,-,0,1371.8,0股,46.38%,1314223.89,8.85%
2025-01-14,基金,黄金ETF(518880.XSHG),多,28600股,28600股,6.068,173544.8,43467.42,4.548,-,0,-1487.2,0股,33.42%,1314223.89,13.21%
2025-01-14,股票,长江电力(600900.XSHG),多,4300股,4300股,28.84,124012,22138.67,23.691,-,0,129,0股,21.73%,1314223.89,9.44%
2025-01-14,股票,农业银行(601288.XSHG),多,17300股,17300股,5.05,87365,33799.73,3.096,-,0,346,0股,63.1%,1314223.89,6.65%
2025-01-14,,Cash,,,,,491.49,,,,,,,,0
2025-01-15,基金,豆粕ETF华夏(159985.XSHE),多,68200股,68200股,1.879,128147.8,3039.87,1.834,-,0,886.6,0股,2.43%,1316352.69,9.74%
2025-01-15,基金,10年地债(511270.XSHG),多,5800股,5800股,118.285,686053,111881.92,98.995,-,0,817.8,0股,19.49%,1316352.69,52.12%
2025-01-15,基金,纳指ETF(513100.XSHG),多,72200股,72200股,1.601,115592.2,36131.42,1.101,-,0,-722,0股,45.47%,1316352.69,8.78%
2025-01-15,基金,黄金ETF(518880.XSHG),多,28600股,28600股,6.102,174517.2,44439.82,4.548,-,0,972.4,0股,34.16%,1316352.69,13.26%
2025-01-15,股票,长江电力(600900.XSHG),多,4300股,4300股,28.8,123840,21966.67,23.691,-,0,-172,0股,21.56%,1316352.69,9.41%
2025-01-15,股票,农业银行(601288.XSHG),多,17300股,17300股,5.07,87711,34145.73,3.096,-,0,346,0股,63.75%,1316352.69,6.66%
2025-01-15,,Cash,,,,,491.49,,,,,,,,0
2025-01-16,基金,豆粕ETF华夏(159985.XSHE),多,68200股,68200股,1.869,127465.8,2357.87,1.834,-,0,-682,0股,1.88%,1319271.89,9.66%
2025-01-16,基金,10年地债(511270.XSHG),多,5800股,5800股,118.24,685792,111620.92,98.995,-,0,-261,0股,19.44%,1319271.89,51.98%
2025-01-16,基金,纳指ETF(513100.XSHG),多,72200股,72200股,1.637,118191.4,38730.62,1.101,-,0,2599.2,0股,48.74%,1319271.89,8.96%
2025-01-16,基金,黄金ETF(518880.XSHG),多,28600股,28600股,6.122,175089.2,45011.82,4.548,-,0,572,0股,34.6%,1319271.89,13.27%
2025-01-16,股票,长江电力(600900.XSHG),多,4300股,4300股,28.84,124012,22138.67,23.691,-,0,172,0股,21.73%,1319271.89,9.4%
2025-01-16,股票,农业银行(601288.XSHG),多,17300股,17300股,5.1,88230,34664.73,3.096,-,0,519,0股,64.71%,1319271.89,6.69%
2025-01-16,,Cash,,,,,491.49,,,,,,,,0
2025-01-17,基金,豆粕ETF华夏(159985.XSHE),多,68200股,68200股,1.883,128420.6,3312.67,1.834,-,0,954.8,0股,2.65%,1320334.49,9.73%
2025-01-17,基金,10年地债(511270.XSHG),多,5800股,5800股,118.285,686053,111881.92,98.995,-,0,261,0股,19.49%,1320334.49,51.96%
2025-01-17,基金,纳指ETF(513100.XSHG),多,72200股,72200股,1.63,117686,38225.22,1.101,-,0,-505.4,0股,48.11%,1320334.49,8.91%
2025-01-17,基金,黄金ETF(518880.XSHG),多,28600股,28600股,6.139,175575.4,45498.02,4.548,-,0,486.2,0股,34.98%,1320334.49,13.3%
2025-01-17,股票,长江电力(600900.XSHG),多,4300股,4300股,29.01,124743,22869.67,23.691,-,0,731,0股,22.45%,1320334.49,9.45%
2025-01-17,股票,农业银行(601288.XSHG),多,17300股,17300股,5.05,87365,33799.73,3.096,-,0,-865,0股,63.1%,1320334.49,6.62%
2025-01-17,,Cash,,,,,491.49,,,,,,,,0
2025-01-20,基金,豆粕ETF华夏(159985.XSHE),多,68200股,68200股,1.905,129921,4813.07,1.834,-,0,1500.4,0股,3.85%,1321405.89,9.83%
2025-01-20,基金,10年地债(511270.XSHG),多,5800股,5800股,118.22,685676,111504.92,98.995,-,0,-377,0股,19.42%,1321405.89,51.89%
2025-01-20,基金,纳指ETF(513100.XSHG),多,72200股,72200股,1.646,118841.2,39380.42,1.101,-,0,1155.2,0股,49.56%,1321405.89,8.99%
2025-01-20,基金,黄金ETF(518880.XSHG),多,28600股,28600股,6.127,175232.2,45154.82,4.548,-,0,-343.2,0股,34.71%,1321405.89,13.26%
2025-01-20,股票,长江电力(600900.XSHG),多,4300股,4300股,28.97,124571,22697.67,23.691,-,0,-172,0股,22.28%,1321405.89,9.43%
2025-01-20,股票,农业银行(601288.XSHG),多,17300股,17300股,5.01,86673,33107.73,3.096,-,0,-692,0股,61.81%,1321405.89,6.56%
2025-01-20,,Cash,,,,,491.49,,,,,,,,0
2025-01-21,基金,豆粕ETF华夏(159985.XSHE),多,68200股,68200股,1.931,131694.2,6586.27,1.834,-,0,1773.2,0股,5.26%,1324944.09,9.94%
2025-01-21,基金,10年地债(511270.XSHG),多,5800股,5800股,118.371,686551.8,112380.72,98.995,-,0,875.8,0股,19.57%,1324944.09,51.82%
2025-01-21,基金,纳指ETF(513100.XSHG),多,72200股,72200股,1.647,118913.4,39452.62,1.101,-,0,72.2,0股,49.65%,1324944.09,8.97%
2025-01-21,基金,黄金ETF(518880.XSHG),多,28600股,28600股,6.127,175232.2,45154.82,4.548,-,0,0,0股,34.71%,1324944.09,13.23%
2025-01-21,股票,长江电力(600900.XSHG),多,4300股,4300股,29.16,125388,23514.67,23.691,-,0,817,0股,23.08%,1324944.09,9.46%
2025-01-21,股票,农业银行(601288.XSHG),多,17300股,17300股,5.01,86673,33107.73,3.096,-,0,0,0股,61.81%,1324944.09,6.54%
2025-01-21,,Cash,,,,,491.49,,,,,,,,0
2025-01-22,基金,豆粕ETF华夏(159985.XSHE),多,68200股,68200股,1.924,131216.8,6108.87,1.834,-,0,-477.4,0股,4.88%,1322365.29,9.92%
2025-01-22,基金,10年地债(511270.XSHG),多,5800股,5800股,118.205,685589,111417.92,98.995,-,0,-962.8,0股,19.41%,1322365.29,51.85%
2025-01-22,基金,纳指ETF(513100.XSHG),多,72200股,72200股,1.657,119635.4,40174.62,1.101,-,0,722,0股,50.56%,1322365.29,9.05%
2025-01-22,基金,黄金ETF(518880.XSHG),多,28600股,28600股,6.181,176776.6,46699.22,4.548,-,0,1544.4,0股,35.9%,1322365.29,13.37%
2025-01-22,股票,长江电力(600900.XSHG),多,4300股,4300股,28.69,123367,21493.67,23.691,-,0,-2021,0股,21.1%,1322365.29,9.33%
2025-01-22,股票,农业银行(601288.XSHG),多,17300股,17300股,4.93,85289,31723.73,3.096,-,0,-1384,0股,59.22%,1322365.29,6.45%
2025-01-22,,Cash,,,,,491.49,,,,,,,,0
2025-01-23,基金,豆粕ETF华夏(159985.XSHE),多,68200股,68200股,1.919,130875.8,5767.87,1.834,-,0,-341,0股,4.61%,1322559.09,9.9%
2025-01-23,基金,10年地债(511270.XSHG),多,5800股,5800股,118.195,685531,111359.92,98.995,-,0,-58,0股,19.39%,1322559.09,51.83%
2025-01-23,基金,纳指ETF(513100.XSHG),多,72200股,72200股,1.643,118624.6,39163.82,1.101,-,0,-1010.8,0股,49.29%,1322559.09,8.97%
2025-01-23,基金,黄金ETF(518880.XSHG),多,28600股,28600股,6.187,176948.2,46870.82,4.548,-,0,171.6,0股,36.03%,1322559.09,13.38%
2025-01-23,股票,长江电力(600900.XSHG),多,4300股,4300股,28.5,122550,20676.67,23.691,-,0,-817,0股,20.3%,1322559.09,9.27%
2025-01-23,股票,农业银行(601288.XSHG),多,17300股,17300股,5.06,87538,33972.73,3.096,-,0,2249,0股,63.42%,1322559.09,6.62%
2025-01-23,,Cash,,,,,491.49,,,,,,,,0
2025-01-24,基金,豆粕ETF华夏(159985.XSHE),多,68200股,68200股,1.924,131216.8,6108.87,1.834,-,0,341,0股,4.88%,1322492.89,9.92%
2025-01-24,基金,10年地债(511270.XSHG),多,5800股,5800股,118.117,685078.6,110907.52,98.995,-,0,-452.4,0股,19.32%,1322492.89,51.8%
2025-01-24,基金,纳指ETF(513100.XSHG),多,72200股,72200股,1.644,118696.8,39236.02,1.101,-,0,72.2,0股,49.38%,1322492.89,8.98%
2025-01-24,基金,黄金ETF(518880.XSHG),多,28600股,28600股,6.218,177834.8,47757.42,4.548,-,0,886.6,0股,36.71%,1322492.89,13.45%
2025-01-24,股票,长江电力(600900.XSHG),多,4300股,4300股,28.2,121260,20289.67,23.481,-,0,-387,0股,20.09%,1322492.89,9.17%
2025-01-24,股票,农业银行(601288.XSHG),多,17300股,17300股,5.04,87192,33626.73,3.096,-,0,-346,0股,62.78%,1322492.89,6.59%
2025-01-24,,Cash,,,,,1213.89,,,,,,,,0
2025-01-27,基金,豆粕ETF华夏(159985.XSHE),多,68200股,68200股,1.91,130262,5154.07,1.834,-,0,-954.8,0股,4.12%,1325679.29,9.83%
2025-01-27,基金,10年地债(511270.XSHG),多,5800股,5800股,118.394,686685.2,112514.12,98.995,-,0,1606.6,0股,19.6%,1325679.29,51.8%
2025-01-27,基金,纳指ETF(513100.XSHG),多,72200股,72200股,1.615,116603,37142.22,1.101,-,0,-2093.8,0股,46.74%,1325679.29,8.8%
2025-01-27,基金,黄金ETF(518880.XSHG),多,28600股,28600股,6.202,177377.2,47299.82,4.548,-,0,-457.6,0股,36.36%,1325679.29,13.38%
2025-01-27,股票,长江电力(600900.XSHG),多,4300股,4300股,28.9,124270,23299.67,23.481,-,0,3010,0股,23.08%,1325679.29,9.37%
2025-01-27,股票,农业银行(601288.XSHG),多,17300股,17300股,5.16,89268,35702.73,3.096,-,0,2076,0股,66.65%,1325679.29,6.73%
2025-01-27,,Cash,,,,,1213.89,,,,,,,,0
2025-02-05,基金,豆粕ETF华夏(159985.XSHE),多,68200股,68200股,1.988,135581.6,10473.67,1.834,-,0,5319.6,0股,8.37%,1334098.69,10.16%
2025-02-05,基金,10年地债(511270.XSHG),多,5800股,5800股,118.533,687491.4,113320.32,98.995,-,0,806.2,0股,19.74%,1334098.69,51.53%
2025-02-05,基金,纳指ETF(513100.XSHG),多,72200股,72200股,1.612,116386.4,36925.62,1.101,-,0,-216.6,0股,46.47%,1334098.69,8.72%
2025-02-05,基金,黄金ETF(518880.XSHG),多,28600股,28600股,6.439,184155.4,54078.02,4.548,-,0,6778.2,0股,41.57%,1334098.69,13.8%
2025-02-05,股票,长江电力(600900.XSHG),多,4300股,4300股,28.35,121905,20934.67,23.481,-,0,-2365,0股,20.73%,1334098.69,9.14%
2025-02-05,股票,农业银行(601288.XSHG),多,17300股,17300股,5.05,87365,33799.73,3.096,-,0,-1903,0股,63.1%,1334098.69,6.55%
2025-02-05,,Cash,,,,,1213.89,,,,,,,,0
2025-02-06,基金,豆粕ETF华夏(159985.XSHE),多,68200股,68200股,1.969,134285.8,9177.87,1.834,-,0,-1295.8,0股,7.34%,1332542.69,10.08%
2025-02-06,基金,10年地债(511270.XSHG),多,5800股,5800股,118.573,687723.4,113552.32,98.995,-,0,232,0股,19.78%,1332542.69,51.61%
2025-02-06,基金,纳指ETF(513100.XSHG),多,72200股,72200股,1.627,117469.4,38008.62,1.101,-,0,1083,0股,47.83%,1332542.69,8.82%
2025-02-06,基金,黄金ETF(518880.XSHG),多,28600股,28600股,6.402,183097.2,53019.82,4.548,-,0,-1058.2,0股,40.76%,1332542.69,13.74%
2025-02-06,股票,长江电力(600900.XSHG),多,4300股,4300股,28.27,121561,20590.67,23.481,-,0,-344,0股,20.39%,1332542.69,9.12%
2025-02-06,股票,农业银行(601288.XSHG),多,17300股,17300股,5.04,87192,33626.73,3.096,-,0,-173,0股,62.78%,1332542.69,6.54%
2025-02-06,,Cash,,,,,1213.89,,,,,,,,0
2025-02-07,基金,豆粕ETF华夏(159985.XSHE),多,68200股,68200股,1.97,134354,9246.07,1.834,-,0,68.2,0股,7.39%,1331668.49,10.09%
2025-02-07,基金,10年地债(511270.XSHG),多,5800股,5800股,118.535,687503,113331.92,98.995,-,0,-220.4,0股,19.74%,1331668.49,51.63%
2025-02-07,基金,纳指ETF(513100.XSHG),多,72200股,72200股,1.623,117180.6,37719.82,1.101,-,0,-288.8,0股,47.47%,1331668.49,8.8%
2025-02-07,基金,黄金ETF(518880.XSHG),多,28600股,28600股,6.42,183612,53534.62,4.548,-,0,514.8,0股,41.16%,1331668.49,13.79%
2025-02-07,股票,长江电力(600900.XSHG),多,4300股,4300股,28.13,120959,19988.67,23.481,-,0,-602,0股,19.8%,1331668.49,9.08%
2025-02-07,股票,农业银行(601288.XSHG),多,17300股,17300股,5.02,86846,33280.73,3.096,-,0,-346,0股,62.13%,1331668.49,6.52%
2025-02-07,,Cash,,,,,1213.89,,,,,,,,0
2025-02-10,基金,豆粕ETF华夏(159985.XSHE),多,68200股,68200股,1.964,133944.8,8836.87,1.834,-,0,-409.2,0股,7.06%,1332097.49,10.06%
2025-02-10,基金,10年地债(511270.XSHG),多,5800股,5800股,118.571,687711.8,113540.72,98.995,-,0,208.8,0股,19.77%,1332097.49,51.63%
2025-02-10,基金,纳指ETF(513100.XSHG),多,72200股,72200股,1.606,115953.2,36492.42,1.101,-,0,-1227.4,0股,45.93%,1332097.49,8.7%
2025-02-10,基金,黄金ETF(518880.XSHG),多,28600股,28600股,6.518,186414.8,56337.42,4.548,-,0,2802.8,0股,43.31%,1332097.49,13.99%
2025-02-10,股票,长江电力(600900.XSHG),多,4300股,4300股,27.91,120013,19042.67,23.481,-,0,-946,0股,18.86%,1332097.49,9.01%
2025-02-10,股票,农业银行(601288.XSHG),多,17300股,17300股,5.02,86846,33280.73,3.096,-,0,0,0股,62.13%,1332097.49,6.52%
2025-02-10,,Cash,,,,,1213.89,,,,,,,,0
2025-02-11,基金,豆粕ETF华夏(159985.XSHE),多,68200股,68200股,1.965,134013,8905.07,1.834,-,0,68.2,0股,7.12%,1336033.89,10.03%
2025-02-11,基金,10年地债(511270.XSHG),多,5800股,5800股,118.639,688106.2,113935.12,98.995,-,0,394.4,0股,19.84%,1336033.89,51.5%
2025-02-11,基金,纳指ETF(513100.XSHG),多,72200股,72200股,1.607,116025.4,36564.62,1.101,-,0,72.2,0股,46.02%,1336033.89,8.68%
2025-02-11,基金,黄金ETF(518880.XSHG),多,28600股,28600股,6.584,188302.4,58225.02,4.548,-,0,1887.6,0股,44.76%,1336033.89,14.09%
2025-02-11,股票,长江电力(600900.XSHG),多,4300股,4300股,27.9,119970,18999.67,23.481,-,0,-43,0股,18.82%,1336033.89,8.98%
2025-02-11,股票,农业银行(601288.XSHG),多,17300股,17300股,5.11,88403,34837.73,3.096,-,0,1557,0股,65.04%,1336033.89,6.62%
2025-02-11,,Cash,,,,,1213.89,,,,,,,,0
2025-02-12,基金,豆粕ETF华夏(159985.XSHE),多,60200股,60200股,1.937,116607.4,6174.89,1.834,-,0,-1685.6,0股,5.59%,1333604.2,8.74%
2025-02-12,基金,10年地债(511270.XSHG),多,5400股,5400股,118.576,640310.4,105737.33,98.995,-,0,-340.2,0股,19.78%,1333604.2,48.01%
2025-02-12,基金,纳指ETF(513100.XSHG),多,95800股,95800股,1.609,154142.2,36732.62,1.226,-,0,168,23600股,31.29%,1333604.2,11.56%
2025-02-12,基金,黄金ETF(518880.XSHG),多,33200股,33200股,6.538,217061.6,56909.42,4.824,-,0,-1315.6,4600股,35.53%,1333604.2,16.28%
2025-02-12,股票,长江电力(600900.XSHG),多,4300股,4300股,27.99,120357,19386.67,23.481,-,0,387,0股,19.2%,1333604.2,9.02%
2025-02-12,股票,农业银行(601288.XSHG),多,16500股,16500股,5.14,84810,33721.74,3.096,-,0,495,0股,66.01%,1333604.2,6.36%
2025-02-12,,Cash,,,,,315.6,,,,,,,,0
2025-02-13,基金,豆粕ETF华夏(159985.XSHE),多,60200股,60200股,1.929,116125.8,5693.29,1.834,-,0,-481.6,0股,5.16%,1336334.8,8.69%
2025-02-13,基金,10年地债(511270.XSHG),多,5400股,5400股,118.61,640494,105920.93,98.995,-,0,183.6,0股,19.81%,1336334.8,47.93%
2025-02-13,基金,纳指ETF(513100.XSHG),多,95800股,95800股,1.618,155004.4,37594.82,1.226,-,0,862.2,0股,32.02%,1336334.8,11.6%
2025-02-13,基金,黄金ETF(518880.XSHG),多,33200股,33200股,6.57,218124,57971.82,4.824,-,0,1062.4,0股,36.2%,1336334.8,16.32%
2025-02-13,股票,长江电力(600900.XSHG),多,4300股,4300股,28.17,121131,20160.67,23.481,-,0,774,0股,19.97%,1336334.8,9.06%
2025-02-13,股票,农业银行(601288.XSHG),多,16500股,16500股,5.16,85140,34051.74,3.096,-,0,330,0股,66.65%,1336334.8,6.37%
2025-02-13,,Cash,,,,,315.6,,,,,,,,0
2025-02-14,基金,豆粕ETF华夏(159985.XSHE),多,60200股,60200股,1.955,117691,7258.49,1.834,-,0,1565.2,0股,6.57%,1340567.4,8.78%
2025-02-14,基金,10年地债(511270.XSHG),多,5400股,5400股,118.509,639948.6,105375.53,98.995,-,0,-545.4,0股,19.71%,1340567.4,47.74%
2025-02-14,基金,纳指ETF(513100.XSHG),多,95800股,95800股,1.629,156058.2,38648.62,1.226,-,0,1053.8,0股,32.92%,1340567.4,11.64%
2025-02-14,基金,黄金ETF(518880.XSHG),多,33200股,33200股,6.605,219286,59133.82,4.824,-,0,1162,0股,36.92%,1340567.4,16.36%
2025-02-14,股票,长江电力(600900.XSHG),多,4300股,4300股,28.21,121303,20332.67,23.481,-,0,172,0股,20.14%,1340567.4,9.05%
2025-02-14,股票,农业银行(601288.XSHG),多,16500股,16500股,5.21,85965,34876.74,3.096,-,0,825,0股,68.27%,1340567.4,6.41%
2025-02-14,,Cash,,,,,315.6,,,,,,,,0
2025-02-17,基金,豆粕ETF华夏(159985.XSHE),多,60200股,60200股,1.933,116366.6,5934.09,1.834,-,0,-1324.4,0股,5.37%,1335231.4,8.72%
2025-02-17,基金,10年地债(511270.XSHG),多,5400股,5400股,118.371,639203.4,104630.33,98.995,-,0,-745.2,0股,19.57%,1335231.4,47.87%
2025-02-17,基金,纳指ETF(513100.XSHG),多,95800股,95800股,1.63,156154,38744.42,1.226,-,0,95.8,0股,33%,1335231.4,11.69%
2025-02-17,基金,黄金ETF(518880.XSHG),多,33200股,33200股,6.494,215600.8,55448.62,4.824,-,0,-3685.2,0股,34.62%,1335231.4,16.15%
2025-02-17,股票,长江电力(600900.XSHG),多,4300股,4300股,28.17,121131,20160.67,23.481,-,0,-172,0股,19.97%,1335231.4,9.07%
2025-02-17,股票,农业银行(601288.XSHG),多,16500股,16500股,5.24,86460,35371.74,3.096,-,0,495,0股,69.24%,1335231.4,6.48%
2025-02-17,,Cash,,,,,315.6,,,,,,,,0
2025-02-18,基金,豆粕ETF华夏(159985.XSHE),多,60200股,60200股,1.937,116607.4,6174.89,1.834,-,0,240.8,0股,5.59%,1339445.2,8.71%
2025-02-18,基金,10年地债(511270.XSHG),多,5400股,5400股,118.197,638263.8,103690.73,98.995,-,0,-939.6,0股,19.4%,1339445.2,47.65%
2025-02-18,基金,纳指ETF(513100.XSHG),多,95800股,95800股,1.643,157399.4,39989.82,1.226,-,0,1245.4,0股,34.06%,1339445.2,11.75%
2025-02-18,基金,黄金ETF(518880.XSHG),多,33200股,33200股,6.555,217626,57473.82,4.824,-,0,2025.2,0股,35.89%,1339445.2,16.25%
2025-02-18,股票,长江电力(600900.XSHG),多,4300股,4300股,28.36,121948,20977.67,23.481,-,0,817,0股,20.78%,1339445.2,9.1%
2025-02-18,股票,农业银行(601288.XSHG),多,16500股,16500股,5.29,87285,36196.74,3.096,-,0,825,0股,70.85%,1339445.2,6.52%
2025-02-18,,Cash,,,,,315.6,,,,,,,,0
2025-02-19,基金,豆粕ETF华夏(159985.XSHE),多,60200股,60200股,1.968,118473.6,8041.09,1.834,-,0,1866.2,0股,7.28%,1340825.6,8.84%
2025-02-19,基金,10年地债(511270.XSHG),多,5400股,5400股,118.32,638928,104354.93,98.995,-,0,664.2,0股,19.52%,1340825.6,47.65%
2025-02-19,基金,纳指ETF(513100.XSHG),多,95800股,95800股,1.636,156728.8,39319.22,1.226,-,0,-670.6,0股,33.49%,1340825.6,11.69%
2025-02-19,基金,黄金ETF(518880.XSHG),多,33200股,33200股,6.598,219053.6,58901.42,4.824,-,0,1427.6,0股,36.78%,1340825.6,16.34%
2025-02-19,股票,长江电力(600900.XSHG),多,4300股,4300股,28.07,120701,19730.67,23.481,-,0,-1247,0股,19.54%,1340825.6,9%
2025-02-19,股票,农业银行(601288.XSHG),多,16500股,16500股,5.25,86625,35536.74,3.096,-,0,-660,0股,69.56%,1340825.6,6.46%
2025-02-19,,Cash,,,,,315.6,,,,,,,,0
2025-02-20,基金,豆粕ETF华夏(159985.XSHE),多,60200股,60200股,1.984,119436.8,9004.29,1.834,-,0,963.2,0股,8.15%,1339040,8.92%
2025-02-20,基金,10年地债(511270.XSHG),多,5400股,5400股,117.893,636622.2,102049.13,98.995,-,0,-2305.8,0股,19.09%,1339040,47.54%
2025-02-20,基金,纳指ETF(513100.XSHG),多,95800股,95800股,1.622,155387.6,37978.02,1.226,-,0,-1341.2,0股,32.35%,1339040,11.6%
2025-02-20,基金,黄金ETF(518880.XSHG),多,33200股,33200股,6.619,219750.8,59598.62,4.824,-,0,697.2,0股,37.21%,1339040,16.41%
2025-02-20,股票,长江电力(600900.XSHG),多,4300股,4300股,28.04,120572,19601.67,23.481,-,0,-129,0股,19.41%,1339040,9%
2025-02-20,股票,农业银行(601288.XSHG),多,16500股,16500股,5.27,86955,35866.74,3.096,-,0,330,0股,70.21%,1339040,6.49%
2025-02-20,,Cash,,,,,315.6,,,,,,,,0
2025-02-21,基金,豆粕ETF华夏(159985.XSHE),多,60200股,60200股,1.995,120099,9666.49,1.834,-,0,662.2,0股,8.75%,1334670.4,9%
2025-02-21,基金,10年地债(511270.XSHG),多,5400股,5400股,117.936,636854.4,102281.33,98.995,-,0,232.2,0股,19.13%,1334670.4,47.72%
2025-02-21,基金,纳指ETF(513100.XSHG),多,95800股,95800股,1.611,154333.8,36924.22,1.226,-,0,-1053.8,0股,31.45%,1334670.4,11.56%
2025-02-21,基金,黄金ETF(518880.XSHG),多,33200股,33200股,6.568,218057.6,57905.42,4.824,-,0,-1693.2,0股,36.16%,1334670.4,16.34%
2025-02-21,股票,长江电力(600900.XSHG),多,4300股,4300股,27.8,119540,18569.67,23.481,-,0,-1032,0股,18.39%,1334670.4,8.96%
2025-02-21,股票,农业银行(601288.XSHG),多,16500股,16500股,5.18,85470,34381.74,3.096,-,0,-1485,0股,67.3%,1334670.4,6.4%
2025-02-21,,Cash,,,,,315.6,,,,,,,,0
2025-02-24,基金,豆粕ETF华夏(159985.XSHE),多,60200股,60200股,1.968,118473.6,8041.09,1.834,-,0,-1625.4,0股,7.28%,1326700.4,8.93%
2025-02-24,基金,10年地债(511270.XSHG),多,5400股,5400股,117.375,633825,99251.93,98.995,-,0,-3029.4,0股,18.57%,1326700.4,47.77%
2025-02-24,基金,纳指ETF(513100.XSHG),多,95800股,95800股,1.59,152322,34912.42,1.226,-,0,-2011.8,0股,29.74%,1326700.4,11.48%
2025-02-24,基金,黄金ETF(518880.XSHG),多,33200股,33200股,6.581,218489.2,58337.02,4.824,-,0,431.6,0股,36.43%,1326700.4,16.47%
2025-02-24,股票,长江电力(600900.XSHG),多,4300股,4300股,27.55,118465,17494.67,23.481,-,0,-1075,0股,17.33%,1326700.4,8.93%
2025-02-24,股票,农业银行(601288.XSHG),多,16500股,16500股,5.14,84810,33721.74,3.096,-,0,-660,0股,66.01%,1326700.4,6.39%
2025-02-24,,Cash,,,,,315.6,,,,,,,,0
2025-02-25,基金,豆粕ETF华夏(159985.XSHE),多,60200股,60200股,1.974,118834.8,8402.29,1.834,-,0,361.2,0股,7.61%,1323723.2,8.98%
2025-02-25,基金,10年地债(511270.XSHG),多,5400股,5400股,117.461,634289.4,99716.33,98.995,-,0,464.4,0股,18.65%,1323723.2,47.92%
2025-02-25,基金,纳指ETF(513100.XSHG),多,95800股,95800股,1.565,149927,32517.42,1.226,-,0,-2395,0股,27.7%,1323723.2,11.33%
2025-02-25,基金,黄金ETF(518880.XSHG),多,33200股,33200股,6.582,218522.4,58370.22,4.824,-,0,33.2,0股,36.45%,1323723.2,16.51%
2025-02-25,股票,长江电力(600900.XSHG),多,4300股,4300股,27.33,117519,16548.67,23.481,-,0,-946,0股,16.39%,1323723.2,8.88%
2025-02-25,股票,农业银行(601288.XSHG),多,16500股,16500股,5.11,84315,33226.74,3.096,-,0,-495,0股,65.04%,1323723.2,6.37%
2025-02-25,,Cash,,,,,315.6,,,,,,,,0
2025-02-26,基金,豆粕ETF华夏(159985.XSHE),多,60200股,60200股,1.957,117811.4,7378.89,1.834,-,0,-1023.4,0股,6.68%,1320735,8.92%
2025-02-26,基金,10年地债(511270.XSHG),多,5400股,5400股,117.286,633344.4,98771.33,98.995,-,0,-945,0股,18.48%,1320735,47.95%
2025-02-26,基金,纳指ETF(513100.XSHG),多,95800股,95800股,1.561,149543.8,32134.22,1.226,-,0,-383.2,0股,27.37%,1320735,11.32%
2025-02-26,基金,黄金ETF(518880.XSHG),多,33200股,33200股,6.519,216430.8,56278.62,4.824,-,0,-2091.6,0股,35.14%,1320735,16.39%
2025-02-26,股票,长江电力(600900.XSHG),多,4300股,4300股,27.63,118809,17838.67,23.481,-,0,1290,0股,17.67%,1320735,9%
2025-02-26,股票,农业银行(601288.XSHG),多,16500股,16500股,5.12,84480,33391.74,3.096,-,0,165,0股,65.36%,1320735,6.4%
2025-02-26,,Cash,,,,,315.6,,,,,,,,0
2025-02-27,基金,豆粕ETF华夏(159985.XSHE),多,60200股,60200股,1.992,119918.4,9485.89,1.834,-,0,2107,0股,8.59%,1321605.6,9.07%
2025-02-27,基金,10年地债(511270.XSHG),多,5400股,5400股,117.011,631859.4,97286.33,98.995,-,0,-1485,0股,18.2%,1321605.6,47.81%
2025-02-27,基金,纳指ETF(513100.XSHG),多,95800股,95800股,1.571,150501.8,33092.22,1.226,-,0,958,0股,28.19%,1321605.6,11.39%
2025-02-27,基金,黄金ETF(518880.XSHG),多,33200股,33200股,6.492,215534.4,55382.22,4.824,-,0,-896.4,0股,34.58%,1321605.6,16.31%
2025-02-27,股票,长江电力(600900.XSHG),多,4300股,4300股,27.52,118336,17365.67,23.481,-,0,-473,0股,17.2%,1321605.6,8.95%
2025-02-27,股票,农业银行(601288.XSHG),多,16500股,16500股,5.16,85140,34051.74,3.096,-,0,660,0股,66.65%,1321605.6,6.44%
2025-02-27,,Cash,,,,,315.6,,,,,,,,0
2025-02-28,基金,豆粕ETF华夏(159985.XSHE),多,60200股,60200股,1.988,119677.6,9245.09,1.834,-,0,-240.8,0股,8.37%,1313779.4,9.11%
2025-02-28,基金,10年地债(511270.XSHG),多,5400股,5400股,117.169,632712.6,98139.53,98.995,-,0,853.2,0股,18.36%,1313779.4,48.16%
2025-02-28,基金,纳指ETF(513100.XSHG),多,95800股,95800股,1.511,144753.8,27344.22,1.226,-,0,-5748,0股,23.29%,1313779.4,11.02%
2025-02-28,基金,黄金ETF(518880.XSHG),多,33200股,33200股,6.444,213940.8,53788.62,4.824,-,0,-1593.6,0股,33.59%,1313779.4,16.28%
2025-02-28,股票,长江电力(600900.XSHG),多,4300股,4300股,27.38,117734,16763.67,23.481,-,0,-602,0股,16.6%,1313779.4,8.96%
2025-02-28,股票,农业银行(601288.XSHG),多,16500股,16500股,5.13,84645,33556.74,3.096,-,0,-495,0股,65.68%,1313779.4,6.44%
2025-02-28,,Cash,,,,,315.6,,,,,,,,0
2025-03-03,基金,豆粕ETF华夏(159985.XSHE),多,60200股,60200股,2.04,122808,12375.49,1.834,-,0,3130.4,0股,11.21%,1318940,9.31%
2025-03-03,基金,10年地债(511270.XSHG),多,5400股,5400股,117.244,633117.6,98544.53,98.995,-,0,405,0股,18.43%,1318940,48%
2025-03-03,基金,纳指ETF(513100.XSHG),多,95800股,95800股,1.542,147723.6,30314.02,1.226,-,0,2969.8,0股,25.82%,1318940,11.2%
2025-03-03,基金,黄金ETF(518880.XSHG),多,33200股,33200股,6.451,214173.2,54021.02,4.824,-,0,232.4,0股,33.73%,1318940,16.24%
2025-03-03,股票,长江电力(600900.XSHG),多,4300股,4300股,27.09,116487,15516.67,23.481,-,0,-1247,0股,15.37%,1318940,8.83%
2025-03-03,股票,农业银行(601288.XSHG),多,16500股,16500股,5.11,84315,33226.74,3.096,-,0,-330,0股,65.04%,1318940,6.39%
2025-03-03,,Cash,,,,,315.6,,,,,,,,0
2025-03-04,基金,豆粕ETF华夏(159985.XSHE),多,60200股,60200股,2.017,121423.4,10990.89,1.834,-,0,-1384.6,0股,9.95%,1314667.6,9.24%
2025-03-04,基金,10年地债(511270.XSHG),多,5400股,5400股,116.937,631459.8,96886.73,98.995,-,0,-1657.8,0股,18.12%,1314667.6,48.03%
2025-03-04,基金,纳指ETF(513100.XSHG),多,95800股,95800股,1.515,145137,27727.42,1.226,-,0,-2586.6,0股,23.62%,1314667.6,11.04%
2025-03-04,基金,黄金ETF(518880.XSHG),多,33200股,33200股,6.499,215766.8,55614.62,4.824,-,0,1593.6,0股,34.73%,1314667.6,16.41%
2025-03-04,股票,长江电力(600900.XSHG),多,4300股,4300股,27.15,116745,15774.67,23.481,-,0,258,0股,15.62%,1314667.6,8.88%
2025-03-04,股票,农业银行(601288.XSHG),多,16500股,16500股,5.08,83820,32731.74,3.096,-,0,-495,0股,64.07%,1314667.6,6.38%
2025-03-04,,Cash,,,,,315.6,,,,,,,,0
2025-03-05,基金,豆粕ETF华夏(159985.XSHE),多,60200股,60200股,1.955,117691,7258.49,1.834,-,0,-3732.4,0股,6.57%,1317305.4,8.93%
2025-03-05,基金,10年地债(511270.XSHG),多,5400股,5400股,116.995,631773,97199.93,98.995,-,0,313.2,0股,18.18%,1317305.4,47.96%
2025-03-05,基金,纳指ETF(513100.XSHG),多,95800股,95800股,1.533,146861.4,29451.82,1.226,-,0,1724.4,0股,25.08%,1317305.4,11.15%
2025-03-05,基金,黄金ETF(518880.XSHG),多,33200股,33200股,6.547,217360.4,57208.22,4.824,-,0,1593.6,0股,35.72%,1317305.4,16.5%
2025-03-05,股票,长江电力(600900.XSHG),多,4300股,4300股,27.48,118164,17193.67,23.481,-,0,1419,0股,17.03%,1317305.4,8.97%
2025-03-05,股票,农业银行(601288.XSHG),多,16500股,16500股,5.16,85140,34051.74,3.096,-,0,1320,0股,66.65%,1317305.4,6.46%
2025-03-05,,Cash,,,,,315.6,,,,,,,,0
2025-03-06,基金,豆粕ETF华夏(159985.XSHE),多,60200股,60200股,1.963,118172.6,7740.09,1.834,-,0,481.6,0股,7.01%,1314666.6,8.99%
2025-03-06,基金,10年地债(511270.XSHG),多,5400股,5400股,116.833,630898.2,96325.13,98.995,-,0,-874.8,0股,18.02%,1314666.6,47.99%
2025-03-06,基金,纳指ETF(513100.XSHG),多,95800股,95800股,1.534,146957.2,29547.62,1.226,-,0,95.8,0股,25.17%,1314666.6,11.18%
2025-03-06,基金,黄金ETF(518880.XSHG),多,33200股,33200股,6.535,216962,56809.82,4.824,-,0,-398.4,0股,35.47%,1314666.6,16.5%
2025-03-06,股票,长江电力(600900.XSHG),多,4300股,4300股,27.22,117046,16075.67,23.481,-,0,-1118,0股,15.92%,1314666.6,8.9%
2025-03-06,股票,农业银行(601288.XSHG),多,16500股,16500股,5.11,84315,33226.74,3.096,-,0,-825,0股,65.04%,1314666.6,6.41%
2025-03-06,,Cash,,,,,315.6,,,,,,,,0
2025-03-07,基金,豆粕ETF华夏(159985.XSHE),多,60200股,60200股,1.961,118052.2,7619.69,1.834,-,0,-120.4,0股,6.9%,1309091,9.02%
2025-03-07,基金,10年地债(511270.XSHG),多,5400股,5400股,116.48,628992,94418.93,98.995,-,0,-1906.2,0股,17.66%,1309091,48.05%
2025-03-07,基金,纳指ETF(513100.XSHG),多,95800股,95800股,1.5,143700,26290.42,1.226,-,0,-3257.2,0股,22.39%,1309091,10.98%
2025-03-07,基金,黄金ETF(518880.XSHG),多,33200股,33200股,6.526,216663.2,56511.02,4.824,-,0,-298.8,0股,35.29%,1309091,16.55%
2025-03-07,股票,长江电力(600900.XSHG),多,4300股,4300股,27.26,117218,16247.67,23.481,-,0,172,0股,16.09%,1309091,8.95%
2025-03-07,股票,农业银行(601288.XSHG),多,16500股,16500股,5.1,84150,33061.74,3.096,-,0,-165,0股,64.71%,1309091,6.43%
2025-03-07,,Cash,,,,,315.6,,,,,,,,0
2025-03-10,基金,豆粕ETF华夏(159985.XSHE),多,56900股,56900股,1.99,113231,8852.1,1.834,-,0,1650.1,0股,8.48%,1310000.59,8.64%
2025-03-10,基金,10年地债(511270.XSHG),多,5400股,5400股,116.556,629402.4,94829.33,98.995,-,0,410.4,0股,17.74%,1310000.59,48.05%
2025-03-10,基金,纳指ETF(513100.XSHG),多,91500股,91500股,1.496,136884,24744.37,1.226,-,0,-366,0股,22.07%,1310000.59,10.45%
2025-03-10,基金,黄金ETF(518880.XSHG),多,30500股,30500股,6.544,199592,52464.25,4.824,-,0,549,0股,35.66%,1310000.59,15.24%
2025-03-10,股票,长江电力(600900.XSHG),多,4400股,4300股,27.1,119240,15560.67,23.563,-,0,-687,100股,15.01%,1310000.59,9.1%
2025-03-10,股票,农业银行(601288.XSHG),多,21300股,16500股,5.06,107778,32305.74,3.543,-,0,-756,4800股,42.8%,1310000.59,8.23%
2025-03-10,,Cash,,,,,3873.19,,,,,,,,0
2025-03-11,基金,豆粕ETF华夏(159985.XSHE),多,56900股,56900股,1.937,110215.3,5836.4,1.834,-,0,-3015.7,0股,5.59%,1297919.19,8.49%
2025-03-11,基金,10年地债(511270.XSHG),多,5400股,5400股,116.058,626713.2,92140.13,98.995,-,0,-2689.2,0股,17.24%,1297919.19,48.29%
2025-03-11,基金,纳指ETF(513100.XSHG),多,91500股,91500股,1.428,130662,18522.37,1.226,-,0,-6222,0股,16.52%,1297919.19,10.07%
2025-03-11,基金,黄金ETF(518880.XSHG),多,30500股,30500股,6.505,198402.5,51274.75,4.824,-,0,-1189.5,0股,34.85%,1297919.19,15.29%
2025-03-11,股票,长江电力(600900.XSHG),多,4400股,4400股,27.19,119636,15956.67,23.563,-,0,396,0股,15.39%,1297919.19,9.22%
2025-03-11,股票,农业银行(601288.XSHG),多,21300股,21300股,5.09,108417,32944.74,3.543,-,0,639,0股,43.65%,1297919.19,8.35%
2025-03-11,,Cash,,,,,3873.19,,,,,,,,0
2025-03-12,基金,豆粕ETF华夏(159985.XSHE),多,56900股,56900股,1.925,109532.5,5153.6,1.834,-,0,-682.8,0股,4.94%,1299804.49,8.43%
2025-03-12,基金,10年地债(511270.XSHG),多,5400股,5400股,116.562,629434.8,94861.73,98.995,-,0,2721.6,0股,17.75%,1299804.49,48.43%
2025-03-12,基金,纳指ETF(513100.XSHG),多,91500股,91500股,1.432,131028,18888.37,1.226,-,0,366,0股,16.84%,1299804.49,10.08%
2025-03-12,基金,黄金ETF(518880.XSHG),多,30500股,30500股,6.526,199043,51915.25,4.824,-,0,640.5,0股,35.29%,1299804.49,15.31%
2025-03-12,股票,长江电力(600900.XSHG),多,4400股,4400股,27.12,119328,15648.67,23.563,-,0,-308,0股,15.09%,1299804.49,9.18%
2025-03-12,股票,农业银行(601288.XSHG),多,21300股,21300股,5.05,107565,32092.74,3.543,-,0,-852,0股,42.52%,1299804.49,8.28%
2025-03-12,,Cash,,,,,3873.19,,,,,,,,0
2025-03-13,基金,豆粕ETF华夏(159985.XSHE),多,56900股,56900股,1.95,110955,6576.1,1.834,-,0,1422.5,0股,6.3%,1301996.29,8.52%
2025-03-13,基金,10年地债(511270.XSHG),多,5400股,5400股,116.339,628230.6,93657.53,98.995,-,0,-1204.2,0股,17.52%,1301996.29,48.25%
2025-03-13,基金,纳指ETF(513100.XSHG),多,91500股,91500股,1.424,130296,18156.37,1.226,-,0,-732,0股,16.19%,1301996.29,10.01%
2025-03-13,基金,黄金ETF(518880.XSHG),多,30500股,30500股,6.575,200537.5,53409.75,4.824,-,0,1494.5,0股,36.3%,1301996.29,15.4%
2025-03-13,股票,长江电力(600900.XSHG),多,4400股,4400股,27.25,119900,16220.67,23.563,-,0,572,0股,15.65%,1301996.29,9.21%
2025-03-13,股票,农业银行(601288.XSHG),多,21300股,21300股,5.08,108204,32731.74,3.543,-,0,639,0股,43.37%,1301996.29,8.31%
2025-03-13,,Cash,,,,,3873.19,,,,,,,,0
2025-03-14,基金,豆粕ETF华夏(159985.XSHE),多,56900股,56900股,1.966,111865.4,7486.5,1.834,-,0,910.4,0股,7.17%,1308231.89,8.55%
2025-03-14,基金,10年地债(511270.XSHG),多,5400股,5400股,116.032,626572.8,93619.73,98.695,-,0,-37.8,0股,17.57%,1308231.89,47.89%
2025-03-14,基金,纳指ETF(513100.XSHG),多,91500股,91500股,1.438,131577,19437.37,1.226,-,0,1281,0股,17.33%,1308231.89,10.06%
2025-03-14,基金,黄金ETF(518880.XSHG),多,30500股,30500股,6.673,203526.5,56398.75,4.824,-,0,2989,0股,38.33%,1308231.89,15.56%
2025-03-14,股票,长江电力(600900.XSHG),多,4400股,4400股,27.45,120780,17100.67,23.563,-,0,880,0股,16.49%,1308231.89,9.23%
2025-03-14,股票,农业银行(601288.XSHG),多,21300股,21300股,5.09,108417,32944.74,3.543,-,0,213,0股,43.65%,1308231.89,8.29%
2025-03-14,,Cash,,,,,5493.19,,,,,,,,0
2025-03-17,基金,豆粕ETF华夏(159985.XSHE),多,56900股,56900股,1.964,111751.6,7372.7,1.834,-,0,-113.8,0股,7.06%,1305503.99,8.56%
2025-03-17,基金,10年地债(511270.XSHG),多,5400股,5400股,115.348,622879.2,89926.13,98.695,-,0,-3693.6,0股,16.87%,1305503.99,47.71%
2025-03-17,基金,纳指ETF(513100.XSHG),多,91500股,91500股,1.443,132034.5,19894.87,1.226,-,0,457.5,0股,17.74%,1305503.99,10.11%
2025-03-17,基金,黄金ETF(518880.XSHG),多,30500股,30500股,6.677,203648.5,56520.75,4.824,-,0,122,0股,38.42%,1305503.99,15.6%
2025-03-17,股票,长江电力(600900.XSHG),多,4400股,4400股,27.37,120428,16748.67,23.563,-,0,-352,0股,16.15%,1305503.99,9.22%
2025-03-17,股票,农业银行(601288.XSHG),多,21300股,21300股,5.13,109269,33796.74,3.543,-,0,852,0股,44.78%,1305503.99,8.37%
2025-03-17,,Cash,,,,,5493.19,,,,,,,,0
2025-03-18,基金,豆粕ETF华夏(159985.XSHE),多,56900股,56900股,1.971,112149.9,7771,1.834,-,0,398.3,0股,7.44%,1307915.29,8.57%
2025-03-18,基金,10年地债(511270.XSHG),多,5400股,5400股,115.413,623230.2,90277.13,98.695,-,0,351,0股,16.94%,1307915.29,47.65%
2025-03-18,基金,纳指ETF(513100.XSHG),多,91500股,91500股,1.455,133132.5,20992.87,1.226,-,0,1098,0股,18.72%,1307915.29,10.18%
2025-03-18,基金,黄金ETF(518880.XSHG),多,30500股,30500股,6.727,205173.5,58045.75,4.824,-,0,1525,0股,39.45%,1307915.29,15.69%
2025-03-18,股票,长江电力(600900.XSHG),多,4400股,4400股,27.2,119680,16000.67,23.563,-,0,-748,0股,15.43%,1307915.29,9.15%
2025-03-18,股票,农业银行(601288.XSHG),多,21300股,21300股,5.12,109056,33583.74,3.543,-,0,-213,0股,44.5%,1307915.29,8.34%
2025-03-18,,Cash,,,,,5493.19,,,,,,,,0
2025-03-19,基金,豆粕ETF华夏(159985.XSHE),多,56900股,56900股,1.972,112206.8,7827.9,1.834,-,0,56.9,0股,7.5%,1313170.09,8.54%
2025-03-19,基金,10年地债(511270.XSHG),多,5400股,5400股,115.619,624342.6,91389.53,98.695,-,0,1112.4,0股,17.15%,1313170.09,47.54%
2025-03-19,基金,纳指ETF(513100.XSHG),多,91500股,91500股,1.443,132034.5,19894.87,1.226,-,0,-1098,0股,17.74%,1313170.09,10.05%
2025-03-19,基金,黄金ETF(518880.XSHG),多,30500股,30500股,6.8,207400,60272.25,4.824,-,0,2226.5,0股,40.97%,1313170.09,15.79%
2025-03-19,股票,长江电力(600900.XSHG),多,4400股,4400股,27.63,121572,17892.67,23.563,-,0,1892,0股,17.26%,1313170.09,9.26%
2025-03-19,股票,农业银行(601288.XSHG),多,21300股,21300股,5.17,110121,34648.74,3.543,-,0,1065,0股,45.91%,1313170.09,8.39%
2025-03-19,,Cash,,,,,5493.19,,,,,,,,0
2025-03-20,基金,豆粕ETF华夏(159985.XSHE),多,56900股,56900股,1.939,110329.1,5950.2,1.834,-,0,-1877.7,0股,5.7%,1314810.89,8.39%
2025-03-20,基金,10年地债(511270.XSHG),多,5400股,5400股,115.799,625314.6,92361.53,98.695,-,0,972,0股,17.33%,1314810.89,47.56%
2025-03-20,基金,纳指ETF(513100.XSHG),多,91500股,91500股,1.475,134962.5,22822.87,1.226,-,0,2928,0股,20.35%,1314810.89,10.26%
2025-03-20,基金,黄金ETF(518880.XSHG),多,30500股,30500股,6.807,207613.5,60485.75,4.824,-,0,213.5,0股,41.11%,1314810.89,15.79%
2025-03-20,股票,长江电力(600900.XSHG),多,4400股,4400股,27.64,121616,17936.67,23.563,-,0,44,0股,17.3%,1314810.89,9.25%
2025-03-20,股票,农业银行(601288.XSHG),多,21300股,21300股,5.14,109482,34009.74,3.543,-,0,-639,0股,45.06%,1314810.89,8.33%
2025-03-20,,Cash,,,,,5493.19,,,,,,,,0
2025-03-21,基金,豆粕ETF华夏(159985.XSHE),多,56900股,56900股,1.94,110386,6007.1,1.834,-,0,56.9,0股,5.76%,1310959.39,8.42%
2025-03-21,基金,10年地债(511270.XSHG),多,5400股,5400股,115.773,625174.2,92221.13,98.695,-,0,-140.4,0股,17.3%,1310959.39,47.69%
2025-03-21,基金,纳指ETF(513100.XSHG),多,91500股,91500股,1.468,134322,22182.37,1.226,-,0,-640.5,0股,19.78%,1310959.39,10.25%
2025-03-21,基金,黄金ETF(518880.XSHG),多,30500股,30500股,6.774,206607,59479.25,4.824,-,0,-1006.5,0股,40.43%,1310959.39,15.76%
2025-03-21,股票,长江电力(600900.XSHG),多,4400股,4400股,27.4,120560,16880.67,23.563,-,0,-1056,0股,16.28%,1310959.39,9.2%
2025-03-21,股票,农业银行(601288.XSHG),多,21300股,21300股,5.09,108417,32944.74,3.543,-,0,-1065,0股,43.65%,1310959.39,8.27%
2025-03-21,,Cash,,,,,5493.19,,,,,,,,0
2025-03-24,基金,豆粕ETF华夏(159985.XSHE),多,56900股,56900股,1.939,110329.1,5950.2,1.834,-,0,-56.9,0股,5.7%,1316409.89,8.38%
2025-03-24,基金,10年地债(511270.XSHG),多,5400股,5400股,115.809,625368.6,92415.53,98.695,-,0,194.4,0股,17.34%,1316409.89,47.51%
2025-03-24,基金,纳指ETF(513100.XSHG),多,91500股,91500股,1.498,137067,24927.37,1.226,-,0,2745,0股,22.23%,1316409.89,10.41%
2025-03-24,基金,黄金ETF(518880.XSHG),多,30500股,30500股,6.78,206790,59662.25,4.824,-,0,183,0股,40.55%,1316409.89,15.71%
2025-03-24,股票,长江电力(600900.XSHG),多,4400股,4400股,27.7,121880,18200.67,23.563,-,0,1320,0股,17.55%,1316409.89,9.26%
2025-03-24,股票,农业银行(601288.XSHG),多,21300股,21300股,5.14,109482,34009.74,3.543,-,0,1065,0股,45.06%,1316409.89,8.32%
2025-03-24,,Cash,,,,,5493.19,,,,,,,,0
2025-03-25,基金,豆粕ETF华夏(159985.XSHE),多,56900股,56900股,1.946,110727.4,6348.5,1.834,-,0,398.3,0股,6.08%,1320345.29,8.39%
2025-03-25,基金,10年地债(511270.XSHG),多,5400股,5400股,115.938,626065.2,93112.13,98.695,-,0,696.6,0股,17.47%,1320345.29,47.42%
2025-03-25,基金,纳指ETF(513100.XSHG),多,91500股,91500股,1.513,138439.5,26299.87,1.226,-,0,1372.5,0股,23.45%,1320345.29,10.49%
2025-03-25,基金,黄金ETF(518880.XSHG),多,30500股,30500股,6.774,206607,59479.25,4.824,-,0,-183,0股,40.43%,1320345.29,15.65%
2025-03-25,股票,长江电力(600900.XSHG),多,4400股,4400股,27.93,122892,19212.67,23.563,-,0,1012,0股,18.53%,1320345.29,9.31%
2025-03-25,股票,农业银行(601288.XSHG),多,21300股,21300股,5.17,110121,34648.74,3.543,-,0,639,0股,45.91%,1320345.29,8.34%
2025-03-25,,Cash,,,,,5493.19,,,,,,,,0
2025-03-26,基金,豆粕ETF华夏(159985.XSHE),多,56900股,56900股,1.917,109077.3,4698.4,1.834,-,0,-1650.1,0股,4.5%,1319140.79,8.27%
2025-03-26,基金,10年地债(511270.XSHG),多,5400股,5400股,116.147,627193.8,94240.73,98.695,-,0,1128.6,0股,17.68%,1319140.79,47.55%
2025-03-26,基金,纳指ETF(513100.XSHG),多,91500股,91500股,1.508,137982,25842.37,1.226,-,0,-457.5,0股,23.04%,1319140.79,10.46%
2025-03-26,基金,黄金ETF(518880.XSHG),多,30500股,30500股,6.795,207247.5,60119.75,4.824,-,0,640.5,0股,40.86%,1319140.79,15.71%
2025-03-26,股票,长江电力(600900.XSHG),多,4400股,4400股,27.83,122452,18772.67,23.563,-,0,-440,0股,18.11%,1319140.79,9.28%
2025-03-26,股票,农业银行(601288.XSHG),多,21300股,21300股,5.15,109695,34222.74,3.543,-,0,-426,0股,45.34%,1319140.79,8.32%
2025-03-26,,Cash,,,,,5493.19,,,,,,,,0
2025-03-27,基金,豆粕ETF华夏(159985.XSHE),多,56900股,56900股,1.92,109248,4869.1,1.834,-,0,170.7,0股,4.66%,1317095.19,8.29%
2025-03-27,基金,10年地债(511270.XSHG),多,5400股,5400股,116.13,627102,94148.93,98.695,-,0,-91.8,0股,17.67%,1317095.19,47.61%
2025-03-27,基金,纳指ETF(513100.XSHG),多,91500股,91500股,1.482,135603,23463.37,1.226,-,0,-2379,0股,20.92%,1317095.19,10.3%
2025-03-27,基金,黄金ETF(518880.XSHG),多,30500股,30500股,6.812,207766,60638.25,4.824,-,0,518.5,0股,41.21%,1317095.19,15.77%
2025-03-27,股票,长江电力(600900.XSHG),多,4400股,4400股,27.77,122188,18508.67,23.563,-,0,-264,0股,17.85%,1317095.19,9.28%
2025-03-27,股票,农业银行(601288.XSHG),多,21300股,21300股,5.15,109695,34222.74,3.543,-,0,0,0股,45.34%,1317095.19,8.33%
2025-03-27,,Cash,,,,,5493.19,,,,,,,,0
2025-03-28,基金,豆粕ETF华夏(159985.XSHE),多,56900股,56900股,1.907,108508.3,4129.4,1.834,-,0,-739.7,0股,3.96%,1318526.39,8.23%
2025-03-28,基金,10年地债(511270.XSHG),多,5400股,5400股,116.071,626783.4,93830.33,98.695,-,0,-318.6,0股,17.61%,1318526.39,47.54%
2025-03-28,基金,纳指ETF(513100.XSHG),多,91500股,91500股,1.475,134962.5,22822.87,1.226,-,0,-640.5,0股,20.35%,1318526.39,10.24%
2025-03-28,基金,黄金ETF(518880.XSHG),多,30500股,30500股,6.938,211609,64481.25,4.824,-,0,3843,0股,43.83%,1318526.39,16.05%
2025-03-28,股票,长江电力(600900.XSHG),多,4400股,4400股,27.85,122540,18860.67,23.563,-,0,352,0股,18.19%,1318526.39,9.29%
2025-03-28,股票,农业银行(601288.XSHG),多,21300股,21300股,5.1,108630,33157.74,3.543,-,0,-1065,0股,43.93%,1318526.39,8.24%
2025-03-28,,Cash,,,,,5493.19,,,,,,,,0
2025-03-31,基金,豆粕ETF华夏(159985.XSHE),多,56900股,56900股,1.938,110272.2,5893.3,1.834,-,0,1763.9,0股,5.65%,1317663.09,8.37%
2025-03-31,基金,10年地债(511270.XSHG),多,5400股,5400股,115.968,626227.2,93274.13,98.695,-,0,-556.2,0股,17.5%,1317663.09,47.53%
2025-03-31,基金,纳指ETF(513100.XSHG),多,91500股,91500股,1.411,129106.5,16966.87,1.226,-,0,-5856,0股,15.13%,1317663.09,9.8%
2025-03-31,基金,黄金ETF(518880.XSHG),多,30500股,30500股,7.012,213866,66738.25,4.824,-,0,2257,0股,45.36%,1317663.09,16.23%
2025-03-31,股票,长江电力(600900.XSHG),多,4400股,4400股,27.81,122364,18684.67,23.563,-,0,-176,0股,18.02%,1317663.09,9.29%
2025-03-31,股票,农业银行(601288.XSHG),多,21300股,21300股,5.18,110334,34861.74,3.543,-,0,1704,0股,46.19%,1317663.09,8.37%
2025-03-31,,Cash,,,,,5493.19,,,,,,,,0
2025-04-01,基金,豆粕ETF华夏(159985.XSHE),多,56900股,56900股,1.912,108792.8,4413.9,1.834,-,0,-1479.4,0股,4.23%,1319397.99,8.25%
2025-04-01,基金,10年地债(511270.XSHG),多,5400股,5400股,116.015,626481,93527.93,98.695,-,0,253.8,0股,17.55%,1319397.99,47.48%
2025-04-01,基金,纳指ETF(513100.XSHG),多,91500股,91500股,1.436,131394,19254.37,1.226,-,0,2287.5,0股,17.17%,1319397.99,9.96%
2025-04-01,基金,黄金ETF(518880.XSHG),多,30500股,30500股,7.056,215208,68080.25,4.824,-,0,1342,0股,46.27%,1319397.99,16.31%
2025-04-01,股票,长江电力(600900.XSHG),多,4400股,4400股,27.9,122760,19080.67,23.563,-,0,396,0股,18.4%,1319397.99,9.3%
2025-04-01,股票,农业银行(601288.XSHG),多,21300股,21300股,5.13,109269,33796.74,3.543,-,0,-1065,0股,44.78%,1319397.99,8.28%
2025-04-01,,Cash,,,,,5493.19,,,,,,,,0
2025-04-02,基金,豆粕ETF华夏(159985.XSHE),多,56900股,56900股,1.929,109760.1,5381.2,1.834,-,0,967.3,0股,5.16%,1322800.19,8.3%
2025-04-02,基金,10年地债(511270.XSHG),多,5400股,5400股,116.416,628646.4,95693.33,98.695,-,0,2165.4,0股,17.96%,1322800.19,47.52%
2025-04-02,基金,纳指ETF(513100.XSHG),多,91500股,91500股,1.442,131943,19803.37,1.226,-,0,549,0股,17.66%,1322800.19,9.97%
2025-04-02,基金,黄金ETF(518880.XSHG),多,30500股,30500股,7.029,214384.5,67256.75,4.824,-,0,-823.5,0股,45.71%,1322800.19,16.21%
2025-04-02,股票,长江电力(600900.XSHG),多,4400股,4400股,27.83,122452,18772.67,23.563,-,0,-308,0股,18.11%,1322800.19,9.26%
2025-04-02,股票,农业银行(601288.XSHG),多,21300股,21300股,5.17,110121,34648.74,3.543,-,0,852,0股,45.91%,1322800.19,8.32%
2025-04-02,,Cash,,,,,5493.19,,,,,,,,0
2025-04-03,基金,豆粕ETF华夏(159985.XSHE),多,56900股,56900股,1.965,111808.5,7429.6,1.834,-,0,2048.4,0股,7.12%,1331093.19,8.4%
2025-04-03,基金,10年地债(511270.XSHG),多,5400股,5400股,117.035,631989,99035.93,98.695,-,0,3342.6,0股,18.58%,1331093.19,47.48%
2025-04-03,基金,纳指ETF(513100.XSHG),多,91500股,91500股,1.413,129289.5,17149.87,1.226,-,0,-2653.5,0股,15.29%,1331093.19,9.71%
2025-04-03,基金,黄金ETF(518880.XSHG),多,30500股,30500股,7.094,216367,69239.25,4.824,-,0,1982.5,0股,47.06%,1331093.19,16.25%
2025-04-03,股票,长江电力(600900.XSHG),多,4400股,4400股,28.4,124960,21280.67,23.563,-,0,2508,0股,20.53%,1331093.19,9.39%
2025-04-03,股票,农业银行(601288.XSHG),多,21300股,21300股,5.22,111186,35713.74,3.543,-,0,1065,0股,47.32%,1331093.19,8.35%
2025-04-03,,Cash,,,,,5493.19,,,,,,,,0
2025-04-07,基金,豆粕ETF华夏(159985.XSHE),多,56900股,56900股,1.975,112377.5,7998.6,1.834,-,0,569,0股,7.66%,1311550.99,8.57%
2025-04-07,基金,10年地债(511270.XSHG),多,5400股,5400股,117.732,635752.8,102799.73,98.695,-,0,3763.8,0股,19.29%,1311550.99,48.47%
2025-04-07,基金,纳指ETF(513100.XSHG),多,91500股,91500股,1.272,116388,4248.37,1.226,-,0,-12901.5,0股,3.79%,1311550.99,8.87%
2025-04-07,基金,黄金ETF(518880.XSHG),多,30500股,30500股,6.877,209748.5,62620.75,4.824,-,0,-6618.5,0股,42.56%,1311550.99,15.99%
2025-04-07,股票,长江电力(600900.XSHG),多,4400股,4400股,28.33,124652,20972.67,23.563,-,0,-308,0股,20.23%,1311550.99,9.5%
2025-04-07,股票,农业银行(601288.XSHG),多,21300股,21300股,5.03,107139,31666.74,3.543,-,0,-4047,0股,41.96%,1311550.99,8.17%
2025-04-07,,Cash,,,,,5493.19,,,,,,,,0
2025-04-08,基金,豆粕ETF华夏(159985.XSHE),多,56900股,56900股,2.048,116531.2,12152.3,1.834,-,0,4153.7,0股,11.64%,1324467.39,8.8%
2025-04-08,基金,10年地债(511270.XSHG),多,5400股,5400股,117.385,633879,100925.93,98.695,-,0,-1873.8,0股,18.94%,1324467.39,47.86%
2025-04-08,基金,纳指ETF(513100.XSHG),多,91500股,91500股,1.319,120688.5,8548.87,1.226,-,0,4300.5,0股,7.62%,1324467.39,9.11%
2025-04-08,基金,黄金ETF(518880.XSHG),多,30500股,30500股,6.925,211212.5,64084.75,4.824,-,0,1464,0股,43.56%,1324467.39,15.95%
2025-04-08,股票,长江电力(600900.XSHG),多,4400股,4400股,29.05,127820,24140.67,23.563,-,0,3168,0股,23.28%,1324467.39,9.65%
2025-04-08,股票,农业银行(601288.XSHG),多,21300股,21300股,5.11,108843,33370.74,3.543,-,0,1704,0股,44.22%,1324467.39,8.22%
2025-04-08,,Cash,,,,,5493.19,,,,,,,,0
2025-04-09,基金,豆粕ETF华夏(159985.XSHE),多,58100股,58100股,2.017,117187.7,10377.6,1.838,-,0,-1774.7,1200股,9.72%,1325037.52,8.84%
2025-04-09,基金,10年地债(511270.XSHG),多,5600股,5600股,117.403,657456.8,101016.93,99.364,-,0,91,200股,18.15%,1325037.52,49.62%
2025-04-09,基金,纳指ETF(513100.XSHG),多,78100股,78100股,1.3,101530,5813.01,1.226,-,0,-1483.9,0股,6.07%,1325037.52,7.66%
2025-04-09,基金,黄金ETF(518880.XSHG),多,23500股,23500股,7.012,164782,51421.27,4.824,-,0,2044.5,0股,45.36%,1325037.52,12.44%
2025-04-09,股票,长江电力(600900.XSHG),多,5500股,4400股,29.57,162635,27055.67,24.651,-,0,2915,1100股,19.96%,1325037.52,12.27%
2025-04-09,股票,农业银行(601288.XSHG),多,22000股,21300股,5.08,111760,32738.74,3.592,-,0,-632,700股,41.43%,1325037.52,8.43%
2025-04-09,,Cash,,,,,9686.02,,,,,,,,0
2025-04-10,基金,豆粕ETF华夏(159985.XSHE),多,58100股,58100股,1.989,115560.9,8750.8,1.838,-,0,-1626.8,0股,8.19%,1334790.42,8.66%
2025-04-10,基金,10年地债(511270.XSHG),多,5600股,5600股,117.391,657389.6,100949.73,99.364,-,0,-67.2,0股,18.14%,1334790.42,49.25%
2025-04-10,基金,纳指ETF(513100.XSHG),多,78100股,78100股,1.429,111604.9,15887.91,1.226,-,0,10074.9,0股,16.6%,1334790.42,8.36%
2025-04-10,基金,黄金ETF(518880.XSHG),多,23500股,23500股,7.164,168354,54993.27,4.824,-,0,3572,0股,48.51%,1334790.42,12.61%
2025-04-10,股票,长江电力(600900.XSHG),多,5500股,5500股,29.17,160435,24855.67,24.651,-,0,-2200,0股,18.33%,1334790.42,12.02%
2025-04-10,股票,农业银行(601288.XSHG),多,22000股,22000股,5.08,111760,32738.74,3.592,-,0,0,0股,41.43%,1334790.42,8.37%
2025-04-10,,Cash,,,,,9686.02,,,,,,,,0
2025-04-11,基金,豆粕ETF华夏(159985.XSHE),多,58100股,58100股,1.995,115909.5,9099.4,1.838,-,0,348.6,0股,8.52%,1336959.92,8.67%
2025-04-11,基金,10年地债(511270.XSHG),多,5600股,5600股,117.256,656633.6,100193.73,99.364,-,0,-756,0股,18.01%,1336959.92,49.11%
2025-04-11,基金,纳指ETF(513100.XSHG),多,78100股,78100股,1.413,110355.3,14638.31,1.226,-,0,-1249.6,0股,15.29%,1336959.92,8.25%
2025-04-11,基金,黄金ETF(518880.XSHG),多,23500股,23500股,7.273,170915.5,57554.77,4.824,-,0,2561.5,0股,50.77%,1336959.92,12.78%
2025-04-11,股票,长江电力(600900.XSHG),多,5500股,5500股,29.2,160600,25020.67,24.651,-,0,165,0股,18.45%,1336959.92,12.01%
2025-04-11,股票,农业银行(601288.XSHG),多,22000股,22000股,5.13,112860,33838.74,3.592,-,0,1100,0股,42.82%,1336959.92,8.44%
2025-04-11,,Cash,,,,,9686.02,,,,,,,,0
2025-04-14,基金,豆粕ETF华夏(159985.XSHE),多,58100股,58100股,2.01,116781,9970.9,1.838,-,0,871.5,0股,9.34%,1341028.52,8.71%
2025-04-14,基金,10年地债(511270.XSHG),多,5600股,5600股,117.188,656252.8,99812.93,99.364,-,0,-380.8,0股,17.94%,1341028.52,48.94%
2025-04-14,基金,纳指ETF(513100.XSHG),多,78100股,78100股,1.432,111839.2,16122.21,1.226,-,0,1483.9,0股,16.84%,1341028.52,8.34%
2025-04-14,基金,黄金ETF(518880.XSHG),多,23500股,23500股,7.327,172184.5,58823.77,4.824,-,0,1269,0股,51.89%,1341028.52,12.84%
2025-04-14,股票,长江电力(600900.XSHG),多,5500股,5500股,29.15,160325,24745.67,24.651,-,0,-275,0股,18.25%,1341028.52,11.96%
2025-04-14,股票,农业银行(601288.XSHG),多,22000股,22000股,5.18,113960,34938.74,3.592,-,0,1100,0股,44.21%,1341028.52,8.5%
2025-04-14,,Cash,,,,,9686.02,,,,,,,,0
2025-04-15,基金,豆粕ETF华夏(159985.XSHE),多,58100股,58100股,1.985,115328.5,8518.4,1.838,-,0,-1452.5,0股,7.98%,1342066.62,8.59%
2025-04-15,基金,10年地债(511270.XSHG),多,5600股,5600股,117.275,656740,100300.13,99.364,-,0,487.2,0股,18.03%,1342066.62,48.93%
2025-04-15,基金,纳指ETF(513100.XSHG),多,78100股,78100股,1.416,110589.6,14872.61,1.226,-,0,-1249.6,0股,15.54%,1342066.62,8.24%
2025-04-15,基金,黄金ETF(518880.XSHG),多,23500股,23500股,7.325,172137.5,58776.77,4.824,-,0,-47,0股,51.85%,1342066.62,12.83%
2025-04-15,股票,长江电力(600900.XSHG),多,5500股,5500股,29.27,160985,25405.67,24.651,-,0,660,0股,18.74%,1342066.62,12%
2025-04-15,股票,农业银行(601288.XSHG),多,22000股,22000股,5.3,116600,37578.74,3.592,-,0,2640,0股,47.56%,1342066.62,8.69%
2025-04-15,,Cash,,,,,9686.02,,,,,,,,0
2025-04-16,基金,豆粕ETF华夏(159985.XSHE),多,58100股,58100股,1.952,113411.2,6601.1,1.838,-,0,-1917.3,0股,6.18%,1344853.82,8.43%
2025-04-16,基金,10年地债(511270.XSHG),多,5600股,5600股,117.342,657115.2,100675.33,99.364,-,0,375.2,0股,18.09%,1344853.82,48.86%
2025-04-16,基金,纳指ETF(513100.XSHG),多,78100股,78100股,1.389,108480.9,12763.91,1.226,-,0,-2108.7,0股,13.34%,1344853.82,8.07%
2025-04-16,基金,黄金ETF(518880.XSHG),多,23500股,23500股,7.503,176320.5,62959.77,4.824,-,0,4183,0股,55.54%,1344853.82,13.11%
2025-04-16,股票,长江电力(600900.XSHG),多,5500股,5500股,29.4,161700,26120.67,24.651,-,0,715,0股,19.27%,1344853.82,12.02%
2025-04-16,股票,农业银行(601288.XSHG),多,22000股,22000股,5.37,118140,39118.74,3.592,-,0,1540,0股,49.5%,1344853.82,8.78%
2025-04-16,,Cash,,,,,9686.02,,,,,,,,0
2025-04-17,基金,豆粕ETF华夏(159985.XSHE),多,58100股,58100股,1.957,113701.7,6891.6,1.838,-,0,290.5,0股,6.45%,1345813.62,8.45%
2025-04-17,基金,10年地债(511270.XSHG),多,5600股,5600股,117.374,657294.4,100854.53,99.364,-,0,179.2,0股,18.12%,1345813.62,48.84%
2025-04-17,基金,纳指ETF(513100.XSHG),多,78100股,78100股,1.39,108559,12842.01,1.226,-,0,78.1,0股,13.42%,1345813.62,8.07%
2025-04-17,基金,黄金ETF(518880.XSHG),多,23500股,23500股,7.565,177777.5,64416.77,4.824,-,0,1457,0股,56.82%,1345813.62,13.21%
2025-04-17,股票,长江电力(600900.XSHG),多,5500股,5500股,29.21,160655,25075.67,24.651,-,0,-1045,0股,18.5%,1345813.62,11.94%
2025-04-17,股票,农业银行(601288.XSHG),多,22000股,22000股,5.37,118140,39118.74,3.592,-,0,0,0股,49.5%,1345813.62,8.78%
2025-04-17,,Cash,,,,,9686.02,,,,,,,,0
2025-04-18,基金,豆粕ETF华夏(159985.XSHE),多,58100股,58100股,1.957,113701.7,6891.6,1.838,-,0,0,0股,6.45%,1348859.12,8.43%
2025-04-18,基金,10年地债(511270.XSHG),多,5600股,5600股,117.408,657484.8,101044.93,99.364,-,0,190.4,0股,18.16%,1348859.12,48.74%
2025-04-18,基金,纳指ETF(513100.XSHG),多,78100股,78100股,1.381,107856.1,12139.11,1.226,-,0,-702.9,0股,12.68%,1348859.12,8%
2025-04-18,基金,黄金ETF(518880.XSHG),多,23500股,23500股,7.583,178200.5,64839.77,4.824,-,0,423,0股,57.2%,1348859.12,13.21%
2025-04-18,股票,长江电力(600900.XSHG),多,5500股,5500股,29.58,162690,27110.67,24.651,-,0,2035,0股,20%,1348859.12,12.06%
2025-04-18,股票,农业银行(601288.XSHG),多,22000股,22000股,5.42,119240,40218.74,3.592,-,0,1100,0股,50.9%,1348859.12,8.84%
2025-04-18,,Cash,,,,,9686.02,,,,,,,,0
2025-04-21,基金,豆粕ETF华夏(159985.XSHE),多,58100股,58100股,1.974,114689.4,7879.3,1.838,-,0,987.7,0股,7.38%,1349386.12,8.5%
2025-04-21,基金,10年地债(511270.XSHG),多,5600股,5600股,117.363,657232.8,100792.93,99.364,-,0,-252,0股,18.11%,1349386.12,48.71%
2025-04-21,基金,纳指ETF(513100.XSHG),多,78100股,78100股,1.369,106918.9,11201.91,1.226,-,0,-937.2,0股,11.7%,1349386.12,7.92%
2025-04-21,基金,黄金ETF(518880.XSHG),多,23500股,23500股,7.724,181514,68153.27,4.824,-,0,3313.5,0股,60.12%,1349386.12,13.45%
2025-04-21,股票,长江电力(600900.XSHG),多,5500股,5500股,29.31,161205,25625.67,24.651,-,0,-1485,0股,18.9%,1349386.12,11.95%
2025-04-21,股票,农业银行(601288.XSHG),多,22000股,22000股,5.37,118140,39118.74,3.592,-,0,-1100,0股,49.5%,1349386.12,8.76%
2025-04-21,,Cash,,,,,9686.02,,,,,,,,0
2025-04-22,基金,豆粕ETF华夏(159985.XSHE),多,58100股,58100股,1.979,114979.9,8169.8,1.838,-,0,290.5,0股,7.65%,1360109.02,8.45%
2025-04-22,基金,10年地债(511270.XSHG),多,5600股,5600股,117.585,658476,102036.13,99.364,-,0,1243.2,0股,18.34%,1360109.02,48.41%
2025-04-22,基金,纳指ETF(513100.XSHG),多,78100股,78100股,1.371,107075.1,11358.11,1.226,-,0,156.2,0股,11.87%,1360109.02,7.87%
2025-04-22,基金,黄金ETF(518880.XSHG),多,23500股,23500股,7.982,187577,74216.27,4.824,-,0,6063,0股,65.47%,1360109.02,13.79%
2025-04-22,股票,长江电力(600900.XSHG),多,5500股,5500股,29.33,161315,25735.67,24.651,-,0,110,0股,18.98%,1360109.02,11.86%
2025-04-22,股票,农业银行(601288.XSHG),多,22000股,22000股,5.5,121000,41978.74,3.592,-,0,2860,0股,53.12%,1360109.02,8.9%
2025-04-22,,Cash,,,,,9686.02,,,,,,,,0
2025-04-23,基金,豆粕ETF华夏(159985.XSHE),多,58100股,58100股,1.977,114863.7,8053.6,1.838,-,0,-116.2,0股,7.54%,1350157.62,8.51%
2025-04-23,基金,10年地债(511270.XSHG),多,5600股,5600股,117.444,657686.4,101246.53,99.364,-,0,-789.6,0股,18.2%,1350157.62,48.71%
2025-04-23,基金,纳指ETF(513100.XSHG),多,78100股,78100股,1.415,110511.5,14794.51,1.226,-,0,3436.4,0股,15.46%,1350157.62,8.19%
2025-04-23,基金,黄金ETF(518880.XSHG),多,23500股,23500股,7.5,176250,62889.27,4.824,-,0,-11327,0股,55.48%,1350157.62,13.05%
2025-04-23,股票,长江电力(600900.XSHG),多,5500股,5500股,29.2,160600,25020.67,24.651,-,0,-715,0股,18.45%,1350157.62,11.89%
2025-04-23,股票,农业银行(601288.XSHG),多,22000股,22000股,5.48,120560,41538.74,3.592,-,0,-440,0股,52.57%,1350157.62,8.93%
2025-04-23,,Cash,,,,,9686.02,,,,,,,,0
2025-04-24,基金,豆粕ETF华夏(159985.XSHE),多,58100股,58100股,1.985,115328.5,8518.4,1.838,-,0,464.8,0股,7.98%,1355267.72,8.51%
2025-04-24,基金,10年地债(511270.XSHG),多,5600股,5600股,117.479,657882.4,101442.53,99.364,-,0,196,0股,18.23%,1355267.72,48.54%
2025-04-24,基金,纳指ETF(513100.XSHG),多,78100股,78100股,1.398,109183.8,13466.81,1.226,-,0,-1327.7,0股,14.07%,1355267.72,8.06%
2025-04-24,基金,黄金ETF(518880.XSHG),多,23500股,23500股,7.582,178177,64816.27,4.824,-,0,1927,0股,57.18%,1355267.72,13.15%
2025-04-24,股票,长江电力(600900.XSHG),多,5500股,5500股,29.46,162030,26450.67,24.651,-,0,1430,0股,19.51%,1355267.72,11.96%
2025-04-24,股票,农业银行(601288.XSHG),多,22000股,22000股,5.59,122980,43958.74,3.592,-,0,2420,0股,55.63%,1355267.72,9.07%
2025-04-24,,Cash,,,,,9686.02,,,,,,,,0
2025-04-25,基金,豆粕ETF华夏(159985.XSHE),多,58100股,58100股,1.965,114166.5,7356.4,1.838,-,0,-1162,0股,6.89%,1356872.72,8.41%
2025-04-25,基金,10年地债(511270.XSHG),多,5600股,5600股,117.648,658828.8,102388.93,99.364,-,0,946.4,0股,18.4%,1356872.72,48.55%
2025-04-25,基金,纳指ETF(513100.XSHG),多,78100股,78100股,1.444,112776.4,17059.41,1.226,-,0,3592.6,0股,17.82%,1356872.72,8.31%
2025-04-25,基金,黄金ETF(518880.XSHG),多,23500股,23500股,7.53,176955,63594.27,4.824,-,0,-1222,0股,56.1%,1356872.72,13.04%
2025-04-25,股票,长江电力(600900.XSHG),多,5500股,5500股,29.52,162360,26780.67,24.651,-,0,330,0股,19.75%,1356872.72,11.97%
2025-04-25,股票,农业银行(601288.XSHG),多,22000股,22000股,5.55,122100,43078.74,3.592,-,0,-880,0股,54.52%,1356872.72,9%
2025-04-25,,Cash,,,,,9686.02,,,,,,,,0
2025-04-28,基金,豆粕ETF华夏(159985.XSHE),多,58100股,58100股,1.936,112481.6,5671.5,1.838,-,0,-1684.9,0股,5.31%,1356571.92,8.29%
2025-04-28,基金,10年地债(511270.XSHG),多,5600股,5600股,117.68,659008,102568.13,99.364,-,0,179.2,0股,18.43%,1356571.92,48.58%
2025-04-28,基金,纳指ETF(513100.XSHG),多,78100股,78100股,1.448,113088.8,17371.81,1.226,-,0,312.4,0股,18.15%,1356571.92,8.34%
2025-04-28,基金,黄金ETF(518880.XSHG),多,23500股,23500股,7.465,175427.5,62066.77,4.824,-,0,-1527.5,0股,54.75%,1356571.92,12.93%
2025-04-28,股票,长江电力(600900.XSHG),多,5500股,5500股,29.72,163460,27880.67,24.651,-,0,1100,0股,20.56%,1356571.92,12.05%
2025-04-28,股票,农业银行(601288.XSHG),多,22000股,22000股,5.61,123420,44398.74,3.592,-,0,1320,0股,56.19%,1356571.92,9.1%
2025-04-28,,Cash,,,,,9686.02,,,,,,,,0
2025-04-29,基金,豆粕ETF华夏(159985.XSHE),多,58100股,58100股,1.922,111668.2,4858.1,1.838,-,0,-813.4,0股,4.55%,1356214.32,8.23%
2025-04-29,基金,10年地债(511270.XSHG),多,5600股,5600股,117.905,660268,103828.13,99.364,-,0,1260,0股,18.66%,1356214.32,48.68%
2025-04-29,基金,纳指ETF(513100.XSHG),多,78100股,78100股,1.446,112932.6,17215.61,1.226,-,0,-156.2,0股,17.99%,1356214.32,8.33%
2025-04-29,基金,黄金ETF(518880.XSHG),多,23500股,23500股,7.517,176649.5,63288.77,4.824,-,0,1222,0股,55.83%,1356214.32,13.03%
2025-04-29,股票,长江电力(600900.XSHG),多,5500股,5500股,29.46,162030,26450.67,24.651,-,0,-1430,0股,19.51%,1356214.32,11.95%
2025-04-29,股票,农业银行(601288.XSHG),多,22000股,22000股,5.59,122980,43958.74,3.592,-,0,-440,0股,55.63%,1356214.32,9.07%
2025-04-29,,Cash,,,,,9686.02,,,,,,,,0
2025-04-30,基金,豆粕ETF华夏(159985.XSHE),多,58100股,58100股,1.912,111087.2,4277.1,1.838,-,0,-581,0股,4%,1351267.52,8.22%
2025-04-30,基金,10年地债(511270.XSHG),多,5600股,5600股,117.947,660503.2,104063.33,99.364,-,0,235.2,0股,18.7%,1351267.52,48.88%
2025-04-30,基金,纳指ETF(513100.XSHG),多,78100股,78100股,1.446,112932.6,17215.61,1.226,-,0,0,0股,17.99%,1351267.52,8.36%
2025-04-30,基金,黄金ETF(518880.XSHG),多,23500股,23500股,7.471,175568.5,62207.77,4.824,-,0,-1081,0股,54.88%,1351267.52,12.99%
2025-04-30,股票,长江电力(600900.XSHG),多,5500股,5500股,29.5,162250,26670.67,24.651,-,0,220,0股,19.67%,1351267.52,12.01%
2025-04-30,股票,农业银行(601288.XSHG),多,22000股,22000股,5.42,119240,40218.74,3.592,-,0,-3740,0股,50.9%,1351267.52,8.82%
2025-04-30,,Cash,,,,,9686.02,,,,,,,,0
2025-05-06,基金,豆粕ETF华夏(159985.XSHE),多,58100股,58100股,1.917,111377.7,4567.6,1.838,-,0,290.5,0股,4.28%,1353505.02,8.23%
2025-05-06,基金,10年地债(511270.XSHG),多,5600股,5600股,118.021,660917.6,104477.73,99.364,-,0,414.4,0股,18.78%,1353505.02,48.83%
2025-05-06,基金,纳指ETF(513100.XSHG),多,78100股,78100股,1.457,113791.7,18074.71,1.226,-,0,859.1,0股,18.88%,1353505.02,8.41%
2025-05-06,基金,黄金ETF(518880.XSHG),多,23500股,23500股,7.612,178882,65521.27,4.824,-,0,3313.5,0股,57.8%,1353505.02,13.22%
2025-05-06,股票,长江电力(600900.XSHG),多,5500股,5500股,29.18,160490,24910.67,24.651,-,0,-1760,0股,18.37%,1353505.02,11.86%
2025-05-06,股票,农业银行(601288.XSHG),多,22000股,22000股,5.38,118360,39338.74,3.592,-,0,-880,0股,49.78%,1353505.02,8.74%
2025-05-06,,Cash,,,,,9686.02,,,,,,,,0
2025-05-07,基金,豆粕ETF华夏(159985.XSHE),多,58100股,58100股,1.918,111435.8,4625.7,1.838,-,0,58.1,0股,4.33%,1357671.12,8.21%
2025-05-07,基金,10年地债(511270.XSHG),多,5600股,5600股,117.956,660553.6,104113.73,99.364,-,0,-364,0股,18.71%,1357671.12,48.65%
2025-05-07,基金,纳指ETF(513100.XSHG),多,78100股,78100股,1.462,114182.2,18465.21,1.226,-,0,390.5,0股,19.29%,1357671.12,8.41%
2025-05-07,基金,黄金ETF(518880.XSHG),多,23500股,23500股,7.671,180268.5,66907.77,4.824,-,0,1386.5,0股,59.02%,1357671.12,13.28%
2025-05-07,股票,长江电力(600900.XSHG),多,5500股,5500股,29.35,161425,25845.67,24.651,-,0,935,0股,19.06%,1357671.12,11.89%
2025-05-07,股票,农业银行(601288.XSHG),多,22000股,22000股,5.46,120120,41098.74,3.592,-,0,1760,0股,52.01%,1357671.12,8.85%
2025-05-07,,Cash,,,,,9686.02,,,,,,,,0
2025-05-08,基金,豆粕ETF华夏(159985.XSHE),多,58100股,58100股,1.917,111377.7,4567.6,1.838,-,0,-58.1,0股,4.28%,1356983.12,8.21%
2025-05-08,基金,10年地债(511270.XSHG),多,5600股,5600股,118.119,661466.4,105026.53,99.364,-,0,912.8,0股,18.87%,1356983.12,48.75%
2025-05-08,基金,纳指ETF(513100.XSHG),多,78100股,78100股,1.485,115978.5,20261.51,1.226,-,0,1796.3,0股,21.17%,1356983.12,8.55%
2025-05-08,基金,黄金ETF(518880.XSHG),多,23500股,23500股,7.557,177589.5,64228.77,4.824,-,0,-2679,0股,56.66%,1356983.12,13.09%
2025-05-08,股票,长江电力(600900.XSHG),多,5500股,5500股,29.31,161205,25625.67,24.651,-,0,-220,0股,18.9%,1356983.12,11.88%
2025-05-08,股票,农业银行(601288.XSHG),多,22000股,22000股,5.44,119680,40658.74,3.592,-,0,-440,0股,51.45%,1356983.12,8.82%
2025-05-08,,Cash,,,,,9686.02,,,,,,,,0
2025-05-09,基金,豆粕ETF华夏(159985.XSHE),多,58100股,58100股,1.914,111203.4,4393.3,1.838,-,0,-174.3,0股,4.11%,1359236.72,8.18%
2025-05-09,基金,10年地债(511270.XSHG),多,5600股,5600股,118.137,661567.2,105127.33,99.364,-,0,100.8,0股,18.89%,1359236.72,48.67%
2025-05-09,基金,纳指ETF(513100.XSHG),多,78100股,78100股,1.486,116056.6,20339.61,1.226,-,0,78.1,0股,21.25%,1359236.72,8.54%
2025-05-09,基金,黄金ETF(518880.XSHG),多,23500股,23500股,7.531,176978.5,63617.77,4.824,-,0,-611,0股,56.12%,1359236.72,13.02%
2025-05-09,股票,长江电力(600900.XSHG),多,5500股,5500股,29.55,162525,26945.67,24.651,-,0,1320,0股,19.87%,1359236.72,11.96%
2025-05-09,股票,农业银行(601288.XSHG),多,22000股,22000股,5.51,121220,42198.74,3.592,-,0,1540,0股,53.4%,1359236.72,8.92%
2025-05-09,,Cash,,,,,9686.02,,,,,,,,0
2025-05-12,基金,豆粕ETF华夏(159985.XSHE),多,58100股,58100股,1.909,110912.9,4102.8,1.838,-,0,-290.5,0股,3.84%,1357839.72,8.17%
2025-05-12,基金,10年地债(511270.XSHG),多,5600股,5600股,118.142,661595.2,105155.33,99.364,-,0,28,0股,18.9%,1357839.72,48.72%
2025-05-12,基金,纳指ETF(513100.XSHG),多,78100股,78100股,1.516,118399.6,22682.61,1.226,-,0,2343,0股,23.7%,1357839.72,8.72%
2025-05-12,基金,黄金ETF(518880.XSHG),多,23500股,23500股,7.376,173336,59975.27,4.824,-,0,-3642.5,0股,52.91%,1357839.72,12.77%
2025-05-12,股票,长江电力(600900.XSHG),多,5500股,5500股,29.54,162470,26890.67,24.651,-,0,-55,0股,19.83%,1357839.72,11.97%
2025-05-12,股票,农业银行(601288.XSHG),多,22000股,22000股,5.52,121440,42418.74,3.592,-,0,220,0股,53.68%,1357839.72,8.94%
2025-05-12,,Cash,,,,,9686.02,,,,,,,,0
2025-05-13,基金,豆粕ETF华夏(159985.XSHE),多,64900股,64900股,1.905,123634.5,3850,1.846,-,0,-252.8,6800股,3.21%,1358978.74,9.1%
2025-05-13,基金,10年地债(511270.XSHG),多,5900股,5900股,117.923,695745.7,103933.43,100.307,-,0,-1221.9,300股,17.56%,1358978.74,51.2%
2025-05-13,基金,纳指ETF(513100.XSHG),多,67600股,67600股,1.522,102887.2,20038.69,1.226,-,0,405.6,0股,24.19%,1358978.74,7.57%
2025-05-13,基金,黄金ETF(518880.XSHG),多,18400股,18400股,7.332,134908.8,46149.76,4.824,-,0,-809.6,0股,51.99%,1358978.74,9.93%
2025-05-13,股票,长江电力(600900.XSHG),多,5900股,5500股,29.74,175466,28058.67,24.984,-,0,1168,400股,19.03%,1358978.74,12.91%
2025-05-13,股票,农业银行(601288.XSHG),多,21300股,21300股,5.63,119919,43412.05,3.592,-,0,2343,0股,56.74%,1358978.74,8.82%
2025-05-13,,Cash,,,,,6417.54,,,,,,,,0
2025-05-14,基金,豆粕ETF华夏(159985.XSHE),多,64900股,64900股,1.914,124218.6,4434.1,1.846,-,0,584.1,0股,3.7%,1363826.84,9.11%
2025-05-14,基金,10年地债(511270.XSHG),多,5900股,5900股,117.937,695828.3,104016.03,100.307,-,0,82.6,0股,17.58%,1363826.84,51.02%
2025-05-14,基金,纳指ETF(513100.XSHG),多,67600股,67600股,1.566,105861.6,23013.09,1.226,-,0,2974.4,0股,27.78%,1363826.84,7.76%
2025-05-14,基金,黄金ETF(518880.XSHG),多,18400股,18400股,7.277,133896.8,45137.76,4.824,-,0,-1012,0股,50.85%,1363826.84,9.82%
2025-05-14,股票,长江电力(600900.XSHG),多,5900股,5900股,30.08,177472,30064.67,24.984,-,0,2006,0股,20.4%,1363826.84,13.01%
2025-05-14,股票,农业银行(601288.XSHG),多,21300股,21300股,5.64,120132,43625.05,3.592,-,0,213,0股,57.02%,1363826.84,8.81%
2025-05-14,,Cash,,,,,6417.54,,,,,,,,0
2025-05-15,基金,豆粕ETF华夏(159985.XSHE),多,64900股,64900股,1.913,124153.7,4369.2,1.846,-,0,-64.9,0股,3.65%,1361221.94,9.12%
2025-05-15,基金,10年地债(511270.XSHG),多,5900股,5900股,117.915,695698.5,103886.23,100.307,-,0,-129.8,0股,17.55%,1361221.94,51.11%
2025-05-15,基金,纳指ETF(513100.XSHG),多,67600股,67600股,1.559,105388.4,22539.89,1.226,-,0,-473.2,0股,27.21%,1361221.94,7.74%
2025-05-15,基金,黄金ETF(518880.XSHG),多,18400股,18400股,7.062,129940.8,41181.76,4.824,-,0,-3956,0股,46.4%,1361221.94,9.55%
2025-05-15,股票,长江电力(600900.XSHG),多,5900股,5900股,30.35,179065,31657.67,24.984,-,0,1593,0股,21.48%,1361221.94,13.15%
2025-05-15,股票,农业银行(601288.XSHG),多,21300股,21300股,5.66,120558,44051.05,3.592,-,0,426,0股,57.58%,1361221.94,8.86%
2025-05-15,,Cash,,,,,6417.54,,,,,,,,0
2025-05-16,基金,豆粕ETF华夏(159985.XSHE),多,64900股,64900股,1.905,123634.5,3850,1.846,-,0,-519.2,0股,3.21%,1359905.34,9.09%
2025-05-16,基金,10年地债(511270.XSHG),多,5900股,5900股,117.901,695615.9,103803.63,100.307,-,0,-82.6,0股,17.54%,1359905.34,51.15%
2025-05-16,基金,纳指ETF(513100.XSHG),多,67600股,67600股,1.561,105523.6,22675.09,1.226,-,0,135.2,0股,27.37%,1359905.34,7.76%
2025-05-16,基金,黄金ETF(518880.XSHG),多,18400股,18400股,7.177,132056.8,43297.76,4.824,-,0,2116,0股,48.78%,1359905.34,9.71%
2025-05-16,股票,长江电力(600900.XSHG),多,5900股,5900股,30.1,177590,30182.67,24.984,-,0,-1475,0股,20.48%,1359905.34,13.06%
2025-05-16,股票,农业银行(601288.XSHG),多,21300股,21300股,5.59,119067,42560.05,3.592,-,0,-1491,0股,55.63%,1359905.34,8.76%
2025-05-16,,Cash,,,,,6417.54,,,,,,,,0
2025-05-19,基金,豆粕ETF华夏(159985.XSHE),多,64900股,64900股,1.898,123180.2,3395.7,1.846,-,0,-454.3,0股,2.83%,1361242.44,9.05%
2025-05-19,基金,10年地债(511270.XSHG),多,5900股,5900股,117.963,695981.7,104169.43,100.307,-,0,365.8,0股,17.6%,1361242.44,51.13%
2025-05-19,基金,纳指ETF(513100.XSHG),多,67600股,67600股,1.547,104577.2,21728.69,1.226,-,0,-946.4,0股,26.23%,1361242.44,7.68%
2025-05-19,基金,黄金ETF(518880.XSHG),多,18400股,18400股,7.222,132884.8,44125.76,4.824,-,0,828,0股,49.71%,1361242.44,9.76%
2025-05-19,股票,长江电力(600900.XSHG),多,5900股,5900股,30.47,179773,32365.67,24.984,-,0,2183,0股,21.96%,1361242.44,13.21%
2025-05-19,股票,农业银行(601288.XSHG),多,21300股,21300股,5.56,118428,41921.05,3.592,-,0,-639,0股,54.79%,1361242.44,8.7%
2025-05-19,,Cash,,,,,6417.54,,,,,,,,0
2025-05-20,基金,豆粕ETF华夏(159985.XSHE),多,64900股,64900股,1.898,123180.2,3395.7,1.846,-,0,0,0股,2.83%,1363775.54,9.03%
2025-05-20,基金,10年地债(511270.XSHG),多,5900股,5900股,117.992,696152.8,104340.53,100.307,-,0,171.1,0股,17.63%,1363775.54,51.05%
2025-05-20,基金,纳指ETF(513100.XSHG),多,67600股,67600股,1.564,105726.4,22877.89,1.226,-,0,1149.2,0股,27.61%,1363775.54,7.75%
2025-05-20,基金,黄金ETF(518880.XSHG),多,18400股,18400股,7.209,132645.6,43886.56,4.824,-,0,-239.2,0股,49.44%,1363775.54,9.73%
2025-05-20,股票,长江电力(600900.XSHG),多,5900股,5900股,30.68,181012,33604.67,24.984,-,0,1239,0股,22.8%,1363775.54,13.27%
2025-05-20,股票,农业银行(601288.XSHG),多,21300股,21300股,5.57,118641,42134.05,3.592,-,0,213,0股,55.07%,1363775.54,8.7%
2025-05-20,,Cash,,,,,6417.54,,,,,,,,0
2025-05-21,基金,豆粕ETF华夏(159985.XSHE),多,64900股,64900股,1.931,125321.9,5537.4,1.846,-,0,2141.7,0股,4.62%,1370380.74,9.15%
2025-05-21,基金,10年地债(511270.XSHG),多,5900股,5900股,118.047,696477.3,104665.03,100.307,-,0,324.5,0股,17.69%,1370380.74,50.82%
2025-05-21,基金,纳指ETF(513100.XSHG),多,67600股,67600股,1.549,104712.4,21863.89,1.226,-,0,-1014,0股,26.39%,1370380.74,7.64%
2025-05-21,基金,黄金ETF(518880.XSHG),多,18400股,18400股,7.439,136877.6,48118.56,4.824,-,0,4232,0股,54.21%,1370380.74,9.99%
2025-05-21,股票,长江电力(600900.XSHG),多,5900股,5900股,30.8,181720,34312.67,24.984,-,0,708,0股,23.28%,1370380.74,13.26%
2025-05-21,股票,农业银行(601288.XSHG),多,21300股,21300股,5.58,118854,42347.05,3.592,-,0,213,0股,55.35%,1370380.74,8.67%
2025-05-21,,Cash,,,,,6417.54,,,,,,,,0
2025-05-22,基金,豆粕ETF华夏(159985.XSHE),多,64900股,64900股,1.928,125127.2,5342.7,1.846,-,0,-194.7,0股,4.46%,1371678.94,9.12%
2025-05-22,基金,10年地债(511270.XSHG),多,5900股,5900股,118.042,696447.8,104635.53,100.307,-,0,-29.5,0股,17.68%,1371678.94,50.77%
2025-05-22,基金,纳指ETF(513100.XSHG),多,67600股,67600股,1.539,104036.4,21187.89,1.226,-,0,-676,0股,25.57%,1371678.94,7.58%
2025-05-22,基金,黄金ETF(518880.XSHG),多,18400股,18400股,7.45,137080,48320.96,4.824,-,0,202.4,0股,54.44%,1371678.94,9.99%
2025-05-22,股票,长江电力(600900.XSHG),多,5900股,5900股,31.03,183077,35669.67,24.984,-,0,1357,0股,24.2%,1371678.94,13.35%
2025-05-22,股票,农业银行(601288.XSHG),多,21300股,21300股,5.61,119493,42986.05,3.592,-,0,639,0股,56.19%,1371678.94,8.71%
2025-05-22,,Cash,,,,,6417.54,,,,,,,,0
2025-05-23,基金,豆粕ETF华夏(159985.XSHE),多,64900股,64900股,1.921,124672.9,4888.4,1.846,-,0,-454.3,0股,4.08%,1366932.24,9.12%
2025-05-23,基金,10年地债(511270.XSHG),多,5900股,5900股,118.152,697096.8,105284.53,100.307,-,0,649,0股,17.79%,1366932.24,51%
2025-05-23,基金,纳指ETF(513100.XSHG),多,67600股,67600股,1.534,103698.4,20849.89,1.226,-,0,-338,0股,25.17%,1366932.24,7.59%
2025-05-23,基金,黄金ETF(518880.XSHG),多,18400股,18400股,7.454,137153.6,48394.56,4.824,-,0,73.6,0股,54.52%,1366932.24,10.03%
2025-05-23,股票,长江电力(600900.XSHG),多,5900股,5900股,30.49,179891,32483.67,24.984,-,0,-3186,0股,22.04%,1366932.24,13.16%
2025-05-23,股票,农业银行(601288.XSHG),多,21300股,21300股,5.54,118002,41495.05,3.592,-,0,-1491,0股,54.24%,1366932.24,8.63%
2025-05-23,,Cash,,,,,6417.54,,,,,,,,0
2025-05-26,基金,豆粕ETF华夏(159985.XSHE),多,64900股,64900股,1.915,124283.5,4499,1.846,-,0,-389.4,0股,3.76%,1364650.54,9.11%
2025-05-26,基金,10年地债(511270.XSHG),多,5900股,5900股,118.113,696866.7,105054.43,100.307,-,0,-230.1,0股,17.75%,1364650.54,51.07%
2025-05-26,基金,纳指ETF(513100.XSHG),多,67600股,67600股,1.543,104306.8,21458.29,1.226,-,0,608.4,0股,25.9%,1364650.54,7.64%
2025-05-26,基金,黄金ETF(518880.XSHG),多,18400股,18400股,7.425,136620,47860.96,4.824,-,0,-533.6,0股,53.92%,1364650.54,10.01%
2025-05-26,股票,长江电力(600900.XSHG),多,5900股,5900股,30.34,179006,31598.67,24.984,-,0,-885,0股,21.44%,1364650.54,13.12%
2025-05-26,股票,农业银行(601288.XSHG),多,21300股,21300股,5.5,117150,40643.05,3.592,-,0,-852,0股,53.12%,1364650.54,8.58%
2025-05-26,,Cash,,,,,6417.54,,,,,,,,0
2025-05-27,基金,豆粕ETF华夏(159985.XSHE),多,64900股,64900股,1.929,125192.1,5407.6,1.846,-,0,908.6,0股,4.51%,1364801.04,9.17%
2025-05-27,基金,10年地债(511270.XSHG),多,5900股,5900股,118.06,696554,104741.73,100.307,-,0,-312.7,0股,17.7%,1364801.04,51.04%
2025-05-27,基金,纳指ETF(513100.XSHG),多,67600股,67600股,1.55,104780,21931.49,1.226,-,0,473.2,0股,26.47%,1364801.04,7.68%
2025-05-27,基金,黄金ETF(518880.XSHG),多,18400股,18400股,7.366,135534.4,46775.36,4.824,-,0,-1085.6,0股,52.7%,1364801.04,9.93%
2025-05-27,股票,长江电力(600900.XSHG),多,5900股,5900股,30.26,178534,31126.67,24.984,-,0,-472,0股,21.12%,1364801.04,13.08%
2025-05-27,股票,农业银行(601288.XSHG),多,21300股,21300股,5.53,117789,41282.05,3.592,-,0,639,0股,53.96%,1364801.04,8.63%
2025-05-27,,Cash,,,,,6417.54,,,,,,,,0
2025-05-28,基金,豆粕ETF华夏(159985.XSHE),多,64900股,64900股,1.922,124737.8,4953.3,1.846,-,0,-454.3,0股,4.14%,1367138.64,9.12%
2025-05-28,基金,10年地债(511270.XSHG),多,5900股,5900股,118.065,696583.5,104771.23,100.307,-,0,29.5,0股,17.7%,1367138.64,50.95%
2025-05-28,基金,纳指ETF(513100.XSHG),多,67600股,67600股,1.568,105996.8,23148.29,1.226,-,0,1216.8,0股,27.94%,1367138.64,7.75%
2025-05-28,基金,黄金ETF(518880.XSHG),多,18400股,18400股,7.375,135700,46940.96,4.824,-,0,165.6,0股,52.89%,1367138.64,9.93%
2025-05-28,股票,长江电力(600900.XSHG),多,5900股,5900股,30.53,180127,32719.67,24.984,-,0,1593,0股,22.2%,1367138.64,13.18%
2025-05-28,股票,农业银行(601288.XSHG),多,21300股,21300股,5.52,117576,41069.05,3.592,-,0,-213,0股,53.68%,1367138.64,8.6%
2025-05-28,,Cash,,,,,6417.54,,,,,,,,0
2025-05-29,基金,豆粕ETF华夏(159985.XSHE),多,64900股,64900股,1.922,124737.8,4953.3,1.846,-,0,0,0股,4.14%,1364434.14,9.14%
2025-05-29,基金,10年地债(511270.XSHG),多,5900股,5900股,117.876,695468.4,103656.13,100.307,-,0,-1115.1,0股,17.52%,1364434.14,50.97%
2025-05-29,基金,纳指ETF(513100.XSHG),多,67600股,67600股,1.589,107416.4,24567.89,1.226,-,0,1419.6,0股,29.65%,1364434.14,7.87%
2025-05-29,基金,黄金ETF(518880.XSHG),多,18400股,18400股,7.3,134320,45560.96,4.824,-,0,-1380,0股,51.33%,1364434.14,9.84%
2025-05-29,股票,长江电力(600900.XSHG),多,5900股,5900股,30.29,178711,31303.67,24.984,-,0,-1416,0股,21.24%,1364434.14,13.1%
2025-05-29,股票,农业银行(601288.XSHG),多,21300股,21300股,5.51,117363,40856.05,3.592,-,0,-213,0股,53.4%,1364434.14,8.6%
2025-05-29,,Cash,,,,,6417.54,,,,,,,,0
2025-05-30,基金,豆粕ETF华夏(159985.XSHE),多,64900股,64900股,1.926,124997.4,5212.9,1.846,-,0,259.6,0股,4.35%,1364583.34,9.16%
2025-05-30,基金,10年地债(511270.XSHG),多,5900股,5900股,118.038,696424.2,104611.93,100.307,-,0,955.8,0股,17.68%,1364583.34,51.04%
2025-05-30,基金,纳指ETF(513100.XSHG),多,67600股,67600股,1.556,105185.6,22337.09,1.226,-,0,-2230.8,0股,26.96%,1364583.34,7.71%
2025-05-30,基金,黄金ETF(518880.XSHG),多,18400股,18400股,7.369,135589.6,46830.56,4.824,-,0,1269.6,0股,52.76%,1364583.34,9.94%
2025-05-30,股票,长江电力(600900.XSHG),多,5900股,5900股,30.2,178180,30772.67,24.984,-,0,-531,0股,20.88%,1364583.34,13.06%
2025-05-30,股票,农业银行(601288.XSHG),多,21300股,21300股,5.53,117789,41282.05,3.592,-,0,426,0股,53.96%,1364583.34,8.63%
2025-05-30,,Cash,,,,,6417.54,,,,,,,,0
2025-06-03,基金,豆粕ETF华夏(159985.XSHE),多,64900股,64900股,1.912,124088.8,4304.3,1.846,-,0,-908.6,0股,3.59%,1366784.54,9.08%
2025-06-03,基金,10年地债(511270.XSHG),多,5900股,5900股,118.062,696565.8,104753.53,100.307,-,0,141.6,0股,17.7%,1366784.54,50.96%
2025-06-03,基金,纳指ETF(513100.XSHG),多,67600股,67600股,1.562,105591.2,22742.69,1.226,-,0,405.6,0股,27.45%,1366784.54,7.73%
2025-06-03,基金,黄金ETF(518880.XSHG),多,18400股,18400股,7.478,137595.2,48836.16,4.824,-,0,2005.6,0股,55.02%,1366784.54,10.07%
2025-06-03,股票,长江电力(600900.XSHG),多,5900股,5900股,30.15,177885,30477.67,24.984,-,0,-295,0股,20.68%,1366784.54,13.01%
2025-06-03,股票,农业银行(601288.XSHG),多,21300股,21300股,5.57,118641,42134.05,3.592,-,0,852,0股,55.07%,1366784.54,8.68%
2025-06-03,,Cash,,,,,6417.54,,,,,,,,0
2025-06-04,基金,豆粕ETF华夏(159985.XSHE),多,64900股,64900股,1.913,124153.7,4369.2,1.846,-,0,64.9,0股,3.65%,1366887.64,9.08%
2025-06-04,基金,10年地债(511270.XSHG),多,5900股,5900股,118.192,697332.8,105520.53,100.307,-,0,767,0股,17.83%,1366887.64,51.02%
2025-06-04,基金,纳指ETF(513100.XSHG),多,67600股,67600股,1.575,106470,23621.49,1.226,-,0,878.8,0股,28.51%,1366887.64,7.79%
2025-06-04,基金,黄金ETF(518880.XSHG),多,18400股,18400股,7.474,137521.6,48762.56,4.824,-,0,-73.6,0股,54.94%,1366887.64,10.06%
2025-06-04,股票,长江电力(600900.XSHG),多,5900股,5900股,29.89,176351,28943.67,24.984,-,0,-1534,0股,19.64%,1366887.64,12.9%
2025-06-04,股票,农业银行(601288.XSHG),多,21300股,21300股,5.57,118641,42134.05,3.592,-,0,0,0股,55.07%,1366887.64,8.68%
2025-06-04,,Cash,,,,,6417.54,,,,,,,,0
2025-06-05,基金,豆粕ETF华夏(159985.XSHE),多,64900股,64900股,1.923,124802.7,5018.2,1.846,-,0,649,0股,4.19%,1366611.74,9.13%
2025-06-05,基金,10年地债(511270.XSHG),多,5900股,5900股,118.143,697043.7,105231.43,100.307,-,0,-289.1,0股,17.78%,1366611.74,51.01%
2025-06-05,基金,纳指ETF(513100.XSHG),多,67600股,67600股,1.571,106199.6,23351.09,1.226,-,0,-270.4,0股,28.19%,1366611.74,7.77%
2025-06-05,基金,黄金ETF(518880.XSHG),多,18400股,18400股,7.483,137687.2,48928.16,4.824,-,0,165.6,0股,55.12%,1366611.74,10.08%
2025-06-05,股票,长江电力(600900.XSHG),多,5900股,5900股,29.8,175820,28412.67,24.984,-,0,-531,0股,19.27%,1366611.74,12.87%
2025-06-05,股票,农业银行(601288.XSHG),多,21300股,21300股,5.57,118641,42134.05,3.592,-,0,0,0股,55.07%,1366611.74,8.68%
2025-06-05,,Cash,,,,,6417.54,,,,,,,,0
2025-06-06,基金,豆粕ETF华夏(159985.XSHE),多,64900股,64900股,1.957,127009.3,7224.8,1.846,-,0,2206.6,0股,6.03%,1371268.84,9.26%
2025-06-06,基金,10年地债(511270.XSHG),多,5900股,5900股,118.276,697828.4,106016.13,100.307,-,0,784.7,0股,17.91%,1371268.84,50.89%
2025-06-06,基金,纳指ETF(513100.XSHG),多,67600股,67600股,1.567,105929.2,23080.69,1.226,-,0,-270.4,0股,27.86%,1371268.84,7.72%
2025-06-06,基金,黄金ETF(518880.XSHG),多,18400股,18400股,7.481,137650.4,48891.36,4.824,-,0,-36.8,0股,55.08%,1371268.84,10.04%
2025-06-06,股票,长江电力(600900.XSHG),多,5900股,5900股,29.99,176941,29533.67,24.984,-,0,1121,0股,20.04%,1371268.84,12.9%
2025-06-06,股票,农业银行(601288.XSHG),多,21300股,21300股,5.61,119493,42986.05,3.592,-,0,852,0股,56.19%,1371268.84,8.71%
2025-06-06,,Cash,,,,,6417.54,,,,,,,,0
2025-06-09,基金,豆粕ETF华夏(159985.XSHE),多,64900股,64900股,1.962,127333.8,7549.3,1.846,-,0,324.5,0股,6.3%,1369923.74,9.29%
2025-06-09,基金,10年地债(511270.XSHG),多,5900股,5900股,118.282,697863.8,106051.53,100.307,-,0,35.4,0股,17.92%,1369923.74,50.94%
2025-06-09,基金,纳指ETF(513100.XSHG),多,67600股,67600股,1.571,106199.6,23351.09,1.226,-,0,270.4,0股,28.19%,1369923.74,7.75%
2025-06-09,基金,黄金ETF(518880.XSHG),多,18400股,18400股,7.4,136160,47400.96,4.824,-,0,-1490.4,0股,53.4%,1369923.74,9.94%
2025-06-09,股票,长江电力(600900.XSHG),多,5900股,5900股,29.98,176882,29474.67,24.984,-,0,-59,0股,20%,1369923.74,12.91%
2025-06-09,股票,农业银行(601288.XSHG),多,21300股,21300股,5.59,119067,42560.05,3.592,-,0,-426,0股,55.63%,1369923.74,8.69%
2025-06-09,,Cash,,,,,6417.54,,,,,,,,0
2025-06-10,基金,豆粕ETF华夏(159985.XSHE),多,71100股,71100股,1.969,139995.9,8059.4,1.856,-,0,510.1,6200股,6.11%,1371794.46,10.21%
2025-06-10,基金,10年地债(511270.XSHG),多,5900股,5900股,118.348,698253.2,106440.93,100.307,-,0,389.4,0股,17.99%,1371794.46,50.9%
2025-06-10,基金,纳指ETF(513100.XSHG),多,65800股,65800股,1.571,103371.8,22729.31,1.226,-,0,0,0股,28.19%,1371794.46,7.54%
2025-06-10,基金,黄金ETF(518880.XSHG),多,17500股,17500股,7.405,129587.5,45169.94,4.824,-,0,87.5,0股,53.51%,1371794.46,9.45%
2025-06-10,股票,长江电力(600900.XSHG),多,6000股,5900股,30.03,180180,29758.67,25.07,-,0,284,100股,19.78%,1371794.46,13.13%
2025-06-10,股票,农业银行(601288.XSHG),多,21000股,21000股,5.62,118020,42590.61,3.592,-,0,630,0股,56.46%,1371794.46,8.6%
2025-06-10,,Cash,,,,,2386.06,,,,,,,,0
2025-06-11,基金,豆粕ETF华夏(159985.XSHE),多,71100股,71100股,1.977,140564.7,8628.2,1.856,-,0,568.8,0股,6.54%,1374532.56,10.23%
2025-06-11,基金,10年地债(511270.XSHG),多,5900股,5900股,118.428,698725.2,106912.93,100.307,-,0,472,0股,18.07%,1374532.56,50.83%
2025-06-11,基金,纳指ETF(513100.XSHG),多,65800股,65800股,1.577,103766.6,23124.11,1.226,-,0,394.8,0股,28.67%,1374532.56,7.55%
2025-06-11,基金,黄金ETF(518880.XSHG),多,17500股,17500股,7.428,129990,45572.44,4.824,-,0,402.5,0股,53.98%,1374532.56,9.46%
2025-06-11,股票,长江电力(600900.XSHG),多,6000股,6000股,30.18,181080,30658.67,25.07,-,0,900,0股,20.38%,1374532.56,13.17%
2025-06-11,股票,农业银行(601288.XSHG),多,21000股,21000股,5.62,118020,42590.61,3.592,-,0,0,0股,56.46%,1374532.56,8.59%
2025-06-11,,Cash,,,,,2386.06,,,,,,,,0
2025-06-12,基金,豆粕ETF华夏(159985.XSHE),多,71100股,71100股,1.98,140778,8841.5,1.856,-,0,213.3,0股,6.7%,1375899.36,10.23%
2025-06-12,基金,10年地债(511270.XSHG),多,5900股,5900股,118.44,698796,106983.73,100.307,-,0,70.8,0股,18.08%,1375899.36,50.79%
2025-06-12,基金,纳指ETF(513100.XSHG),多,65800股,65800股,1.571,103371.8,22729.31,1.226,-,0,-394.8,0股,28.19%,1375899.36,7.51%
2025-06-12,基金,黄金ETF(518880.XSHG),多,17500股,17500股,7.497,131197.5,46779.94,4.824,-,0,1207.5,0股,55.41%,1375899.36,9.54%
2025-06-12,股票,长江电力(600900.XSHG),多,6000股,6000股,30.19,181140,30718.67,25.07,-,0,60,0股,20.42%,1375899.36,13.17%
2025-06-12,股票,农业银行(601288.XSHG),多,21000股,21000股,5.63,118230,42800.61,3.592,-,0,210,0股,56.74%,1375899.36,8.59%
2025-06-12,,Cash,,,,,2386.06,,,,,,,,0
2025-06-13,基金,豆粕ETF华夏(159985.XSHE),多,71100股,71100股,1.975,140422.5,8486,1.856,-,0,-355.5,0股,6.43%,1378374.86,10.19%
2025-06-13,基金,10年地债(511270.XSHG),多,5900股,5900股,118.509,699203.1,107390.83,100.307,-,0,407.1,0股,18.15%,1378374.86,50.73%
2025-06-13,基金,纳指ETF(513100.XSHG),多,65800股,65800股,1.554,102253.2,21610.71,1.226,-,0,-1118.6,0股,26.8%,1378374.86,7.42%
2025-06-13,基金,黄金ETF(518880.XSHG),多,17500股,17500股,7.588,132790,48372.44,4.824,-,0,1592.5,0股,57.3%,1378374.86,9.63%
2025-06-13,股票,长江电力(600900.XSHG),多,6000股,6000股,30.62,183720,33298.67,25.07,-,0,2580,0股,22.14%,1378374.86,13.33%
2025-06-13,股票,农业银行(601288.XSHG),多,21000股,21000股,5.6,117600,42170.61,3.592,-,0,-630,0股,55.91%,1378374.86,8.53%
2025-06-13,,Cash,,,,,2386.06,,,,,,,,0
2025-06-16,基金,豆粕ETF华夏(159985.XSHE),多,71100股,71100股,1.977,140564.7,8628.2,1.856,-,0,142.2,0股,6.54%,1378752.46,10.2%
2025-06-16,基金,10年地债(511270.XSHG),多,5900股,5900股,118.534,699350.6,107538.33,100.307,-,0,147.5,0股,18.17%,1378752.46,50.72%
2025-06-16,基金,纳指ETF(513100.XSHG),多,65800股,65800股,1.567,103108.6,22466.11,1.226,-,0,855.4,0股,27.86%,1378752.46,7.48%
2025-06-16,基金,黄金ETF(518880.XSHG),多,17500股,17500股,7.563,132352.5,47934.94,4.824,-,0,-437.5,0股,56.78%,1378752.46,9.6%
2025-06-16,股票,长江电力(600900.XSHG),多,6000股,6000股,30.46,182760,32338.67,25.07,-,0,-960,0股,21.5%,1378752.46,13.26%
2025-06-16,股票,农业银行(601288.XSHG),多,21000股,21000股,5.63,118230,42800.61,3.592,-,0,630,0股,56.74%,1378752.46,8.58%
2025-06-16,,Cash,,,,,2386.06,,,,,,,,0
2025-06-17,基金,豆粕ETF华夏(159985.XSHE),多,71100股,71100股,1.998,142057.8,10121.3,1.856,-,0,1493.1,0股,7.67%,1381580.36,10.28%
2025-06-17,基金,10年地债(511270.XSHG),多,5900股,5900股,118.634,699940.6,108128.33,100.307,-,0,590,0股,18.27%,1381580.36,50.66%
2025-06-17,基金,纳指ETF(513100.XSHG),多,65800股,65800股,1.573,103503.4,22860.91,1.226,-,0,394.8,0股,28.35%,1381580.36,7.49%
2025-06-17,基金,黄金ETF(518880.XSHG),多,17500股,17500股,7.499,131232.5,46814.94,4.824,-,0,-1120,0股,55.46%,1381580.36,9.5%
2025-06-17,股票,长江电力(600900.XSHG),多,6000股,6000股,30.67,184020,33598.67,25.07,-,0,1260,0股,22.34%,1381580.36,13.32%
2025-06-17,股票,农业银行(601288.XSHG),多,21000股,21000股,5.64,118440,43010.61,3.592,-,0,210,0股,57.02%,1381580.36,8.57%
2025-06-17,,Cash,,,,,2386.06,,,,,,,,0
2025-06-18,基金,豆粕ETF华夏(159985.XSHE),多,71100股,71100股,1.986,141204.6,9268.1,1.856,-,0,-853.2,0股,7.02%,1382739.76,10.21%
2025-06-18,基金,10年地债(511270.XSHG),多,5900股,5900股,118.658,700082.2,108269.93,100.307,-,0,141.6,0股,18.29%,1382739.76,50.63%
2025-06-18,基金,纳指ETF(513100.XSHG),多,65800股,65800股,1.568,103174.4,22531.91,1.226,-,0,-329,0股,27.94%,1382739.76,7.46%
2025-06-18,基金,黄金ETF(518880.XSHG),多,17500股,17500股,7.503,131302.5,46884.94,4.824,-,0,70,0股,55.54%,1382739.76,9.5%
2025-06-18,股票,长江电力(600900.XSHG),多,6000股,6000股,30.71,184260,33838.67,25.07,-,0,240,0股,22.5%,1382739.76,13.33%
2025-06-18,股票,农业银行(601288.XSHG),多,21000股,21000股,5.73,120330,44900.61,3.592,-,0,1890,0股,59.53%,1382739.76,8.7%
2025-06-18,,Cash,,,,,2386.06,,,,,,,,0
2025-06-19,基金,豆粕ETF华夏(159985.XSHE),多,71100股,71100股,1.998,142057.8,10121.3,1.856,-,0,853.2,0股,7.67%,1383160.36,10.27%
2025-06-19,基金,10年地债(511270.XSHG),多,5900股,5900股,118.152,697096.8,108824.53,99.707,-,0,554.6,0股,18.5%,1383160.36,50.4%
2025-06-19,基金,纳指ETF(513100.XSHG),多,65800股,65800股,1.559,102582.2,21939.71,1.226,-,0,-592.2,0股,27.21%,1383160.36,7.42%
2025-06-19,基金,黄金ETF(518880.XSHG),多,17500股,17500股,7.465,130637.5,46219.94,4.824,-,0,-665,0股,54.75%,1383160.36,9.44%
2025-06-19,股票,长江电力(600900.XSHG),多,6000股,6000股,30.72,184320,33898.67,25.07,-,0,60,0股,22.54%,1383160.36,13.33%
2025-06-19,股票,农业银行(601288.XSHG),多,21000股,21000股,5.74,120540,45110.61,3.592,-,0,210,0股,59.81%,1383160.36,8.71%
2025-06-19,,Cash,,,,,5926.06,,,,,,,,0
2025-06-20,基金,豆粕ETF华夏(159985.XSHE),多,71100股,71100股,1.989,141417.9,9481.4,1.856,-,0,-639.9,0股,7.19%,1382070.86,10.23%
2025-06-20,基金,10年地债(511270.XSHG),多,5900股,5900股,118.347,698247.3,109975.03,99.707,-,0,1150.5,0股,18.69%,1382070.86,50.52%
2025-06-20,基金,纳指ETF(513100.XSHG),多,65800股,65800股,1.562,102779.6,22137.11,1.226,-,0,197.4,0股,27.45%,1382070.86,7.44%
2025-06-20,基金,黄金ETF(518880.XSHG),多,17500股,17500股,7.436,130130,45712.44,4.824,-,0,-507.5,0股,54.15%,1382070.86,9.42%
2025-06-20,股票,长江电力(600900.XSHG),多,6000股,6000股,30.4,182400,31978.67,25.07,-,0,-1920,0股,21.26%,1382070.86,13.2%
2025-06-20,股票,农业银行(601288.XSHG),多,21000股,21000股,5.77,121170,45740.61,3.592,-,0,630,0股,60.64%,1382070.86,8.77%
2025-06-20,,Cash,,,,,5926.06,,,,,,,,0
2025-06-23,基金,豆粕ETF华夏(159985.XSHE),多,71100股,71100股,1.97,140067,8130.5,1.856,-,0,-1350.9,0股,6.16%,1384961.76,10.11%
2025-06-23,基金,10年地债(511270.XSHG),多,5900股,5900股,118.335,698176.5,109904.23,99.707,-,0,-70.8,0股,18.68%,1384961.76,50.41%
2025-06-23,基金,纳指ETF(513100.XSHG),多,65800股,65800股,1.559,102582.2,21939.71,1.226,-,0,-197.4,0股,27.21%,1384961.76,7.41%
2025-06-23,基金,黄金ETF(518880.XSHG),多,17500股,17500股,7.464,130620,46202.44,4.824,-,0,490,0股,54.73%,1384961.76,9.43%
2025-06-23,股票,长江电力(600900.XSHG),多,6000股,6000股,30.65,183900,33478.67,25.07,-,0,1500,0股,22.26%,1384961.76,13.28%
2025-06-23,股票,农业银行(601288.XSHG),多,21000股,21000股,5.89,123690,48260.61,3.592,-,0,2520,0股,63.98%,1384961.76,8.93%
2025-06-23,,Cash,,,,,5926.06,,,,,,,,0
2025-06-24,基金,豆粕ETF华夏(159985.XSHE),多,71100股,71100股,1.968,139924.8,7988.3,1.856,-,0,-142.2,0股,6.05%,1385584.06,10.1%
2025-06-24,基金,10年地债(511270.XSHG),多,5900股,5900股,118.158,697132.2,108859.93,99.707,-,0,-1044.3,0股,18.51%,1385584.06,50.31%
2025-06-24,基金,纳指ETF(513100.XSHG),多,65800股,65800股,1.595,104951,24308.51,1.226,-,0,2368.8,0股,30.14%,1385584.06,7.57%
2025-06-24,基金,黄金ETF(518880.XSHG),多,17500股,17500股,7.372,129010,44592.44,4.824,-,0,-1610,0股,52.82%,1385584.06,9.31%
2025-06-24,股票,长江电力(600900.XSHG),多,6000股,6000股,30.58,183480,33058.67,25.07,-,0,-420,0股,21.98%,1385584.06,13.24%
2025-06-24,股票,农业银行(601288.XSHG),多,21000股,21000股,5.96,125160,49730.61,3.592,-,0,1470,0股,65.93%,1385584.06,9.03%
2025-06-24,,Cash,,,,,5926.06,,,,,,,,0
2025-06-25,基金,豆粕ETF华夏(159985.XSHE),多,71100股,71100股,1.942,138076.2,6139.7,1.856,-,0,-1848.6,0股,4.65%,1386950.76,9.96%
2025-06-25,基金,10年地债(511270.XSHG),多,5900股,5900股,118.125,696937.5,108665.23,99.707,-,0,-194.7,0股,18.47%,1386950.76,50.25%
2025-06-25,基金,纳指ETF(513100.XSHG),多,65800股,65800股,1.595,104951,24308.51,1.226,-,0,0,0股,30.14%,1386950.76,7.57%
2025-06-25,基金,黄金ETF(518880.XSHG),多,17500股,17500股,7.392,129360,44942.44,4.824,-,0,350,0股,53.24%,1386950.76,9.33%
2025-06-25,股票,长江电力(600900.XSHG),多,6000股,6000股,30.88,185280,34858.67,25.07,-,0,1800,0股,23.17%,1386950.76,13.36%
2025-06-25,股票,农业银行(601288.XSHG),多,21000股,21000股,6.02,126420,50990.61,3.592,-,0,1260,0股,67.6%,1386950.76,9.11%
2025-06-25,,Cash,,,,,5926.06,,,,,,,,0
2025-06-26,基金,豆粕ETF华夏(159985.XSHE),多,71100股,71100股,1.912,135943.2,4006.7,1.856,-,0,-2133,0股,3.04%,1388583.36,9.79%
2025-06-26,基金,10年地债(511270.XSHG),多,5900股,5900股,118.188,697309.2,109036.93,99.707,-,0,371.7,0股,18.54%,1388583.36,50.22%
2025-06-26,基金,纳指ETF(513100.XSHG),多,65800股,65800股,1.603,105477.4,24834.91,1.226,-,0,526.4,0股,30.8%,1388583.36,7.6%
2025-06-26,基金,黄金ETF(518880.XSHG),多,17500股,17500股,7.405,129587.5,45169.94,4.824,-,0,227.5,0股,53.51%,1388583.36,9.33%
2025-06-26,股票,长江电力(600900.XSHG),多,6000股,6000股,31.11,186660,36238.67,25.07,-,0,1380,0股,24.09%,1388583.36,13.44%
2025-06-26,股票,农业银行(601288.XSHG),多,21000股,21000股,6.08,127680,52250.61,3.592,-,0,1260,0股,69.27%,1388583.36,9.19%
2025-06-26,,Cash,,,,,5926.06,,,,,,,,0
2025-06-27,基金,豆粕ETF华夏(159985.XSHE),多,71100股,71100股,1.92,136512,4575.5,1.856,-,0,568.8,0股,3.47%,1379500.76,9.9%
2025-06-27,基金,10年地债(511270.XSHG),多,5900股,5900股,118.225,697527.5,109255.23,99.707,-,0,218.3,0股,18.57%,1379500.76,50.56%
2025-06-27,基金,纳指ETF(513100.XSHG),多,65800股,65800股,1.619,106530.2,25887.71,1.226,-,0,1052.8,0股,32.1%,1379500.76,7.72%
2025-06-27,基金,黄金ETF(518880.XSHG),多,17500股,17500股,7.326,128205,43787.44,4.824,-,0,-1382.5,0股,51.87%,1379500.76,9.29%
2025-06-27,股票,长江电力(600900.XSHG),多,6000股,6000股,30.22,181320,30898.67,25.07,-,0,-5340,0股,20.54%,1379500.76,13.14%
2025-06-27,股票,农业银行(601288.XSHG),多,21000股,21000股,5.88,123480,48050.61,3.592,-,0,-4200,0股,63.7%,1379500.76,8.95%
2025-06-27,,Cash,,,,,5926.06,,,,,,,,0
2025-06-30,基金,豆粕ETF华夏(159985.XSHE),多,71100股,71100股,1.925,136867.5,4931,1.856,-,0,355.5,0股,3.74%,1379393.56,9.92%
2025-06-30,基金,10年地债(511270.XSHG),多,5900股,5900股,118.152,697096.8,108824.53,99.707,-,0,-430.7,0股,18.5%,1379393.56,50.54%
2025-06-30,基金,纳指ETF(513100.XSHG),多,65800股,65800股,1.629,107188.2,26545.71,1.226,-,0,658,0股,32.92%,1379393.56,7.77%
2025-06-30,基金,黄金ETF(518880.XSHG),多,17500股,17500股,7.314,127995,43577.44,4.824,-,0,-210,0股,51.62%,1379393.56,9.28%
2025-06-30,股票,长江电力(600900.XSHG),多,6000股,6000股,30.14,180840,30418.67,25.07,-,0,-480,0股,20.22%,1379393.56,13.11%
2025-06-30,股票,农业银行(601288.XSHG),多,21000股,21000股,5.88,123480,48050.61,3.592,-,0,0,0股,63.7%,1379393.56,8.95%
2025-06-30,,Cash,,,,,5926.06,,,,,,,,0
2025-07-01,基金,豆粕ETF华夏(159985.XSHE),多,71100股,71100股,1.924,136796.4,4859.9,1.856,-,0,-71.1,0股,3.68%,1383893.56,9.88%
2025-07-01,基金,10年地债(511270.XSHG),多,5900股,5900股,118.24,697616,109343.73,99.707,-,0,519.2,0股,18.59%,1383893.56,50.41%
2025-07-01,基金,纳指ETF(513100.XSHG),多,65800股,65800股,1.622,106727.6,26085.11,1.226,-,0,-460.6,0股,32.35%,1383893.56,7.71%
2025-07-01,基金,黄金ETF(518880.XSHG),多,17500股,17500股,7.397,129447.5,45029.94,4.824,-,0,1452.5,0股,53.34%,1383893.56,9.35%
2025-07-01,股票,长江电力(600900.XSHG),多,6000股,6000股,30.37,182220,31798.67,25.07,-,0,1380,0股,21.14%,1383893.56,13.17%
2025-07-01,股票,农业银行(601288.XSHG),多,21000股,21000股,5.96,125160,49730.61,3.592,-,0,1680,0股,65.93%,1383893.56,9.04%
2025-07-01,,Cash,,,,,5926.06,,,,,,,,0
2025-07-02,基金,豆粕ETF华夏(159985.XSHE),多,71100股,71100股,1.918,136369.8,4433.3,1.856,-,0,-426.6,0股,3.36%,1383799.76,9.85%
2025-07-02,基金,10年地债(511270.XSHG),多,5900股,5900股,118.345,698235.5,109963.23,99.707,-,0,619.5,0股,18.69%,1383799.76,50.46%
2025-07-02,基金,纳指ETF(513100.XSHG),多,65800股,65800股,1.623,106793.4,26150.91,1.226,-,0,65.8,0股,32.43%,1383799.76,7.72%
2025-07-02,基金,黄金ETF(518880.XSHG),多,17500股,17500股,7.394,129395,44977.44,4.824,-,0,-52.5,0股,53.28%,1383799.76,9.35%
2025-07-02,股票,长江电力(600900.XSHG),多,6000股,6000股,30.25,181500,31078.67,25.07,-,0,-720,0股,20.66%,1383799.76,13.12%
2025-07-02,股票,农业银行(601288.XSHG),多,21000股,21000股,5.98,125580,50150.61,3.592,-,0,420,0股,66.49%,1383799.76,9.08%
2025-07-02,,Cash,,,,,5926.06,,,,,,,,0
2025-07-03,基金,豆粕ETF华夏(159985.XSHE),多,71100股,71100股,1.927,137009.7,5073.2,1.856,-,0,639.9,0股,3.85%,1384252.26,9.9%
2025-07-03,基金,10年地债(511270.XSHG),多,5900股,5900股,118.398,698548.2,110275.93,99.707,-,0,312.7,0股,18.75%,1384252.26,50.46%
2025-07-03,基金,纳指ETF(513100.XSHG),多,65800股,65800股,1.626,106990.8,26348.31,1.226,-,0,197.4,0股,32.67%,1384252.26,7.73%
2025-07-03,基金,黄金ETF(518880.XSHG),多,17500股,17500股,7.445,130287.5,45869.94,4.824,-,0,892.5,0股,54.34%,1384252.26,9.41%
2025-07-03,股票,长江电力(600900.XSHG),多,6000股,6000股,30.09,180540,30118.67,25.07,-,0,-960,0股,20.02%,1384252.26,13.04%
2025-07-03,股票,农业银行(601288.XSHG),多,21000股,21000股,5.95,124950,49520.61,3.592,-,0,-630,0股,65.65%,1384252.26,9.03%
2025-07-03,,Cash,,,,,5926.06,,,,,,,,0
2025-07-04,基金,豆粕ETF华夏(159985.XSHE),多,71100股,71100股,1.928,137080.8,5144.3,1.856,-,0,71.1,0股,3.9%,1386811.66,9.88%
2025-07-04,基金,10年地债(511270.XSHG),多,5900股,5900股,118.465,698943.5,110671.23,99.707,-,0,395.3,0股,18.81%,1386811.66,50.4%
2025-07-04,基金,纳指ETF(513100.XSHG),多,65800股,65800股,1.636,107648.8,27006.31,1.226,-,0,658,0股,33.49%,1386811.66,7.76%
2025-07-04,基金,黄金ETF(518880.XSHG),多,17500股,17500股,7.407,129622.5,45204.94,4.824,-,0,-665,0股,53.55%,1386811.66,9.35%
2025-07-04,股票,长江电力(600900.XSHG),多,6000股,6000股,30.16,180960,30538.67,25.07,-,0,420,0股,20.3%,1386811.66,13.05%
2025-07-04,股票,农业银行(601288.XSHG),多,21000股,21000股,6.03,126630,51200.61,3.592,-,0,1680,0股,67.88%,1386811.66,9.13%
2025-07-04,,Cash,,,,,5926.06,,,,,,,,0
2025-07-07,基金,豆粕ETF华夏(159985.XSHE),多,71100股,71100股,1.923,136725.3,4788.8,1.856,-,0,-355.5,0股,3.63%,1387543.36,9.85%
2025-07-07,基金,10年地债(511270.XSHG),多,5900股,5900股,118.535,699356.5,111084.23,99.707,-,0,413,0股,18.88%,1387543.36,50.4%
2025-07-07,基金,纳指ETF(513100.XSHG),多,65800股,65800股,1.635,107583,26940.51,1.226,-,0,-65.8,0股,33.41%,1387543.36,7.75%
2025-07-07,基金,黄金ETF(518880.XSHG),多,17500股,17500股,7.355,128712.5,44294.94,4.824,-,0,-910,0股,52.47%,1387543.36,9.28%
2025-07-07,股票,长江电力(600900.XSHG),多,6000股,6000股,30.26,181560,31138.67,25.07,-,0,600,0股,20.7%,1387543.36,13.08%
2025-07-07,股票,农业银行(601288.XSHG),多,21000股,21000股,6.08,127680,52250.61,3.592,-,0,1050,0股,69.27%,1387543.36,9.2%
2025-07-07,,Cash,,,,,5926.06,,,,,,,,0
2025-07-08,基金,豆粕ETF华夏(159985.XSHE),多,75500股,75500股,1.924,145262,4859.9,1.86,-,0,71.1,4400股,3.46%,1386632.95,10.48%
2025-07-08,基金,10年地债(511270.XSHG),多,6000股,6000股,118.457,710742,110619.73,100.02,-,0,-464.5,100股,18.43%,1386632.95,51.26%
2025-07-08,基金,纳指ETF(513100.XSHG),多,65800股,65800股,1.636,107648.8,27006.31,1.226,-,0,65.8,0股,33.49%,1386632.95,7.76%
2025-07-08,基金,黄金ETF(518880.XSHG),多,17700股,17700股,7.398,130944.6,45047.04,4.853,-,0,752.1,200股,52.44%,1386632.95,9.44%
2025-07-08,股票,长江电力(600900.XSHG),多,5700股,5700股,29.92,170544,27643.74,25.07,-,0,-1938,0股,19.34%,1386632.95,12.3%
2025-07-08,股票,农业银行(601288.XSHG),多,19200股,19200股,6.12,117504,48539.99,3.592,-,0,768,0股,70.38%,1386632.95,8.47%
2025-07-08,,Cash,,,,,3987.55,,,,,,,,0
2025-07-09,基金,豆粕ETF华夏(159985.XSHE),多,75500股,75500股,1.929,145639.5,5237.4,1.86,-,0,377.5,0股,3.73%,1387300.85,10.5%
2025-07-09,基金,10年地债(511270.XSHG),多,6000股,6000股,118.506,711036,110913.73,100.02,-,0,294,0股,18.48%,1387300.85,51.25%
2025-07-09,基金,纳指ETF(513100.XSHG),多,65800股,65800股,1.63,107254,26611.51,1.226,-,0,-394.8,0股,33%,1387300.85,7.73%
2025-07-09,基金,黄金ETF(518880.XSHG),多,17700股,17700股,7.314,129457.8,43560.24,4.853,-,0,-1486.8,0股,50.71%,1387300.85,9.33%
2025-07-09,股票,长江电力(600900.XSHG),多,5700股,5700股,29.98,170886,27985.74,25.07,-,0,342,0股,19.58%,1387300.85,12.32%
2025-07-09,股票,农业银行(601288.XSHG),多,19200股,19200股,6.2,119040,50075.99,3.592,-,0,1536,0股,72.61%,1387300.85,8.58%
2025-07-09,,Cash,,,,,3987.55,,,,,,,,0
2025-07-10,基金,豆粕ETF华夏(159985.XSHE),多,75500股,75500股,1.929,145639.5,5237.4,1.86,-,0,0,0股,3.73%,1389789.95,10.48%
2025-07-10,基金,10年地债(511270.XSHG),多,6000股,6000股,118.378,710268,110145.73,100.02,-,0,-768,0股,18.35%,1389789.95,51.11%
2025-07-10,基金,纳指ETF(513100.XSHG),多,65800股,65800股,1.639,107846.2,27203.71,1.226,-,0,592.2,0股,33.73%,1389789.95,7.76%
2025-07-10,基金,黄金ETF(518880.XSHG),多,17700股,17700股,7.371,130466.7,44569.14,4.853,-,0,1008.9,0股,51.89%,1389789.95,9.39%
2025-07-10,股票,长江电力(600900.XSHG),多,5700股,5700股,29.9,170430,27529.74,25.07,-,0,-456,0股,19.27%,1389789.95,12.26%
2025-07-10,股票,农业银行(601288.XSHG),多,19200股,19200股,6.31,121152,52187.99,3.592,-,0,2112,0股,75.67%,1389789.95,8.72%
2025-07-10,,Cash,,,,,3987.55,,,,,,,,0
2025-07-11,基金,豆粕ETF华夏(159985.XSHE),多,75500股,75500股,1.938,146319,5916.9,1.86,-,0,679.5,0股,4.21%,1393259.15,10.5%
2025-07-11,基金,10年地债(511270.XSHG),多,6000股,6000股,118.387,710322,110199.73,100.02,-,0,54,0股,18.36%,1393259.15,50.98%
2025-07-11,基金,纳指ETF(513100.XSHG),多,65800股,65800股,1.633,107451.4,26808.91,1.226,-,0,-394.8,0股,33.24%,1393259.15,7.71%
2025-07-11,基金,黄金ETF(518880.XSHG),多,17700股,17700股,7.376,130555.2,44657.64,4.853,-,0,88.5,0股,51.99%,1393259.15,9.37%
2025-07-11,股票,长江电力(600900.XSHG),多,5700股,5700股,30.4,173280,30379.74,25.07,-,0,2850,0股,21.26%,1393259.15,12.44%
2025-07-11,股票,农业银行(601288.XSHG),多,19200股,19200股,6.32,121344,52379.99,3.592,-,0,192,0股,75.95%,1393259.15,8.71%
2025-07-11,,Cash,,,,,3987.55,,,,,,,,0
2025-07-14,基金,豆粕ETF华夏(159985.XSHE),多,75500股,75500股,1.946,146923,6520.9,1.86,-,0,604,0股,4.64%,1396344.95,10.52%
2025-07-14,基金,10年地债(511270.XSHG),多,6000股,6000股,118.33,709980,109857.73,100.02,-,0,-342,0股,18.31%,1396344.95,50.85%
2025-07-14,基金,纳指ETF(513100.XSHG),多,65800股,65800股,1.623,106793.4,26150.91,1.226,-,0,-658,0股,32.43%,1396344.95,7.65%
2025-07-14,基金,黄金ETF(518880.XSHG),多,17700股,17700股,7.44,131688,45790.44,4.853,-,0,1132.8,0股,53.31%,1396344.95,9.43%
2025-07-14,股票,长江电力(600900.XSHG),多,5700股,5700股,30.61,174477,31576.74,25.07,-,0,1197,0股,22.1%,1396344.95,12.5%
2025-07-14,股票,农业银行(601288.XSHG),多,19200股,19200股,6.38,122496,53531.99,3.592,-,0,1152,0股,77.62%,1396344.95,8.77%
2025-07-14,,Cash,,,,,3987.55,,,,,,,,0
2025-07-15,基金,豆粕ETF华夏(159985.XSHE),多,75500股,75500股,1.938,146319,5916.9,1.86,-,0,-604,0股,4.21%,1396292.15,10.48%
2025-07-15,基金,10年地债(511270.XSHG),多,6000股,6000股,118.443,710658,110535.73,100.02,-,0,678,0股,18.42%,1396292.15,50.9%
2025-07-15,基金,纳指ETF(513100.XSHG),多,65800股,65800股,1.648,108438.4,27795.91,1.226,-,0,1645,0股,34.47%,1396292.15,7.77%
2025-07-15,基金,黄金ETF(518880.XSHG),多,17700股,17700股,7.436,131617.2,45719.64,4.853,-,0,-70.8,0股,53.23%,1396292.15,9.43%
2025-07-15,股票,长江电力(600900.XSHG),多,5700股,5700股,30.48,173736,30835.74,25.07,-,0,-741,0股,21.58%,1396292.15,12.44%
2025-07-15,股票,农业银行(601288.XSHG),多,19200股,19200股,6.33,121536,52571.99,3.592,-,0,-960,0股,76.23%,1396292.15,8.7%
2025-07-15,,Cash,,,,,3987.55,,,,,,,,0
2025-07-16,基金,豆粕ETF华夏(159985.XSHE),多,75500股,75500股,1.937,146243.5,5841.4,1.86,-,0,-75.5,0股,4.16%,1393480.85,10.49%
2025-07-16,基金,10年地债(511270.XSHG),多,6000股,6000股,118.458,710748,110625.73,100.02,-,0,90,0股,18.43%,1393480.85,51.01%
2025-07-16,基金,纳指ETF(513100.XSHG),多,65800股,65800股,1.638,107780.4,27137.91,1.226,-,0,-658,0股,33.65%,1393480.85,7.73%
2025-07-16,基金,黄金ETF(518880.XSHG),多,17700股,17700股,7.402,131015.4,45117.84,4.853,-,0,-601.8,0股,52.53%,1393480.85,9.4%
2025-07-16,股票,长江电力(600900.XSHG),多,5700股,5700股,30.34,172938,30037.74,25.07,-,0,-798,0股,21.02%,1393480.85,12.41%
2025-07-16,股票,农业银行(601288.XSHG),多,19200股,19200股,6.29,120768,51803.99,3.592,-,0,-768,0股,75.12%,1393480.85,8.67%
2025-07-16,,Cash,,,,,3987.55,,,,,,,,0
2025-07-17,基金,豆粕ETF华夏(159985.XSHE),多,75500股,75500股,1.966,148433,8030.9,1.86,-,0,2189.5,0股,5.72%,1394369.13,10.65%
2025-07-17,基金,10年地债(511270.XSHG),多,6000股,6000股,118.486,710916,110793.73,100.02,-,0,168,0股,18.46%,1394369.13,50.98%
2025-07-17,基金,纳指ETF(513100.XSHG),多,65800股,65800股,1.65,108570,27927.51,1.226,-,0,789.6,0股,34.63%,1394369.13,7.79%
2025-07-17,基金,黄金ETF(518880.XSHG),多,17700股,17700股,7.397,130926.9,45029.34,4.853,-,0,-88.5,0股,52.42%,1394369.13,9.39%
2025-07-17,股票,长江电力(600900.XSHG),多,5700股,5700股,30.16,171912,29011.74,25.07,-,0,-1026,0股,20.3%,1394369.13,12.33%
2025-07-17,股票,农业银行(601288.XSHG),多,19200股,19200股,6.13,117696,51141.59,3.466,-,0,-662.4,0股,76.84%,1394369.13,8.44%
2025-07-17,,Cash,,,,,5915.23,,,,,,,,0
2025-07-18,基金,豆粕ETF华夏(159985.XSHE),多,75500股,75500股,1.981,149565.5,9163.4,1.86,-,0,1132.5,0股,6.53%,1397819.91,10.7%
2025-07-18,基金,10年地债(511270.XSHG),多,6000股,6000股,118.505,711030,110907.73,100.02,-,0,114,0股,18.48%,1397819.91,50.87%
2025-07-18,基金,纳指ETF(513100.XSHG),多,65800股,65800股,1.662,109359.6,28717.11,1.226,-,0,789.6,0股,35.61%,1397819.91,7.82%
2025-07-18,基金,黄金ETF(518880.XSHG),多,17700股,17700股,7.403,131033.1,45135.54,4.853,-,0,106.2,0股,52.55%,1397819.91,9.37%
2025-07-18,股票,长江电力(600900.XSHG),多,5700股,5700股,29.5,168150,29427.84,24.337,-,0,416.1,0股,21.21%,1397819.91,12.03%
2025-07-18,股票,农业银行(601288.XSHG),多,19200股,19200股,6.22,119424,52869.59,3.466,-,0,1728,0股,79.44%,1397819.91,8.54%
2025-07-18,,Cash,,,,,9257.71,,,,,,,,0
2025-07-21,基金,豆粕ETF华夏(159985.XSHE),多,75500股,75500股,1.989,150169.5,9767.4,1.86,-,0,604,0股,6.96%,1398228.01,10.74%
2025-07-21,基金,10年地债(511270.XSHG),多,6000股,6000股,118.432,710592,110469.73,100.02,-,0,-438,0股,18.41%,1398228.01,50.82%
2025-07-21,基金,纳指ETF(513100.XSHG),多,65800股,65800股,1.662,109359.6,28717.11,1.226,-,0,0,0股,35.61%,1398228.01,7.82%
2025-07-21,基金,黄金ETF(518880.XSHG),多,17700股,17700股,7.446,131794.2,45896.64,4.853,-,0,761.1,0股,53.43%,1398228.01,9.43%
2025-07-21,股票,长江电力(600900.XSHG),多,5700股,5700股,29.51,168207,29484.84,24.337,-,0,57,0股,21.25%,1398228.01,12.03%
2025-07-21,股票,农业银行(601288.XSHG),多,19200股,19200股,6.19,118848,52293.59,3.466,-,0,-576,0股,78.57%,1398228.01,8.5%
2025-07-21,,Cash,,,,,9257.71,,,,,,,,0
2025-07-22,基金,豆粕ETF华夏(159985.XSHE),多,75500股,75500股,1.998,150849,10446.9,1.86,-,0,679.5,0股,7.44%,1395997.91,10.81%
2025-07-22,基金,10年地债(511270.XSHG),多,6000股,6000股,118.284,709704,109581.73,100.02,-,0,-888,0股,18.26%,1395997.91,50.84%
2025-07-22,基金,纳指ETF(513100.XSHG),多,65800股,65800股,1.663,109425.4,28782.91,1.226,-,0,65.8,0股,35.69%,1395997.91,7.84%
2025-07-22,基金,黄金ETF(518880.XSHG),多,17700股,17700股,7.474,132289.8,46392.24,4.853,-,0,495.6,0股,54.01%,1395997.91,9.48%
2025-07-22,股票,长江电力(600900.XSHG),多,5700股,5700股,29.36,167352,28629.84,24.337,-,0,-855,0股,20.64%,1395997.91,11.99%
2025-07-22,股票,农业银行(601288.XSHG),多,19200股,19200股,6.1,117120,50565.59,3.466,-,0,-1728,0股,75.98%,1395997.91,8.39%
2025-07-22,,Cash,,,,,9257.71,,,,,,,,0
2025-07-23,基金,豆粕ETF华夏(159985.XSHE),多,75500股,75500股,2.005,151377.5,10975.4,1.86,-,0,528.5,0股,7.82%,1399240.81,10.82%
2025-07-23,基金,10年地债(511270.XSHG),多,6000股,6000股,118.242,709452,109329.73,100.02,-,0,-252,0股,18.22%,1399240.81,50.7%
2025-07-23,基金,纳指ETF(513100.XSHG),多,65800股,65800股,1.66,109228,28585.51,1.226,-,0,-197.4,0股,35.45%,1399240.81,7.81%
2025-07-23,基金,黄金ETF(518880.XSHG),多,17700股,17700股,7.548,133599.6,47702.04,4.853,-,0,1309.8,0股,55.53%,1399240.81,9.55%
2025-07-23,股票,长江电力(600900.XSHG),多,5700股,5700股,29.18,166326,27603.84,24.337,-,0,-1026,0股,19.9%,1399240.81,11.89%
2025-07-23,股票,农业银行(601288.XSHG),多,19200股,19200股,6.25,120000,53445.59,3.466,-,0,2880,0股,80.3%,1399240.81,8.58%
2025-07-23,,Cash,,,,,9257.71,,,,,,,,0
2025-07-24,基金,豆粕ETF华夏(159985.XSHE),多,75500股,75500股,1.964,148282,7879.9,1.86,-,0,-3095.5,0股,5.61%,1389923.91,10.67%
2025-07-24,基金,10年地债(511270.XSHG),多,6000股,6000股,117.926,707556,107433.73,100.02,-,0,-1896,0股,17.9%,1389923.91,50.91%
2025-07-24,基金,纳指ETF(513100.XSHG),多,65800股,65800股,1.663,109425.4,28782.91,1.226,-,0,197.4,0股,35.69%,1389923.91,7.87%
2025-07-24,基金,黄金ETF(518880.XSHG),多,17700股,17700股,7.424,131404.8,45507.24,4.853,-,0,-2194.8,0股,52.98%,1389923.91,9.45%
2025-07-24,股票,长江电力(600900.XSHG),多,5700股,5700股,28.94,164958,26235.84,24.337,-,0,-1368,0股,18.91%,1389923.91,11.87%
2025-07-24,股票,农业银行(601288.XSHG),多,19200股,19200股,6.2,119040,52485.59,3.466,-,0,-960,0股,78.86%,1389923.91,8.56%
2025-07-24,,Cash,,,,,9257.71,,,,,,,,0
2025-07-25,基金,豆粕ETF华夏(159985.XSHE),多,75500股,75500股,1.958,147829,7426.9,1.86,-,0,-453,0股,5.29%,1387995.81,10.65%
2025-07-25,基金,10年地债(511270.XSHG),多,6000股,6000股,117.936,707616,107493.73,100.02,-,0,60,0股,17.91%,1387995.81,50.98%
2025-07-25,基金,纳指ETF(513100.XSHG),多,65800股,65800股,1.666,109622.8,28980.31,1.226,-,0,197.4,0股,35.94%,1387995.81,7.9%
2025-07-25,基金,黄金ETF(518880.XSHG),多,17700股,17700股,7.409,131139.3,45241.74,4.853,-,0,-265.5,0股,52.67%,1387995.81,9.45%
2025-07-25,股票,长江电力(600900.XSHG),多,5700股,5700股,28.75,163875,25152.84,24.337,-,0,-1083,0股,18.13%,1387995.81,11.81%
2025-07-25,股票,农业银行(601288.XSHG),多,19200股,19200股,6.18,118656,52101.59,3.466,-,0,-384,0股,78.28%,1387995.81,8.55%
2025-07-25,,Cash,,,,,9257.71,,,,,,,,0
2025-07-28,基金,豆粕ETF华夏(159985.XSHE),多,75500股,75500股,1.943,146696.5,6294.4,1.86,-,0,-1132.5,0股,4.48%,1388399.01,10.57%
2025-07-28,基金,10年地债(511270.XSHG),多,6000股,6000股,118.129,708774,108651.73,100.02,-,0,1158,0股,18.1%,1388399.01,51.05%
2025-07-28,基金,纳指ETF(513100.XSHG),多,65800股,65800股,1.684,110807.2,30164.71,1.226,-,0,1184.4,0股,37.41%,1388399.01,7.98%
2025-07-28,基金,黄金ETF(518880.XSHG),多,17700股,17700股,7.388,130767.6,44870.04,4.853,-,0,-371.7,0股,52.24%,1388399.01,9.42%
2025-07-28,股票,长江电力(600900.XSHG),多,5700股,5700股,28.64,163248,24525.84,24.337,-,0,-627,0股,17.68%,1388399.01,11.76%
2025-07-28,股票,农业银行(601288.XSHG),多,19200股,19200股,6.19,118848,52293.59,3.466,-,0,192,0股,78.57%,1388399.01,8.56%
2025-07-28,,Cash,,,,,9257.71,,,,,,,,0
2025-07-29,基金,豆粕ETF华夏(159985.XSHE),多,75500股,75500股,1.939,146394.5,5992.4,1.86,-,0,-302,0股,4.27%,1384273.71,10.58%
2025-07-29,基金,10年地债(511270.XSHG),多,6000股,6000股,117.746,706476,106353.73,100.02,-,0,-2298,0股,17.72%,1384273.71,51.04%
2025-07-29,基金,纳指ETF(513100.XSHG),多,65800股,65800股,1.683,110741.4,30098.91,1.226,-,0,-65.8,0股,37.32%,1384273.71,8%
2025-07-29,基金,黄金ETF(518880.XSHG),多,17700股,17700股,7.363,130325.1,44427.54,4.853,-,0,-442.5,0股,51.72%,1384273.71,9.41%
2025-07-29,股票,长江电力(600900.XSHG),多,5700股,5700股,28.63,163191,24468.84,24.337,-,0,-57,0股,17.64%,1384273.71,11.79%
2025-07-29,股票,农业银行(601288.XSHG),多,19200股,19200股,6.14,117888,51333.59,3.466,-,0,-960,0股,77.13%,1384273.71,8.52%
2025-07-29,,Cash,,,,,9257.71,,,,,,,,0
2025-07-30,基金,豆粕ETF华夏(159985.XSHE),多,75500股,75500股,1.958,147829,7426.9,1.86,-,0,1434.5,0股,5.29%,1389757.61,10.64%
2025-07-30,基金,10年地债(511270.XSHG),多,6000股,6000股,118.058,708348,108225.73,100.02,-,0,1872,0股,18.03%,1389757.61,50.97%
2025-07-30,基金,纳指ETF(513100.XSHG),多,65800股,65800股,1.68,110544,29901.51,1.226,-,0,-197.4,0股,37.08%,1389757.61,7.95%
2025-07-30,基金,黄金ETF(518880.XSHG),多,17700股,17700股,7.377,130572.9,44675.34,4.853,-,0,247.8,0股,52.01%,1389757.61,9.4%
2025-07-30,股票,长江电力(600900.XSHG),多,5700股,5700股,28.7,163590,24867.84,24.337,-,0,399,0股,17.93%,1389757.61,11.77%
2025-07-30,股票,农业银行(601288.XSHG),多,19200股,19200股,6.23,119616,53061.59,3.466,-,0,1728,0股,79.73%,1389757.61,8.61%
2025-07-30,,Cash,,,,,9257.71,,,,,,,,0
2025-07-31,基金,豆粕ETF华夏(159985.XSHE),多,75500股,75500股,1.949,147149.5,6747.4,1.86,-,0,-679.5,0股,4.81%,1387131.41,10.61%
2025-07-31,基金,10年地债(511270.XSHG),多,6000股,6000股,118.143,708858,108735.73,100.02,-,0,510,0股,18.12%,1387131.41,51.1%
2025-07-31,基金,纳指ETF(513100.XSHG),多,65800股,65800股,1.704,112123.2,31480.71,1.226,-,0,1579.2,0股,39.04%,1387131.41,8.08%
2025-07-31,基金,黄金ETF(518880.XSHG),多,17700股,17700股,7.35,130095,44197.44,4.853,-,0,-477.9,0股,51.45%,1387131.41,9.38%
2025-07-31,股票,长江电力(600900.XSHG),多,5700股,5700股,27.84,158688,19965.84,24.337,-,0,-4902,0股,14.39%,1387131.41,11.44%
2025-07-31,股票,农业银行(601288.XSHG),多,19200股,19200股,6.3,120960,54405.59,3.466,-,0,1344,0股,81.75%,1387131.41,8.72%
2025-07-31,,Cash,,,,,9257.71,,,,,,,,0
2025-08-01,基金,豆粕ETF华夏(159985.XSHE),多,75500股,75500股,1.955,147602.5,7200.4,1.86,-,0,453,0股,5.13%,1386627.41,10.64%
2025-08-01,基金,10年地债(511270.XSHG),多,6000股,6000股,118.101,708606,108483.73,100.02,-,0,-252,0股,18.08%,1386627.41,51.1%
2025-08-01,基金,纳指ETF(513100.XSHG),多,65800股,65800股,1.671,109951.8,29309.31,1.226,-,0,-2171.4,0股,36.34%,1386627.41,7.93%
2025-08-01,基金,黄金ETF(518880.XSHG),多,17700股,17700股,7.352,130130.4,44232.84,4.853,-,0,35.4,0股,51.49%,1386627.41,9.38%
2025-08-01,股票,长江电力(600900.XSHG),多,5700股,5700股,27.99,159543,20820.84,24.337,-,0,855,0股,15.01%,1386627.41,11.51%
2025-08-01,股票,农业银行(601288.XSHG),多,19200股,19200股,6.33,121536,54981.59,3.466,-,0,576,0股,82.61%,1386627.41,8.76%
2025-08-01,,Cash,,,,,9257.71,,,,,,,,0
2025-08-04,基金,豆粕ETF华夏(159985.XSHE),多,75500股,75500股,1.962,148131,7728.9,1.86,-,0,528.5,0股,5.5%,1389379.31,10.66%
2025-08-04,基金,10年地债(511270.XSHG),多,6000股,6000股,118.112,708672,108549.73,100.02,-,0,66,0股,18.09%,1389379.31,51.01%
2025-08-04,基金,纳指ETF(513100.XSHG),多,65800股,65800股,1.648,108438.4,27795.91,1.226,-,0,-1513.4,0股,34.47%,1389379.31,7.8%
2025-08-04,基金,黄金ETF(518880.XSHG),多,17700股,17700股,7.446,131794.2,45896.64,4.853,-,0,1663.8,0股,53.43%,1389379.31,9.49%
2025-08-04,股票,长江电力(600900.XSHG),多,5700股,5700股,28.14,160398,21675.84,24.337,-,0,855,0股,15.63%,1389379.31,11.54%
2025-08-04,股票,农业银行(601288.XSHG),多,19200股,19200股,6.39,122688,56133.59,3.466,-,0,1152,0股,84.34%,1389379.31,8.83%
2025-08-04,,Cash,,,,,9257.71,,,,,,,,0
2025-08-05,基金,豆粕ETF华夏(159985.XSHE),多,75500股,75500股,1.966,148433,8030.9,1.86,-,0,302,0股,5.72%,1394658.41,10.64%
2025-08-05,基金,10年地债(511270.XSHG),多,6000股,6000股,118.133,708798,108675.73,100.02,-,0,126,0股,18.11%,1394658.41,50.82%
2025-08-05,基金,纳指ETF(513100.XSHG),多,65800股,65800股,1.679,110478.2,29835.71,1.226,-,0,2039.8,0股,37%,1394658.41,7.92%
2025-08-05,基金,黄金ETF(518880.XSHG),多,17700股,17700股,7.455,131953.5,46055.94,4.853,-,0,159.3,0股,53.62%,1394658.41,9.46%
2025-08-05,股票,长江电力(600900.XSHG),多,5700股,5700股,28.1,160170,21447.84,24.337,-,0,-228,0股,15.46%,1394658.41,11.48%
2025-08-05,股票,农业银行(601288.XSHG),多,19200股,19200股,6.54,125568,59013.59,3.466,-,0,2880,0股,88.67%,1394658.41,9%
2025-08-05,,Cash,,,,,9257.71,,,,,,,,0
2025-08-06,基金,豆粕ETF华夏(159985.XSHE),多,75500股,75500股,1.97,148735,8332.9,1.86,-,0,302,0股,5.94%,1395813.31,10.66%
2025-08-06,基金,10年地债(511270.XSHG),多,6000股,6000股,118.203,709218,109095.73,100.02,-,0,420,0股,18.18%,1395813.31,50.81%
2025-08-06,基金,纳指ETF(513100.XSHG),多,65800股,65800股,1.67,109886,29243.51,1.226,-,0,-592.2,0股,36.26%,1395813.31,7.87%
2025-08-06,基金,黄金ETF(518880.XSHG),多,17700股,17700股,7.468,132183.6,46286.04,4.853,-,0,230.1,0股,53.89%,1395813.31,9.47%
2025-08-06,股票,长江电力(600900.XSHG),多,5700股,5700股,27.97,159429,20706.84,24.337,-,0,-741,0股,14.93%,1395813.31,11.42%
2025-08-06,股票,农业银行(601288.XSHG),多,19200股,19200股,6.62,127104,60549.59,3.466,-,0,1536,0股,90.98%,1395813.31,9.11%
2025-08-06,,Cash,,,,,9257.71,,,,,,,,0
2025-08-07,基金,豆粕ETF华夏(159985.XSHE),多,75500股,75500股,1.975,149112.5,8710.4,1.86,-,0,377.5,0股,6.2%,1400038.21,10.65%
2025-08-07,基金,10年地债(511270.XSHG),多,6000股,6000股,118.27,709620,109497.73,100.02,-,0,402,0股,18.25%,1400038.21,50.69%
2025-08-07,基金,纳指ETF(513100.XSHG),多,65800股,65800股,1.684,110807.2,30164.71,1.226,-,0,921.2,0股,37.41%,1400038.21,7.91%
2025-08-07,基金,黄金ETF(518880.XSHG),多,17700股,17700股,7.484,132466.8,46569.24,4.853,-,0,283.2,0股,54.21%,1400038.21,9.46%
2025-08-07,股票,长江电力(600900.XSHG),多,5700股,5700股,28.06,159942,21219.84,24.337,-,0,513,0股,15.3%,1400038.21,11.42%
2025-08-07,股票,农业银行(601288.XSHG),多,19200股,19200股,6.71,128832,62277.59,3.466,-,0,1728,0股,93.57%,1400038.21,9.2%
2025-08-07,,Cash,,,,,9257.71,,,,,,,,0
2025-08-08,基金,豆粕ETF华夏(159985.XSHE),多,72100股,72100股,1.984,143046.4,8967.04,1.86,-,0,648.9,0股,6.69%,1400344.81,10.22%
2025-08-08,基金,10年地债(511270.XSHG),多,6100股,6100股,118.257,721367.7,109415.83,100.32,-,0,-81.9,100股,17.88%,1400344.81,51.51%
2025-08-08,基金,纳指ETF(513100.XSHG),多,64500股,64500股,1.691,109069.5,30020.25,1.226,-,0,451.5,0股,37.98%,1400344.81,7.79%
2025-08-08,基金,黄金ETF(518880.XSHG),多,17600股,17600股,7.508,132140.8,46728.53,4.853,-,0,422.4,0股,54.71%,1400344.81,9.44%
2025-08-08,股票,长江电力(600900.XSHG),多,5700股,5700股,27.86,158802,20079.84,24.337,-,0,-1140,0股,14.47%,1400344.81,11.34%
2025-08-08,股票,农业银行(601288.XSHG),多,19200股,19200股,6.71,128832,62277.59,3.466,-,0,0,0股,93.57%,1400344.81,9.2%
2025-08-08,,Cash,,,,,7086.41,,,,,,,,0
2025-08-11,基金,豆粕ETF华夏(159985.XSHE),多,72100股,72100股,1.969,141964.9,7885.54,1.86,-,0,-1081.5,0股,5.88%,1397661.41,10.16%
2025-08-11,基金,10年地债(511270.XSHG),多,6100股,6100股,118.107,720452.7,108500.83,100.32,-,0,-915,0股,17.73%,1397661.41,51.55%
2025-08-11,基金,纳指ETF(513100.XSHG),多,64500股,64500股,1.708,110166,31116.75,1.226,-,0,1096.5,0股,39.36%,1397661.41,7.88%
2025-08-11,基金,黄金ETF(518880.XSHG),多,17600股,17600股,7.429,130750.4,45338.13,4.853,-,0,-1390.4,0股,53.08%,1397661.41,9.35%
2025-08-11,股票,长江电力(600900.XSHG),多,5700股,5700股,27.69,157833,19110.84,24.337,-,0,-969,0股,13.78%,1397661.41,11.29%
2025-08-11,股票,农业银行(601288.XSHG),多,19200股,19200股,6.74,129408,62853.59,3.466,-,0,576,0股,94.44%,1397661.41,9.26%
2025-08-11,,Cash,,,,,7086.41,,,,,,,,0
2025-08-12,基金,豆粕ETF华夏(159985.XSHE),多,72100股,72100股,1.984,143046.4,8967.04,1.86,-,0,1081.5,0股,6.69%,1399945.91,10.22%
2025-08-12,基金,10年地债(511270.XSHG),多,6100股,6100股,118.032,719995.2,108043.33,100.32,-,0,-457.5,0股,17.66%,1399945.91,51.43%
2025-08-12,基金,纳指ETF(513100.XSHG),多,64500股,64500股,1.703,109843.5,30794.25,1.226,-,0,-322.5,0股,38.96%,1399945.91,7.85%
2025-08-12,基金,黄金ETF(518880.XSHG),多,17600股,17600股,7.399,130222.4,44810.13,4.853,-,0,-528,0股,52.46%,1399945.91,9.3%
2025-08-12,股票,长江电力(600900.XSHG),多,5700股,5700股,27.76,158232,19509.84,24.337,-,0,399,0股,14.06%,1399945.91,11.3%
2025-08-12,股票,农业银行(601288.XSHG),多,19200股,19200股,6.85,131520,64965.59,3.466,-,0,2112,0股,97.61%,1399945.91,9.39%
2025-08-12,,Cash,,,,,7086.41,,,,,,,,0
2025-08-13,基金,豆粕ETF华夏(159985.XSHE),多,72100股,72100股,2.026,146074.6,11995.24,1.86,-,0,3028.2,0股,8.95%,1402721.81,10.41%
2025-08-13,基金,10年地债(511270.XSHG),多,6100股,6100股,118.033,720001.3,108049.43,100.32,-,0,6.1,0股,17.66%,1402721.81,51.33%
2025-08-13,基金,纳指ETF(513100.XSHG),多,64500股,64500股,1.721,111004.5,31955.25,1.226,-,0,1161,0股,40.42%,1402721.81,7.91%
2025-08-13,基金,黄金ETF(518880.XSHG),多,17600股,17600股,7.415,130504,45091.73,4.853,-,0,281.6,0股,52.79%,1402721.81,9.3%
2025-08-13,股票,长江电力(600900.XSHG),多,5700股,5700股,27.63,157491,18768.84,24.337,-,0,-741,0股,13.53%,1402721.81,11.23%
2025-08-13,股票,农业银行(601288.XSHG),多,19200股,19200股,6.8,130560,64005.59,3.466,-,0,-960,0股,96.17%,1402721.81,9.31%
2025-08-13,,Cash,,,,,7086.41,,,,,,,,0
2025-08-14,基金,豆粕ETF华夏(159985.XSHE),多,72100股,72100股,2.02,145642,11562.64,1.86,-,0,-432.6,0股,8.62%,1404024.11,10.37%
2025-08-14,基金,10年地债(511270.XSHG),多,6100股,6100股,117.928,719360.8,107408.93,100.32,-,0,-640.5,0股,17.55%,1404024.11,51.24%
2025-08-14,基金,纳指ETF(513100.XSHG),多,64500股,64500股,1.717,110746.5,31697.25,1.226,-,0,-258,0股,40.1%,1404024.11,7.89%
2025-08-14,基金,黄金ETF(518880.XSHG),多,17600股,17600股,7.424,130662.4,45250.13,4.853,-,0,158.4,0股,52.98%,1404024.11,9.31%
2025-08-14,股票,长江电力(600900.XSHG),多,5700股,5700股,27.66,157662,18939.84,24.337,-,0,171,0股,13.65%,1404024.11,11.23%
2025-08-14,股票,农业银行(601288.XSHG),多,19200股,19200股,6.92,132864,66309.59,3.466,-,0,2304,0股,99.63%,1404024.11,9.46%
2025-08-14,,Cash,,,,,7086.41,,,,,,,,0
2025-08-15,基金,豆粕ETF华夏(159985.XSHE),多,72100股,72100股,2.011,144993.1,10913.74,1.86,-,0,-648.9,0股,8.14%,1401899.91,10.34%
2025-08-15,基金,10年地债(511270.XSHG),多,6100股,6100股,117.948,719482.8,107530.93,100.32,-,0,122,0股,17.57%,1401899.91,51.32%
2025-08-15,基金,纳指ETF(513100.XSHG),多,64500股,64500股,1.722,111069,32019.75,1.226,-,0,322.5,0股,40.51%,1401899.91,7.92%
2025-08-15,基金,黄金ETF(518880.XSHG),多,17600股,17600股,7.401,130257.6,44845.33,4.853,-,0,-404.8,0股,52.5%,1401899.91,9.29%
2025-08-15,股票,长江电力(600900.XSHG),多,5700股,5700股,27.63,157491,18768.84,24.337,-,0,-171,0股,13.53%,1401899.91,11.23%
2025-08-15,股票,农业银行(601288.XSHG),多,19200股,19200股,6.85,131520,64965.59,3.466,-,0,-1344,0股,97.61%,1401899.91,9.38%
2025-08-15,,Cash,,,,,7086.41,,,,,,,,0
2025-08-18,基金,豆粕ETF华夏(159985.XSHE),多,72100股,72100股,2.023,145858.3,11778.94,1.86,-,0,865.2,0股,8.79%,1401147.91,10.41%
2025-08-18,基金,10年地债(511270.XSHG),多,6100股,6100股,117.514,716835.4,104883.53,100.32,-,0,-2647.4,0股,17.14%,1401147.91,51.16%
2025-08-18,基金,纳指ETF(513100.XSHG),多,64500股,64500股,1.71,110295,31245.75,1.226,-,0,-774,0股,39.53%,1401147.91,7.87%
2025-08-18,基金,黄金ETF(518880.XSHG),多,17600股,17600股,7.413,130468.8,45056.53,4.853,-,0,211.2,0股,52.75%,1401147.91,9.31%
2025-08-18,股票,长江电力(600900.XSHG),多,5700股,5700股,27.64,157548,18825.84,24.337,-,0,57,0股,13.57%,1401147.91,11.24%
2025-08-18,股票,农业银行(601288.XSHG),多,19200股,19200股,6.93,133056,66501.59,3.466,-,0,1536,0股,99.92%,1401147.91,9.5%
2025-08-18,,Cash,,,,,7086.41,,,,,,,,0
2025-08-19,基金,豆粕ETF华夏(159985.XSHE),多,72100股,72100股,2.03,146363,12283.64,1.86,-,0,504.7,0股,9.16%,1403113.21,10.43%
2025-08-19,基金,10年地债(511270.XSHG),多,6100股,6100股,117.617,717463.7,105511.83,100.32,-,0,628.3,0股,17.24%,1403113.21,51.13%
2025-08-19,基金,纳指ETF(513100.XSHG),多,64500股,64500股,1.703,109843.5,30794.25,1.226,-,0,-451.5,0股,38.96%,1403113.21,7.83%
2025-08-19,基金,黄金ETF(518880.XSHG),多,17600股,17600股,7.391,130081.6,44669.33,4.853,-,0,-387.2,0股,52.3%,1403113.21,9.27%
2025-08-19,股票,长江电力(600900.XSHG),多,5700股,5700股,27.63,157491,18768.84,24.337,-,0,-57,0股,13.53%,1403113.21,11.22%
2025-08-19,股票,农业银行(601288.XSHG),多,19200股,19200股,7.02,134784,68229.59,3.466,-,0,1728,0股,102.52%,1403113.21,9.61%
2025-08-19,,Cash,,,,,7086.41,,,,,,,,0
2025-08-20,基金,豆粕ETF华夏(159985.XSHE),多,72100股,72100股,2.026,146074.6,11995.24,1.86,-,0,-288.4,0股,8.95%,1401805.91,10.42%
2025-08-20,基金,10年地债(511270.XSHG),多,6100股,6100股,117.455,716475.5,104523.63,100.32,-,0,-988.2,0股,17.08%,1401805.91,51.11%
2025-08-20,基金,纳指ETF(513100.XSHG),多,64500股,64500股,1.684,108618,29568.75,1.226,-,0,-1225.5,0股,37.41%,1401805.91,7.75%
2025-08-20,基金,黄金ETF(518880.XSHG),多,17600股,17600股,7.374,129782.4,44370.13,4.853,-,0,-299.2,0股,51.95%,1401805.91,9.26%
2025-08-20,股票,长江电力(600900.XSHG),多,5700股,5700股,27.69,157833,19110.84,24.337,-,0,342,0股,13.78%,1401805.91,11.26%
2025-08-20,股票,农业银行(601288.XSHG),多,19200股,19200股,7.08,135936,69381.59,3.466,-,0,1152,0股,104.25%,1401805.91,9.7%
2025-08-20,,Cash,,,,,7086.41,,,,,,,,0
2025-08-21,基金,豆粕ETF华夏(159985.XSHE),多,72100股,72100股,1.997,143983.7,9904.34,1.86,-,0,-2090.9,0股,7.39%,1404337.51,10.25%
2025-08-21,基金,10年地债(511270.XSHG),多,6100股,6100股,117.47,716567,104615.13,100.32,-,0,91.5,0股,17.1%,1404337.51,51.03%
2025-08-21,基金,纳指ETF(513100.XSHG),多,64500股,64500股,1.69,109005,29955.75,1.226,-,0,387,0股,37.9%,1404337.51,7.76%
2025-08-21,基金,黄金ETF(518880.XSHG),多,17600股,17600股,7.394,130134.4,44722.13,4.853,-,0,352,0股,52.36%,1404337.51,9.27%
2025-08-21,股票,长江电力(600900.XSHG),多,5700股,5700股,27.85,158745,20022.84,24.337,-,0,912,0股,14.43%,1404337.51,11.3%
2025-08-21,股票,农业银行(601288.XSHG),多,19200股,19200股,7.23,138816,72261.59,3.466,-,0,2880,0股,108.58%,1404337.51,9.88%
2025-08-21,,Cash,,,,,7086.41,,,,,,,,0
2025-08-22,基金,豆粕ETF华夏(159985.XSHE),多,72100股,72100股,1.98,142758,8678.64,1.86,-,0,-1225.7,0股,6.47%,1401829.71,10.18%
2025-08-22,基金,10年地债(511270.XSHG),多,6100股,6100股,117.215,715011.5,103059.63,100.32,-,0,-1555.5,0股,16.84%,1401829.71,51.01%
2025-08-22,基金,纳指ETF(513100.XSHG),多,64500股,64500股,1.676,108102,29052.75,1.226,-,0,-903,0股,36.75%,1401829.71,7.71%
2025-08-22,基金,黄金ETF(518880.XSHG),多,17600股,17600股,7.378,129852.8,44440.53,4.853,-,0,-281.6,0股,52.03%,1401829.71,9.26%
2025-08-22,股票,长江电力(600900.XSHG),多,5700股,5700股,27.87,158859,20136.84,24.337,-,0,114,0股,14.52%,1401829.71,11.33%
2025-08-22,股票,农业银行(601288.XSHG),多,19200股,19200股,7.3,140160,73605.59,3.466,-,0,1344,0股,110.59%,1401829.71,10%
2025-08-22,,Cash,,,,,7086.41,,,,,,,,0
2025-08-25,基金,豆粕ETF华夏(159985.XSHE),多,72100股,72100股,2.001,144272.1,10192.74,1.86,-,0,1514.1,0股,7.6%,1408532.61,10.24%
2025-08-25,基金,10年地债(511270.XSHG),多,6100股,6100股,117.369,715950.9,103999.03,100.32,-,0,939.4,0股,16.99%,1408532.61,50.83%
2025-08-25,基金,纳指ETF(513100.XSHG),多,64500股,64500股,1.698,109521,30471.75,1.226,-,0,1419,0股,38.55%,1408532.61,7.78%
2025-08-25,基金,黄金ETF(518880.XSHG),多,17600股,17600股,7.427,130715.2,45302.93,4.853,-,0,862.4,0股,53.04%,1408532.61,9.28%
2025-08-25,股票,长江电力(600900.XSHG),多,5700股,5700股,28.35,161595,22872.84,24.337,-,0,2736,0股,16.49%,1408532.61,11.47%
2025-08-25,股票,农业银行(601288.XSHG),多,19200股,19200股,7.26,139392,72837.59,3.466,-,0,-768,0股,109.44%,1408532.61,9.9%
2025-08-25,,Cash,,,,,7086.41,,,,,,,,0
2025-08-26,基金,豆粕ETF华夏(159985.XSHE),多,72100股,72100股,1.986,143190.6,9111.24,1.86,-,0,-1081.5,0股,6.8%,1407344.11,10.17%
2025-08-26,基金,10年地债(511270.XSHG),多,6100股,6100股,117.347,715816.7,103864.83,100.32,-,0,-134.2,0股,16.97%,1407344.11,50.86%
2025-08-26,基金,纳指ETF(513100.XSHG),多,64500股,64500股,1.69,109005,29955.75,1.226,-,0,-516,0股,37.9%,1407344.11,7.75%
2025-08-26,基金,黄金ETF(518880.XSHG),多,17600股,17600股,7.449,131102.4,45690.13,4.853,-,0,387.2,0股,53.49%,1407344.11,9.32%
2025-08-26,股票,长江电力(600900.XSHG),多,5700股,5700股,28.31,161367,22644.84,24.337,-,0,-228,0股,16.32%,1407344.11,11.47%
2025-08-26,股票,农业银行(601288.XSHG),多,19200股,19200股,7.28,139776,73221.59,3.466,-,0,384,0股,110.02%,1407344.11,9.93%
2025-08-26,,Cash,,,,,7086.41,,,,,,,,0
2025-08-27,基金,豆粕ETF华夏(159985.XSHE),多,72100股,72100股,1.986,143190.6,9111.24,1.86,-,0,0,0股,6.8%,1403426.61,10.2%
2025-08-27,基金,10年地债(511270.XSHG),多,6100股,6100股,117.416,716237.6,104285.73,100.32,-,0,420.9,0股,17.04%,1403426.61,51.03%
2025-08-27,基金,纳指ETF(513100.XSHG),多,64500股,64500股,1.704,109908,30858.75,1.226,-,0,903,0股,39.04%,1403426.61,7.83%
2025-08-27,基金,黄金ETF(518880.XSHG),多,17600股,17600股,7.45,131120,45707.73,4.853,-,0,17.6,0股,53.51%,1403426.61,9.34%
2025-08-27,股票,长江电力(600900.XSHG),多,5700股,5700股,27.96,159372,20649.84,24.337,-,0,-1995,0股,14.89%,1403426.61,11.36%
2025-08-27,股票,农业银行(601288.XSHG),多,19200股,19200股,7.11,136512,69957.59,3.466,-,0,-3264,0股,105.11%,1403426.61,9.73%
2025-08-27,,Cash,,,,,7086.41,,,,,,,,0
2025-08-28,基金,豆粕ETF华夏(159985.XSHE),多,72100股,72100股,1.987,143262.7,9183.34,1.86,-,0,72.1,0股,6.85%,1400303.81,10.23%
2025-08-28,基金,10年地债(511270.XSHG),多,6100股,6100股,117.324,715676.4,103724.53,100.32,-,0,-561.2,0股,16.95%,1400303.81,51.11%
2025-08-28,基金,纳指ETF(513100.XSHG),多,64500股,64500股,1.693,109198.5,30149.25,1.226,-,0,-709.5,0股,38.14%,1400303.81,7.8%
2025-08-28,基金,黄金ETF(518880.XSHG),多,17600股,17600股,7.468,131436.8,46024.53,4.853,-,0,316.8,0股,53.89%,1400303.81,9.39%
2025-08-28,股票,长江电力(600900.XSHG),多,5700股,5700股,27.87,158859,20136.84,24.337,-,0,-513,0股,14.52%,1400303.81,11.34%
2025-08-28,股票,农业银行(601288.XSHG),多,19200股,19200股,7.02,134784,68229.59,3.466,-,0,-1728,0股,102.52%,1400303.81,9.63%
2025-08-28,,Cash,,,,,7086.41,,,,,,,,0
2025-08-29,基金,豆粕ETF华夏(159985.XSHE),多,72100股,72100股,1.992,143623.2,9543.84,1.86,-,0,360.5,0股,7.12%,1402591.51,10.24%
2025-08-29,基金,10年地债(511270.XSHG),多,6100股,6100股,117.393,716097.3,104145.43,100.32,-,0,420.9,0股,17.02%,1402591.51,51.06%
2025-08-29,基金,纳指ETF(513100.XSHG),多,64500股,64500股,1.692,109134,30084.75,1.226,-,0,-64.5,0股,38.06%,1402591.51,7.78%
2025-08-29,基金,黄金ETF(518880.XSHG),多,17600股,17600股,7.486,131753.6,46341.33,4.853,-,0,316.8,0股,54.26%,1402591.51,9.39%
2025-08-29,股票,长江电力(600900.XSHG),多,5700股,5700股,28.09,160113,21390.84,24.337,-,0,1254,0股,15.42%,1402591.51,11.42%
2025-08-29,股票,农业银行(601288.XSHG),多,19200股,19200股,7.02,134784,68229.59,3.466,-,0,0,0股,102.52%,1402591.51,9.61%
2025-08-29,,Cash,,,,,7086.41,,,,,,,,0
2025-09-01,基金,豆粕ETF华夏(159985.XSHE),多,72100股,72100股,2.005,144560.5,10481.14,1.86,-,0,937.3,0股,7.82%,1404210.31,10.29%
2025-09-01,基金,10年地债(511270.XSHG),多,6100股,6100股,117.427,716304.7,104352.83,100.32,-,0,207.4,0股,17.05%,1404210.31,51.01%
2025-09-01,基金,纳指ETF(513100.XSHG),多,64500股,64500股,1.673,107908.5,28859.25,1.226,-,0,-1225.5,0股,36.51%,1404210.31,7.68%
2025-09-01,基金,黄金ETF(518880.XSHG),多,17600股,17600股,7.647,134587.2,49174.93,4.853,-,0,2833.6,0股,57.57%,1404210.31,9.58%
2025-09-01,股票,长江电力(600900.XSHG),多,5700股,5700股,27.79,158403,19680.84,24.337,-,0,-1710,0股,14.19%,1404210.31,11.28%
2025-09-01,股票,农业银行(601288.XSHG),多,19200股,19200股,7.05,135360,68805.59,3.466,-,0,576,0股,103.38%,1404210.31,9.64%
2025-09-01,,Cash,,,,,7086.41,,,,,,,,0
2025-09-02,基金,豆粕ETF华夏(159985.XSHE),多,72100股,72100股,1.992,143623.2,9543.84,1.86,-,0,-937.3,0股,7.12%,1408941.11,10.19%
2025-09-02,基金,10年地债(511270.XSHG),多,6100股,6100股,117.425,716292.5,104340.63,100.32,-,0,-12.2,0股,17.05%,1408941.11,50.84%
2025-09-02,基金,纳指ETF(513100.XSHG),多,64500股,64500股,1.676,108102,29052.75,1.226,-,0,193.5,0股,36.75%,1408941.11,7.67%
2025-09-02,基金,黄金ETF(518880.XSHG),多,17600股,17600股,7.67,134992,49579.73,4.853,-,0,404.8,0股,58.05%,1408941.11,9.58%
2025-09-02,股票,长江电力(600900.XSHG),多,5700股,5700股,28.21,160797,22074.84,24.337,-,0,2394,0股,15.91%,1408941.11,11.41%
2025-09-02,股票,农业银行(601288.XSHG),多,19200股,19200股,7.19,138048,71493.59,3.466,-,0,2688,0股,107.42%,1408941.11,9.8%
2025-09-02,,Cash,,,,,7086.41,,,,,,,,0
2025-09-03,基金,豆粕ETF华夏(159985.XSHE),多,72100股,72100股,2.015,145281.5,11202.14,1.86,-,0,1658.3,0股,8.35%,1410790.01,10.3%
2025-09-03,基金,10年地债(511270.XSHG),多,6100股,6100股,117.533,716951.3,104999.43,100.32,-,0,658.8,0股,17.16%,1410790.01,50.82%
2025-09-03,基金,纳指ETF(513100.XSHG),多,64500股,64500股,1.676,108102,29052.75,1.226,-,0,0,0股,36.75%,1410790.01,7.66%
2025-09-03,基金,黄金ETF(518880.XSHG),多,17600股,17600股,7.768,136716.8,51304.53,4.853,-,0,1724.8,0股,60.07%,1410790.01,9.69%
2025-09-03,股票,长江电力(600900.XSHG),多,5700股,5700股,27.96,159372,20649.84,24.337,-,0,-1425,0股,14.89%,1410790.01,11.3%
2025-09-03,股票,农业银行(601288.XSHG),多,19200股,19200股,7.15,137280,70725.59,3.466,-,0,-768,0股,106.27%,1410790.01,9.73%
2025-09-03,,Cash,,,,,7086.41,,,,,,,,0
2025-09-04,基金,豆粕ETF华夏(159985.XSHE),多,72100股,72100股,1.983,142974.3,8894.94,1.86,-,0,-2307.2,0股,6.63%,1417848.71,10.08%
2025-09-04,基金,10年地债(511270.XSHG),多,6100股,6100股,117.64,717604,105652.13,100.32,-,0,652.7,0股,17.26%,1417848.71,50.61%
2025-09-04,基金,纳指ETF(513100.XSHG),多,64500股,64500股,1.682,108489,29439.75,1.226,-,0,387,0股,37.24%,1417848.71,7.65%
2025-09-04,基金,黄金ETF(518880.XSHG),多,17600股,17600股,7.75,136400,50987.73,4.853,-,0,-316.8,0股,59.7%,1417848.71,9.62%
2025-09-04,股票,长江电力(600900.XSHG),多,5700股,5700股,28.23,160911,22188.84,24.337,-,0,1539,0股,16%,1417848.71,11.35%
2025-09-04,股票,农业银行(601288.XSHG),多,19200股,19200股,7.52,144384,77829.59,3.466,-,0,7104,0股,116.94%,1417848.71,10.18%
2025-09-04,,Cash,,,,,7086.41,,,,,,,,0
2025-09-05,基金,豆粕ETF华夏(159985.XSHE),多,72100股,72100股,1.994,143767.4,9688.04,1.86,-,0,793.1,0股,7.23%,1413768.31,10.17%
2025-09-05,基金,10年地债(511270.XSHG),多,6100股,6100股,117.41,716201,104249.13,100.32,-,0,-1403,0股,17.04%,1413768.31,50.66%
2025-09-05,基金,纳指ETF(513100.XSHG),多,64500股,64500股,1.701,109714.5,30665.25,1.226,-,0,1225.5,0股,38.79%,1413768.31,7.76%
2025-09-05,基金,黄金ETF(518880.XSHG),多,17600股,17600股,7.775,136840,51427.73,4.853,-,0,440,0股,60.21%,1413768.31,9.68%
2025-09-05,股票,长江电力(600900.XSHG),多,5700股,5700股,28.07,159999,21276.84,24.337,-,0,-912,0股,15.34%,1413768.31,11.32%
2025-09-05,股票,农业银行(601288.XSHG),多,19200股,19200股,7.3,140160,73605.59,3.466,-,0,-4224,0股,110.59%,1413768.31,9.91%
2025-09-05,,Cash,,,,,7086.41,,,,,,,,0
2025-09-08,基金,豆粕ETF华夏(159985.XSHE),多,70100股,70100股,2.005,140550.5,10190.4,1.86,-,0,771.1,0股,7.82%,1414242.77,9.94%
2025-09-08,基金,10年地债(511270.XSHG),多,7100股,7100股,117.343,833135.3,103843.43,102.717,-,0,-405.7,1000股,14.24%,1414242.77,58.91%
2025-09-08,基金,纳指ETF(513100.XSHG),多,62400股,62400股,1.696,105830.4,29354.85,1.226,-,0,-312,0股,38.38%,1414242.77,7.48%
2025-09-08,基金,黄金ETF(518880.XSHG),多,14100股,14100股,7.847,110642.7,42215.83,4.853,-,0,1015.2,0股,61.69%,1414242.77,7.82%
2025-09-08,股票,长江电力(600900.XSHG),多,4500股,4500股,28.15,126675,17157.5,24.337,-,0,360,0股,15.67%,1414242.77,8.96%
2025-09-08,股票,农业银行(601288.XSHG),多,11900股,11900股,7.26,86394,45144.13,3.466,-,0,-476,0股,109.44%,1414242.77,6.11%
2025-09-08,,Cash,,,,,11014.87,,,,,,,,0
2025-09-09,基金,豆粕ETF华夏(159985.XSHE),多,70100股,70100股,2.015,141251.5,10891.4,1.86,-,0,701,0股,8.35%,1416628.87,9.97%
2025-09-09,基金,10年地债(511270.XSHG),多,7100股,7100股,117.305,832865.5,103573.63,102.717,-,0,-269.8,0股,14.2%,1416628.87,58.79%
2025-09-09,基金,纳指ETF(513100.XSHG),多,62400股,62400股,1.701,106142.4,29666.85,1.226,-,0,312,0股,38.79%,1416628.87,7.49%
2025-09-09,基金,黄金ETF(518880.XSHG),多,14100股,14100股,7.966,112320.6,43893.73,4.853,-,0,1677.9,0股,64.15%,1416628.87,7.93%
2025-09-09,股票,长江电力(600900.XSHG),多,4500股,4500股,28.01,126045,16527.5,24.337,-,0,-630,0股,15.09%,1416628.87,8.9%
2025-09-09,股票,农业银行(601288.XSHG),多,11900股,11900股,7.31,86989,45739.13,3.466,-,0,595,0股,110.88%,1416628.87,6.14%
2025-09-09,,Cash,,,,,11014.87,,,,,,,,0
2025-09-10,基金,豆粕ETF华夏(159985.XSHE),多,70100股,70100股,2.003,140410.3,10050.2,1.86,-,0,-841.2,0股,7.71%,1414769.77,9.92%
2025-09-10,基金,10年地债(511270.XSHG),多,7100股,7100股,117.145,831729.5,102437.63,102.717,-,0,-1136,0股,14.05%,1414769.77,58.79%
2025-09-10,基金,纳指ETF(513100.XSHG),多,62400股,62400股,1.711,106766.4,30290.85,1.226,-,0,624,0股,39.61%,1414769.77,7.55%
2025-09-10,基金,黄金ETF(518880.XSHG),多,14100股,14100股,7.947,112052.7,43625.83,4.853,-,0,-267.9,0股,63.76%,1414769.77,7.92%
2025-09-10,股票,长江电力(600900.XSHG),多,4500股,4500股,28.01,126045,16527.5,24.337,-,0,0,0股,15.09%,1414769.77,8.91%
2025-09-10,股票,农业银行(601288.XSHG),多,11900股,11900股,7.29,86751,45501.13,3.466,-,0,-238,0股,110.31%,1414769.77,6.13%
2025-09-10,,Cash,,,,,11014.87,,,,,,,,0
2025-09-11,基金,豆粕ETF华夏(159985.XSHE),多,70100股,70100股,2.005,140550.5,10190.4,1.86,-,0,140.2,0股,7.82%,1414646.37,9.94%
2025-09-11,基金,10年地债(511270.XSHG),多,7100股,7100股,117.205,832155.5,102863.63,102.717,-,0,426,0股,14.1%,1414646.37,58.82%
2025-09-11,基金,纳指ETF(513100.XSHG),多,62400股,62400股,1.708,106579.2,30103.65,1.226,-,0,-187.2,0股,39.36%,1414646.37,7.53%
2025-09-11,基金,黄金ETF(518880.XSHG),多,14100股,14100股,7.923,111714.3,43287.43,4.853,-,0,-338.4,0股,63.26%,1414646.37,7.9%
2025-09-11,股票,长江电力(600900.XSHG),多,4500股,4500股,28,126000,16482.5,24.337,-,0,-45,0股,15.05%,1414646.37,8.91%
2025-09-11,股票,农业银行(601288.XSHG),多,11900股,11900股,7.28,86632,45382.13,3.466,-,0,-119,0股,110.02%,1414646.37,6.12%
2025-09-11,,Cash,,,,,11014.87,,,,,,,,0
2025-09-12,基金,豆粕ETF华夏(159985.XSHE),多,70100股,70100股,2.009,140830.9,10470.8,1.86,-,0,280.4,0股,8.03%,1414322.47,9.96%
2025-09-12,基金,10年地债(511270.XSHG),多,7100股,7100股,117.117,831530.7,102238.83,102.717,-,0,-624.8,0股,14.02%,1414322.47,58.79%
2025-09-12,基金,纳指ETF(513100.XSHG),多,62400股,62400股,1.714,106953.6,30478.05,1.226,-,0,374.4,0股,39.85%,1414322.47,7.56%
2025-09-12,基金,黄金ETF(518880.XSHG),多,14100股,14100股,7.954,112151.4,43724.53,4.853,-,0,437.1,0股,63.9%,1414322.47,7.93%
2025-09-12,股票,长江电力(600900.XSHG),多,4500股,4500股,27.93,125685,16167.5,24.337,-,0,-315,0股,14.76%,1414322.47,8.89%
2025-09-12,股票,农业银行(601288.XSHG),多,11900股,11900股,7.24,86156,44906.13,3.466,-,0,-476,0股,108.86%,1414322.47,6.09%
2025-09-12,,Cash,,,,,11014.87,,,,,,,,0
2025-09-15,基金,豆粕ETF华夏(159985.XSHE),多,70100股,70100股,1.988,139358.8,8998.7,1.86,-,0,-1472.1,0股,6.9%,1411970.67,9.87%
2025-09-15,基金,10年地债(511270.XSHG),多,7100股,7100股,117.141,831701.1,102409.23,102.717,-,0,170.4,0股,14.04%,1411970.67,58.9%
2025-09-15,基金,纳指ETF(513100.XSHG),多,62400股,62400股,1.727,107764.8,31289.25,1.226,-,0,811.2,0股,40.91%,1411970.67,7.63%
2025-09-15,基金,黄金ETF(518880.XSHG),多,14100股,14100股,7.931,111827.1,43400.23,4.853,-,0,-324.3,0股,63.43%,1411970.67,7.92%
2025-09-15,股票,长江电力(600900.XSHG),多,4500股,4500股,27.8,125100,15582.5,24.337,-,0,-585,0股,14.23%,1411970.67,8.86%
2025-09-15,股票,农业银行(601288.XSHG),多,11900股,11900股,7.16,85204,43954.13,3.466,-,0,-952,0股,106.56%,1411970.67,6.03%
2025-09-15,,Cash,,,,,11014.87,,,,,,,,0
2025-09-16,基金,豆粕ETF华夏(159985.XSHE),多,70100股,70100股,1.988,139358.8,8998.7,1.86,-,0,0,0股,6.9%,1412121.07,9.87%
2025-09-16,基金,10年地债(511270.XSHG),多,7100股,7100股,117.128,831608.8,102316.93,102.717,-,0,-92.3,0股,14.03%,1412121.07,58.89%
2025-09-16,基金,纳指ETF(513100.XSHG),多,62400股,62400股,1.736,108326.4,31850.85,1.226,-,0,561.6,0股,41.65%,1412121.07,7.67%
2025-09-16,基金,黄金ETF(518880.XSHG),多,14100股,14100股,8.032,113251.2,44824.33,4.853,-,0,1424.1,0股,65.51%,1412121.07,8.02%
2025-09-16,股票,长江电力(600900.XSHG),多,4500股,4500股,27.73,124785,15267.5,24.337,-,0,-315,0股,13.94%,1412121.07,8.84%
2025-09-16,股票,农业银行(601288.XSHG),多,11900股,11900股,7.04,83776,42526.13,3.466,-,0,-1428,0股,103.09%,1412121.07,5.93%
2025-09-16,,Cash,,,,,11014.87,,,,,,,,0
2025-09-17,基金,豆粕ETF华夏(159985.XSHE),多,70100股,70100股,1.983,139008.3,8648.2,1.86,-,0,-350.5,0股,6.63%,1409266.67,9.86%
2025-09-17,基金,10年地债(511270.XSHG),多,7100股,7100股,117.125,831587.5,102295.63,102.717,-,0,-21.3,0股,14.03%,1409266.67,59.01%
2025-09-17,基金,纳指ETF(513100.XSHG),多,62400股,62400股,1.729,107889.6,31414.05,1.226,-,0,-436.8,0股,41.08%,1409266.67,7.66%
2025-09-17,基金,黄金ETF(518880.XSHG),多,14100股,14100股,7.964,112292.4,43865.53,4.853,-,0,-958.8,0股,64.11%,1409266.67,7.97%
2025-09-17,股票,长江电力(600900.XSHG),多,4500股,4500股,27.7,124650,15132.5,24.337,-,0,-135,0股,13.82%,1409266.67,8.85%
2025-09-17,股票,农业银行(601288.XSHG),多,11900股,11900股,6.96,82824,41574.13,3.466,-,0,-952,0股,100.79%,1409266.67,5.88%
2025-09-17,,Cash,,,,,11014.87,,,,,,,,0
2025-09-18,基金,豆粕ETF华夏(159985.XSHE),多,70100股,70100股,1.98,138798,8437.9,1.86,-,0,-210.3,0股,6.47%,1403231.77,9.89%
2025-09-18,基金,10年地债(511270.XSHG),多,7100股,7100股,116.241,825311.1,100989.23,102.017,-,0,-1306.4,0股,13.94%,1403231.77,58.82%
2025-09-18,基金,纳指ETF(513100.XSHG),多,62400股,62400股,1.744,108825.6,32350.05,1.226,-,0,936,0股,42.3%,1403231.77,7.76%
2025-09-18,基金,黄金ETF(518880.XSHG),多,14100股,14100股,7.862,110854.2,42427.33,4.853,-,0,-1438.2,0股,62%,1403231.77,7.9%
2025-09-18,股票,长江电力(600900.XSHG),多,4500股,4500股,27.31,122895,13377.5,24.337,-,0,-1755,0股,12.21%,1403231.77,8.76%
2025-09-18,股票,农业银行(601288.XSHG),多,11900股,11900股,6.77,80563,39313.13,3.466,-,0,-2261,0股,95.3%,1403231.77,5.74%
2025-09-18,,Cash,,,,,15984.87,,,,,,,,0
2025-09-19,基金,豆粕ETF华夏(159985.XSHE),多,70100股,70100股,1.991,139569.1,9209,1.86,-,0,771.1,0股,7.06%,1401866.97,9.96%
2025-09-19,基金,10年地债(511270.XSHG),多,7100股,7100股,116.078,824153.8,99831.93,102.017,-,0,-1157.3,0股,13.78%,1401866.97,58.79%
2025-09-19,基金,纳指ETF(513100.XSHG),多,62400股,62400股,1.751,109262.4,32786.85,1.226,-,0,436.8,0股,42.87%,1401866.97,7.79%
2025-09-19,基金,黄金ETF(518880.XSHG),多,14100股,14100股,7.898,111361.8,42934.93,4.853,-,0,507.6,0股,62.75%,1401866.97,7.94%
2025-09-19,股票,长江电力(600900.XSHG),多,4500股,4500股,27.2,122400,12882.5,24.337,-,0,-495,0股,11.76%,1401866.97,8.73%
2025-09-19,股票,农业银行(601288.XSHG),多,11900股,11900股,6.65,79135,37885.13,3.466,-,0,-1428,0股,91.84%,1401866.97,5.64%
2025-09-19,,Cash,,,,,15984.87,,,,,,,,0
2025-09-22,基金,豆粕ETF华夏(159985.XSHE),多,70100股,70100股,1.985,139148.5,8788.4,1.86,-,0,-420.6,0股,6.74%,1404575.97,9.91%
2025-09-22,基金,10年地债(511270.XSHG),多,7100股,7100股,116.364,826184.4,101862.53,102.017,-,0,2030.6,0股,14.06%,1404575.97,58.82%
2025-09-22,基金,纳指ETF(513100.XSHG),多,62400股,62400股,1.771,110510.4,34034.85,1.226,-,0,1248,0股,44.5%,1404575.97,7.87%
2025-09-22,基金,黄金ETF(518880.XSHG),多,14100股,14100股,8.048,113476.8,45049.93,4.853,-,0,2115,0股,65.84%,1404575.97,8.08%
2025-09-22,股票,长江电力(600900.XSHG),多,4500股,4500股,27.12,122040,12522.5,24.337,-,0,-360,0股,11.43%,1404575.97,8.69%
2025-09-22,股票,农业银行(601288.XSHG),多,11900股,11900股,6.49,77231,35981.13,3.466,-,0,-1904,0股,87.23%,1404575.97,5.5%
2025-09-22,,Cash,,,,,15984.87,,,,,,,,0
2025-09-23,基金,豆粕ETF华夏(159985.XSHE),多,70100股,70100股,1.942,136134.2,5774.1,1.86,-,0,-3014.3,0股,4.43%,1406421.37,9.68%
2025-09-23,基金,10年地债(511270.XSHG),多,7100股,7100股,116.21,825091,100769.13,102.017,-,0,-1093.4,0股,13.91%,1406421.37,58.67%
2025-09-23,基金,纳指ETF(513100.XSHG),多,62400股,62400股,1.8,112320,35844.45,1.226,-,0,1809.6,0股,46.87%,1406421.37,7.99%
2025-09-23,基金,黄金ETF(518880.XSHG),多,14100股,14100股,8.143,114816.3,46389.43,4.853,-,0,1339.5,0股,67.79%,1406421.37,8.16%
2025-09-23,股票,长江电力(600900.XSHG),多,4500股,4500股,27.32,122940,13422.5,24.337,-,0,900,0股,12.26%,1406421.37,8.74%
2025-09-23,股票,农业银行(601288.XSHG),多,11900股,11900股,6.65,79135,37885.13,3.466,-,0,1904,0股,91.84%,1406421.37,5.63%
2025-09-23,,Cash,,,,,15984.87,,,,,,,,0
2025-09-24,基金,豆粕ETF华夏(159985.XSHE),多,70100股,70100股,1.952,136835.2,6475.1,1.86,-,0,701,0股,4.97%,1405759.57,9.73%
2025-09-24,基金,10年地债(511270.XSHG),多,7100股,7100股,116.235,825268.5,100946.63,102.017,-,0,177.5,0股,13.94%,1405759.57,58.71%
2025-09-24,基金,纳指ETF(513100.XSHG),多,62400股,62400股,1.785,111384,34908.45,1.226,-,0,-936,0股,45.65%,1405759.57,7.92%
2025-09-24,基金,黄金ETF(518880.XSHG),多,14100股,14100股,8.19,115479,47052.13,4.853,-,0,662.7,0股,68.76%,1405759.57,8.21%
2025-09-24,股票,长江电力(600900.XSHG),多,4500股,4500股,27.25,122625,13107.5,24.337,-,0,-315,0股,11.97%,1405759.57,8.72%
2025-09-24,股票,农业银行(601288.XSHG),多,11900股,11900股,6.57,78183,36933.13,3.466,-,0,-952,0股,89.54%,1405759.57,5.56%
2025-09-24,,Cash,,,,,15984.87,,,,,,,,0
2025-09-25,基金,豆粕ETF华夏(159985.XSHE),多,70100股,70100股,1.961,137466.1,7106,1.86,-,0,630.9,0股,5.45%,1405341.67,9.78%
2025-09-25,基金,10年地债(511270.XSHG),多,7100股,7100股,116.135,824558.5,100236.63,102.017,-,0,-710,0股,13.84%,1405341.67,58.67%
2025-09-25,基金,纳指ETF(513100.XSHG),多,62400股,62400股,1.779,111009.6,34534.05,1.226,-,0,-374.4,0股,45.16%,1405341.67,7.9%
2025-09-25,基金,黄金ETF(518880.XSHG),多,14100股,14100股,8.146,114858.6,46431.73,4.853,-,0,-620.4,0股,67.86%,1405341.67,8.17%
2025-09-25,股票,长江电力(600900.XSHG),多,4500股,4500股,27.29,122805,13287.5,24.337,-,0,180,0股,12.13%,1405341.67,8.74%
2025-09-25,股票,农业银行(601288.XSHG),多,11900股,11900股,6.61,78659,37409.13,3.466,-,0,476,0股,90.69%,1405341.67,5.6%
2025-09-25,,Cash,,,,,15984.87,,,,,,,,0
2025-09-26,基金,豆粕ETF华夏(159985.XSHE),多,70100股,70100股,1.948,136554.8,6194.7,1.86,-,0,-911.3,0股,4.75%,1405988.37,9.71%
2025-09-26,基金,10年地债(511270.XSHG),多,7100股,7100股,116.187,824927.7,100605.83,102.017,-,0,369.2,0股,13.89%,1405988.37,58.67%
2025-09-26,基金,纳指ETF(513100.XSHG),多,62400股,62400股,1.78,111072,34596.45,1.226,-,0,62.4,0股,45.24%,1405988.37,7.9%
2025-09-26,基金,黄金ETF(518880.XSHG),多,14100股,14100股,8.16,115056,46629.13,4.853,-,0,197.4,0股,68.14%,1405988.37,8.18%
2025-09-26,股票,长江电力(600900.XSHG),多,4500股,4500股,27.47,123615,14097.5,24.337,-,0,810,0股,12.87%,1405988.37,8.79%
2025-09-26,股票,农业银行(601288.XSHG),多,11900股,11900股,6.62,78778,37528.13,3.466,-,0,119,0股,90.98%,1405988.37,5.6%
2025-09-26,,Cash,,,,,15984.87,,,,,,,,0
2025-09-29,基金,豆粕ETF华夏(159985.XSHE),多,70100股,70100股,1.938,135853.8,5493.7,1.86,-,0,-701,0股,4.21%,1406427.87,9.66%
2025-09-29,基金,10年地债(511270.XSHG),多,7100股,7100股,116.083,824189.3,99867.43,102.017,-,0,-738.4,0股,13.79%,1406427.87,58.6%
2025-09-29,基金,纳指ETF(513100.XSHG),多,62400股,62400股,1.8,112320,35844.45,1.226,-,0,1248,0股,46.87%,1406427.87,7.99%
2025-09-29,基金,黄金ETF(518880.XSHG),多,14100股,14100股,8.259,116451.9,48025.03,4.853,-,0,1395.9,0股,70.18%,1406427.87,8.28%
2025-09-29,股票,长江电力(600900.XSHG),多,4500股,4500股,27.3,122850,13332.5,24.337,-,0,-765,0股,12.17%,1406427.87,8.73%
2025-09-29,股票,农业银行(601288.XSHG),多,11900股,11900股,6.62,78778,37528.13,3.466,-,0,0,0股,90.98%,1406427.87,5.6%
2025-09-29,,Cash,,,,,15984.87,,,,,,,,0
2025-09-30,基金,豆粕ETF华夏(159985.XSHE),多,70100股,70100股,1.938,135853.8,5493.7,1.86,-,0,0,0股,4.21%,1410412.67,9.63%
2025-09-30,基金,10年地债(511270.XSHG),多,7100股,7100股,116.319,825864.9,101543.03,102.017,-,0,1675.6,0股,14.02%,1410412.67,58.55%
2025-09-30,基金,纳指ETF(513100.XSHG),多,62400股,62400股,1.813,113131.2,36655.65,1.226,-,0,811.2,0股,47.93%,1410412.67,8.02%
2025-09-30,基金,黄金ETF(518880.XSHG),多,14100股,14100股,8.339,117579.9,49153.03,4.853,-,0,1128,0股,71.83%,1410412.67,8.34%
2025-09-30,股票,长江电力(600900.XSHG),多,4500股,4500股,27.25,122625,13107.5,24.337,-,0,-225,0股,11.97%,1410412.67,8.69%
2025-09-30,股票,农业银行(601288.XSHG),多,11900股,11900股,6.67,79373,38123.13,3.466,-,0,595,0股,92.42%,1410412.67,5.63%
2025-09-30,,Cash,,,,,15984.87,,,,,,,,0
2025-10-09,基金,豆粕ETF华夏(159985.XSHE),多,70100股,70100股,1.943,136204.3,5844.2,1.86,-,0,350.5,0股,4.48%,1421500.47,9.58%
2025-10-09,基金,10年地债(511270.XSHG),多,7100股,7100股,116.4,826440,102118.13,102.017,-,0,575.1,0股,14.1%,1421500.47,58.14%
2025-10-09,基金,纳指ETF(513100.XSHG),多,62400股,62400股,1.851,115502.4,39026.85,1.226,-,0,2371.2,0股,51.03%,1421500.47,8.13%
2025-10-09,基金,黄金ETF(518880.XSHG),多,14100股,14100股,8.729,123078.9,54652.03,4.853,-,0,5499,0股,79.87%,1421500.47,8.66%
2025-10-09,股票,长江电力(600900.XSHG),多,4500股,4500股,27.68,124560,15042.5,24.337,-,0,1935,0股,13.74%,1421500.47,8.76%
2025-10-09,股票,农业银行(601288.XSHG),多,11900股,11900股,6.7,79730,38480.13,3.466,-,0,357,0股,93.29%,1421500.47,5.61%
2025-10-09,,Cash,,,,,15984.87,,,,,,,,0
2025-10-10,基金,豆粕ETF华夏(159985.XSHE),多,70100股,70100股,1.939,135923.9,5563.8,1.86,-,0,-280.4,0股,4.27%,1421833.97,9.56%
2025-10-10,基金,10年地债(511270.XSHG),多,7100股,7100股,116.41,826511,102189.13,102.017,-,0,71,0股,14.11%,1421833.97,58.13%
2025-10-10,基金,纳指ETF(513100.XSHG),多,62400股,62400股,1.86,116064,39588.45,1.226,-,0,561.6,0股,51.77%,1421833.97,8.16%
2025-10-10,基金,黄金ETF(518880.XSHG),多,14100股,14100股,8.602,121288.2,52861.33,4.853,-,0,-1790.7,0股,77.25%,1421833.97,8.53%
2025-10-10,股票,长江电力(600900.XSHG),多,4500股,4500股,27.73,124785,15267.5,24.337,-,0,225,0股,13.94%,1421833.97,8.78%
2025-10-10,股票,农业银行(601288.XSHG),多,11900股,11900股,6.83,81277,40027.13,3.466,-,0,1547,0股,97.04%,1421833.97,5.72%
2025-10-10,,Cash,,,,,15984.87,,,,,,,,0
2025-10-13,基金,豆粕ETF华夏(159985.XSHE),多,70100股,70100股,1.951,136765.1,6405,1.86,-,0,841.2,0股,4.91%,1426189.97,9.59%
2025-10-13,基金,10年地债(511270.XSHG),多,7100股,7100股,116.495,827114.5,102792.63,102.017,-,0,603.5,0股,14.19%,1426189.97,57.99%
2025-10-13,基金,纳指ETF(513100.XSHG),多,62400股,62400股,1.829,114129.6,37654.05,1.226,-,0,-1934.4,0股,49.24%,1426189.97,8%
2025-10-13,基金,黄金ETF(518880.XSHG),多,14100股,14100股,8.859,124911.9,56485.03,4.853,-,0,3623.7,0股,82.55%,1426189.97,8.76%
2025-10-13,股票,长江电力(600900.XSHG),多,4500股,4500股,27.79,125055,15537.5,24.337,-,0,270,0股,14.19%,1426189.97,8.77%
2025-10-13,股票,农业银行(601288.XSHG),多,11900股,11900股,6.91,82229,40979.13,3.466,-,0,952,0股,99.34%,1426189.97,5.77%
2025-10-13,,Cash,,,,,15984.87,,,,,,,,0
2025-10-14,基金,豆粕ETF华夏(159985.XSHE),多,70100股,70100股,1.938,135853.8,5493.7,1.86,-,0,-911.3,0股,4.21%,1431113.87,9.49%
2025-10-14,基金,10年地债(511270.XSHG),多,7100股,7100股,116.756,828967.6,104645.73,102.017,-,0,1853.1,0股,14.45%,1431113.87,57.92%
2025-10-14,基金,纳指ETF(513100.XSHG),多,62400股,62400股,1.81,112944,36468.45,1.226,-,0,-1185.6,0股,47.69%,1431113.87,7.89%
2025-10-14,基金,黄金ETF(518880.XSHG),多,14100股,14100股,8.976,126561.6,58134.73,4.853,-,0,1649.7,0股,84.96%,1431113.87,8.84%
2025-10-14,股票,长江电力(600900.XSHG),多,4500股,4500股,27.99,125955,16437.5,24.337,-,0,900,0股,15.01%,1431113.87,8.8%
2025-10-14,股票,农业银行(601288.XSHG),多,11900股,11900股,7.13,84847,43597.13,3.466,-,0,2618,0股,105.69%,1431113.87,5.93%
2025-10-14,,Cash,,,,,15984.87,,,,,,,,0
2025-10-15,基金,豆粕ETF华夏(159985.XSHE),多,70100股,70100股,1.938,135853.8,5493.7,1.86,-,0,0,0股,4.21%,1435753.57,9.46%
2025-10-15,基金,10年地债(511270.XSHG),多,7100股,7100股,116.662,828300.2,103978.33,102.017,-,0,-667.4,0股,14.36%,1435753.57,57.69%
2025-10-15,基金,纳指ETF(513100.XSHG),多,62400股,62400股,1.825,113880,37404.45,1.226,-,0,936,0股,48.91%,1435753.57,7.93%
2025-10-15,基金,黄金ETF(518880.XSHG),多,14100股,14100股,9.187,129536.7,61109.83,4.853,-,0,2975.1,0股,89.31%,1435753.57,9.02%
2025-10-15,股票,长江电力(600900.XSHG),多,4500股,4500股,27.93,125685,16167.5,24.337,-,0,-270,0股,14.76%,1435753.57,8.75%
2025-10-15,股票,农业银行(601288.XSHG),多,11900股,11900股,7.27,86513,45263.13,3.466,-,0,1666,0股,109.73%,1435753.57,6.03%
2025-10-15,,Cash,,,,,15984.87,,,,,,,,0
2025-10-16,基金,豆粕ETF华夏(159985.XSHE),多,65000股,65000股,1.942,126230,5354.02,1.86,-,0,260,0股,4.43%,1442593.48,8.75%
2025-10-16,基金,10年地债(511270.XSHG),多,7100股,7100股,116.816,829393.6,105071.73,102.017,-,0,1093.4,0股,14.51%,1442593.48,57.49%
2025-10-16,基金,纳指ETF(513100.XSHG),多,97200股,97200股,1.838,178653.6,38772.45,1.439,-,0,1368,34800股,27.72%,1442593.48,12.38%
2025-10-16,基金,黄金ETF(518880.XSHG),多,12100股,12100股,9.244,111852.4,53131.47,4.853,-,0,689.7,0股,90.48%,1442593.48,7.75%
2025-10-16,股票,长江电力(600900.XSHG),多,4100股,4100股,28.16,115456,15673.39,24.337,-,0,943,0股,15.71%,1442593.48,8%
2025-10-16,股票,农业银行(601288.XSHG),多,10800股,10800股,7.49,80892,43455.14,3.466,-,0,2376,0股,116.08%,1442593.48,5.61%
2025-10-16,,Cash,,,,,115.88,,,,,,,,0
2025-10-17,基金,豆粕ETF华夏(159985.XSHE),多,65000股,65000股,1.92,124800,3924.02,1.86,-,0,-1430,0股,3.25%,1444256.58,8.64%
2025-10-17,基金,10年地债(511270.XSHG),多,7100股,7100股,116.955,830380.5,106058.63,102.017,-,0,986.9,0股,14.64%,1444256.58,57.5%
2025-10-17,基金,纳指ETF(513100.XSHG),多,97200股,97200股,1.807,175640.4,35759.25,1.439,-,0,-3013.2,0股,25.56%,1444256.58,12.16%
2025-10-17,基金,黄金ETF(518880.XSHG),多,12100股,12100股,9.568,115772.8,57051.87,4.853,-,0,3920.4,0股,97.16%,1444256.58,8.02%
2025-10-17,股票,长江电力(600900.XSHG),多,4100股,4100股,28.11,115251,15468.39,24.337,-,0,-205,0股,15.5%,1444256.58,7.98%
2025-10-17,股票,农业银行(601288.XSHG),多,10800股,10800股,7.62,82296,44859.14,3.466,-,0,1404,0股,119.83%,1444256.58,5.7%
2025-10-17,,Cash,,,,,115.88,,,,,,,,0
2025-10-20,基金,豆粕ETF华夏(159985.XSHE),多,65000股,65000股,1.928,125320,4444.02,1.86,-,0,520,0股,3.68%,1446428.88,8.66%
2025-10-20,基金,10年地债(511270.XSHG),多,7100股,7100股,116.824,829450.4,105128.53,102.017,-,0,-930.1,0股,14.51%,1446428.88,57.34%
2025-10-20,基金,纳指ETF(513100.XSHG),多,97200股,97200股,1.859,180694.8,40813.65,1.439,-,0,5054.4,0股,29.18%,1446428.88,12.49%
2025-10-20,基金,黄金ETF(518880.XSHG),多,12100股,12100股,9.268,112142.8,53421.87,4.853,-,0,-3630,0股,90.98%,1446428.88,7.75%
2025-10-20,股票,长江电力(600900.XSHG),多,4100股,4100股,28.05,115005,15222.39,24.337,-,0,-246,0股,15.26%,1446428.88,7.95%
2025-10-20,股票,农业银行(601288.XSHG),多,10800股,10800股,7.75,83700,46263.14,3.466,-,0,1404,0股,123.58%,1446428.88,5.79%
2025-10-20,,Cash,,,,,115.88,,,,,,,,0
2025-10-21,基金,豆粕ETF华夏(159985.XSHE),多,65000股,65000股,1.935,125775,4899.02,1.86,-,0,455,0股,4.05%,1451789.28,8.66%
2025-10-21,基金,10年地债(511270.XSHG),多,7100股,7100股,116.828,829478.8,105156.93,102.017,-,0,28.4,0股,14.52%,1451789.28,57.13%
2025-10-21,基金,纳指ETF(513100.XSHG),多,97200股,97200股,1.873,182055.6,42174.45,1.439,-,0,1360.8,0股,30.15%,1451789.28,12.54%
2025-10-21,基金,黄金ETF(518880.XSHG),多,12100股,12100股,9.49,114829,56108.07,4.853,-,0,2686.2,0股,95.55%,1451789.28,7.91%
2025-10-21,股票,长江电力(600900.XSHG),多,4100股,4100股,27.91,114431,14648.39,24.337,-,0,-574,0股,14.68%,1451789.28,7.88%
2025-10-21,股票,农业银行(601288.XSHG),多,10800股,10800股,7.88,85104,47667.14,3.466,-,0,1404,0股,127.33%,1451789.28,5.86%
2025-10-21,,Cash,,,,,115.88,,,,,,,,0
2025-10-22,基金,豆粕ETF华夏(159985.XSHE),多,65000股,65000股,1.935,125775,4899.02,1.86,-,0,0,0股,4.05%,1450805.68,8.67%
2025-10-22,基金,10年地债(511270.XSHG),多,7100股,7100股,116.821,829429.1,105107.23,102.017,-,0,-49.7,0股,14.51%,1450805.68,57.17%
2025-10-22,基金,纳指ETF(513100.XSHG),多,97200股,97200股,1.883,183027.6,43146.45,1.439,-,0,972,0股,30.85%,1450805.68,12.62%
2025-10-22,基金,黄金ETF(518880.XSHG),多,12100股,12100股,9.101,110122.1,51401.17,4.853,-,0,-4706.9,0股,87.53%,1450805.68,7.59%
2025-10-22,股票,长江电力(600900.XSHG),多,4100股,4100股,28.04,114964,15181.39,24.337,-,0,533,0股,15.21%,1450805.68,7.92%
2025-10-22,股票,农业银行(601288.XSHG),多,10800股,10800股,8.09,87372,49935.14,3.466,-,0,2268,0股,133.38%,1450805.68,6.02%
2025-10-22,,Cash,,,,,115.88,,,,,,,,0
2025-10-23,基金,豆粕ETF华夏(159985.XSHE),多,65000股,65000股,1.96,127400,6524.02,1.86,-,0,1625,0股,5.4%,1450465.78,8.78%
2025-10-23,基金,10年地债(511270.XSHG),多,7100股,7100股,116.769,829059.9,104738.03,102.017,-,0,-369.2,0股,14.46%,1450465.78,57.16%
2025-10-23,基金,纳指ETF(513100.XSHG),多,97200股,97200股,1.883,183027.6,43146.45,1.439,-,0,0,0股,30.85%,1450465.78,12.62%
2025-10-23,基金,黄金ETF(518880.XSHG),多,12100股,12100股,8.994,108827.4,50106.47,4.853,-,0,-1294.7,0股,85.33%,1450465.78,7.5%
2025-10-23,股票,长江电力(600900.XSHG),多,4100股,4100股,28.23,115743,15960.39,24.337,-,0,779,0股,16%,1450465.78,7.98%
2025-10-23,股票,农业银行(601288.XSHG),多,10800股,10800股,7.99,86292,48855.14,3.466,-,0,-1080,0股,130.5%,1450465.78,5.95%
2025-10-23,,Cash,,,,,115.88,,,,,,,,0
2025-10-24,基金,豆粕ETF华夏(159985.XSHE),多,65000股,65000股,1.955,127075,6199.02,1.86,-,0,-325,0股,5.13%,1451404.78,8.76%
2025-10-24,基金,10年地债(511270.XSHG),多,7100股,7100股,116.785,829173.5,104851.63,102.017,-,0,113.6,0股,14.48%,1451404.78,57.13%
2025-10-24,基金,纳指ETF(513100.XSHG),多,97200股,97200股,1.902,184874.4,44993.25,1.439,-,0,1846.8,0股,32.17%,1451404.78,12.74%
2025-10-24,基金,黄金ETF(518880.XSHG),多,12100股,12100股,8.95,108295,49574.07,4.853,-,0,-532.4,0股,84.42%,1451404.78,7.46%
2025-10-24,股票,长江电力(600900.XSHG),多,4100股,4100股,28.19,115579,15796.39,24.337,-,0,-164,0股,15.83%,1451404.78,7.96%
2025-10-24,股票,农业银行(601288.XSHG),多,10800股,10800股,7.99,86292,48855.14,3.466,-,0,0,0股,130.5%,1451404.78,5.95%
2025-10-24,,Cash,,,,,115.88,,,,,,,,0
2025-10-27,基金,豆粕ETF华夏(159985.XSHE),多,65000股,65000股,1.97,128050,7174.02,1.86,-,0,975,0股,5.94%,1460079.38,8.77%
2025-10-27,基金,10年地债(511270.XSHG),多,7100股,7100股,116.839,829556.9,105235.03,102.017,-,0,383.4,0股,14.53%,1460079.38,56.82%
2025-10-27,基金,纳指ETF(513100.XSHG),多,97200股,97200股,1.956,190123.2,50242.05,1.439,-,0,5248.8,0股,35.92%,1460079.38,13.02%
2025-10-27,基金,黄金ETF(518880.XSHG),多,12100股,12100股,8.914,107859.4,49138.47,4.853,-,0,-435.6,0股,83.68%,1460079.38,7.39%
2025-10-27,股票,长江电力(600900.XSHG),多,4100股,4100股,28.3,116030,16247.39,24.337,-,0,451,0股,16.28%,1460079.38,7.95%
2025-10-27,股票,农业银行(601288.XSHG),多,10800股,10800股,8.18,88344,50907.14,3.466,-,0,2052,0股,135.98%,1460079.38,6.05%
2025-10-27,,Cash,,,,,115.88,,,,,,,,0
2025-10-28,基金,豆粕ETF华夏(159985.XSHE),多,65000股,65000股,1.969,127985,7109.02,1.86,-,0,-65,0股,5.88%,1459952.98,8.77%
2025-10-28,基金,10年地债(511270.XSHG),多,7100股,7100股,117.012,830785.2,106463.33,102.017,-,0,1228.3,0股,14.7%,1459952.98,56.9%
2025-10-28,基金,纳指ETF(513100.XSHG),多,97200股,97200股,1.961,190609.2,50728.05,1.439,-,0,486,0股,36.27%,1459952.98,13.06%
2025-10-28,基金,黄金ETF(518880.XSHG),多,12100股,12100股,8.597,104023.7,45302.77,4.853,-,0,-3835.7,0股,77.15%,1459952.98,7.13%
2025-10-28,股票,长江电力(600900.XSHG),多,4100股,4100股,28.46,116686,16903.39,24.337,-,0,656,0股,16.94%,1459952.98,7.99%
2025-10-28,股票,农业银行(601288.XSHG),多,10800股,10800股,8.31,89748,52311.14,3.466,-,0,1404,0股,139.73%,1459952.98,6.15%
2025-10-28,,Cash,,,,,115.88,,,,,,,,0
2025-10-29,基金,豆粕ETF华夏(159985.XSHE),多,65000股,65000股,1.962,127530,6654.02,1.86,-,0,-455,0股,5.5%,1461991.98,8.72%
2025-10-29,基金,10年地债(511270.XSHG),多,7100股,7100股,117.009,830763.9,106442.03,102.017,-,0,-21.3,0股,14.7%,1461991.98,56.82%
2025-10-29,基金,纳指ETF(513100.XSHG),多,97200股,97200股,2,194400,54518.85,1.439,-,0,3790.8,0股,38.98%,1461991.98,13.3%
2025-10-29,基金,黄金ETF(518880.XSHG),多,12100股,12100股,8.692,105173.2,46452.27,4.853,-,0,1149.5,0股,79.11%,1461991.98,7.19%
2025-10-29,股票,长江电力(600900.XSHG),多,4100股,4100股,28.29,115989,16206.39,24.337,-,0,-697,0股,16.24%,1461991.98,7.93%
2025-10-29,股票,农业银行(601288.XSHG),多,10800股,10800股,8.15,88020,50583.14,3.466,-,0,-1728,0股,135.12%,1461991.98,6.02%
2025-10-29,,Cash,,,,,115.88,,,,,,,,0
2025-10-30,基金,豆粕ETF华夏(159985.XSHE),多,65000股,65000股,1.951,126815,5939.02,1.86,-,0,-715,0股,4.91%,1460873.28,8.68%
2025-10-30,基金,10年地债(511270.XSHG),多,7100股,7100股,117.17,831907,107585.13,102.017,-,0,1143.1,0股,14.85%,1460873.28,56.95%
2025-10-30,基金,纳指ETF(513100.XSHG),多,97200股,97200股,1.985,192942,53060.85,1.439,-,0,-1458,0股,37.93%,1460873.28,13.21%
2025-10-30,基金,黄金ETF(518880.XSHG),多,12100股,12100股,8.704,105318.4,46597.47,4.853,-,0,145.2,0股,79.35%,1460873.28,7.21%
2025-10-30,股票,长江电力(600900.XSHG),多,4100股,4100股,28.47,116727,16944.39,24.337,-,0,738,0股,16.98%,1460873.28,7.99%
2025-10-30,股票,农业银行(601288.XSHG),多,10800股,10800股,8.06,87048,49611.14,3.466,-,0,-972,0股,132.52%,1460873.28,5.96%
2025-10-30,,Cash,,,,,115.88,,,,,,,,0
2025-10-31,基金,豆粕ETF华夏(159985.XSHE),多,65000股,65000股,1.958,127270,6394.02,1.86,-,0,455,0股,5.29%,1459975.98,8.72%
2025-10-31,基金,10年地债(511270.XSHG),多,7100股,7100股,117.233,832354.3,108032.43,102.017,-,0,447.3,0股,14.91%,1459975.98,57.01%
2025-10-31,基金,纳指ETF(513100.XSHG),多,97200股,97200股,1.982,192650.4,52769.25,1.439,-,0,-291.6,0股,37.72%,1459975.98,13.2%
2025-10-31,基金,黄金ETF(518880.XSHG),多,12100股,12100股,8.794,106407.4,47686.47,4.853,-,0,1089,0股,81.21%,1459975.98,7.29%
2025-10-31,股票,长江电力(600900.XSHG),多,4100股,4100股,28.1,115210,15427.39,24.337,-,0,-1517,0股,15.46%,1459975.98,7.89%
2025-10-31,股票,农业银行(601288.XSHG),多,10800股,10800股,7.96,85968,48531.14,3.466,-,0,-1080,0股,129.63%,1459975.98,5.89%
2025-10-31,,Cash,,,,,115.88,,,,,,,,0
2025-11-03,基金,豆粕ETF华夏(159985.XSHE),多,65000股,65000股,1.964,127660,6784.02,1.86,-,0,390,0股,5.61%,1461163.28,8.74%
2025-11-03,基金,10年地债(511270.XSHG),多,7100股,7100股,117.225,832297.5,107975.63,102.017,-,0,-56.8,0股,14.91%,1461163.28,56.96%
2025-11-03,基金,纳指ETF(513100.XSHG),多,97200股,97200股,1.976,192067.2,52186.05,1.439,-,0,-583.2,0股,37.31%,1461163.28,13.14%
2025-11-03,基金,黄金ETF(518880.XSHG),多,12100股,12100股,8.797,106443.7,47722.77,4.853,-,0,36.3,0股,81.27%,1461163.28,7.28%
2025-11-03,股票,长江电力(600900.XSHG),多,4100股,4100股,28.31,116071,16288.39,24.337,-,0,861,0股,16.32%,1461163.28,7.94%
2025-11-03,股票,农业银行(601288.XSHG),多,10800股,10800股,8.01,86508,49071.14,3.466,-,0,540,0股,131.08%,1461163.28,5.92%
2025-11-03,,Cash,,,,,115.88,,,,,,,,0
2025-11-04,基金,豆粕ETF华夏(159985.XSHE),多,65000股,65000股,1.952,126880,6004.02,1.86,-,0,-780,0股,4.97%,1458873.28,8.7%
2025-11-04,基金,10年地债(511270.XSHG),多,7100股,7100股,117.227,832311.7,107989.83,102.017,-,0,14.2,0股,14.91%,1458873.28,57.05%
2025-11-04,基金,纳指ETF(513100.XSHG),多,97200股,97200股,1.94,188568,48686.85,1.439,-,0,-3499.2,0股,34.81%,1458873.28,12.93%
2025-11-04,基金,黄金ETF(518880.XSHG),多,12100股,12100股,8.737,105717.7,46996.77,4.853,-,0,-726,0股,80.03%,1458873.28,7.25%
2025-11-04,股票,长江电力(600900.XSHG),多,4100股,4100股,28.6,117260,17477.39,24.337,-,0,1189,0股,17.52%,1458873.28,8.04%
2025-11-04,股票,农业银行(601288.XSHG),多,10800股,10800股,8.15,88020,50583.14,3.466,-,0,1512,0股,135.12%,1458873.28,6.03%
2025-11-04,,Cash,,,,,115.88,,,,,,,,0
2025-11-05,基金,豆粕ETF华夏(159985.XSHE),多,65000股,65000股,1.984,128960,8084.02,1.86,-,0,2080,0股,6.69%,1457825.98,8.85%
2025-11-05,基金,10年地债(511270.XSHG),多,7100股,7100股,117.281,832695.1,108373.23,102.017,-,0,383.4,0股,14.96%,1457825.98,57.12%
2025-11-05,基金,纳指ETF(513100.XSHG),多,97200股,97200股,1.912,185846.4,45965.25,1.439,-,0,-2721.6,0股,32.86%,1457825.98,12.75%
2025-11-05,基金,黄金ETF(518880.XSHG),多,12100股,12100股,8.706,105342.6,46621.67,4.853,-,0,-375.1,0股,79.4%,1457825.98,7.23%
2025-11-05,股票,长江电力(600900.XSHG),多,4100股,4100股,28.42,116522,16739.39,24.337,-,0,-738,0股,16.78%,1457825.98,7.99%
2025-11-05,股票,农业银行(601288.XSHG),多,10800股,10800股,8.18,88344,50907.14,3.466,-,0,324,0股,135.98%,1457825.98,6.06%
2025-11-05,,Cash,,,,,115.88,,,,,,,,0
2025-11-06,基金,豆粕ETF华夏(159985.XSHE),多,65000股,65000股,1.976,128440,7564.02,1.86,-,0,-520,0股,6.26%,1461607.28,8.79%
2025-11-06,基金,10年地债(511270.XSHG),多,7100股,7100股,117.281,832695.1,108373.23,102.017,-,0,0,0股,14.96%,1461607.28,56.97%
2025-11-06,基金,纳指ETF(513100.XSHG),多,97200股,97200股,1.949,189442.8,49561.65,1.439,-,0,3596.4,0股,35.43%,1461607.28,12.96%
2025-11-06,基金,黄金ETF(518880.XSHG),多,12100股,12100股,8.755,105935.5,47214.57,4.853,-,0,592.9,0股,80.4%,1461607.28,7.25%
2025-11-06,股票,长江电力(600900.XSHG),多,4100股,4100股,28.5,116850,17067.39,24.337,-,0,328,0股,17.1%,1461607.28,7.99%
2025-11-06,股票,农业银行(601288.XSHG),多,10800股,10800股,8.16,88128,50691.14,3.466,-,0,-216,0股,135.4%,1461607.28,6.03%
2025-11-06,,Cash,,,,,115.88,,,,,,,,0
2025-11-07,基金,豆粕ETF华夏(159985.XSHE),多,65000股,65000股,1.974,128310,7434.02,1.86,-,0,-130,0股,6.15%,1459072.98,8.79%
2025-11-07,基金,10年地债(511270.XSHG),多,7100股,7100股,117.33,833043,108721.13,102.017,-,0,347.9,0股,15.01%,1459072.98,57.09%
2025-11-07,基金,纳指ETF(513100.XSHG),多,97200股,97200股,1.924,187012.8,47131.65,1.439,-,0,-2430,0股,33.69%,1459072.98,12.82%
2025-11-07,基金,黄金ETF(518880.XSHG),多,12100股,12100股,8.793,106395.3,47674.37,4.853,-,0,459.8,0股,81.19%,1459072.98,7.29%
2025-11-07,股票,长江电力(600900.XSHG),多,4100股,4100股,28.52,116932,17149.39,24.337,-,0,82,0股,17.19%,1459072.98,8.01%
2025-11-07,股票,农业银行(601288.XSHG),多,10800股,10800股,8.08,87264,49827.14,3.466,-,0,-864,0股,133.1%,1459072.98,5.98%
2025-11-07,,Cash,,,,,115.88,,,,,,,,0
2025-11-10,基金,豆粕ETF华夏(159985.XSHE),多,65300股,65300股,1.976,129032.8,7562.22,1.86,-,0,128.2,300股,6.23%,1464138.03,8.81%
2025-11-10,基金,10年地债(511270.XSHG),多,7200股,7200股,117.365,845028,108969.13,102.23,-,0,248,100股,14.8%,1464138.03,57.72%
2025-11-10,基金,纳指ETF(513100.XSHG),多,86000股,86000股,1.951,167786,44022.84,1.439,-,0,2322,0股,35.57%,1464138.03,11.46%
2025-11-10,基金,黄金ETF(518880.XSHG),多,13000股,13000股,8.936,116168,49462.27,5.131,-,0,1787.9,900股,74.15%,1464138.03,7.93%
2025-11-10,股票,长江电力(600900.XSHG),多,4000股,4000股,28.53,114120,16771.11,24.337,-,0,40,0股,17.23%,1464138.03,7.79%
2025-11-10,股票,农业银行(601288.XSHG),多,10500股,10500股,8.12,85260,48863.06,3.466,-,0,420,0股,134.25%,1464138.03,5.82%
2025-11-10,,Cash,,,,,6743.23,,,,,,,,0
2025-11-11,基金,豆粕ETF华夏(159985.XSHE),多,65300股,65300股,1.972,128771.6,7301.02,1.86,-,0,-261.2,0股,6.01%,1469050.43,8.77%
2025-11-11,基金,10年地债(511270.XSHG),多,7200股,7200股,117.448,845625.6,109566.73,102.23,-,0,597.6,0股,14.89%,1469050.43,57.56%
2025-11-11,基金,纳指ETF(513100.XSHG),多,86000股,86000股,1.959,168474,44710.84,1.439,-,0,688,0股,36.13%,1469050.43,11.47%
2025-11-11,基金,黄金ETF(518880.XSHG),多,13000股,13000股,9.062,117806,51100.27,5.131,-,0,1638,0股,76.61%,1469050.43,8.02%
2025-11-11,股票,长江电力(600900.XSHG),多,4000股,4000股,28.62,114480,17131.11,24.337,-,0,360,0股,17.6%,1469050.43,7.79%
2025-11-11,股票,农业银行(601288.XSHG),多,10500股,10500股,8.3,87150,50753.06,3.466,-,0,1890,0股,139.44%,1469050.43,5.93%
2025-11-11,,Cash,,,,,6743.23,,,,,,,,0
2025-11-12,基金,豆粕ETF华夏(159985.XSHE),多,65300股,65300股,1.975,128967.5,7496.92,1.86,-,0,195.9,0股,6.17%,1473544.33,8.75%
2025-11-12,基金,10年地债(511270.XSHG),多,7200股,7200股,117.508,846057.6,109998.73,102.23,-,0,432,0股,14.94%,1473544.33,57.42%
2025-11-12,基金,纳指ETF(513100.XSHG),多,86000股,86000股,1.974,169764,46000.84,1.439,-,0,1290,0股,37.17%,1473544.33,11.52%
2025-11-12,基金,黄金ETF(518880.XSHG),多,13000股,13000股,9.029,117377,50671.27,5.131,-,0,-429,0股,75.96%,1473544.33,7.97%
2025-11-12,股票,长江电力(600900.XSHG),多,4000股,4000股,28.61,114440,17091.11,24.337,-,0,-40,0股,17.56%,1473544.33,7.77%
2025-11-12,股票,农业银行(601288.XSHG),多,10500股,10500股,8.59,90195,53798.06,3.466,-,0,3045,0股,147.81%,1473544.33,6.12%
2025-11-12,,Cash,,,,,6743.23,,,,,,,,0
2025-11-13,基金,豆粕ETF华夏(159985.XSHE),多,65300股,65300股,1.98,129294,7823.42,1.86,-,0,326.5,0股,6.44%,1474615.03,8.77%
2025-11-13,基金,10年地债(511270.XSHG),多,7200股,7200股,117.474,845812.8,109753.93,102.23,-,0,-244.8,0股,14.91%,1474615.03,57.36%
2025-11-13,基金,纳指ETF(513100.XSHG),多,86000股,86000股,1.975,169850,46086.84,1.439,-,0,86,0股,37.24%,1474615.03,11.52%
2025-11-13,基金,黄金ETF(518880.XSHG),多,13000股,13000股,9.175,119275,52569.27,5.131,-,0,1898,0股,78.81%,1474615.03,8.09%
2025-11-13,股票,长江电力(600900.XSHG),多,4000股,4000股,28.44,113760,16411.11,24.337,-,0,-680,0股,16.86%,1474615.03,7.71%
2025-11-13,股票,农业银行(601288.XSHG),多,10500股,10500股,8.56,89880,53483.06,3.466,-,0,-315,0股,146.94%,1474615.03,6.1%
2025-11-13,,Cash,,,,,6743.23,,,,,,,,0
2025-11-14,基金,豆粕ETF华夏(159985.XSHE),多,65300股,65300股,1.998,130469.4,8998.82,1.86,-,0,1175.4,0股,7.41%,1469189.43,8.88%
2025-11-14,基金,10年地债(511270.XSHG),多,7200股,7200股,117.464,845740.8,109681.93,102.23,-,0,-72,0股,14.9%,1469189.43,57.57%
2025-11-14,基金,纳指ETF(513100.XSHG),多,86000股,86000股,1.923,165378,41614.84,1.439,-,0,-4472,0股,33.62%,1469189.43,11.26%
2025-11-14,基金,黄金ETF(518880.XSHG),多,13000股,13000股,9.096,118248,51542.27,5.131,-,0,-1027,0股,77.27%,1469189.43,8.05%
2025-11-14,股票,长江电力(600900.XSHG),多,4000股,4000股,28.34,113360,16011.11,24.337,-,0,-400,0股,16.45%,1469189.43,7.72%
2025-11-14,股票,农业银行(601288.XSHG),多,10500股,10500股,8.5,89250,52853.06,3.466,-,0,-630,0股,145.21%,1469189.43,6.07%
2025-11-14,,Cash,,,,,6743.23,,,,,,,,0
2025-11-17,基金,豆粕ETF华夏(159985.XSHE),多,65300股,65300股,1.968,128510.4,7039.82,1.86,-,0,-1959,0股,5.8%,1461469.63,8.79%
2025-11-17,基金,10年地债(511270.XSHG),多,7200股,7200股,117.58,846576,110517.13,102.23,-,0,835.2,0股,15.01%,1461469.63,57.93%
2025-11-17,基金,纳指ETF(513100.XSHG),多,86000股,86000股,1.909,164174,40410.84,1.439,-,0,-1204,0股,32.65%,1461469.63,11.23%
2025-11-17,基金,黄金ETF(518880.XSHG),多,13000股,13000股,8.882,115466,48760.27,5.131,-,0,-2782,0股,73.1%,1461469.63,7.9%
2025-11-17,股票,长江电力(600900.XSHG),多,4000股,4000股,28.16,112640,15291.11,24.337,-,0,-720,0股,15.71%,1461469.63,7.71%
2025-11-17,股票,农业银行(601288.XSHG),多,10500股,10500股,8.32,87360,50963.06,3.466,-,0,-1890,0股,140.02%,1461469.63,5.98%
2025-11-17,,Cash,,,,,6743.23,,,,,,,,0
2025-11-18,基金,豆粕ETF华夏(159985.XSHE),多,65300股,65300股,2.016,131644.8,10174.22,1.86,-,0,3134.4,0股,8.38%,1456546.43,9.04%
2025-11-18,基金,10年地债(511270.XSHG),多,7200股,7200股,117.622,846878.4,110819.53,102.23,-,0,302.4,0股,15.06%,1456546.43,58.14%
2025-11-18,基金,纳指ETF(513100.XSHG),多,86000股,86000股,1.844,158584,34820.84,1.439,-,0,-5590,0股,28.14%,1456546.43,10.89%
2025-11-18,基金,黄金ETF(518880.XSHG),多,13000股,13000股,8.777,114101,47395.27,5.131,-,0,-1365,0股,71.05%,1456546.43,7.83%
2025-11-18,股票,长江电力(600900.XSHG),多,4000股,4000股,28.15,112600,15251.11,24.337,-,0,-40,0股,15.67%,1456546.43,7.73%
2025-11-18,股票,农业银行(601288.XSHG),多,10500股,10500股,8.19,85995,49598.06,3.466,-,0,-1365,0股,136.27%,1456546.43,5.9%
2025-11-18,,Cash,,,,,6743.23,,,,,,,,0
2025-11-19,基金,豆粕ETF华夏(159985.XSHE),多,65300股,65300股,1.984,129555.2,8084.62,1.86,-,0,-2089.6,0股,6.66%,1456553.63,8.89%
2025-11-19,基金,10年地债(511270.XSHG),多,7200股,7200股,117.601,846727.2,110668.33,102.23,-,0,-151.2,0股,15.04%,1456553.63,58.13%
2025-11-19,基金,纳指ETF(513100.XSHG),多,86000股,86000股,1.836,157896,34132.84,1.439,-,0,-688,0股,27.58%,1456553.63,10.84%
2025-11-19,基金,黄金ETF(518880.XSHG),多,13000股,13000股,8.954,116402,49696.27,5.131,-,0,2301,0股,74.5%,1456553.63,7.99%
2025-11-19,股票,长江电力(600900.XSHG),多,4000股,4000股,28.23,112920,15571.11,24.337,-,0,320,0股,16%,1456553.63,7.75%
2025-11-19,股票,农业银行(601288.XSHG),多,10500股,10500股,8.22,86310,49913.06,3.466,-,0,315,0股,137.14%,1456553.63,5.93%
2025-11-19,,Cash,,,,,6743.23,,,,,,,,0
2025-11-20,基金,豆粕ETF华夏(159985.XSHE),多,65300股,65300股,1.982,129424.6,7954.02,1.86,-,0,-130.6,0股,6.55%,1461164.03,8.86%
2025-11-20,基金,10年地债(511270.XSHG),多,7200股,7200股,117.641,847015.2,110956.33,102.23,-,0,288,0股,15.07%,1461164.03,57.97%
2025-11-20,基金,纳指ETF(513100.XSHG),多,86000股,86000股,1.907,164002,40238.84,1.439,-,0,6106,0股,32.51%,1461164.03,11.22%
2025-11-20,基金,黄金ETF(518880.XSHG),多,13000股,13000股,8.903,115739,49033.27,5.131,-,0,-663,0股,73.51%,1461164.03,7.92%
2025-11-20,股票,长江电力(600900.XSHG),多,4000股,4000股,28.14,112560,15211.11,24.337,-,0,-360,0股,15.63%,1461164.03,7.7%
2025-11-20,股票,农业银行(601288.XSHG),多,10500股,10500股,8.16,85680,49283.06,3.466,-,0,-630,0股,135.4%,1461164.03,5.86%
2025-11-20,,Cash,,,,,6743.23,,,,,,,,0
2025-11-21,基金,豆粕ETF华夏(159985.XSHE),多,65300股,65300股,1.977,129098.1,7627.52,1.86,-,0,-326.5,0股,6.28%,1453886.33,8.88%
2025-11-21,基金,10年地债(511270.XSHG),多,7200股,7200股,117.665,847188,111129.13,102.23,-,0,172.8,0股,15.1%,1453886.33,58.27%
2025-11-21,基金,纳指ETF(513100.XSHG),多,86000股,86000股,1.848,158928,35164.84,1.439,-,0,-5074,0股,28.41%,1453886.33,10.93%
2025-11-21,基金,黄金ETF(518880.XSHG),多,13000股,13000股,8.828,114764,48058.27,5.131,-,0,-975,0股,72.05%,1453886.33,7.89%
2025-11-21,股票,长江电力(600900.XSHG),多,4000股,4000股,28.16,112640,15291.11,24.337,-,0,80,0股,15.71%,1453886.33,7.75%
2025-11-21,股票,农业银行(601288.XSHG),多,10500股,10500股,8.05,84525,48128.06,3.466,-,0,-1155,0股,132.23%,1453886.33,5.81%
2025-11-21,,Cash,,,,,6743.23,,,,,,,,0
2025-11-24,基金,豆粕ETF华夏(159985.XSHE),多,65300股,65300股,2.006,130991.8,9521.22,1.86,-,0,1893.7,0股,7.84%,1456916.43,8.99%
2025-11-24,基金,10年地债(511270.XSHG),多,7200股,7200股,117.702,847454.4,111395.53,102.23,-,0,266.4,0股,15.13%,1456916.43,58.17%
2025-11-24,基金,纳指ETF(513100.XSHG),多,86000股,86000股,1.856,159616,35852.84,1.439,-,0,688,0股,28.97%,1456916.43,10.96%
2025-11-24,基金,黄金ETF(518880.XSHG),多,13000股,13000股,8.857,115141,48435.27,5.131,-,0,377,0股,72.61%,1456916.43,7.9%
2025-11-24,股票,长江电力(600900.XSHG),多,4000股,4000股,28.19,112760,15411.11,24.337,-,0,120,0股,15.83%,1456916.43,7.74%
2025-11-24,股票,农业银行(601288.XSHG),多,10500股,10500股,8.02,84210,47813.06,3.466,-,0,-315,0股,131.37%,1456916.43,5.78%
2025-11-24,,Cash,,,,,6743.23,,,,,,,,0
2025-11-25,基金,豆粕ETF华夏(159985.XSHE),多,65300股,65300股,2.011,131318.3,9847.72,1.86,-,0,326.5,0股,8.11%,1462110.13,8.98%
2025-11-25,基金,10年地债(511270.XSHG),多,7200股,7200股,117.628,846921.6,110862.73,102.23,-,0,-532.8,0股,15.06%,1462110.13,57.92%
2025-11-25,基金,纳指ETF(513100.XSHG),多,86000股,86000股,1.897,163142,39378.84,1.439,-,0,3526,0股,31.82%,1462110.13,11.16%
2025-11-25,基金,黄金ETF(518880.XSHG),多,13000股,13000股,9.01,117130,50424.27,5.131,-,0,1989,0股,75.59%,1462110.13,8.01%
2025-11-25,股票,长江电力(600900.XSHG),多,4000股,4000股,28.03,112120,14771.11,24.337,-,0,-640,0股,15.17%,1462110.13,7.67%
2025-11-25,股票,农业银行(601288.XSHG),多,10500股,10500股,8.07,84735,48338.06,3.466,-,0,525,0股,132.81%,1462110.13,5.8%
2025-11-25,,Cash,,,,,6743.23,,,,,,,,0
2025-11-26,基金,豆粕ETF华夏(159985.XSHE),多,65300股,65300股,2.002,130730.6,9260.02,1.86,-,0,-587.7,0股,7.62%,1460806.43,8.95%
2025-11-26,基金,10年地债(511270.XSHG),多,7200股,7200股,117.408,845337.6,109278.73,102.23,-,0,-1584,0股,14.85%,1460806.43,57.87%
2025-11-26,基金,纳指ETF(513100.XSHG),多,86000股,86000股,1.927,165722,41958.84,1.439,-,0,2580,0股,33.9%,1460806.43,11.34%
2025-11-26,基金,黄金ETF(518880.XSHG),多,13000股,13000股,9.011,117143,50437.27,5.131,-,0,13,0股,75.61%,1460806.43,8.02%
2025-11-26,股票,长江电力(600900.XSHG),多,4000股,4000股,27.94,111760,14411.11,24.337,-,0,-360,0股,14.8%,1460806.43,7.65%
2025-11-26,股票,农业银行(601288.XSHG),多,10500股,10500股,7.94,83370,46973.06,3.466,-,0,-1365,0股,129.06%,1460806.43,5.71%
2025-11-26,,Cash,,,,,6743.23,,,,,,,,0
2025-11-27,基金,豆粕ETF华夏(159985.XSHE),多,65300股,65300股,2.026,132297.8,10827.22,1.86,-,0,1567.2,0股,8.91%,1464425.43,9.03%
2025-11-27,基金,10年地债(511270.XSHG),多,7200股,7200股,117.402,845294.4,109235.53,102.23,-,0,-43.2,0股,14.84%,1464425.43,57.72%
2025-11-27,基金,纳指ETF(513100.XSHG),多,86000股,86000股,1.925,165550,41786.84,1.439,-,0,-172,0股,33.76%,1464425.43,11.3%
2025-11-27,基金,黄金ETF(518880.XSHG),多,13000股,13000股,9.01,117130,50424.27,5.131,-,0,-13,0股,75.59%,1464425.43,8%
2025-11-27,股票,长江电力(600900.XSHG),多,4000股,4000股,28.09,112360,15011.11,24.337,-,0,600,0股,15.42%,1464425.43,7.67%
2025-11-27,股票,农业银行(601288.XSHG),多,10500股,10500股,8.1,85050,48653.06,3.466,-,0,1680,0股,133.67%,1464425.43,5.81%
2025-11-27,,Cash,,,,,6743.23,,,,,,,,0
2025-11-28,基金,豆粕ETF华夏(159985.XSHE),多,65300股,65300股,2.024,132167.2,10696.62,1.86,-,0,-130.6,0股,8.81%,1466017.83,9.02%
2025-11-28,基金,10年地债(511270.XSHG),多,7200股,7200股,117.472,845798.4,109739.53,102.23,-,0,504,0股,14.91%,1466017.83,57.69%
2025-11-28,基金,纳指ETF(513100.XSHG),多,86000股,86000股,1.943,167098,43334.84,1.439,-,0,1548,0股,35.01%,1466017.83,11.4%
2025-11-28,基金,黄金ETF(518880.XSHG),多,13000股,13000股,9.067,117871,51165.27,5.131,-,0,741,0股,76.7%,1466017.83,8.04%
2025-11-28,股票,长江电力(600900.XSHG),多,4000股,4000股,27.98,111920,14571.11,24.337,-,0,-440,0股,14.97%,1466017.83,7.63%
2025-11-28,股票,农业银行(601288.XSHG),多,10500股,10500股,8.04,84420,48023.06,3.466,-,0,-630,0股,131.94%,1466017.83,5.76%
2025-11-28,,Cash,,,,,6743.23,,,,,,,,0
2025-12-01,基金,豆粕ETF华夏(159985.XSHE),多,65300股,65300股,1.973,128836.9,7366.32,1.86,-,0,-3330.3,0股,6.06%,1463128.13,8.81%
2025-12-01,基金,10年地债(511270.XSHG),多,7200股,7200股,117.47,845784,109725.13,102.23,-,0,-14.4,0股,14.91%,1463128.13,57.81%
2025-12-01,基金,纳指ETF(513100.XSHG),多,86000股,86000股,1.936,166496,42732.84,1.439,-,0,-602,0股,34.53%,1463128.13,11.38%
2025-12-01,基金,黄金ETF(518880.XSHG),多,13000股,13000股,9.161,119093,52387.27,5.131,-,0,1222,0股,78.53%,1463128.13,8.14%
2025-12-01,股票,长江电力(600900.XSHG),多,4000股,4000股,28.07,112280,14931.11,24.337,-,0,360,0股,15.34%,1463128.13,7.67%
2025-12-01,股票,农业银行(601288.XSHG),多,10500股,10500股,7.99,83895,47498.06,3.466,-,0,-525,0股,130.5%,1463128.13,5.73%
2025-12-01,,Cash,,,,,6743.23,,,,,,,,0
2025-12-02,基金,豆粕ETF华夏(159985.XSHE),多,65300股,65300股,1.969,128575.7,7105.12,1.86,-,0,-261.2,0股,5.85%,1462842.53,8.79%
2025-12-02,基金,10年地债(511270.XSHG),多,7200股,7200股,117.358,844977.6,108918.73,102.23,-,0,-806.4,0股,14.8%,1462842.53,57.76%
2025-12-02,基金,纳指ETF(513100.XSHG),多,86000股,86000股,1.94,166840,43076.84,1.439,-,0,344,0股,34.81%,1462842.53,11.41%
2025-12-02,基金,黄金ETF(518880.XSHG),多,13000股,13000股,9.112,118456,51750.27,5.131,-,0,-637,0股,77.58%,1462842.53,8.1%
2025-12-02,股票,长江电力(600900.XSHG),多,4000股,4000股,28.26,113040,15691.11,24.337,-,0,760,0股,16.12%,1462842.53,7.73%
2025-12-02,股票,农业银行(601288.XSHG),多,10500股,10500股,8.02,84210,47813.06,3.466,-,0,315,0股,131.37%,1462842.53,5.76%
2025-12-02,,Cash,,,,,6743.23,,,,,,,,0
2025-12-03,基金,豆粕ETF华夏(159985.XSHE),多,65300股,65300股,1.969,128575.7,7105.12,1.86,-,0,0,0股,5.85%,1464843.73,8.78%
2025-12-03,基金,10年地债(511270.XSHG),多,7200股,7200股,117.419,845416.8,109357.93,102.23,-,0,439.2,0股,14.86%,1464843.73,57.71%
2025-12-03,基金,纳指ETF(513100.XSHG),多,86000股,86000股,1.965,168990,45226.84,1.439,-,0,2150,0股,36.54%,1464843.73,11.54%
2025-12-03,基金,黄金ETF(518880.XSHG),多,13000股,13000股,9.096,118248,51542.27,5.131,-,0,-208,0股,77.27%,1464843.73,8.07%
2025-12-03,股票,长江电力(600900.XSHG),多,4000股,4000股,28.27,113080,15731.11,24.337,-,0,40,0股,16.16%,1464843.73,7.72%
2025-12-03,股票,农业银行(601288.XSHG),多,10500股,10500股,7.98,83790,47393.06,3.466,-,0,-420,0股,130.21%,1464843.73,5.72%
2025-12-03,,Cash,,,,,6743.23,,,,,,,,0
2025-12-04,基金,豆粕ETF华夏(159985.XSHE),多,65300股,65300股,1.964,128249.2,6778.62,1.86,-,0,-326.5,0股,5.58%,1461470.83,8.78%
2025-12-04,基金,10年地债(511270.XSHG),多,7200股,7200股,117.187,843746.4,107687.53,102.23,-,0,-1670.4,0股,14.63%,1461470.83,57.73%
2025-12-04,基金,纳指ETF(513100.XSHG),多,86000股,86000股,1.965,168990,45226.84,1.439,-,0,0,0股,36.54%,1461470.83,11.56%
2025-12-04,基金,黄金ETF(518880.XSHG),多,13000股,13000股,9.064,117832,51126.27,5.131,-,0,-416,0股,76.64%,1461470.83,8.06%
2025-12-04,股票,长江电力(600900.XSHG),多,4000股,4000股,28.24,112960,15611.11,24.337,-,0,-120,0股,16.04%,1461470.83,7.73%
2025-12-04,股票,农业银行(601288.XSHG),多,10500股,10500股,7.9,82950,46553.06,3.466,-,0,-840,0股,127.9%,1461470.83,5.68%
2025-12-04,,Cash,,,,,6743.23,,,,,,,,0
2025-12-05,基金,豆粕ETF华夏(159985.XSHE),多,65300股,65300股,1.956,127726.8,6256.22,1.86,-,0,-522.4,0股,5.15%,1461042.03,8.74%
2025-12-05,基金,10年地债(511270.XSHG),多,7200股,7200股,117.305,844596,108537.13,102.23,-,0,849.6,0股,14.75%,1461042.03,57.81%
2025-12-05,基金,纳指ETF(513100.XSHG),多,86000股,86000股,1.963,168818,45054.84,1.439,-,0,-172,0股,36.4%,1461042.03,11.55%
2025-12-05,基金,黄金ETF(518880.XSHG),多,13000股,13000股,9.136,118768,52062.27,5.131,-,0,936,0股,78.05%,1461042.03,8.13%
2025-12-05,股票,长江电力(600900.XSHG),多,4000股,4000股,28.07,112280,14931.11,24.337,-,0,-680,0股,15.34%,1461042.03,7.68%
2025-12-05,股票,农业银行(601288.XSHG),多,10500股,10500股,7.82,82110,45713.06,3.466,-,0,-840,0股,125.6%,1461042.03,5.62%
2025-12-05,,Cash,,,,,6743.23,,,,,,,,0
2025-12-08,基金,豆粕ETF华夏(159985.XSHE),多,61700股,61700股,1.951,120376.7,5602.81,1.86,-,0,-308.5,0股,4.88%,1457558.13,8.26%
2025-12-08,基金,10年地债(511270.XSHG),多,7400股,7400股,117.117,866665.8,107185.73,102.632,-,0,-1351.4,200股,14.11%,1457558.13,59.46%
2025-12-08,基金,纳指ETF(513100.XSHG),多,70200股,70200股,1.952,137030.4,36005.13,1.439,-,0,-772.2,0股,35.64%,1457558.13,9.4%
2025-12-08,基金,黄金ETF(518880.XSHG),多,12600股,12600股,9.11,114786,50132.75,5.131,-,0,-327.6,0股,77.54%,1457558.13,7.88%
2025-12-08,股票,长江电力(600900.XSHG),多,4400股,4000股,27.87,122628,14059.11,24.675,-,0,-872,400股,12.95%,1457558.13,8.41%
2025-12-08,股票,农业银行(601288.XSHG),多,11100股,10500股,7.84,87024,45911.06,3.704,-,0,198,600股,111.67%,1457558.13,5.97%
2025-12-08,,Cash,,,,,9047.23,,,,,,,,0
2025-12-09,基金,豆粕ETF华夏(159985.XSHE),多,61700股,61700股,1.942,119821.4,5047.51,1.86,-,0,-555.3,0股,4.4%,1457260.43,8.22%
2025-12-09,基金,10年地债(511270.XSHG),多,7400股,7400股,117.129,866754.6,107274.53,102.632,-,0,88.8,0股,14.12%,1457260.43,59.48%
2025-12-09,基金,纳指ETF(513100.XSHG),多,70200股,70200股,1.928,135345.6,34320.33,1.439,-,0,-1684.8,0股,33.97%,1457260.43,9.29%
2025-12-09,基金,黄金ETF(518880.XSHG),多,12600股,12600股,9.046,113979.6,49326.35,5.131,-,0,-806.4,0股,76.29%,1457260.43,7.82%
2025-12-09,股票,长江电力(600900.XSHG),多,4400股,4400股,27.97,123068,14499.11,24.675,-,0,440,0股,13.35%,1457260.43,8.45%
2025-12-09,股票,农业银行(601288.XSHG),多,11100股,11100股,8.04,89244,48131.06,3.704,-,0,2220,0股,117.07%,1457260.43,6.12%
2025-12-09,,Cash,,,,,9047.23,,,,,,,,0
2025-12-10,基金,豆粕ETF华夏(159985.XSHE),多,61700股,61700股,1.949,120253.3,5479.41,1.86,-,0,431.9,0股,4.77%,1457082.93,8.25%
2025-12-10,基金,10年地债(511270.XSHG),多,7400股,7400股,117.189,867198.6,107718.53,102.632,-,0,444,0股,14.18%,1457082.93,59.52%
2025-12-10,基金,纳指ETF(513100.XSHG),多,70200股,70200股,1.944,136468.8,35443.53,1.439,-,0,1123.2,0股,35.08%,1457082.93,9.37%
2025-12-10,基金,黄金ETF(518880.XSHG),多,12600股,12600股,9.095,114597,49943.75,5.131,-,0,617.4,0股,77.25%,1457082.93,7.86%
2025-12-10,股票,长江电力(600900.XSHG),多,4400股,4400股,27.89,122716,14147.11,24.675,-,0,-352,0股,13.03%,1457082.93,8.42%
2025-12-10,股票,农业银行(601288.XSHG),多,11100股,11100股,7.82,86802,45689.06,3.704,-,0,-2442,0股,111.13%,1457082.93,5.96%
2025-12-10,,Cash,,,,,9047.23,,,,,,,,0
2025-12-11,基金,豆粕ETF华夏(159985.XSHE),多,61700股,61700股,1.942,119821.4,5047.51,1.86,-,0,-431.9,0股,4.4%,1456991.83,8.22%
2025-12-11,基金,10年地债(511270.XSHG),多,7400股,7400股,117.309,868086.6,108606.53,102.632,-,0,888,0股,14.3%,1456991.83,59.58%
2025-12-11,基金,纳指ETF(513100.XSHG),多,70200股,70200股,1.918,134643.6,33618.33,1.439,-,0,-1825.2,0股,33.28%,1456991.83,9.24%
2025-12-11,基金,黄金ETF(518880.XSHG),多,12600股,12600股,9.11,114786,50132.75,5.131,-,0,189,0股,77.54%,1456991.83,7.88%
2025-12-11,股票,长江电力(600900.XSHG),多,4400股,4400股,27.86,122584,14015.11,24.675,-,0,-132,0股,12.91%,1456991.83,8.41%
2025-12-11,股票,农业银行(601288.XSHG),多,11100股,11100股,7.93,88023,46910.06,3.704,-,0,1221,0股,114.1%,1456991.83,6.04%
2025-12-11,,Cash,,,,,9047.23,,,,,,,,0
2025-12-12,基金,豆粕ETF华夏(159985.XSHE),多,61700股,61700股,1.955,120623.5,5849.61,1.86,-,0,802.1,0股,5.1%,1457133.13,8.28%
2025-12-12,基金,10年地债(511270.XSHG),多,7400股,7400股,117.2,867280,107799.93,102.632,-,0,-806.6,0股,14.19%,1457133.13,59.52%
2025-12-12,基金,纳指ETF(513100.XSHG),多,70200股,70200股,1.921,134854.2,33828.93,1.439,-,0,210.6,0股,33.49%,1457133.13,9.25%
2025-12-12,基金,黄金ETF(518880.XSHG),多,12600股,12600股,9.227,116260.2,51606.95,5.131,-,0,1474.2,0股,79.82%,1457133.13,7.98%
2025-12-12,股票,长江电力(600900.XSHG),多,4400股,4400股,28.04,123376,14807.11,24.675,-,0,792,0股,13.64%,1457133.13,8.47%
2025-12-12,股票,农业银行(601288.XSHG),多,11100股,11100股,7.72,85692,44579.06,3.704,-,0,-2331,0股,108.43%,1457133.13,5.88%
2025-12-12,,Cash,,,,,9047.23,,,,,,,,0
2025-12-15,基金,豆粕ETF华夏(159985.XSHE),多,61700股,61700股,1.951,120376.7,5602.81,1.86,-,0,-246.8,0股,4.88%,1454890.49,8.27%
2025-12-15,基金,10年地债(511270.XSHG),多,7400股,7400股,117.101,866547.4,107067.33,102.632,-,0,-732.6,0股,14.1%,1454890.49,59.56%
2025-12-15,基金,纳指ETF(513100.XSHG),多,70200股,70200股,1.902,133520.4,32495.13,1.439,-,0,-1333.8,0股,32.17%,1454890.49,9.18%
2025-12-15,基金,黄金ETF(518880.XSHG),多,12600股,12600股,9.351,117822.6,53169.35,5.131,-,0,1562.4,0股,82.24%,1454890.49,8.1%
2025-12-15,股票,长江电力(600900.XSHG),多,4400股,4400股,28.04,123376,14807.11,24.675,-,0,0,0股,13.64%,1454890.49,8.48%
2025-12-15,股票,农业银行(601288.XSHG),多,11100股,11100股,7.49,83139,43352.51,3.584,-,0,-1226.55,0股,108.96%,1454890.49,5.71%
2025-12-15,,Cash,,,,,10108.39,,,,,,,,0
2025-12-16,基金,豆粕ETF华夏(159985.XSHE),多,61700股,61700股,1.96,120932,6158.11,1.86,-,0,555.3,0股,5.37%,1450474.99,8.34%
2025-12-16,基金,10年地债(511270.XSHG),多,7400股,7400股,117.115,866651,107170.93,102.632,-,0,103.6,0股,14.11%,1450474.99,59.75%
2025-12-16,基金,纳指ETF(513100.XSHG),多,70200股,70200股,1.873,131484.6,30459.33,1.439,-,0,-2035.8,0股,30.15%,1450474.99,9.06%
2025-12-16,基金,黄金ETF(518880.XSHG),多,12600股,12600股,9.24,116424,51770.75,5.131,-,0,-1398.6,0股,80.07%,1450474.99,8.03%
2025-12-16,股票,长江电力(600900.XSHG),多,4400股,4400股,27.97,123068,14499.11,24.675,-,0,-308,0股,13.35%,1450474.99,8.48%
2025-12-16,股票,农业银行(601288.XSHG),多,11100股,11100股,7.37,81807,42020.51,3.584,-,0,-1332,0股,105.62%,1450474.99,5.64%
2025-12-16,,Cash,,,,,10108.39,,,,,,,,0
2025-12-17,基金,豆粕ETF华夏(159985.XSHE),多,61700股,61700股,1.946,120068.2,5294.31,1.86,-,0,-863.8,0股,4.61%,1453341.59,8.26%
2025-12-17,基金,10年地债(511270.XSHG),多,7400股,7400股,117.163,867006.2,107526.13,102.632,-,0,355.2,0股,14.16%,1453341.59,59.66%
2025-12-17,基金,纳指ETF(513100.XSHG),多,70200股,70200股,1.899,133309.8,32284.53,1.439,-,0,1825.2,0股,31.96%,1453341.59,9.17%
2025-12-17,基金,黄金ETF(518880.XSHG),多,12600股,12600股,9.31,117306,52652.75,5.131,-,0,882,0股,81.44%,1453341.59,8.07%
2025-12-17,股票,长江电力(600900.XSHG),多,4400股,4400股,27.92,122848,14279.11,24.675,-,0,-220,0股,13.15%,1453341.59,8.45%
2025-12-17,股票,农业银行(601288.XSHG),多,11100股,11100股,7.45,82695,42908.51,3.584,-,0,888,0股,107.85%,1453341.59,5.69%
2025-12-17,,Cash,,,,,10108.39,,,,,,,,0
2025-12-18,基金,豆粕ETF华夏(159985.XSHE),多,61700股,61700股,1.942,119821.4,5047.51,1.86,-,0,-246.8,0股,4.4%,1453624.19,8.24%
2025-12-18,基金,10年地债(511270.XSHG),多,7400股,7400股,117.1,866540,107059.93,102.632,-,0,-466.2,0股,14.1%,1453624.19,59.61%
2025-12-18,基金,纳指ETF(513100.XSHG),多,70200股,70200股,1.878,131835.6,30810.33,1.439,-,0,-1474.2,0股,30.5%,1453624.19,9.07%
2025-12-18,基金,黄金ETF(518880.XSHG),多,12600股,12600股,9.318,117406.8,52753.55,5.131,-,0,100.8,0股,81.59%,1453624.19,8.08%
2025-12-18,股票,长江电力(600900.XSHG),多,4400股,4400股,28.08,123552,14983.11,24.675,-,0,704,0股,13.8%,1453624.19,8.5%
2025-12-18,股票,农业银行(601288.XSHG),多,11100股,11100股,7.6,84360,44573.51,3.584,-,0,1665,0股,112.03%,1453624.19,5.8%
2025-12-18,,Cash,,,,,10108.39,,,,,,,,0
2025-12-19,基金,豆粕ETF华夏(159985.XSHE),多,61700股,61700股,1.948,120191.6,5417.71,1.86,-,0,370.2,0股,4.72%,1454898.79,8.26%
2025-12-19,基金,10年地债(511270.XSHG),多,7400股,7400股,117.082,866406.8,106926.73,102.632,-,0,-133.2,0股,14.08%,1454898.79,59.55%
2025-12-19,基金,纳指ETF(513100.XSHG),多,70200股,70200股,1.916,134503.2,33477.93,1.439,-,0,2667.6,0股,33.14%,1454898.79,9.24%
2025-12-19,基金,黄金ETF(518880.XSHG),多,12600股,12600股,9.313,117343.8,52690.55,5.131,-,0,-63,0股,81.5%,1454898.79,8.07%
2025-12-19,股票,长江电力(600900.XSHG),多,4400股,4400股,27.85,122540,13971.11,24.675,-,0,-1012,0股,12.87%,1454898.79,8.42%
2025-12-19,股票,农业银行(601288.XSHG),多,11100股,11100股,7.55,83805,44018.51,3.584,-,0,-555,0股,110.64%,1454898.79,5.76%
2025-12-19,,Cash,,,,,10108.39,,,,,,,,0
2025-12-22,基金,豆粕ETF华夏(159985.XSHE),多,61700股,61700股,1.946,120068.2,5294.31,1.86,-,0,-123.4,0股,4.61%,1457135.39,8.24%
2025-12-22,基金,10年地债(511270.XSHG),多,7400股,7400股,116.913,865156.2,105676.13,102.632,-,0,-1250.6,0股,13.91%,1457135.39,59.37%
2025-12-22,基金,纳指ETF(513100.XSHG),多,70200股,70200股,1.945,136539,35513.73,1.439,-,0,2035.8,0股,35.15%,1457135.39,9.37%
2025-12-22,基金,黄金ETF(518880.XSHG),多,12600股,12600股,9.511,119838.6,55185.35,5.131,-,0,2494.8,0股,85.36%,1457135.39,8.22%
2025-12-22,股票,长江电力(600900.XSHG),多,4400股,4400股,27.54,121176,12607.11,24.675,-,0,-1364,0股,11.61%,1457135.39,8.32%
2025-12-22,股票,农业银行(601288.XSHG),多,11100股,11100股,7.59,84249,44462.51,3.584,-,0,444,0股,111.75%,1457135.39,5.78%
2025-12-22,,Cash,,,,,10108.39,,,,,,,,0
2025-12-23,基金,豆粕ETF华夏(159985.XSHE),多,61700股,61700股,1.95,120315,5541.11,1.86,-,0,246.8,0股,4.83%,1460749.99,8.24%
2025-12-23,基金,10年地债(511270.XSHG),多,7400股,7400股,117.033,866044.2,106564.13,102.632,-,0,888,0股,14.03%,1460749.99,59.29%
2025-12-23,基金,纳指ETF(513100.XSHG),多,70200股,70200股,1.935,135837,34811.73,1.439,-,0,-702,0股,34.46%,1460749.99,9.3%
2025-12-23,基金,黄金ETF(518880.XSHG),多,12600股,12600股,9.639,121451.4,56798.15,5.131,-,0,1612.8,0股,87.85%,1460749.99,8.31%
2025-12-23,股票,长江电力(600900.XSHG),多,4400股,4400股,27.72,121968,13399.11,24.675,-,0,792,0股,12.34%,1460749.99,8.35%
2025-12-23,股票,农业银行(601288.XSHG),多,11100股,11100股,7.66,85026,45239.51,3.584,-,0,777,0股,113.71%,1460749.99,5.82%
2025-12-23,,Cash,,,,,10108.39,,,,,,,,0
2025-12-24,基金,豆粕ETF华夏(159985.XSHE),多,61700股,61700股,1.956,120685.2,5911.31,1.86,-,0,370.2,0股,5.15%,1460117.99,8.27%
2025-12-24,基金,10年地债(511270.XSHG),多,7400股,7400股,116.989,865718.6,106238.53,102.632,-,0,-325.6,0股,13.99%,1460117.99,59.29%
2025-12-24,基金,纳指ETF(513100.XSHG),多,70200股,70200股,1.933,135696.6,34671.33,1.439,-,0,-140.4,0股,34.32%,1460117.99,9.29%
2025-12-24,基金,黄金ETF(518880.XSHG),多,12600股,12600股,9.642,121489.2,56835.95,5.131,-,0,37.8,0股,87.91%,1460117.99,8.32%
2025-12-24,股票,长江电力(600900.XSHG),多,4400股,4400股,27.64,121616,13047.11,24.675,-,0,-352,0股,12.02%,1460117.99,8.33%
2025-12-24,股票,农业银行(601288.XSHG),多,11100股,11100股,7.64,84804,45017.51,3.584,-,0,-222,0股,113.15%,1460117.99,5.81%
2025-12-24,,Cash,,,,,10108.39,,,,,,,,0
2025-12-25,基金,豆粕ETF华夏(159985.XSHE),多,61700股,61700股,1.957,120746.9,5973.01,1.86,-,0,61.7,0股,5.2%,1458086.49,8.28%
2025-12-25,基金,10年地债(511270.XSHG),多,7400股,7400股,116.954,865459.6,105979.53,102.632,-,0,-259,0股,13.95%,1458086.49,59.36%
2025-12-25,基金,纳指ETF(513100.XSHG),多,70200股,70200股,1.93,135486,34460.73,1.439,-,0,-210.6,0股,34.11%,1458086.49,9.29%
2025-12-25,基金,黄金ETF(518880.XSHG),多,12600股,12600股,9.566,120531.6,55878.35,5.131,-,0,-957.6,0股,86.43%,1458086.49,8.27%
2025-12-25,股票,长江电力(600900.XSHG),多,4400股,4400股,27.64,121616,13047.11,24.675,-,0,0,0股,12.02%,1458086.49,8.34%
2025-12-25,股票,农业银行(601288.XSHG),多,11100股,11100股,7.58,84138,44351.51,3.584,-,0,-666,0股,111.47%,1458086.49,5.77%
2025-12-25,,Cash,,,,,10108.39,,,,,,,,0
2025-12-26,基金,豆粕ETF华夏(159985.XSHE),多,61700股,61700股,1.974,121795.8,7021.91,1.86,-,0,1048.9,0股,6.12%,1461218.79,8.34%
2025-12-26,基金,10年地债(511270.XSHG),多,7400股,7400股,117.207,867331.8,107851.73,102.632,-,0,1872.2,0股,14.2%,1461218.79,59.36%
2025-12-26,基金,纳指ETF(513100.XSHG),多,70200股,70200股,1.929,135415.8,34390.53,1.439,-,0,-70.2,0股,34.04%,1461218.79,9.27%
2025-12-26,基金,黄金ETF(518880.XSHG),多,12600股,12600股,9.65,121590,56936.75,5.131,-,0,1058.4,0股,88.06%,1461218.79,8.32%
2025-12-26,股票,长江电力(600900.XSHG),多,4400股,4400股,27.64,121616,13047.11,24.675,-,0,0,0股,12.02%,1461218.79,8.32%
2025-12-26,股票,农业银行(601288.XSHG),多,11100股,11100股,7.51,83361,43574.51,3.584,-,0,-777,0股,109.52%,1461218.79,5.7%
2025-12-26,,Cash,,,,,10108.39,,,,,,,,0
2025-12-29,基金,豆粕ETF华夏(159985.XSHE),多,61700股,61700股,1.976,121919.2,7145.31,1.86,-,0,123.4,0股,6.23%,1460196.59,8.35%
2025-12-29,基金,10年地债(511270.XSHG),多,7400股,7400股,117.2,867280,107799.93,102.632,-,0,-51.8,0股,14.19%,1460196.59,59.39%
2025-12-29,基金,纳指ETF(513100.XSHG),多,70200股,70200股,1.916,134503.2,33477.93,1.439,-,0,-912.6,0股,33.14%,1460196.59,9.21%
2025-12-29,基金,黄金ETF(518880.XSHG),多,12600股,12600股,9.563,120493.8,55840.55,5.131,-,0,-1096.2,0股,86.37%,1460196.59,8.25%
2025-12-29,股票,长江电力(600900.XSHG),多,4400股,4400股,27.52,121088,12519.11,24.675,-,0,-528,0股,11.53%,1460196.59,8.29%
2025-12-29,股票,农业银行(601288.XSHG),多,11100股,11100股,7.64,84804,45017.51,3.584,-,0,1443,0股,113.15%,1460196.59,5.81%
2025-12-29,,Cash,,,,,10108.39,,,,,,,,0
2025-12-30,基金,豆粕ETF华夏(159985.XSHE),多,61700股,61700股,1.964,121178.8,6404.91,1.86,-,0,-740.4,0股,5.58%,1455916.53,8.32%
2025-12-30,基金,10年地债(511270.XSHG),多,7400股,7400股,117,865800,108133.67,102.387,-,0,333.74,0股,14.27%,1455916.53,59.47%
2025-12-30,基金,纳指ETF(513100.XSHG),多,70200股,70200股,1.914,134362.8,33337.53,1.439,-,0,-140.4,0股,33%,1455916.53,9.23%
2025-12-30,基金,黄金ETF(518880.XSHG),多,12600股,12600股,9.363,117973.8,53320.55,5.131,-,0,-2520,0股,82.47%,1455916.53,8.1%
2025-12-30,股票,长江电力(600900.XSHG),多,4400股,4400股,27.32,120208,11639.11,24.675,-,0,-880,0股,10.72%,1455916.53,8.26%
2025-12-30,股票,农业银行(601288.XSHG),多,11100股,11100股,7.61,84471,44684.51,3.584,-,0,-333,0股,112.31%,1455916.53,5.8%
2025-12-30,,Cash,,,,,11922.13,,,,,,,,0
2025-12-31,基金,豆粕ETF华夏(159985.XSHE),多,61700股,61700股,1.949,120253.3,5479.41,1.86,-,0,-925.5,0股,4.77%,1452980.23,8.28%
2025-12-31,基金,10年地债(511270.XSHG),多,7400股,7400股,116.901,865067.4,107401.07,102.387,-,0,-732.6,0股,14.18%,1452980.23,59.54%
2025-12-31,基金,纳指ETF(513100.XSHG),多,70200股,70200股,1.904,133660.8,32635.53,1.439,-,0,-702,0股,32.3%,1452980.23,9.2%
2025-12-31,基金,黄金ETF(518880.XSHG),多,12600股,12600股,9.301,117192.6,52539.35,5.131,-,0,-781.2,0股,81.26%,1452980.23,8.07%
2025-12-31,股票,长江电力(600900.XSHG),多,4400股,4400股,27.19,119636,11067.11,24.675,-,0,-572,0股,10.19%,1452980.23,8.23%
2025-12-31,股票,农业银行(601288.XSHG),多,11100股,11100股,7.68,85248,45461.51,3.584,-,0,777,0股,114.26%,1452980.23,5.87%
2025-12-31,,Cash,,,,,11922.13,,,,,,,,0
2026-01-05,基金,豆粕ETF华夏(159985.XSHE),多,61700股,61700股,1.956,120685.2,5911.31,1.86,-,0,431.9,0股,5.15%,1456442.33,8.29%
2026-01-05,基金,10年地债(511270.XSHG),多,7400股,7400股,116.845,864653,106986.67,102.387,-,0,-414.4,0股,14.12%,1456442.33,59.37%
2026-01-05,基金,纳指ETF(513100.XSHG),多,70200股,70200股,1.93,135486,34460.73,1.439,-,0,1825.2,0股,34.11%,1456442.33,9.3%
2026-01-05,基金,黄金ETF(518880.XSHG),多,12600股,12600股,9.495,119637,54983.75,5.131,-,0,2444.4,0股,85.04%,1456442.33,8.21%
2026-01-05,股票,长江电力(600900.XSHG),多,4400股,4400股,27.28,120032,11463.11,24.675,-,0,396,0股,10.56%,1456442.33,8.24%
2026-01-05,股票,农业银行(601288.XSHG),多,11100股,11100股,7.57,84027,44240.51,3.584,-,0,-1221,0股,111.19%,1456442.33,5.77%
2026-01-05,,Cash,,,,,11922.13,,,,,,,,0
2026-01-06,基金,豆粕ETF华夏(159985.XSHE),多,61700股,61700股,1.961,120993.7,6219.81,1.86,-,0,308.5,0股,5.42%,1456331.43,8.31%
2026-01-06,基金,10年地债(511270.XSHG),多,7400股,7400股,116.616,862958.4,105292.07,102.387,-,0,-1694.6,0股,13.9%,1456331.43,59.26%
2026-01-06,基金,纳指ETF(513100.XSHG),多,70200股,70200股,1.925,135135,34109.73,1.439,-,0,-351,0股,33.76%,1456331.43,9.28%
2026-01-06,基金,黄金ETF(518880.XSHG),多,12600股,12600股,9.577,120670.2,56016.95,5.131,-,0,1033.2,0股,86.64%,1456331.43,8.29%
2026-01-06,股票,长江电力(600900.XSHG),多,4400股,4400股,27.44,120736,12167.11,24.675,-,0,704,0股,11.21%,1456331.43,8.29%
2026-01-06,股票,农业银行(601288.XSHG),多,11100股,11100股,7.56,83916,44129.51,3.584,-,0,-111,0股,110.92%,1456331.43,5.76%
2026-01-06,,Cash,,,,,11922.13,,,,,,,,0
2026-01-07,基金,豆粕ETF华夏(159985.XSHE),多,61700股,61700股,1.984,122412.8,7638.91,1.86,-,0,1419.1,0股,6.66%,1454233.73,8.42%
2026-01-07,基金,10年地债(511270.XSHG),多,7400股,7400股,116.528,862307.2,104640.87,102.387,-,0,-651.2,0股,13.81%,1454233.73,59.3%
2026-01-07,基金,纳指ETF(513100.XSHG),多,70200股,70200股,1.919,134713.8,33688.53,1.439,-,0,-421.2,0股,33.35%,1454233.73,9.26%
2026-01-07,基金,黄金ETF(518880.XSHG),多,12600股,12600股,9.518,119926.8,55273.55,5.131,-,0,-743.4,0股,85.49%,1454233.73,8.25%
2026-01-07,股票,长江电力(600900.XSHG),多,4400股,4400股,27.23,119812,11243.11,24.675,-,0,-924,0股,10.36%,1454233.73,8.24%
2026-01-07,股票,农业银行(601288.XSHG),多,11100股,11100股,7.49,83139,43352.51,3.584,-,0,-777,0股,108.96%,1454233.73,5.72%
2026-01-07,,Cash,,,,,11922.13,,,,,,,,0
2026-01-08,基金,豆粕ETF华夏(159985.XSHE),多,61700股,61700股,1.972,121672.4,6898.51,1.86,-,0,-740.4,0股,6.01%,1452902.73,8.37%
2026-01-08,基金,10年地债(511270.XSHG),多,7400股,7400股,116.707,863631.8,105965.47,102.387,-,0,1324.6,0股,13.99%,1452902.73,59.44%
2026-01-08,基金,纳指ETF(513100.XSHG),多,70200股,70200股,1.899,133309.8,32284.53,1.439,-,0,-1404,0股,31.96%,1452902.73,9.18%
2026-01-08,基金,黄金ETF(518880.XSHG),多,12600股,12600股,9.511,119838.6,55185.35,5.131,-,0,-88.2,0股,85.36%,1452902.73,8.25%
2026-01-08,股票,长江电力(600900.XSHG),多,4400股,4400股,27.26,119944,11375.11,24.675,-,0,132,0股,10.48%,1452902.73,8.26%
2026-01-08,股票,农业银行(601288.XSHG),多,11100股,11100股,7.44,82584,42797.51,3.584,-,0,-555,0股,107.57%,1452902.73,5.68%
2026-01-08,,Cash,,,,,11922.13,,,,,,,,0
2026-01-09,基金,豆粕ETF华夏(159985.XSHE),多,61700股,61700股,1.984,122412.8,7638.91,1.86,-,0,740.4,0股,6.66%,1454965.53,8.41%
2026-01-09,基金,10年地债(511270.XSHG),多,7400股,7400股,116.737,863853.8,106187.47,102.387,-,0,222,0股,14.02%,1454965.53,59.37%
2026-01-09,基金,纳指ETF(513100.XSHG),多,70200股,70200股,1.903,133590.6,32565.33,1.439,-,0,280.8,0股,32.23%,1454965.53,9.18%
2026-01-09,基金,黄金ETF(518880.XSHG),多,12600股,12600股,9.592,120859.2,56205.95,5.131,-,0,1020.6,0股,86.93%,1454965.53,8.31%
2026-01-09,股票,长江电力(600900.XSHG),多,4400股,4400股,27.29,120076,11507.11,24.675,-,0,132,0股,10.6%,1454965.53,8.25%
2026-01-09,股票,农业银行(601288.XSHG),多,11100股,11100股,7.41,82251,42464.51,3.584,-,0,-333,0股,106.73%,1454965.53,5.65%
2026-01-09,,Cash,,,,,11922.13,,,,,,,,0
2026-01-12,基金,豆粕ETF华夏(159985.XSHE),多,60100股,60100股,1.974,118637.4,6839.82,1.86,-,0,-601,0股,6.12%,1457679.64,8.14%
2026-01-12,基金,10年地债(511270.XSHG),多,7400股,7400股,116.74,863876,106209.67,102.387,-,0,22.2,0股,14.02%,1457679.64,59.26%
2026-01-12,基金,纳指ETF(513100.XSHG),多,71500股,71500股,1.893,135349.5,31849.03,1.448,-,0,-716.3,1300股,30.77%,1457679.64,9.29%
2026-01-12,基金,黄金ETF(518880.XSHG),多,11200股,11200股,9.777,109502.4,52032.85,5.131,-,0,2072,0股,90.54%,1457679.64,7.51%
2026-01-12,股票,长江电力(600900.XSHG),多,5300股,4400股,27.4,145220,12009.11,25.134,-,0,502,900股,9.02%,1457679.64,9.96%
2026-01-12,股票,农业银行(601288.XSHG),多,11300股,11100股,7.52,84976,43711.51,3.652,-,0,1247,200股,105.93%,1457679.64,5.83%
2026-01-12,,Cash,,,,,118.34,,,,,,,,0
2026-01-13,基金,豆粕ETF华夏(159985.XSHE),多,60100股,60100股,1.976,118757.6,6960.02,1.86,-,0,120.2,0股,6.23%,1461770.44,8.12%
2026-01-13,基金,10年地债(511270.XSHG),多,7400股,7400股,116.931,865289.4,107623.07,102.387,-,0,1413.4,0股,14.2%,1461770.44,59.19%
2026-01-13,基金,纳指ETF(513100.XSHG),多,71500股,71500股,1.915,136922.5,33422.03,1.448,-,0,1573,0股,32.29%,1461770.44,9.37%
2026-01-13,基金,黄金ETF(518880.XSHG),多,11200股,11200股,9.793,109681.6,52212.05,5.131,-,0,179.2,0股,90.85%,1461770.44,7.5%
2026-01-13,股票,长江电力(600900.XSHG),多,5300股,5300股,27.36,145008,11797.11,25.134,-,0,-212,0股,8.86%,1461770.44,9.92%
2026-01-13,股票,农业银行(601288.XSHG),多,11300股,11300股,7.61,85993,44728.51,3.652,-,0,1017,0股,108.39%,1461770.44,5.88%
2026-01-13,,Cash,,,,,118.34,,,,,,,,0
2026-01-14,基金,豆粕ETF华夏(159985.XSHE),多,60100股,60100股,1.969,118336.9,6539.32,1.86,-,0,-420.7,0股,5.85%,1459217.34,8.11%
2026-01-14,基金,10年地债(511270.XSHG),多,7400股,7400股,117.098,866525.2,108858.87,102.387,-,0,1235.8,0股,14.37%,1459217.34,59.38%
2026-01-14,基金,纳指ETF(513100.XSHG),多,71500股,71500股,1.909,136493.5,32993.03,1.448,-,0,-429,0股,31.88%,1459217.34,9.35%
2026-01-14,基金,黄金ETF(518880.XSHG),多,11200股,11200股,9.922,111126.4,53656.85,5.131,-,0,1444.8,0股,93.37%,1459217.34,7.62%
2026-01-14,股票,长江电力(600900.XSHG),多,5300股,5300股,26.81,142093,8882.11,25.134,-,0,-2915,0股,6.67%,1459217.34,9.74%
2026-01-14,股票,农业银行(601288.XSHG),多,11300股,11300股,7.48,84524,43259.51,3.652,-,0,-1469,0股,104.83%,1459217.34,5.79%
2026-01-14,,Cash,,,,,118.34,,,,,,,,0
2026-01-15,基金,豆粕ETF华夏(159985.XSHE),多,60100股,60100股,1.968,118276.8,6479.22,1.86,-,0,-60.1,0股,5.8%,1457067.24,8.12%
2026-01-15,基金,10年地债(511270.XSHG),多,7400股,7400股,117.198,867265.2,109598.87,102.387,-,0,740,0股,14.47%,1457067.24,59.52%
2026-01-15,基金,纳指ETF(513100.XSHG),多,71500股,71500股,1.901,135921.5,32421.03,1.448,-,0,-572,0股,31.32%,1457067.24,9.33%
2026-01-15,基金,黄金ETF(518880.XSHG),多,11200股,11200股,9.867,110510.4,53040.85,5.131,-,0,-616,0股,92.29%,1457067.24,7.58%
2026-01-15,股票,长江电力(600900.XSHG),多,5300股,5300股,26.82,142146,8935.11,25.134,-,0,53,0股,6.71%,1457067.24,9.76%
2026-01-15,股票,农业银行(601288.XSHG),多,11300股,11300股,7.33,82829,41564.51,3.652,-,0,-1695,0股,100.73%,1457067.24,5.68%
2026-01-15,,Cash,,,,,118.34,,,,,,,,0
2026-01-16,基金,豆粕ETF华夏(159985.XSHE),多,60100股,60100股,1.959,117735.9,5938.32,1.86,-,0,-540.9,0股,5.31%,1454334.04,8.1%
2026-01-16,基金,10年地债(511270.XSHG),多,7400股,7400股,117.286,867916.4,110250.07,102.387,-,0,651.2,0股,14.55%,1454334.04,59.68%
2026-01-16,基金,纳指ETF(513100.XSHG),多,71500股,71500股,1.904,136136,32635.53,1.448,-,0,214.5,0股,31.53%,1454334.04,9.36%
2026-01-16,基金,黄金ETF(518880.XSHG),多,11200股,11200股,9.857,110398.4,52928.85,5.131,-,0,-112,0股,92.1%,1454334.04,7.59%
2026-01-16,股票,长江电力(600900.XSHG),多,5300股,5300股,26.52,140556,7345.11,25.134,-,0,-1590,0股,5.51%,1454334.04,9.66%
2026-01-16,股票,农业银行(601288.XSHG),多,11300股,11300股,7.21,81473,40208.51,3.652,-,0,-1356,0股,97.44%,1454334.04,5.6%
2026-01-16,,Cash,,,,,118.34,,,,,,,,0
2026-01-19,基金,豆粕ETF华夏(159985.XSHE),多,60100股,60100股,1.961,117856.1,6058.52,1.86,-,0,120.2,0股,5.42%,1455992.14,8.09%
2026-01-19,基金,10年地债(511270.XSHG),多,7400股,7400股,117.4,868760,111093.67,102.387,-,0,843.6,0股,14.66%,1455992.14,59.67%
2026-01-19,基金,纳指ETF(513100.XSHG),多,71500股,71500股,1.887,134920.5,31420.03,1.448,-,0,-1215.5,0股,30.36%,1455992.14,9.27%
2026-01-19,基金,黄金ETF(518880.XSHG),多,11200股,11200股,10.006,112067.2,54597.65,5.131,-,0,1668.8,0股,95%,1455992.14,7.7%
2026-01-19,股票,长江电力(600900.XSHG),多,5300股,5300股,26.8,142040,8829.11,25.134,-,0,1484,0股,6.63%,1455992.14,9.76%
2026-01-19,股票,农业银行(601288.XSHG),多,11300股,11300股,7.1,80230,38965.51,3.652,-,0,-1243,0股,94.43%,1455992.14,5.51%
2026-01-19,,Cash,,,,,118.34,,,,,,,,0
2026-01-20,基金,豆粕ETF华夏(159985.XSHE),多,60100股,60100股,1.958,117675.8,5878.22,1.86,-,0,-180.3,0股,5.26%,1458423.54,8.07%
2026-01-20,基金,10年地债(511270.XSHG),多,7400股,7400股,117.58,870092,112425.67,102.387,-,0,1332,0股,14.84%,1458423.54,59.66%
2026-01-20,基金,纳指ETF(513100.XSHG),多,71500股,71500股,1.876,134134,30633.53,1.448,-,0,-786.5,0股,29.6%,1458423.54,9.2%
2026-01-20,基金,黄金ETF(518880.XSHG),多,11200股,11200股,10.082,112918.4,55448.85,5.131,-,0,851.2,0股,96.48%,1458423.54,7.74%
2026-01-20,股票,长江电力(600900.XSHG),多,5300股,5300股,26.88,142464,9253.11,25.134,-,0,424,0股,6.95%,1458423.54,9.77%
2026-01-20,股票,农业银行(601288.XSHG),多,11300股,11300股,7.17,81021,39756.51,3.652,-,0,791,0股,96.35%,1458423.54,5.56%
2026-01-20,,Cash,,,,,118.34,,,,,,,,0
2026-01-21,基金,豆粕ETF华夏(159985.XSHE),多,60100股,60100股,1.956,117555.6,5758.02,1.86,-,0,-120.2,0股,5.15%,1457484.04,8.07%
2026-01-21,基金,10年地债(511270.XSHG),多,7400股,7400股,117.568,870003.2,112336.87,102.387,-,0,-88.8,0股,14.83%,1457484.04,59.69%
2026-01-21,基金,纳指ETF(513100.XSHG),多,71500股,71500股,1.875,134062.5,30562.03,1.448,-,0,-71.5,0股,29.53%,1457484.04,9.2%
2026-01-21,基金,黄金ETF(518880.XSHG),多,11200股,11200股,10.377,116222.4,58752.85,5.131,-,0,3304,0股,102.23%,1457484.04,7.97%
2026-01-21,股票,长江电力(600900.XSHG),多,5300股,5300股,26.58,140874,7663.11,25.134,-,0,-1590,0股,5.75%,1457484.04,9.67%
2026-01-21,股票,农业银行(601288.XSHG),多,11300股,11300股,6.96,78648,37383.51,3.652,-,0,-2373,0股,90.59%,1457484.04,5.4%
2026-01-21,,Cash,,,,,118.34,,,,,,,,0
2026-01-22,基金,豆粕ETF华夏(159985.XSHE),多,60100股,60100股,1.972,118517.2,6719.62,1.86,-,0,961.6,0股,6.01%,1456412.84,8.14%
2026-01-22,基金,10年地债(511270.XSHG),多,7400股,7400股,117.519,869640.6,111974.27,102.387,-,0,-362.6,0股,14.78%,1456412.84,59.71%
2026-01-22,基金,纳指ETF(513100.XSHG),多,71500股,71500股,1.901,135921.5,32421.03,1.448,-,0,1859,0股,31.32%,1456412.84,9.33%
2026-01-22,基金,黄金ETF(518880.XSHG),多,11200股,11200股,10.341,115819.2,58349.65,5.131,-,0,-403.2,0股,101.53%,1456412.84,7.95%
2026-01-22,股票,长江电力(600900.XSHG),多,5300股,5300股,26.31,139443,6232.11,25.134,-,0,-1431,0股,4.68%,1456412.84,9.57%
2026-01-22,股票,农业银行(601288.XSHG),多,11300股,11300股,6.81,76953,35688.51,3.652,-,0,-1695,0股,86.49%,1456412.84,5.28%
2026-01-22,,Cash,,,,,118.34,,,,,,,,0
2026-01-23,基金,豆粕ETF华夏(159985.XSHE),多,60100股,60100股,1.966,118156.6,6359.02,1.86,-,0,-360.6,0股,5.69%,1455345.24,8.12%
2026-01-23,基金,10年地债(511270.XSHG),多,7400股,7400股,117.416,868878.4,111212.07,102.387,-,0,-762.2,0股,14.68%,1455345.24,59.7%
2026-01-23,基金,纳指ETF(513100.XSHG),多,71500股,71500股,1.891,135206.5,31706.03,1.448,-,0,-715,0股,30.63%,1455345.24,9.29%
2026-01-23,基金,黄金ETF(518880.XSHG),多,11200股,11200股,10.617,118910.4,61440.85,5.131,-,0,3091.2,0股,106.91%,1455345.24,8.17%
2026-01-23,股票,长江电力(600900.XSHG),多,5300股,5300股,26,137800,4589.11,25.134,-,0,-1643,0股,3.44%,1455345.24,9.47%
2026-01-23,股票,农业银行(601288.XSHG),多,11300股,11300股,6.75,76275,35010.51,3.652,-,0,-678,0股,84.84%,1455345.24,5.24%
2026-01-23,,Cash,,,,,118.34,,,,,,,,0
2026-01-26,基金,豆粕ETF华夏(159985.XSHE),多,60100股,60100股,1.975,118697.5,6899.92,1.86,-,0,540.9,0股,6.17%,1459458.84,8.13%
2026-01-26,基金,10年地债(511270.XSHG),多,7400股,7400股,117.398,868745.2,111078.87,102.387,-,0,-133.2,0股,14.66%,1459458.84,59.53%
2026-01-26,基金,纳指ETF(513100.XSHG),多,71500股,71500股,1.882,134563,31062.53,1.448,-,0,-643.5,0股,30.01%,1459458.84,9.22%
2026-01-26,基金,黄金ETF(518880.XSHG),多,11200股,11200股,10.924,122348.8,64879.25,5.131,-,0,3438.4,0股,112.89%,1459458.84,8.38%
2026-01-26,股票,长江电力(600900.XSHG),多,5300股,5300股,25.98,137694,4483.11,25.134,-,0,-106,0股,3.37%,1459458.84,9.43%
2026-01-26,股票,农业银行(601288.XSHG),多,11300股,11300股,6.84,77292,36027.51,3.652,-,0,1017,0股,87.31%,1459458.84,5.3%
2026-01-26,,Cash,,,,,118.34,,,,,,,,0
2026-01-27,基金,豆粕ETF华夏(159985.XSHE),多,60100股,60100股,1.97,118397,6599.42,1.86,-,0,-300.5,0股,5.9%,1461826.94,8.1%
2026-01-27,基金,10年地债(511270.XSHG),多,7400股,7400股,117.587,870143.8,112477.47,102.387,-,0,1398.6,0股,14.85%,1461826.94,59.52%
2026-01-27,基金,纳指ETF(513100.XSHG),多,71500股,71500股,1.894,135421,31920.53,1.448,-,0,858,0股,30.84%,1461826.94,9.26%
2026-01-27,基金,黄金ETF(518880.XSHG),多,11200股,11200股,10.934,122460.8,64991.25,5.131,-,0,112,0股,113.09%,1461826.94,8.38%
2026-01-27,股票,长江电力(600900.XSHG),多,5300股,5300股,25.93,137429,4218.11,25.134,-,0,-265,0股,3.17%,1461826.94,9.4%
2026-01-27,股票,农业银行(601288.XSHG),多,11300股,11300股,6.89,77857,36592.51,3.652,-,0,565,0股,88.68%,1461826.94,5.33%
2026-01-27,,Cash,,,,,118.34,,,,,,,,0
2026-01-28,基金,豆粕ETF华夏(159985.XSHE),多,60100股,60100股,1.985,119298.5,7500.92,1.86,-,0,901.5,0股,6.71%,1465266.54,8.14%
2026-01-28,基金,10年地债(511270.XSHG),多,7400股,7400股,117.638,870521.2,112854.87,102.387,-,0,377.4,0股,14.9%,1465266.54,59.41%
2026-01-28,基金,纳指ETF(513100.XSHG),多,71500股,71500股,1.905,136207.5,32707.03,1.448,-,0,786.5,0股,31.6%,1465266.54,9.3%
2026-01-28,基金,黄金ETF(518880.XSHG),多,11200股,11200股,11.28,126336,68866.45,5.131,-,0,3875.2,0股,119.83%,1465266.54,8.62%
2026-01-28,股票,长江电力(600900.XSHG),多,5300股,5300股,25.65,135945,2734.11,25.134,-,0,-1484,0股,2.05%,1465266.54,9.28%
2026-01-28,股票,农业银行(601288.XSHG),多,11300股,11300股,6.8,76840,35575.51,3.652,-,0,-1017,0股,86.21%,1465266.54,5.24%
2026-01-28,,Cash,,,,,118.34,,,,,,,,0
2026-01-29,基金,豆粕ETF华夏(159985.XSHE),多,60100股,60100股,2.009,120740.9,8943.32,1.86,-,0,1442.4,0股,8%,1474832.54,8.19%
2026-01-29,基金,10年地债(511270.XSHG),多,7400股,7400股,117.685,870869,113202.67,102.387,-,0,347.8,0股,14.94%,1474832.54,59.05%
2026-01-29,基金,纳指ETF(513100.XSHG),多,71500股,71500股,1.891,135206.5,31706.03,1.448,-,0,-1001,0股,30.63%,1474832.54,9.17%
2026-01-29,基金,黄金ETF(518880.XSHG),多,11200股,11200股,11.904,133324.8,75855.25,5.131,-,0,6988.8,0股,131.99%,1474832.54,9.04%
2026-01-29,股票,长江电力(600900.XSHG),多,5300股,5300股,26.03,137959,4748.11,25.134,-,0,2014,0股,3.56%,1474832.54,9.35%
2026-01-29,股票,农业银行(601288.XSHG),多,11300股,11300股,6.78,76614,35349.51,3.652,-,0,-226,0股,85.67%,1474832.54,5.19%
2026-01-29,,Cash,,,,,118.34,,,,,,,,0
2026-01-30,基金,豆粕ETF华夏(159985.XSHE),多,60100股,60100股,1.982,119118.2,7320.62,1.86,-,0,-1622.7,0股,6.55%,1463467.84,8.14%
2026-01-30,基金,10年地债(511270.XSHG),多,7400股,7400股,117.675,870795,113128.67,102.387,-,0,-74,0股,14.93%,1463467.84,59.5%
2026-01-30,基金,纳指ETF(513100.XSHG),多,71500股,71500股,1.881,134491.5,30991.03,1.448,-,0,-715,0股,29.94%,1463467.84,9.19%
2026-01-30,基金,黄金ETF(518880.XSHG),多,11200股,11200股,11.009,123300.8,65831.25,5.131,-,0,-10024,0股,114.55%,1463467.84,8.43%
2026-01-30,股票,长江电力(600900.XSHG),多,5300股,5300股,26.36,139708,6497.11,25.134,-,0,1749,0股,4.88%,1463467.84,9.55%
2026-01-30,股票,农业银行(601288.XSHG),多,11300股,11300股,6.72,75936,34671.51,3.652,-,0,-678,0股,84.02%,1463467.84,5.19%
2026-01-30,,Cash,,,,,118.34,,,,,,,,0
2026-02-02,基金,豆粕ETF华夏(159985.XSHE),多,60100股,60100股,1.974,118637.4,6839.82,1.86,-,0,-480.8,0股,6.12%,1446491.64,8.2%
2026-02-02,基金,10年地债(511270.XSHG),多,7400股,7400股,117.642,870550.8,112884.47,102.387,-,0,-244.2,0股,14.9%,1446491.64,60.18%
2026-02-02,基金,纳指ETF(513100.XSHG),多,71500股,71500股,1.833,131059.5,27559.03,1.448,-,0,-3432,0股,26.63%,1446491.64,9.06%
2026-02-02,基金,黄金ETF(518880.XSHG),多,11200股,11200股,9.908,110969.6,53500.05,5.131,-,0,-12331.2,0股,93.09%,1446491.64,7.67%
2026-02-02,股票,长江电力(600900.XSHG),多,5300股,5300股,26.14,138542,5331.11,25.134,-,0,-1166,0股,4%,1446491.64,9.58%
2026-02-02,股票,农业银行(601288.XSHG),多,11300股,11300股,6.78,76614,35349.51,3.652,-,0,678,0股,85.67%,1446491.64,5.3%
2026-02-02,,Cash,,,,,118.34,,,,,,,,0
2026-02-03,基金,豆粕ETF华夏(159985.XSHE),多,60100股,60100股,1.971,118457.1,6659.52,1.86,-,0,-180.3,0股,5.96%,1452980.64,8.15%
2026-02-03,基金,10年地债(511270.XSHG),多,7400股,7400股,117.672,870772.8,113106.47,102.387,-,0,222,0股,14.93%,1452980.64,59.93%
2026-02-03,基金,纳指ETF(513100.XSHG),多,71500股,71500股,1.872,133848,30347.53,1.448,-,0,2788.5,0股,29.32%,1452980.64,9.21%
2026-02-03,基金,黄金ETF(518880.XSHG),多,11200股,11200股,10.422,116726.4,59256.85,5.131,-,0,5756.8,0股,103.11%,1452980.64,8.03%
2026-02-03,股票,长江电力(600900.XSHG),多,5300股,5300股,26,137800,4589.11,25.134,-,0,-742,0股,3.44%,1452980.64,9.48%
2026-02-03,股票,农业银行(601288.XSHG),多,11300股,11300股,6.66,75258,33993.51,3.652,-,0,-1356,0股,82.38%,1452980.64,5.18%
2026-02-03,,Cash,,,,,118.34,,,,,,,,0
2026-02-04,基金,豆粕ETF华夏(159985.XSHE),多,60100股,60100股,1.975,118697.5,6899.92,1.86,-,0,240.4,0股,6.17%,1458448.14,8.14%
2026-02-04,基金,10年地债(511270.XSHG),多,7400股,7400股,117.601,870247.4,112581.07,102.387,-,0,-525.4,0股,14.86%,1458448.14,59.67%
2026-02-04,基金,纳指ETF(513100.XSHG),多,71500股,71500股,1.853,132489.5,28989.03,1.448,-,0,-1358.5,0股,28.01%,1458448.14,9.08%
2026-02-04,基金,黄金ETF(518880.XSHG),多,11200股,11200股,10.867,121710.4,64240.85,5.131,-,0,4984,0股,111.78%,1458448.14,8.35%
2026-02-04,股票,长江电力(600900.XSHG),多,5300股,5300股,26.38,139814,6603.11,25.134,-,0,2014,0股,4.96%,1458448.14,9.59%
2026-02-04,股票,农业银行(601288.XSHG),多,11300股,11300股,6.67,75371,34106.51,3.652,-,0,113,0股,82.65%,1458448.14,5.17%
2026-02-04,,Cash,,,,,118.34,,,,,,,,0
2026-02-05,基金,豆粕ETF华夏(159985.XSHE),多,60100股,60100股,1.98,118998,7200.42,1.86,-,0,300.5,0股,6.44%,1456004.14,8.17%
2026-02-05,基金,10年地债(511270.XSHG),多,7400股,7400股,117.673,870780.2,113113.87,102.387,-,0,532.8,0股,14.93%,1456004.14,59.81%
2026-02-05,基金,纳指ETF(513100.XSHG),多,71500股,71500股,1.84,131560,28059.53,1.448,-,0,-929.5,0股,27.11%,1456004.14,9.04%
2026-02-05,基金,黄金ETF(518880.XSHG),多,11200股,11200股,10.523,117857.6,60388.05,5.131,-,0,-3852.8,0股,105.08%,1456004.14,8.09%
2026-02-05,股票,长江电力(600900.XSHG),多,5300股,5300股,26.6,140980,7769.11,25.134,-,0,1166,0股,5.83%,1456004.14,9.68%
2026-02-05,股票,农业银行(601288.XSHG),多,11300股,11300股,6.7,75710,34445.51,3.652,-,0,339,0股,83.47%,1456004.14,5.2%
2026-02-05,,Cash,,,,,118.34,,,,,,,,0
2026-02-06,基金,豆粕ETF华夏(159985.XSHE),多,60100股,60100股,1.982,119118.2,7320.62,1.86,-,0,120.2,0股,6.55%,1452296.84,8.2%
2026-02-06,基金,10年地债(511270.XSHG),多,7400股,7400股,117.771,871505.4,113839.07,102.387,-,0,725.2,0股,15.02%,1452296.84,60.01%
2026-02-06,基金,纳指ETF(513100.XSHG),多,71500股,71500股,1.813,129629.5,26129.03,1.448,-,0,-1930.5,0股,25.25%,1452296.84,8.93%
2026-02-06,基金,黄金ETF(518880.XSHG),多,11200股,11200股,10.357,115998.4,58528.85,5.131,-,0,-1859.2,0股,101.84%,1452296.84,7.99%
2026-02-06,股票,长江电力(600900.XSHG),多,5300股,5300股,26.52,140556,7345.11,25.134,-,0,-424,0股,5.51%,1452296.84,9.68%
2026-02-06,股票,农业银行(601288.XSHG),多,11300股,11300股,6.67,75371,34106.51,3.652,-,0,-339,0股,82.65%,1452296.84,5.19%
2026-02-06,,Cash,,,,,118.34,,,,,,,,0
2026-02-09,基金,豆粕ETF华夏(159985.XSHE),多,58300股,58300股,1.985,115725.5,7276.26,1.86,-,0,174.9,0股,6.71%,1458430.33,7.93%
2026-02-09,基金,10年地债(511270.XSHG),多,7800股,7800股,117.729,918286.2,113539.07,103.173,-,0,-300,400股,14.11%,1458430.33,62.96%
2026-02-09,基金,纳指ETF(513100.XSHG),多,68400股,68400股,1.847,126334.8,27321.76,1.448,-,0,2325.6,0股,27.59%,1458430.33,8.66%
2026-02-09,基金,黄金ETF(518880.XSHG),多,6500股,6500股,10.719,69673.5,36320.63,5.131,-,0,2353,0股,108.9%,1458430.33,4.78%
2026-02-09,股票,长江电力(600900.XSHG),多,5700股,5300股,26.46,150822,7019.11,25.229,-,0,-326,400股,4.88%,1458430.33,10.34%
2026-02-09,股票,农业银行(601288.XSHG),多,11400股,11300股,6.71,76494,34562.51,3.678,-,0,456,100股,82.43%,1458430.33,5.24%
2026-02-09,,Cash,,,,,1094.33,,,,,,,,0
2026-02-10,基金,豆粕ETF华夏(159985.XSHE),多,58300股,58300股,1.975,115142.5,6693.26,1.86,-,0,-583,0股,6.17%,1458172.13,7.9%
2026-02-10,基金,10年地债(511270.XSHG),多,7800股,7800股,117.729,918286.2,113539.07,103.173,-,0,0,0股,14.11%,1458172.13,62.98%
2026-02-10,基金,纳指ETF(513100.XSHG),多,68400股,68400股,1.844,126129.6,27116.56,1.448,-,0,-205.2,0股,27.39%,1458172.13,8.65%
2026-02-10,基金,黄金ETF(518880.XSHG),多,6500股,6500股,10.669,69348.5,35995.63,5.131,-,0,-325,0股,107.92%,1458172.13,4.76%
2026-02-10,股票,长江电力(600900.XSHG),多,5700股,5700股,26.57,151449,7646.11,25.229,-,0,627,0股,5.32%,1458172.13,10.39%
2026-02-10,股票,农业银行(601288.XSHG),多,11400股,11400股,6.73,76722,34790.51,3.678,-,0,228,0股,82.97%,1458172.13,5.26%
2026-02-10,,Cash,,,,,1094.33,,,,,,,,0
2026-02-11,基金,豆粕ETF华夏(159985.XSHE),多,58300股,58300股,1.987,115842.1,7392.86,1.86,-,0,699.6,0股,6.82%,1460125.83,7.93%
2026-02-11,基金,10年地债(511270.XSHG),多,7800股,7800股,117.82,918996,114248.87,103.173,-,0,709.8,0股,14.2%,1460125.83,62.94%
2026-02-11,基金,纳指ETF(513100.XSHG),多,68400股,68400股,1.841,125924.4,26911.36,1.448,-,0,-205.2,0股,27.18%,1460125.83,8.62%
2026-02-11,基金,黄金ETF(518880.XSHG),多,6500股,6500股,10.758,69927,36574.13,5.131,-,0,578.5,0股,109.66%,1460125.83,4.79%
2026-02-11,股票,长江电力(600900.XSHG),多,5700股,5700股,26.48,150936,7133.11,25.229,-,0,-513,0股,4.96%,1460125.83,10.34%
2026-02-11,股票,农业银行(601288.XSHG),多,11400股,11400股,6.79,77406,35474.51,3.678,-,0,684,0股,84.6%,1460125.83,5.3%
2026-02-11,,Cash,,,,,1094.33,,,,,,,,0
2026-02-12,基金,豆粕ETF华夏(159985.XSHE),多,58300股,58300股,1.989,115958.7,7509.46,1.86,-,0,116.6,0股,6.92%,1456967.23,7.96%
2026-02-12,基金,10年地债(511270.XSHG),多,7800股,7800股,117.879,919456.2,114709.07,103.173,-,0,460.2,0股,14.25%,1456967.23,63.11%
2026-02-12,基金,纳指ETF(513100.XSHG),多,68400股,68400股,1.836,125582.4,26569.36,1.448,-,0,-342,0股,26.83%,1456967.23,8.62%
2026-02-12,基金,黄金ETF(518880.XSHG),多,6500股,6500股,10.72,69680,36327.13,5.131,-,0,-247,0股,108.92%,1456967.23,4.78%
2026-02-12,股票,长江电力(600900.XSHG),多,5700股,5700股,26.12,148884,6278.11,25.019,-,0,-855,0股,4.4%,1456967.23,10.22%
2026-02-12,股票,农业银行(601288.XSHG),多,11400股,11400股,6.61,75354,33422.51,3.678,-,0,-2052,0股,79.71%,1456967.23,5.17%
2026-02-12,,Cash,,,,,2051.93,,,,,,,,0
2026-02-13,基金,豆粕ETF华夏(159985.XSHE),多,58300股,58300股,2,116600,8150.76,1.86,-,0,641.3,0股,7.52%,1454860.63,8.01%
2026-02-13,基金,10年地债(511270.XSHG),多,7800股,7800股,117.934,919885.2,115138.07,103.173,-,0,429,0股,14.31%,1454860.63,63.23%
2026-02-13,基金,纳指ETF(513100.XSHG),多,68400股,68400股,1.83,125172,26158.96,1.448,-,0,-410.4,0股,26.42%,1454860.63,8.6%
2026-02-13,基金,黄金ETF(518880.XSHG),多,6500股,6500股,10.575,68737.5,35384.63,5.131,-,0,-942.5,0股,106.09%,1454860.63,4.72%
2026-02-13,股票,长江电力(600900.XSHG),多,5700股,5700股,26,148200,5594.11,25.019,-,0,-684,0股,3.92%,1454860.63,10.19%
2026-02-13,股票,农业银行(601288.XSHG),多,11400股,11400股,6.51,74214,32282.51,3.678,-,0,-1140,0股,76.99%,1454860.63,5.1%
2026-02-13,,Cash,,,,,2051.93,,,,,,,,0
2026-02-24,基金,豆粕ETF华夏(159985.XSHE),多,58300股,58300股,2.001,116658.3,8209.06,1.86,-,0,58.3,0股,7.57%,1457592.83,8%
2026-02-24,基金,10年地债(511270.XSHG),多,7800股,7800股,118.033,920657.4,115910.27,103.173,-,0,772.2,0股,14.4%,1457592.83,63.16%
2026-02-24,基金,纳指ETF(513100.XSHG),多,68400股,68400股,1.823,124693.2,25680.16,1.448,-,0,-478.8,0股,25.94%,1457592.83,8.55%
2026-02-24,基金,黄金ETF(518880.XSHG),多,6500股,6500股,10.95,71175,37822.13,5.131,-,0,2437.5,0股,113.4%,1457592.83,4.88%
2026-02-24,股票,长江电力(600900.XSHG),多,5700股,5700股,26.05,148485,5879.11,25.019,-,0,285,0股,4.12%,1457592.83,10.19%
2026-02-24,股票,农业银行(601288.XSHG),多,11400股,11400股,6.48,73872,31940.51,3.678,-,0,-342,0股,76.17%,1457592.83,5.07%
2026-02-24,,Cash,,,,,2051.93,,,,,,,,0
2026-02-25,基金,豆粕ETF华夏(159985.XSHE),多,58300股,58300股,2.02,117766,9316.76,1.86,-,0,1107.7,0股,8.59%,1457744.43,8.08%
2026-02-25,基金,10年地债(511270.XSHG),多,7800股,7800股,117.9,919620,114872.87,103.173,-,0,-1037.4,0股,14.27%,1457744.43,63.09%
2026-02-25,基金,纳指ETF(513100.XSHG),多,68400股,68400股,1.825,124830,25816.96,1.448,-,0,136.8,0股,26.07%,1457744.43,8.56%
2026-02-25,基金,黄金ETF(518880.XSHG),多,6500股,6500股,10.959,71233.5,37880.63,5.131,-,0,58.5,0股,113.58%,1457744.43,4.89%
2026-02-25,股票,长江电力(600900.XSHG),多,5700股,5700股,25.97,148029,5423.11,25.019,-,0,-456,0股,3.8%,1457744.43,10.15%
2026-02-25,股票,农业银行(601288.XSHG),多,11400股,11400股,6.51,74214,32282.51,3.678,-,0,342,0股,76.99%,1457744.43,5.09%
2026-02-25,,Cash,,,,,2051.93,,,,,,,,0
2026-02-26,基金,豆粕ETF华夏(159985.XSHE),多,58300股,58300股,2.017,117591.1,9141.86,1.86,-,0,-174.9,0股,8.43%,1455975.73,8.08%
2026-02-26,基金,10年地债(511270.XSHG),多,7800股,7800股,117.753,918473.4,113726.27,103.173,-,0,-1146.6,0股,14.13%,1455975.73,63.08%
2026-02-26,基金,纳指ETF(513100.XSHG),多,68400股,68400股,1.832,125308.8,26295.76,1.448,-,0,478.8,0股,26.56%,1455975.73,8.61%
2026-02-26,基金,黄金ETF(518880.XSHG),多,6500股,6500股,10.913,70934.5,37581.63,5.131,-,0,-299,0股,112.68%,1455975.73,4.87%
2026-02-26,股票,长江电力(600900.XSHG),多,5700股,5700股,26.04,148428,5822.11,25.019,-,0,399,0股,4.08%,1455975.73,10.19%
2026-02-26,股票,农业银行(601288.XSHG),多,11400股,11400股,6.42,73188,31256.51,3.678,-,0,-1026,0股,74.54%,1455975.73,5.03%
2026-02-26,,Cash,,,,,2051.93,,,,,,,,0
2026-02-27,基金,豆粕ETF华夏(159985.XSHE),多,58300股,58300股,2.017,117591.1,9141.86,1.86,-,0,0,0股,8.43%,1455706.13,8.08%
2026-02-27,基金,10年地债(511270.XSHG),多,7800股,7800股,117.845,919191,114443.87,103.173,-,0,717.6,0股,14.22%,1455706.13,63.14%
2026-02-27,基金,纳指ETF(513100.XSHG),多,68400股,68400股,1.819,124419.6,25406.56,1.448,-,0,-889.2,0股,25.66%,1455706.13,8.55%
2026-02-27,基金,黄金ETF(518880.XSHG),多,6500股,6500股,10.933,71064.5,37711.63,5.131,-,0,130,0股,113.07%,1455706.13,4.88%
2026-02-27,股票,长江电力(600900.XSHG),多,5700股,5700股,26.04,148428,5822.11,25.019,-,0,0,0股,4.08%,1455706.13,10.2%
2026-02-27,股票,农业银行(601288.XSHG),多,11400股,11400股,6.4,72960,31028.51,3.678,-,0,-228,0股,74%,1455706.13,5.01%
2026-02-27,,Cash,,,,,2051.93,,,,,,,,0
2026-03-02,基金,豆粕ETF华夏(159985.XSHE),多,58300股,58300股,2.034,118582.2,10132.96,1.86,-,0,991.1,0股,9.34%,1463643.03,8.1%
2026-03-02,基金,10年地债(511270.XSHG),多,7800股,7800股,117.977,920220.6,115473.47,103.173,-,0,1029.6,0股,14.35%,1463643.03,62.87%
2026-03-02,基金,纳指ETF(513100.XSHG),多,68400股,68400股,1.802,123256.8,24243.76,1.448,-,0,-1162.8,0股,24.49%,1463643.03,8.42%
2026-03-02,基金,黄金ETF(518880.XSHG),多,6500股,6500股,11.417,74210.5,40857.63,5.131,-,0,3146,0股,122.5%,1463643.03,5.07%
2026-03-02,股票,长江电力(600900.XSHG),多,5700股,5700股,26.57,151449,8843.11,25.019,-,0,3021,0股,6.2%,1463643.03,10.35%
2026-03-02,股票,农业银行(601288.XSHG),多,11400股,11400股,6.48,73872,31940.51,3.678,-,0,912,0股,76.17%,1463643.03,5.05%
2026-03-02,,Cash,,,,,2051.93,,,,,,,,0
2026-03-03,基金,豆粕ETF华夏(159985.XSHE),多,58300股,58300股,2.051,119573.3,11124.06,1.86,-,0,991.1,0股,10.26%,1467861.13,8.15%
2026-03-03,基金,10年地债(511270.XSHG),多,7800股,7800股,118.005,920439,115691.87,103.173,-,0,218.4,0股,14.38%,1467861.13,62.71%
2026-03-03,基金,纳指ETF(513100.XSHG),多,68400股,68400股,1.786,122162.4,23149.36,1.448,-,0,-1094.4,0股,23.38%,1467861.13,8.32%
2026-03-03,基金,黄金ETF(518880.XSHG),多,6500股,6500股,11.259,73183.5,39830.63,5.131,-,0,-1027,0股,119.42%,1467861.13,4.99%
2026-03-03,股票,长江电力(600900.XSHG),多,5700股,5700股,26.97,153729,11123.11,25.019,-,0,2280,0股,7.8%,1467861.13,10.47%
2026-03-03,股票,农业银行(601288.XSHG),多,11400股,11400股,6.73,76722,34790.51,3.678,-,0,2850,0股,82.97%,1467861.13,5.23%
2026-03-03,,Cash,,,,,2051.93,,,,,,,,0
2026-03-04,基金,豆粕ETF华夏(159985.XSHE),多,58300股,58300股,2.102,122546.6,14097.36,1.86,-,0,2973.3,0股,13%,1467883.33,8.35%
2026-03-04,基金,10年地债(511270.XSHG),多,7800股,7800股,118.055,920829,116081.87,103.173,-,0,390,0股,14.42%,1467883.33,62.73%
2026-03-04,基金,纳指ETF(513100.XSHG),多,68400股,68400股,1.762,120520.8,21507.76,1.448,-,0,-1641.6,0股,21.72%,1467883.33,8.21%
2026-03-04,基金,黄金ETF(518880.XSHG),多,6500股,6500股,10.98,71370,38017.13,5.131,-,0,-1813.5,0股,113.98%,1467883.33,4.86%
2026-03-04,股票,长江电力(600900.XSHG),多,5700股,5700股,27.09,154413,11807.11,25.019,-,0,684,0股,8.28%,1467883.33,10.52%
2026-03-04,股票,农业银行(601288.XSHG),多,11400股,11400股,6.68,76152,34220.51,3.678,-,0,-570,0股,81.61%,1467883.33,5.19%
2026-03-04,,Cash,,,,,2051.93,,,,,,,,0
2026-03-05,基金,豆粕ETF华夏(159985.XSHE),多,58300股,58300股,2.061,120156.3,11707.06,1.86,-,0,-2390.3,0股,10.79%,1468342.23,8.18%
2026-03-05,基金,10年地债(511270.XSHG),多,7800股,7800股,118.02,920556,115808.87,103.173,-,0,-273,0股,14.39%,1468342.23,62.69%
2026-03-05,基金,纳指ETF(513100.XSHG),多,68400股,68400股,1.8,123120,24106.96,1.448,-,0,2599.2,0股,24.35%,1468342.23,8.38%
2026-03-05,基金,黄金ETF(518880.XSHG),多,6500股,6500股,10.964,71266,37913.13,5.131,-,0,-104,0股,113.67%,1468342.23,4.85%
2026-03-05,股票,长江电力(600900.XSHG),多,5700股,5700股,27.08,154356,11750.11,25.019,-,0,-57,0股,8.24%,1468342.23,10.51%
2026-03-05,股票,农业银行(601288.XSHG),多,11400股,11400股,6.74,76836,34904.51,3.678,-,0,684,0股,83.24%,1468342.23,5.23%
2026-03-05,,Cash,,,,,2051.93,,,,,,,,0
2026-03-06,基金,豆粕ETF华夏(159985.XSHE),多,58300股,58300股,2.126,123945.8,15496.56,1.86,-,0,3789.5,0股,14.29%,1471479.03,8.42%
2026-03-06,基金,10年地债(511270.XSHG),多,7800股,7800股,118.018,920540.4,115793.27,103.173,-,0,-15.6,0股,14.39%,1471479.03,62.56%
2026-03-06,基金,纳指ETF(513100.XSHG),多,68400股,68400股,1.801,123188.4,24175.36,1.448,-,0,68.4,0股,24.42%,1471479.03,8.37%
2026-03-06,基金,黄金ETF(518880.XSHG),多,6500股,6500股,10.873,70674.5,37321.63,5.131,-,0,-591.5,0股,111.9%,1471479.03,4.8%
2026-03-06,股票,长江电力(600900.XSHG),多,5700股,5700股,27.14,154698,12092.11,25.019,-,0,342,0股,8.48%,1471479.03,10.51%
2026-03-06,股票,农业银行(601288.XSHG),多,11400股,11400股,6.7,76380,34448.51,3.678,-,0,-456,0股,82.15%,1471479.03,5.19%
2026-03-06,,Cash,,,,,2051.93,,,,,,,,0
2026-03-09,基金,豆粕ETF华夏(159985.XSHE),多,42200股,42200股,2.232,94190.4,15690.27,1.86,-,0,4473.2,0股,19.99%,1474219.07,6.39%
2026-03-09,基金,10年地债(511270.XSHG),多,8400股,8400股,117.83,989772,114300.47,104.223,-,0,-1492.8,600股,13.06%,1474219.07,67.14%
2026-03-09,基金,纳指ETF(513100.XSHG),多,66700股,66700股,1.756,117125.2,20573.01,1.448,-,0,-3001.5,0股,21.31%,1474219.07,7.94%
2026-03-09,基金,黄金ETF(518880.XSHG),多,6000股,6000股,10.868,65208,34420.74,5.131,-,0,-30,0股,111.8%,1474219.07,4.42%
2026-03-09,股票,长江电力(600900.XSHG),多,5000股,5000股,27.2,136000,10907.12,25.019,-,0,300,0股,8.72%,1474219.07,9.23%
2026-03-09,股票,农业银行(601288.XSHG),多,9700股,9700股,6.66,64602,28923.45,3.678,-,0,-388,0股,81.07%,1474219.07,4.38%
2026-03-09,,Cash,,,,,7321.47,,,,,,,,0
2026-03-10,基金,豆粕ETF华夏(159985.XSHE),多,42200股,42200股,2.179,91953.8,13453.67,1.86,-,0,-2236.6,0股,17.14%,1473593.67,6.24%
2026-03-10,基金,10年地债(511270.XSHG),多,8400股,8400股,117.827,989746.8,114275.27,104.223,-,0,-25.2,0股,13.05%,1473593.67,67.17%
2026-03-10,基金,纳指ETF(513100.XSHG),多,66700股,66700股,1.788,119259.6,22707.41,1.448,-,0,2134.4,0股,23.52%,1473593.67,8.09%
2026-03-10,基金,黄金ETF(518880.XSHG),多,6000股,6000股,10.956,65736,34948.74,5.131,-,0,528,0股,113.52%,1473593.67,4.46%
2026-03-10,股票,长江电力(600900.XSHG),多,5000股,5000股,27.15,135750,10657.12,25.019,-,0,-250,0股,8.52%,1473593.67,9.21%
2026-03-10,股票,农业银行(601288.XSHG),多,9700股,9700股,6.58,63826,28147.45,3.678,-,0,-776,0股,78.89%,1473593.67,4.33%
2026-03-10,,Cash,,,,,7321.47,,,,,,,,0
2026-03-11,基金,豆粕ETF华夏(159985.XSHE),多,42200股,42200股,2.244,94696.8,16196.67,1.86,-,0,2743,0股,20.63%,1478055.67,6.41%
2026-03-11,基金,10年地债(511270.XSHG),多,8400股,8400股,117.84,989856,114384.47,104.223,-,0,109.2,0股,13.07%,1478055.67,66.97%
2026-03-11,基金,纳指ETF(513100.XSHG),多,66700股,66700股,1.792,119526.4,22974.21,1.448,-,0,266.8,0股,23.79%,1478055.67,8.09%
2026-03-11,基金,黄金ETF(518880.XSHG),多,6000股,6000股,10.974,65844,35056.74,5.131,-,0,108,0股,113.87%,1478055.67,4.45%
2026-03-11,股票,长江电力(600900.XSHG),多,5000股,5000股,27.3,136500,11407.12,25.019,-,0,750,0股,9.12%,1478055.67,9.24%
2026-03-11,股票,农业银行(601288.XSHG),多,9700股,9700股,6.63,64311,28632.45,3.678,-,0,485,0股,80.25%,1478055.67,4.35%
2026-03-11,,Cash,,,,,7321.47,,,,,,,,0
2026-03-12,基金,豆粕ETF华夏(159985.XSHE),多,42200股,42200股,2.232,94190.4,15690.27,1.86,-,0,-506.4,0股,19.99%,1478644.27,6.37%
2026-03-12,基金,10年地债(511270.XSHG),多,8400股,8400股,117.929,990603.6,115132.07,104.223,-,0,747.6,0股,13.15%,1478644.27,66.99%
2026-03-12,基金,纳指ETF(513100.XSHG),多,66700股,66700股,1.784,118992.8,22440.61,1.448,-,0,-533.6,0股,23.24%,1478644.27,8.05%
2026-03-12,基金,黄金ETF(518880.XSHG),多,6000股,6000股,10.938,65628,34840.74,5.131,-,0,-216,0股,113.17%,1478644.27,4.44%
2026-03-12,股票,长江电力(600900.XSHG),多,5000股,5000股,27.5,137500,12407.12,25.019,-,0,1000,0股,9.92%,1478644.27,9.3%
2026-03-12,股票,农业银行(601288.XSHG),多,9700股,9700股,6.64,64408,28729.45,3.678,-,0,97,0股,80.52%,1478644.27,4.36%
2026-03-12,,Cash,,,,,7321.47,,,,,,,,0
2026-03-13,基金,豆粕ETF华夏(159985.XSHE),多,42200股,42200股,2.321,97946.2,19446.07,1.86,-,0,3755.8,0股,24.77%,1479604.17,6.62%
2026-03-13,基金,10年地债(511270.XSHG),多,8400股,8400股,117.899,990351.6,114880.07,104.223,-,0,-252,0股,13.12%,1479604.17,66.93%
2026-03-13,基金,纳指ETF(513100.XSHG),多,66700股,66700股,1.767,117858.9,21306.71,1.448,-,0,-1133.9,0股,22.07%,1479604.17,7.97%
2026-03-13,基金,黄金ETF(518880.XSHG),多,6000股,6000股,10.802,64812,34024.74,5.131,-,0,-816,0股,110.52%,1479604.17,4.38%
2026-03-13,股票,长江电力(600900.XSHG),多,5000股,5000股,27.42,137100,12007.12,25.019,-,0,-400,0股,9.6%,1479604.17,9.27%
2026-03-13,股票,农业银行(601288.XSHG),多,9700股,9700股,6.62,64214,28535.45,3.678,-,0,-194,0股,79.98%,1479604.17,4.34%
2026-03-13,,Cash,,,,,7321.47,,,,,,,,0
2026-03-16,基金,豆粕ETF华夏(159985.XSHE),多,42200股,42200股,2.262,95456.4,16956.27,1.86,-,0,-2489.8,0股,21.6%,1476156.27,6.47%
2026-03-16,基金,10年地债(511270.XSHG),多,8400股,8400股,117.829,989763.6,114292.07,104.223,-,0,-588,0股,13.05%,1476156.27,67.05%
2026-03-16,基金,纳指ETF(513100.XSHG),多,66700股,66700股,1.774,118325.8,21773.61,1.448,-,0,466.9,0股,22.55%,1476156.27,8.02%
2026-03-16,基金,黄金ETF(518880.XSHG),多,6000股,6000股,10.664,63984,33196.74,5.131,-,0,-828,0股,107.83%,1476156.27,4.33%
2026-03-16,股票,长江电力(600900.XSHG),多,5000股,5000股,27.36,136800,11707.12,25.019,-,0,-300,0股,9.36%,1476156.27,9.27%
2026-03-16,股票,农业银行(601288.XSHG),多,9700股,9700股,6.65,64505,28826.45,3.678,-,0,291,0股,80.79%,1476156.27,4.37%
2026-03-16,,Cash,,,,,7321.47,,,,,,,,0
2026-03-17,基金,豆粕ETF华夏(159985.XSHE),多,42200股,42200股,2.25,94950,16449.87,1.86,-,0,-506.4,0股,20.96%,1477233.07,6.43%
2026-03-17,基金,10年地债(511270.XSHG),多,8400股,8400股,117.88,990192,114720.47,104.223,-,0,428.4,0股,13.1%,1477233.07,67.03%
2026-03-17,基金,纳指ETF(513100.XSHG),多,66700股,66700股,1.768,117925.6,21373.41,1.448,-,0,-400.2,0股,22.14%,1477233.07,7.98%
2026-03-17,基金,黄金ETF(518880.XSHG),多,6000股,6000股,10.637,63822,33034.74,5.131,-,0,-162,0股,107.3%,1477233.07,4.32%
2026-03-17,股票,长江电力(600900.XSHG),多,5000股,5000股,27.49,137450,12357.12,25.019,-,0,650,0股,9.88%,1477233.07,9.3%
2026-03-17,股票,农业银行(601288.XSHG),多,9700股,9700股,6.76,65572,29893.45,3.678,-,0,1067,0股,83.79%,1477233.07,4.44%
2026-03-17,,Cash,,,,,7321.47,,,,,,,,0
2026-03-18,基金,豆粕ETF华夏(159985.XSHE),多,42200股,42200股,2.251,94992.2,16492.07,1.86,-,0,42.2,0股,21.01%,1478177.97,6.43%
2026-03-18,基金,10年地债(511270.XSHG),多,8400股,8400股,117.985,991074,115602.47,104.223,-,0,882,0股,13.2%,1478177.97,67.05%
2026-03-18,基金,纳指ETF(513100.XSHG),多,66700股,66700股,1.789,119326.3,22774.11,1.448,-,0,1400.7,0股,23.59%,1478177.97,8.07%
2026-03-18,基金,黄金ETF(518880.XSHG),多,6000股,6000股,10.606,63636,32848.74,5.131,-,0,-186,0股,106.7%,1478177.97,4.31%
2026-03-18,股票,长江电力(600900.XSHG),多,5000股,5000股,27.29,136450,11357.12,25.019,-,0,-1000,0股,9.08%,1478177.97,9.23%
2026-03-18,股票,农业银行(601288.XSHG),多,9700股,9700股,6.74,65378,29699.45,3.678,-,0,-194,0股,83.24%,1478177.97,4.42%
2026-03-18,,Cash,,,,,7321.47,,,,,,,,0
2026-03-19,基金,豆粕ETF华夏(159985.XSHE),多,42200股,42200股,2.244,94696.8,16196.67,1.86,-,0,-295.4,0股,20.63%,1475393.67,6.42%
2026-03-19,基金,10年地债(511270.XSHG),多,8400股,8400股,118.144,992409.6,116938.07,104.223,-,0,1335.6,0股,13.36%,1475393.67,67.26%
2026-03-19,基金,纳指ETF(513100.XSHG),多,66700股,66700股,1.764,117658.8,21106.61,1.448,-,0,-1667.5,0股,21.86%,1475393.67,7.97%
2026-03-19,基金,黄金ETF(518880.XSHG),多,6000股,6000股,10.126,60756,29968.74,5.131,-,0,-2880,0股,97.34%,1475393.67,4.12%
2026-03-19,股票,长江电力(600900.XSHG),多,5000股,5000股,27.26,136300,11207.12,25.019,-,0,-150,0股,8.96%,1475393.67,9.24%
2026-03-19,股票,农业银行(601288.XSHG),多,9700股,9700股,6.83,66251,30572.45,3.678,-,0,873,0股,85.69%,1475393.67,4.49%
2026-03-19,,Cash,,,,,7321.47,,,,,,,,0
2026-03-20,基金,豆粕ETF华夏(159985.XSHE),多,42200股,42200股,2.205,93051,14550.87,1.86,-,0,-1645.8,0股,18.54%,1469851.57,6.33%
2026-03-20,基金,10年地债(511270.XSHG),多,8400股,8400股,118.092,991972.8,116501.27,104.223,-,0,-436.8,0股,13.31%,1469851.57,67.49%
2026-03-20,基金,纳指ETF(513100.XSHG),多,66700股,66700股,1.749,116658.3,20106.11,1.448,-,0,-1000.5,0股,20.82%,1469851.57,7.94%
2026-03-20,基金,黄金ETF(518880.XSHG),多,6000股,6000股,9.896,59376,28588.74,5.131,-,0,-1380,0股,92.86%,1469851.57,4.04%
2026-03-20,股票,长江电力(600900.XSHG),多,5000股,5000股,27.18,135900,10807.12,25.019,-,0,-400,0股,8.64%,1469851.57,9.25%
2026-03-20,股票,农业银行(601288.XSHG),多,9700股,9700股,6.76,65572,29893.45,3.678,-,0,-679,0股,83.79%,1469851.57,4.46%
2026-03-20,,Cash,,,,,7321.47,,,,,,,,0
2026-03-23,基金,豆粕ETF华夏(159985.XSHE),多,42200股,42200股,2.23,94106,15605.87,1.86,-,0,1055,0股,19.88%,1453956.87,6.47%
2026-03-23,基金,10年地债(511270.XSHG),多,8400股,8400股,117.901,990368.4,114896.87,104.223,-,0,-1604.4,0股,13.12%,1453956.87,68.12%
2026-03-23,基金,纳指ETF(513100.XSHG),多,66700股,66700股,1.68,112056,15503.81,1.448,-,0,-4602.3,0股,16.06%,1453956.87,7.71%
2026-03-23,基金,黄金ETF(518880.XSHG),多,6000股,6000股,8.941,53646,22858.74,5.131,-,0,-5730,0股,74.25%,1453956.87,3.69%
2026-03-23,股票,长江电力(600900.XSHG),多,5000股,5000股,26.74,133700,8607.12,25.019,-,0,-2200,0股,6.88%,1453956.87,9.2%
2026-03-23,股票,农业银行(601288.XSHG),多,9700股,9700股,6.47,62759,27080.45,3.678,-,0,-2813,0股,75.9%,1453956.87,4.32%
2026-03-23,,Cash,,,,,7321.47,,,,,,,,0
2026-03-24,基金,豆粕ETF华夏(159985.XSHE),多,42200股,42200股,2.242,94612.4,16112.27,1.86,-,0,506.4,0股,20.53%,1462463.77,6.47%
2026-03-24,基金,10年地债(511270.XSHG),多,8400股,8400股,118.055,991662,116190.47,104.223,-,0,1293.6,0股,13.27%,1462463.77,67.81%
2026-03-24,基金,纳指ETF(513100.XSHG),多,66700股,66700股,1.717,114523.9,17971.71,1.448,-,0,2467.9,0股,18.61%,1462463.77,7.83%
2026-03-24,基金,黄金ETF(518880.XSHG),多,6000股,6000股,9.299,55794,25006.74,5.131,-,0,2148,0股,81.22%,1462463.77,3.82%
2026-03-24,股票,长江电力(600900.XSHG),多,5000股,5000股,27.1,135500,10407.12,25.019,-,0,1800,0股,8.32%,1462463.77,9.27%
2026-03-24,股票,农业银行(601288.XSHG),多,9700股,9700股,6.5,63050,27371.45,3.678,-,0,291,0股,76.72%,1462463.77,4.31%
2026-03-24,,Cash,,,,,7321.47,,,,,,,,0
2026-03-25,基金,豆粕ETF华夏(159985.XSHE),多,42200股,42200股,2.159,91109.8,12609.67,1.86,-,0,-3502.6,0股,16.06%,1463686.07,6.22%
2026-03-25,基金,10年地债(511270.XSHG),多,8400股,8400股,118.115,992166,116694.47,104.223,-,0,504,0股,13.33%,1463686.07,67.79%
2026-03-25,基金,纳指ETF(513100.XSHG),多,66700股,66700股,1.734,115657.8,19105.61,1.448,-,0,1133.9,0股,19.79%,1463686.07,7.9%
2026-03-25,基金,黄金ETF(518880.XSHG),多,6000股,6000股,9.641,57846,27058.74,5.131,-,0,2052,0股,87.89%,1463686.07,3.95%
2026-03-25,股票,长江电力(600900.XSHG),多,5000股,5000股,27.21,136050,10957.12,25.019,-,0,550,0股,8.76%,1463686.07,9.3%
2026-03-25,股票,农业银行(601288.XSHG),多,9700股,9700股,6.55,63535,27856.45,3.678,-,0,485,0股,78.08%,1463686.07,4.34%
2026-03-25,,Cash,,,,,7321.47,,,,,,,,0
2026-03-26,基金,豆粕ETF华夏(159985.XSHE),多,42200股,42200股,2.161,91194.2,12694.07,1.86,-,0,84.4,0股,16.17%,1462165.87,6.24%
2026-03-26,基金,10年地债(511270.XSHG),多,8400股,8400股,118.19,992796,117324.47,104.223,-,0,630,0股,13.4%,1462165.87,67.9%
2026-03-26,基金,纳指ETF(513100.XSHG),多,66700股,66700股,1.716,114457.2,17905.01,1.448,-,0,-1200.6,0股,18.54%,1462165.87,7.83%
2026-03-26,基金,黄金ETF(518880.XSHG),多,6000股,6000股,9.45,56700,25912.74,5.131,-,0,-1146,0股,84.17%,1462165.87,3.88%
2026-03-26,股票,长江电力(600900.XSHG),多,5000股,5000股,27.31,136550,11457.12,25.019,-,0,500,0股,9.16%,1462165.87,9.34%
2026-03-26,股票,农业银行(601288.XSHG),多,9700股,9700股,6.51,63147,27468.45,3.678,-,0,-388,0股,76.99%,1462165.87,4.32%
2026-03-26,,Cash,,,,,7321.47,,,,,,,,0
2026-03-27,基金,豆粕ETF华夏(159985.XSHE),多,42200股,42200股,2.122,89548.4,11048.27,1.86,-,0,-1645.8,0股,14.07%,1460583.47,6.13%
2026-03-27,基金,10年地债(511270.XSHG),多,8400股,8400股,118.3,993720,118248.47,104.223,-,0,924,0股,13.51%,1460583.47,68.04%
2026-03-27,基金,纳指ETF(513100.XSHG),多,66700股,66700股,1.708,113923.6,17371.41,1.448,-,0,-533.6,0股,17.99%,1460583.47,7.8%
2026-03-27,基金,黄金ETF(518880.XSHG),多,6000股,6000股,9.494,56964,26176.74,5.131,-,0,264,0股,85.02%,1460583.47,3.9%
2026-03-27,股票,长江电力(600900.XSHG),多,5000股,5000股,27.25,136250,11157.12,25.019,-,0,-300,0股,8.92%,1460583.47,9.33%
2026-03-27,股票,农业银行(601288.XSHG),多,9700股,9700股,6.48,62856,27177.45,3.678,-,0,-291,0股,76.17%,1460583.47,4.3%
2026-03-27,,Cash,,,,,7321.47,,,,,,,,0
2026-03-30,基金,豆粕ETF华夏(159985.XSHE),多,42200股,42200股,2.135,90097,11596.87,1.86,-,0,548.6,0股,14.77%,1460890.77,6.17%
2026-03-30,基金,10年地债(511270.XSHG),多,8400股,8400股,118.408,994627.2,119155.67,104.223,-,0,907.2,0股,13.61%,1460890.77,68.08%
2026-03-30,基金,纳指ETF(513100.XSHG),多,66700股,66700股,1.683,112256.1,15703.91,1.448,-,0,-1667.5,0股,16.26%,1460890.77,7.68%
2026-03-30,基金,黄金ETF(518880.XSHG),多,6000股,6000股,9.656,57936,27148.74,5.131,-,0,972,0股,88.18%,1460890.77,3.97%
2026-03-30,股票,长江电力(600900.XSHG),多,5000股,5000股,27.14,135700,10607.12,25.019,-,0,-550,0股,8.48%,1460890.77,9.29%
2026-03-30,股票,农业银行(601288.XSHG),多,9700股,9700股,6.49,62953,27274.45,3.678,-,0,97,0股,76.44%,1460890.77,4.31%
2026-03-30,,Cash,,,,,7321.47,,,,,,,,0
2026-03-31,基金,豆粕ETF华夏(159985.XSHE),多,42200股,42200股,2.07,87354,8853.87,1.86,-,0,-2743,0股,11.28%,1459140.87,5.99%
2026-03-31,基金,10年地债(511270.XSHG),多,8400股,8400股,118.384,994425.6,118954.07,104.223,-,0,-201.6,0股,13.59%,1459140.87,68.15%
2026-03-31,基金,纳指ETF(513100.XSHG),多,66700股,66700股,1.674,111655.8,15103.61,1.448,-,0,-600.3,0股,15.64%,1459140.87,7.65%
2026-03-31,基金,黄金ETF(518880.XSHG),多,6000股,6000股,9.699,58194,27406.74,5.131,-,0,258,0股,89.02%,1459140.87,3.99%
2026-03-31,股票,长江电力(600900.XSHG),多,5000股,5000股,27.04,135200,10107.12,25.019,-,0,-500,0股,8.08%,1459140.87,9.27%
2026-03-31,股票,农业银行(601288.XSHG),多,9700股,9700股,6.7,64990,29311.45,3.678,-,0,2037,0股,82.15%,1459140.87,4.45%
2026-03-31,,Cash,,,,,7321.47,,,,,,,,0
2026-04-01,基金,豆粕ETF华夏(159985.XSHE),多,42200股,42200股,2.041,86130.2,7630.07,1.86,-,0,-1223.8,0股,9.72%,1463567.87,5.88%
2026-04-01,基金,10年地债(511270.XSHG),多,8400股,8400股,118.312,993820.8,118349.27,104.223,-,0,-604.8,0股,13.52%,1463567.87,67.9%
2026-04-01,基金,纳指ETF(513100.XSHG),多,66700股,66700股,1.752,116858.4,20306.21,1.448,-,0,5202.6,0股,21.03%,1463567.87,7.98%
2026-04-01,基金,黄金ETF(518880.XSHG),多,6000股,6000股,10.024,60144,29356.74,5.131,-,0,1950,0股,95.35%,1463567.87,4.11%
2026-04-01,股票,长江电力(600900.XSHG),多,5000股,5000股,26.88,134400,9307.12,25.019,-,0,-800,0股,7.44%,1463567.87,9.18%
2026-04-01,股票,农业银行(601288.XSHG),多,9700股,9700股,6.69,64893,29214.45,3.678,-,0,-97,0股,81.88%,1463567.87,4.43%
2026-04-01,,Cash,,,,,7321.47,,,,,,,,0
2026-04-02,基金,豆粕ETF华夏(159985.XSHE),多,42200股,42200股,2.079,87733.8,9233.67,1.86,-,0,1603.6,0股,11.76%,1465797.57,5.99%
2026-04-02,基金,10年地债(511270.XSHG),多,8400股,8400股,118.494,995349.6,119878.07,104.223,-,0,1528.8,0股,13.69%,1465797.57,67.9%
2026-04-02,基金,纳指ETF(513100.XSHG),多,66700股,66700股,1.721,114790.7,18238.51,1.448,-,0,-2067.7,0股,18.89%,1465797.57,7.83%
2026-04-02,基金,黄金ETF(518880.XSHG),多,6000股,6000股,9.738,58428,27640.74,5.131,-,0,-1716,0股,89.78%,1465797.57,3.99%
2026-04-02,股票,长江电力(600900.XSHG),多,5000股,5000股,27.01,135050,9957.12,25.019,-,0,650,0股,7.96%,1465797.57,9.21%
2026-04-02,股票,农业银行(601288.XSHG),多,9700股,9700股,6.92,67124,31445.45,3.678,-,0,2231,0股,88.14%,1465797.57,4.58%
2026-04-02,,Cash,,,,,7321.47,,,,,,,,0
2026-04-03,基金,豆粕ETF华夏(159985.XSHE),多,42200股,42200股,2.058,86847.6,8347.47,1.86,-,0,-886.2,0股,10.63%,1464363.57,5.93%
2026-04-03,基金,10年地债(511270.XSHG),多,8400股,8400股,118.562,995920.8,120449.27,104.223,-,0,571.2,0股,13.76%,1464363.57,68.01%
2026-04-03,基金,纳指ETF(513100.XSHG),多,66700股,66700股,1.731,115457.7,18905.51,1.448,-,0,667,0股,19.58%,1464363.57,7.88%
2026-04-03,基金,黄金ETF(518880.XSHG),多,6000股,6000股,9.828,58968,28180.74,5.131,-,0,540,0股,91.53%,1464363.57,4.03%
2026-04-03,股票,长江电力(600900.XSHG),多,5000股,5000股,26.7,133500,8407.12,25.019,-,0,-1550,0股,6.72%,1464363.57,9.12%
2026-04-03,股票,农业银行(601288.XSHG),多,9700股,9700股,6.84,66348,30669.45,3.678,-,0,-776,0股,85.96%,1464363.57,4.53%
2026-04-03,,Cash,,,,,7321.47,,,,,,,,0
2026-04-07,基金,豆粕ETF华夏(159985.XSHE),多,42200股,42200股,2.055,86721,8220.87,1.86,-,0,-126.6,0股,10.47%,1461903.47,5.93%
2026-04-07,基金,10年地债(511270.XSHG),多,8400股,8400股,118.574,996021.6,120550.07,104.223,-,0,100.8,0股,13.77%,1461903.47,68.13%
2026-04-07,基金,纳指ETF(513100.XSHG),多,66700股,66700股,1.732,115524.4,18972.21,1.448,-,0,66.7,0股,19.65%,1461903.47,7.9%
2026-04-07,基金,黄金ETF(518880.XSHG),多,6000股,6000股,9.837,59022,28234.74,5.131,-,0,54,0股,91.71%,1461903.47,4.04%
2026-04-07,股票,长江电力(600900.XSHG),多,5000股,5000股,26.48,132400,7307.12,25.019,-,0,-1100,0股,5.84%,1461903.47,9.06%
2026-04-07,股票,农业银行(601288.XSHG),多,9700股,9700股,6.69,64893,29214.45,3.678,-,0,-1455,0股,81.88%,1461903.47,4.44%
2026-04-07,,Cash,,,,,7321.47,,,,,,,,0
2026-04-08,基金,豆粕ETF华夏(159985.XSHE),多,42200股,42200股,2.041,86130.2,7630.07,1.86,-,0,-590.8,0股,9.72%,1469581.37,5.86%
2026-04-08,基金,10年地债(511270.XSHG),多,8400股,8400股,118.569,995979.6,120508.07,104.223,-,0,-42,0股,13.76%,1469581.37,67.77%
2026-04-08,基金,纳指ETF(513100.XSHG),多,66700股,66700股,1.833,122261.1,25708.91,1.448,-,0,6736.7,0股,26.63%,1469581.37,8.32%
2026-04-08,基金,黄金ETF(518880.XSHG),多,6000股,6000股,10.113,60678,29890.74,5.131,-,0,1656,0股,97.09%,1469581.37,4.13%
2026-04-08,股票,长江电力(600900.XSHG),多,5000股,5000股,26.58,132900,7807.12,25.019,-,0,500,0股,6.24%,1469581.37,9.04%
2026-04-08,股票,农业银行(601288.XSHG),多,9700股,9700股,6.63,64311,28632.45,3.678,-,0,-582,0股,80.25%,1469581.37,4.38%
2026-04-08,,Cash,,,,,7321.47,,,,,,,,0
2026-04-09,基金,豆粕ETF华夏(159985.XSHE),多,33200股,33200股,2.075,68890,7131.6,1.86,-,0,1128.8,0股,11.55%,1467343.91,4.69%
2026-04-09,基金,10年地债(511270.XSHG),多,8700股,8700股,118.627,1032054.9,121003.97,104.718,-,0,495.9,300股,13.28%,1467343.91,70.33%
2026-04-09,基金,纳指ETF(513100.XSHG),多,57400股,57400股,1.805,103607,20517.11,1.448,-,0,-1607.2,0股,24.69%,1467343.91,7.06%
2026-04-09,基金,黄金ETF(518880.XSHG),多,5800股,5800股,9.908,57466.4,27705.38,5.131,-,0,-1189,0股,93.09%,1467343.91,3.92%
2026-04-09,股票,长江电力(600900.XSHG),多,5000股,5000股,26.39,131950,6857.12,25.019,-,0,-950,0股,5.48%,1467343.91,8.99%
2026-04-09,股票,农业银行(601288.XSHG),多,9600股,9600股,6.6,63360,28049.27,3.678,-,0,-288,0股,79.44%,1467343.91,4.32%
2026-04-09,,Cash,,,,,10015.61,,,,,,,,0
2026-04-10,基金,豆粕ETF华夏(159985.XSHE),多,33200股,33200股,2.082,69122.4,7364,1.86,-,0,232.4,0股,11.92%,1469236.01,4.7%
2026-04-10,基金,10年地债(511270.XSHG),多,8700股,8700股,118.754,1033159.8,122108.87,104.718,-,0,1104.9,0股,13.4%,1469236.01,70.32%
2026-04-10,基金,纳指ETF(513100.XSHG),多,57400股,57400股,1.809,103836.6,20746.71,1.448,-,0,229.6,0股,24.97%,1469236.01,7.07%
2026-04-10,基金,黄金ETF(518880.XSHG),多,5800股,5800股,9.972,57837.6,28076.58,5.131,-,0,371.2,0股,94.34%,1469236.01,3.94%
2026-04-10,股票,长江电力(600900.XSHG),多,5000股,5000股,26.4,132000,6907.12,25.019,-,0,50,0股,5.52%,1469236.01,8.98%
2026-04-10,股票,农业银行(601288.XSHG),多,9600股,9600股,6.59,63264,27953.27,3.678,-,0,-96,0股,79.16%,1469236.01,4.31%
2026-04-10,,Cash,,,,,10015.61,,,,,,,,0
2026-04-13,基金,豆粕ETF华夏(159985.XSHE),多,33200股,33200股,2.128,70649.6,8891.2,1.86,-,0,1527.2,0股,14.4%,1470720.51,4.8%
2026-04-13,基金,10年地债(511270.XSHG),多,8700股,8700股,118.787,1033446.9,122395.97,104.718,-,0,287.1,0股,13.43%,1470720.51,70.27%
2026-04-13,基金,纳指ETF(513100.XSHG),多,57400股,57400股,1.798,103205.2,20115.31,1.448,-,0,-631.4,0股,24.21%,1470720.51,7.02%
2026-04-13,基金,黄金ETF(518880.XSHG),多,5800股,5800股,9.924,57559.2,27798.18,5.131,-,0,-278.4,0股,93.4%,1470720.51,3.91%
2026-04-13,股票,长江电力(600900.XSHG),多,5000股,5000股,26.42,132100,7007.12,25.019,-,0,100,0股,5.6%,1470720.51,8.98%
2026-04-13,股票,农业银行(601288.XSHG),多,9600股,9600股,6.64,63744,28433.27,3.678,-,0,480,0股,80.52%,1470720.51,4.33%
2026-04-13,,Cash,,,,,10015.61,,,,,,,,0
2026-04-14,基金,豆粕ETF华夏(159985.XSHE),多,33200股,33200股,2.111,70085.2,8326.8,1.86,-,0,-564.4,0股,13.48%,1474484.81,4.75%
2026-04-14,基金,10年地债(511270.XSHG),多,8700股,8700股,118.916,1034569.2,123518.27,104.718,-,0,1122.3,0股,13.56%,1474484.81,70.16%
2026-04-14,基金,纳指ETF(513100.XSHG),多,57400股,57400股,1.825,104755,21665.11,1.448,-,0,1549.8,0股,26.07%,1474484.81,7.1%
2026-04-14,基金,黄金ETF(518880.XSHG),多,5800股,5800股,10.011,58063.8,28302.78,5.131,-,0,504.6,0股,95.1%,1474484.81,3.94%
2026-04-14,股票,长江电力(600900.XSHG),多,5000股,5000股,26.42,132100,7007.12,25.019,-,0,0,0股,5.6%,1474484.81,8.96%
2026-04-14,股票,农业银行(601288.XSHG),多,9600股,9600股,6.76,64896,29585.27,3.678,-,0,1152,0股,83.79%,1474484.81,4.4%
2026-04-14,,Cash,,,,,10015.61,,,,,,,,0
2026-04-15,基金,豆粕ETF华夏(159985.XSHE),多,33200股,33200股,2.097,69620.4,7862,1.86,-,0,-464.8,0股,12.73%,1479675.11,4.71%
2026-04-15,基金,10年地债(511270.XSHG),多,8700股,8700股,118.989,1035204.3,124153.37,104.718,-,0,635.1,0股,13.63%,1479675.11,69.96%
2026-04-15,基金,纳指ETF(513100.XSHG),多,57400股,57400股,1.864,106993.6,23903.71,1.448,-,0,2238.6,0股,28.77%,1479675.11,7.23%
2026-04-15,基金,黄金ETF(518880.XSHG),多,5800股,5800股,10.064,58371.2,28610.18,5.131,-,0,307.4,0股,96.13%,1479675.11,3.94%
2026-04-15,股票,长江电力(600900.XSHG),多,5000股,5000股,26.55,132750,7657.12,25.019,-,0,650,0股,6.12%,1479675.11,8.97%
2026-04-15,股票,农业银行(601288.XSHG),多,9600股,9600股,6.95,66720,31409.27,3.678,-,0,1824,0股,88.95%,1479675.11,4.51%
2026-04-15,,Cash,,,,,10015.61,,,,,,,,0
2026-04-16,基金,豆粕ETF华夏(159985.XSHE),多,33200股,33200股,2.111,70085.2,8326.8,1.86,-,0,464.8,0股,13.48%,1483070.71,4.73%
2026-04-16,基金,10年地债(511270.XSHG),多,8700股,8700股,118.965,1034995.5,123944.57,104.718,-,0,-208.8,0股,13.6%,1483070.71,69.79%
2026-04-16,基金,纳指ETF(513100.XSHG),多,57400股,57400股,1.907,109461.8,26371.91,1.448,-,0,2468.2,0股,31.74%,1483070.71,7.38%
2026-04-16,基金,黄金ETF(518880.XSHG),多,5800股,5800股,10.097,58562.6,28801.58,5.131,-,0,191.4,0股,96.78%,1483070.71,3.95%
2026-04-16,股票,长江电力(600900.XSHG),多,5000股,5000股,26.55,132750,7657.12,25.019,-,0,0,0股,6.12%,1483070.71,8.95%
2026-04-16,股票,农业银行(601288.XSHG),多,9600股,9600股,7,67200,31889.27,3.678,-,0,480,0股,90.31%,1483070.71,4.53%
2026-04-16,,Cash,,,,,10015.61,,,,,,,,0
2026-04-17,基金,豆粕ETF华夏(159985.XSHE),多,33200股,33200股,2.094,69520.8,7762.4,1.86,-,0,-564.4,0股,12.57%,1482673.41,4.69%
2026-04-17,基金,10年地债(511270.XSHG),多,8700股,8700股,119.16,1036692,125641.07,104.718,-,0,1696.5,0股,13.79%,1482673.41,69.92%
2026-04-17,基金,纳指ETF(513100.XSHG),多,57400股,57400股,1.892,108600.8,25510.91,1.448,-,0,-861,0股,30.7%,1482673.41,7.32%
2026-04-17,基金,黄金ETF(518880.XSHG),多,5800股,5800股,10.029,58168.2,28407.18,5.131,-,0,-394.4,0股,95.45%,1482673.41,3.92%
2026-04-17,股票,长江电力(600900.XSHG),多,5000股,5000股,26.38,131900,6807.12,25.019,-,0,-850,0股,5.44%,1482673.41,8.9%
2026-04-17,股票,农业银行(601288.XSHG),多,9600股,9600股,7.06,67776,32465.27,3.678,-,0,576,0股,91.94%,1482673.41,4.57%
2026-04-17,,Cash,,,,,10015.61,,,,,,,,0
2026-04-20,基金,豆粕ETF华夏(159985.XSHE),多,33200股,33200股,2.091,69421.2,7662.8,1.86,-,0,-99.6,0股,12.41%,1486813.21,4.67%
2026-04-20,基金,10年地债(511270.XSHG),多,8700股,8700股,119.248,1037457.6,126406.67,104.718,-,0,765.6,0股,13.87%,1486813.21,69.78%
2026-04-20,基金,纳指ETF(513100.XSHG),多,57400股,57400股,1.89,108486,25396.11,1.448,-,0,-114.8,0股,30.56%,1486813.21,7.3%
2026-04-20,基金,黄金ETF(518880.XSHG),多,5800股,5800股,10.036,58208.8,28447.78,5.131,-,0,40.6,0股,95.59%,1486813.21,3.92%
2026-04-20,股票,长江电力(600900.XSHG),多,5000股,5000股,26.84,134200,9107.12,25.019,-,0,2300,0股,7.28%,1486813.21,9.03%
2026-04-20,股票,农业银行(601288.XSHG),多,9600股,9600股,7.19,69024,33713.27,3.678,-,0,1248,0股,95.48%,1486813.21,4.64%
2026-04-20,,Cash,,,,,10015.61,,,,,,,,0
2026-04-21,基金,豆粕ETF华夏(159985.XSHE),多,33200股,33200股,2.127,70616.4,8858,1.86,-,0,1195.2,0股,14.34%,1490640.11,4.74%
2026-04-21,基金,10年地债(511270.XSHG),多,8700股,8700股,119.399,1038771.3,127720.37,104.718,-,0,1313.7,0股,14.02%,1490640.11,69.69%
2026-04-21,基金,纳指ETF(513100.XSHG),多,57400股,57400股,1.892,108600.8,25510.91,1.448,-,0,114.8,0股,30.7%,1490640.11,7.29%
2026-04-21,基金,黄金ETF(518880.XSHG),多,5800股,5800股,10.01,58058,28296.98,5.131,-,0,-150.8,0股,95.08%,1490640.11,3.89%
2026-04-21,股票,长江电力(600900.XSHG),多,5000股,5000股,27.13,135650,10557.12,25.019,-,0,1450,0股,8.44%,1490640.11,9.1%
2026-04-21,股票,农业银行(601288.XSHG),多,9600股,9600股,7.18,68928,33617.27,3.678,-,0,-96,0股,95.2%,1490640.11,4.62%
2026-04-21,,Cash,,,,,10015.61,,,,,,,,0
